timestamp,lead_ii
1690535469479,0.0084
1690535469487,0.0055
1690535469495,0.0186
1690535469502,-0.0046
1690535469510,0.0033
1690535469518,0.0076
1690535469526,-0.0222
1690535469534,0.0021
1690535469541,0.0036
1690535469549,0.0077
1690535469557,0.0125
1690535469565,0.0121
1690535469573,-0.0031
1690535469581,-0.0094
1690535469588,0.0116
1690535469596,0.0043
1690535469604,0.0125
1690535469612,0.0186
1690535469620,0.0432
1690535469627,0.0794
1690535469635,0.0937
1690535469643,0.0941
1690535469651,0.1047
1690535469659,0.0712
1690535469667,0.0464
1690535469674,0.0281
1690535469682,0.0204
1690535469690,0.0194
1690535469698,-0.0126
1690535469706,-0.0055
1690535469713,0.0171
1690535469721,-0.0078
1690535469729,0.0058
1690535469737,-0.0103
1690535469745,0.011
1690535469752,0.0019
1690535469760,0.0162
1690535469768,0.0149
1690535469776,0.0005
1690535469784,-0.0135
1690535469791,-0.112
1690535469799,0.012
1690535469807,0.6941
1690535469815,0.8703
1690535469823,0.1128
1690535469831,-0.2204
1690535469838,-0.1341
1690535469846,-0.0348
1690535469854,0.0018
1690535469862,-0.006
1690535469870,0.008
1690535469877,0.0048
1690535469885,0.0069
1690535469893,0.0181
1690535469901,0.0266
1690535469909,0.0232
1690535469917,0.0529
1690535469924,0.063
1690535469932,0.1063
1690535469940,0.1385
1690535469948,0.1683
1690535469956,0.2046
1690535469963,0.2045
1690535469971,0.2355
1690535469979,0.2591
1690535469987,0.2543
1690535469995,0.2132
1690535470002,0.1872
1690535470010,0.1694
1690535470018,0.1255
1690535470026,0.0997
1690535470034,0.0567
1690535470041,0.0417
1690535470049,0.0374
1690535470057,0.0148
1690535470065,-0.0105
1690535470073,0.0028
1690535470081,-0.0051
1690535470088,0.0072
1690535470096,0.009
1690535470104,0.0038
1690535470112,0.0053
1690535470120,0.01
1690535470127,0.0109
1690535470135,0.0035
1690535470143,-0.0052
1690535470151,-0.0026
1690535470159,0.009
1690535470167,0.0048
1690535470174,0.0179
1690535470182,0.001
1690535470190,-0.007
1690535470198,-0.0094
1690535470206,0.0008
1690535470213,-0.0062
1690535470221,-0.004
1690535470229,-0.003
1690535470237,0.0146
1690535470245,-0.0051
1690535470252,-0.0002
1690535470260,-0.0061
1690535470268,-0.0022
1690535470276,0.0031
1690535470284,-0.0057
1690535470291,-0.0078
1690535470299,-0.0049
1690535470307,0.0093
1690535470315,-0.002
1690535470323,-0.0034
1690535470331,0.0261
1690535470338,0.0141
1690535470346,-0.0029
1690535470354,-0.0009
1690535470362,-0.0025
1690535470370,-0.0006
1690535470377,-0.0057
1690535470385,0.0007
1690535470393,-0.0119
1690535470401,0.0127
1690535470409,0.0103
1690535470417,0.0046
1690535470424,0.0247
1690535470432,0.0016
1690535470440,0.0178
1690535470448,0.0255
1690535470456,0.0546
1690535470463,0.0747
1690535470471,0.0992
1690535470479,0.0965
1690535470487,0.1031
1690535470495,0.0651
1690535470502,0.0663
1690535470510,0.0303
1690535470518,0.0307
1690535470526,0.0055
1690535470534,0.0137
1690535470541,0.0085
1690535470549,-0.0069
1690535470557,-0.0039
1690535470565,0.0069
1690535470573,-0.0039
1690535470581,0.0021
1690535470588,0.0007
1690535470596,-0.0064
1690535470604,0.0072
1690535470612,-0.0078
1690535470620,-0.0365
1690535470627,-0.1266
1690535470635,0.1972
1690535470643,0.9015
1690535470651,0.6279
1690535470659,-0.0747
1690535470667,-0.2099
1690535470674,-0.0767
1690535470682,-0.0239
1690535470690,-0.0069
1690535470698,0.012
1690535470706,0.0065
1690535470713,0.0064
1690535470721,0.0145
1690535470729,0.0197
1690535470737,0.0034
1690535470745,0.0103
1690535470752,0.0549
1690535470760,0.0707
1690535470768,0.0997
1690535470776,0.1461
1690535470784,0.1699
1690535470791,0.205
1690535470799,0.2341
1690535470807,0.2569
1690535470815,0.251
1690535470823,0.2401
1690535470831,0.2082
1690535470838,0.1866
1690535470846,0.1528
1690535470854,0.1035
1690535470862,0.0792
1690535470870,0.0653
1690535470877,0.047
1690535470885,0.0165
1690535470893,0.019
1690535470901,0.0086
1690535470909,0.0049
1690535470917,0.007
1690535470924,-0.0048
1690535470932,-0.0034
1690535470940,-0.0128
1690535470948,0.0063
1690535470956,0.0055
1690535470963,-0.0105
1690535470971,-0.0073
1690535470979,0.0007
1690535470987,-0.0156
1690535470995,0.0056
1690535471002,0.0133
1690535471010,-0.0196
1690535471018,0.0095
1690535471026,0.0084
1690535471034,-0.0054
1690535471041,-0.0013
1690535471049,-0.0079
1690535471057,-0.0069
1690535471065,-0.0035
1690535471073,0.0072
1690535471081,-0.012
1690535471088,0.0143
1690535471096,-0.0048
1690535471104,-0.0114
1690535471112,-0.018
1690535471120,-0.0012
1690535471127,-0.004
1690535471135,-0.0136
1690535471143,0.004
1690535471151,-0.0103
1690535471159,-0.0167
1690535471167,0.0106
1690535471174,0.0151
1690535471182,-0.0026
1690535471190,-0.0131
1690535471198,-0.0167
1690535471206,0.0038
1690535471213,-0.0017
1690535471221,-0.0029
1690535471229,0.022
1690535471237,-0.0071
1690535471245,0.011
1690535471252,-0.0009
1690535471260,0.0023
1690535471268,0.0141
1690535471276,0.0056
1690535471284,0.0356
1690535471291,0.0452
1690535471299,0.0968
1690535471307,0.1
1690535471315,0.1078
1690535471323,0.095
1690535471331,0.052
1690535471338,0.0451
1690535471346,0.0256
1690535471354,0.0023
1690535471362,-0.0009
1690535471370,0.0039
1690535471377,0.0202
1690535471385,-0.002
1690535471393,-0.0045
1690535471401,-0.0034
1690535471409,0.0066
1690535471417,-0.0104
1690535471424,-0.0064
1690535471432,-0.0072
1690535471440,0.0004
1690535471448,-0.0135
1690535471456,-0.0982
1690535471463,-0.0945
1690535471471,0.4393
1690535471479,0.9567
1690535471487,0.3741
1690535471495,-0.1848
1690535471502,-0.1872
1690535471510,-0.0396
1690535471518,-0.0036
1690535471526,0.0087
1690535471534,-0.004
1690535471541,0.016
1690535471549,0.0054
1690535471557,0.0057
1690535471565,0.0143
1690535471573,0.0545
1690535471581,0.0316
1690535471588,0.055
1690535471596,0.0689
1690535471604,0.1249
1690535471612,0.1576
1690535471620,0.1946
1690535471627,0.227
1690535471635,0.2145
1690535471643,0.2401
1690535471651,0.2413
1690535471659,0.2393
1690535471667,0.2107
1690535471674,0.1846
1690535471682,0.1582
1690535471690,0.0948
1690535471698,0.0635
1690535471706,0.0565
1690535471713,0.0307
1690535471721,0.0312
1690535471729,0.0061
1690535471737,0.0033
1690535471745,0.018
1690535471752,-0.0013
1690535471760,0.005
1690535471768,-0.0013
1690535471776,-0.0043
1690535471784,0.0082
1690535471791,-0.0066
1690535471799,-0.011
1690535471807,-0.0097
1690535471815,-0.0108
1690535471823,-0.0091
1690535471831,0.0089
1690535471838,0.0125
1690535471846,-0.0123
1690535471854,-0.0011
1690535471862,-0.0016
1690535471870,0.0076
1690535471877,0.0121
1690535471885,0.0054
1690535471893,-0.0041
1690535471901,0.0114
1690535471909,0.0004
1690535471917,0.0029
1690535471924,-0.0019
1690535471932,0.0036
1690535471940,-0.0076
1690535471948,-0.004
1690535471956,-0.0042
1690535471963,0.0131
1690535471971,0.0205
1690535471979,-0.003
1690535471987,0.0033
1690535471995,0.0156
1690535472002,-0.012
1690535472010,0.0166
1690535472018,0.0041
1690535472026,-0.0002
1690535472034,-0.0056
1690535472041,-0.0144
1690535472049,0.0127
1690535472057,0.017
1690535472065,0.0026
1690535472073,0.0141
1690535472081,0.0165
1690535472088,-0.0106
1690535472096,-0.0109
1690535472104,0.0141
1690535472112,0.0443
1690535472120,0.03
1690535472127,0.0782
1690535472135,0.0727
1690535472143,0.1058
1690535472151,0.0978
1690535472159,0.0737
1690535472167,0.0503
1690535472174,0.0348
1690535472182,0.0059
1690535472190,0.0191
1690535472198,0.0247
1690535472206,-0.006
1690535472213,0.005
1690535472221,0.0074
1690535472229,-0.0106
1690535472237,-0.0006
1690535472245,0.0006
1690535472252,0.0187
1690535472260,0.0062
1690535472268,-0.0108
1690535472276,-0.0106
1690535472284,-0.0325
1690535472291,-0.1009
1690535472299,0.0129
1690535472307,0.7114
1690535472315,0.8578
1690535472323,0.0977
1690535472331,-0.2228
1690535472338,-0.1417
1690535472346,-0.028
1690535472354,-0.0168
1690535472362,-0.0008
1690535472370,0.0134
1690535472377,-0.0057
1690535472385,0.0015
1690535472393,0.0362
1690535472401,0.0162
1690535472409,0.0108
1690535472417,0.0253
1690535472424,0.0593
1690535472432,0.0899
1690535472440,0.1366
1690535472448,0.1788
1690535472456,0.1805
1690535472463,0.2268
1690535472471,0.2408
1690535472479,0.2775
1690535472487,0.2425
1690535472495,0.2289
1690535472502,0.2107
1690535472510,0.1845
1690535472518,0.1213
1690535472526,0.0941
1690535472534,0.0749
1690535472541,0.0423
1690535472549,0.0387
1690535472557,0.0157
1690535472565,0.0136
1690535472573,-0.0124
1690535472581,0.0135
1690535472588,-0.001
1690535472596,-0.0058
1690535472604,-0.0208
1690535472612,-0.0136
1690535472620,-0.0083
1690535472627,-0.0035
1690535472635,-0.0067
1690535472643,-0.0048
1690535472651,-0.0028
1690535472659,0.0062
1690535472667,0.0033
1690535472674,0.0016
1690535472682,0.0061
1690535472690,0.0005
1690535472698,0.0002
1690535472706,0.0054
1690535472713,0.01
1690535472721,-0.002
1690535472729,0.006
1690535472737,0.0219
1690535472745,0.0097
1690535472752,-0.0166
1690535472760,-0.019
1690535472768,0.0079
1690535472776,0.0119
1690535472784,0.001
1690535472791,-0.0129
1690535472799,0.0095
1690535472807,-0.0151
1690535472815,0.0007
1690535472823,0.0113
1690535472831,0.0016
1690535472838,0.0032
1690535472846,0.0066
1690535472854,-0.0036
1690535472862,0.0005
1690535472870,0.0031
1690535472877,-0.0043
1690535472885,0.0185
1690535472893,0.018
1690535472901,-0.0124
1690535472909,0.0105
1690535472917,0.0103
1690535472924,-0.0077
1690535472932,0.0084
1690535472940,0.0388
1690535472948,0.0274
1690535472956,0.0384
1690535472963,0.0978
1690535472971,0.0816
1690535472979,0.1089
1690535472987,0.0799
1690535472995,0.0649
1690535473002,0.0487
1690535473010,0.0468
1690535473018,0.0297
1690535473026,0.0085
1690535473034,0.0049
1690535473041,-0.0099
1690535473049,-0.0
1690535473057,-0.0095
1690535473065,0.0103
1690535473073,-0.0126
1690535473081,0.0038
1690535473088,0.0032
1690535473096,0.0083
1690535473104,0.0043
1690535473112,-0.0047
1690535473120,-0.04
1690535473127,-0.1183
1690535473135,0.1818
1690535473143,0.8874
1690535473151,0.6305
1690535473159,-0.0837
1690535473167,-0.207
1690535473174,-0.0918
1690535473182,-0.016
1690535473190,-0.0232
1690535473198,-0.0066
1690535473206,0.0056
1690535473213,-0.0035
1690535473221,0.0136
1690535473229,0.0217
1690535473237,0.0261
1690535473245,0.0302
1690535473252,0.05
1690535473260,0.0537
1690535473268,0.096
1690535473276,0.1395
1690535473284,0.1634
1690535473291,0.2094
1690535473299,0.2214
1690535473307,0.2381
1690535473315,0.2313
1690535473323,0.2522
1690535473331,0.2042
1690535473338,0.1688
1690535473346,0.1528
1690535473354,0.1321
1690535473362,0.0821
1690535473370,0.0473
1690535473377,0.0469
1690535473385,0.0139
1690535473393,-0.0046
1690535473401,-0.0016
1690535473409,-0.0029
1690535473417,-0.0182
1690535473424,0.007
1690535473432,-0.0047
1690535473440,-0.0133
1690535473448,-0.0023
1690535473456,-0.0041
1690535473463,0.0094
1690535473471,-0.0053
1690535473479,-0.0035
1690535473487,-0.0066
1690535473495,0.0084
1690535473502,0.0067
1690535473510,-0.0157
1690535473518,0.0054
1690535473526,0.0122
1690535473534,0.0139
1690535473541,0.0123
1690535473549,-0.0129
1690535473557,0.0181
1690535473565,0.0171
1690535473573,-0.0034
1690535473581,0.0135
1690535473588,-0.0258
1690535473596,-0.0208
1690535473604,-0.0035
1690535473612,-0.0064
1690535473620,-0.0073
1690535473627,0.0017
1690535473635,0.0157
1690535473643,-0.0231
1690535473651,0.008
1690535473659,0.0039
1690535473667,0.0144
1690535473674,0.0052
1690535473682,0.0035
1690535473690,0.003
1690535473698,0.0051
1690535473706,-0.0004
1690535473713,-0.0022
1690535473721,-0.0223
1690535473729,0.0104
1690535473737,-0.0072
1690535473745,-0.0066
1690535473752,-0.0084
1690535473760,0.0077
1690535473768,-0.0061
1690535473776,0.0276
1690535473784,0.0294
1690535473791,0.059
1690535473799,0.0802
1690535473807,0.0681
1690535473815,0.1066
1690535473823,0.0881
1690535473831,0.0836
1690535473838,0.0312
1690535473846,0.0211
1690535473854,0.0147
1690535473862,0.0019
1690535473870,0.0113
1690535473877,0.0007
1690535473885,0.0159
1690535473893,0.0019
1690535473901,-0.0103
1690535473909,-0.0015
1690535473917,0.0024
1690535473924,0.0058
1690535473932,-0.0107
1690535473940,-0.0019
1690535473948,-0.0192
1690535473956,-0.0863
1690535473963,-0.0799
1690535473971,0.4549
1690535473979,0.9575
1690535473987,0.3715
1690535473995,-0.1852
1690535474002,-0.1752
1690535474010,-0.0405
1690535474018,0.0071
1690535474026,-0.0024
1690535474034,-0.0076
1690535474041,0.0112
1690535474049,0.0058
1690535474057,0.0107
1690535474065,0.0157
1690535474073,0.0389
1690535474081,0.0272
1690535474088,0.0606
1690535474096,0.0832
1690535474104,0.1267
1690535474112,0.1545
1690535474120,0.1689
1690535474127,0.2074
1690535474135,0.261
1690535474143,0.2453
1690535474151,0.2437
1690535474159,0.2235
1690535474167,0.2082
1690535474174,0.1758
1690535474182,0.1566
1690535474190,0.098
1690535474198,0.0684
1690535474206,0.0516
1690535474213,0.0455
1690535474221,0.0133
1690535474229,0.0029
1690535474237,0.0034
1690535474245,0.0183
1690535474252,-0.006
1690535474260,0.0031
1690535474268,0.0028
1690535474276,0.0083
1690535474284,0.008
1690535474291,0.0055
1690535474299,-0.0217
1690535474307,-0.004
1690535474315,0.0144
1690535474323,0.0056
1690535474331,0.0012
1690535474338,0.0019
1690535474346,0.0053
1690535474354,0.0038
1690535474362,-0.0119
1690535474370,-0.0036
1690535474377,-0.0143
1690535474385,0.013
1690535474393,0.0027
1690535474401,0.0012
1690535474409,0.018
1690535474417,-0.0059
1690535474424,0.0158
1690535474432,-0.0157
1690535474440,0.0081
1690535474448,-0.0131
1690535474456,-0.0061
1690535474463,0.0049
1690535474471,0.0028
1690535474479,-0.0037
1690535474487,-0.0056
1690535474495,-0.0079
1690535474502,0.0176
1690535474510,-0.0263
1690535474518,0.001
1690535474526,0.0086
1690535474534,-0.0079
1690535474541,-0.0185
1690535474549,-0.0016
1690535474557,0.0134
1690535474565,-0.0069
1690535474573,0.0004
1690535474581,0.0059
1690535474588,0.0091
1690535474596,-0.0154
1690535474604,0.0206
1690535474612,0.038
1690535474620,0.0265
1690535474627,0.0786
1690535474635,0.0967
1690535474643,0.0998
1690535474651,0.1022
1690535474659,0.0931
1690535474667,0.0671
1690535474674,0.0418
1690535474682,0.0104
1690535474690,0.0078
1690535474698,-0.0028
1690535474706,-0.009
1690535474713,0.0189
1690535474721,-0.0175
1690535474729,-0.0184
1690535474737,0.0044
1690535474745,-0.008
1690535474752,-0.0156
1690535474760,0.0079
1690535474768,-0.0073
1690535474776,-0.0023
1690535474784,-0.041
1690535474791,-0.1223
1690535474799,0.0134
1690535474807,0.6933
1690535474815,0.8677
1690535474823,0.1108
1690535474831,-0.2155
1690535474838,-0.1278
1690535474846,-0.0361
1690535474854,0.0025
1690535474862,0.0081
1690535474870,-0.0011
1690535474877,0.009
1690535474885,-0.006
1690535474893,-0.0147
1690535474901,0.0139
1690535474909,0.0169
1690535474917,0.02
1690535474924,0.0497
1690535474932,0.0897
1690535474940,0.1209
1690535474948,0.1501
1690535474956,0.203
1690535474963,0.2126
1690535474971,0.2274
1690535474979,0.2431
1690535474987,0.2437
1690535474995,0.2193
1690535475002,0.2132
1690535475010,0.1699
1690535475018,0.1291
1690535475026,0.0975
1690535475034,0.0692
1690535475041,0.0364
1690535475049,0.0319
1690535475057,0.0126
1690535475065,0.0066
1690535475073,-0.0079
1690535475081,0.0134
1690535475088,-0.0012
1690535475096,-0.0028
1690535475104,0.0024
1690535475112,0.0073
1690535475120,-0.02
1690535475127,-0.0069
1690535475135,-0.0149
1690535475143,-0.012
1690535475151,0.0074
1690535475159,0.0136
1690535475167,0.0053
1690535475174,-0.003
1690535475182,-0.0036
1690535475190,0.0031
1690535475198,0.0119
1690535475206,0.0054
1690535475213,-0.0018
1690535475221,-0.0144
1690535475229,0.0056
1690535475237,-0.0016
1690535475245,0.0123
1690535475252,0.004
1690535475260,0.0185
1690535475268,-0.0048
1690535475276,-0.0109
1690535475284,0.0078
1690535475291,0.0081
1690535475299,-0.0093
1690535475307,0.0078
1690535475315,0.0004
1690535475323,0.0201
1690535475331,0.0125
1690535475338,-0.0163
1690535475346,-0.025
1690535475354,0.0014
1690535475362,-0.0005
1690535475370,-0.0117
1690535475377,0.0038
1690535475385,-0.0138
1690535475393,0.0048
1690535475401,0.0
1690535475409,-0.0039
1690535475417,0.0044
1690535475424,0.0102
1690535475432,0.0281
1690535475440,0.0196
1690535475448,0.042
1690535475456,0.0585
1690535475463,0.0678
1690535475471,0.0942
1690535475479,0.0994
1690535475487,0.0838
1690535475495,0.079
1690535475502,0.0679
1690535475510,0.03
1690535475518,0.0283
1690535475526,-0.0008
1690535475534,0.0076
1690535475541,-0.0147
1690535475549,0.0034
1690535475557,-0.0016
1690535475565,-0.002
1690535475573,-0.0023
1690535475581,0.0056
1690535475588,-0.0106
1690535475596,-0.0074
1690535475604,-0.0042
1690535475612,-0.0033
1690535475620,-0.0579
1690535475627,-0.1293
1690535475635,0.1885
1690535475643,0.8971
1690535475651,0.6261
1690535475659,-0.0644
1690535475667,-0.2178
1690535475674,-0.0821
1690535475682,-0.0088
1690535475690,-0.0064
1690535475698,-0.0035
1690535475706,0.0142
1690535475713,0.0165
1690535475721,0.0261
1690535475729,0.0063
1690535475737,0.0341
1690535475745,0.041
1690535475752,0.0269
1690535475760,0.0911
1690535475768,0.117
1690535475776,0.1491
1690535475784,0.176
1690535475791,0.1986
1690535475799,0.2374
1690535475807,0.2418
1690535475815,0.2571
1690535475823,0.2285
1690535475831,0.2098
1690535475838,0.1941
1690535475846,0.1644
1690535475854,0.1109
1690535475862,0.0658
1690535475870,0.0605
1690535475877,0.0335
1690535475885,0.037
1690535475893,0.0124
1690535475901,0.001
1690535475909,-0.0025
1690535475917,0.0057
1690535475924,0.0019
1690535475932,-0.0021
1690535475940,-0.0137
1690535475948,0.0022
1690535475956,0.0023
1690535475963,0.0071
1690535475971,-0.0131
1690535475979,-0.0078
1690535475987,-0.0153
1690535475995,0.0099
1690535476002,0.008
1690535476010,-0.0002
1690535476018,-0.0099
1690535476026,0.0068
1690535476034,0.0046
1690535476041,-0.0187
1690535476049,0.006
1690535476057,0.0133
1690535476065,-0.0021
1690535476073,-0.0062
1690535476081,0.004
1690535476088,-0.0146
1690535476096,-0.0105
1690535476104,-0.0182
1690535476112,0.0035
1690535476120,-0.0045
1690535476127,-0.0118
1690535476135,0.0192
1690535476143,-0.0082
1690535476151,-0.0102
1690535476159,-0.0305
1690535476167,-0.0159
1690535476174,-0.0187
1690535476182,-0.0108
1690535476190,-0.0101
1690535476198,-0.0086
1690535476206,0.0157
1690535476213,0.0066
1690535476221,-0.0043
1690535476229,-0.0127
1690535476237,0.0072
1690535476245,0.0092
1690535476252,0.0087
1690535476260,0.0044
1690535476268,0.0167
1690535476276,0.0007
1690535476284,0.0174
1690535476291,0.0634
1690535476299,0.0834
1690535476307,0.0981
1690535476315,0.0932
1690535476323,0.0823
1690535476331,0.0728
1690535476338,0.0406
1690535476346,0.0106
1690535476354,-0.0028
1690535476362,0.0046
1690535476370,-0.0101
1690535476377,0.0024
1690535476385,-0.007
1690535476393,-0.0041
1690535476401,0.0022
1690535476409,0.0099
1690535476417,0.0154
1690535476424,0.0104
1690535476432,0.0033
1690535476440,-0.0131
1690535476448,-0.0388
1690535476456,-0.0988
1690535476463,-0.0946
1690535476471,0.4492
1690535476479,0.948
1690535476487,0.3699
1690535476495,-0.1898
1690535476502,-0.185
1690535476510,-0.0459
1690535476518,-0.0139
1690535476526,-0.0177
1690535476534,-0.0161
1690535476541,-0.0142
1690535476549,0.0003
1690535476557,0.0211
1690535476565,0.0221
1690535476573,0.0394
1690535476581,0.0438
1690535476588,0.0504
1690535476596,0.0904
1690535476604,0.1169
1690535476612,0.1415
1690535476620,0.1763
1690535476627,0.2088
1690535476635,0.2303
1690535476643,0.2493
1690535476651,0.2597
1690535476659,0.2203
1690535476667,0.1942
1690535476674,0.177
1690535476682,0.1345
1690535476690,0.1077
1690535476698,0.0472
1690535476706,0.0427
1690535476713,0.0163
1690535476721,0.0207
1690535476729,0.0265
1690535476737,0.0156
1690535476745,0.0031
1690535476752,0.0007
1690535476760,0.0023
1690535476768,-0.0047
1690535476776,-0.0013
1690535476784,0.0055
1690535476791,0.0053
1690535476799,-0.0013
1690535476807,-0.0021
1690535476815,-0.0017
1690535476823,-0.0059
1690535476831,0.0052
1690535476838,-0.0151
1690535476846,-0.0108
1690535476854,-0.0054
1690535476862,-0.0019
1690535476870,-0.0102
1690535476877,-0.008
1690535476885,0.0064
1690535476893,-0.0007
1690535476901,-0.0108
1690535476909,0.0005
1690535476917,-0.0013
1690535476924,0.0116
1690535476932,0.0016
1690535476940,-0.002
1690535476948,0.0001
1690535476956,-0.0105
1690535476963,0.0162
1690535476971,0.0013
1690535476979,-0.0052
1690535476987,0.0192
1690535476995,0.0163
1690535477002,-0.0001
1690535477010,0.0089
1690535477018,0.0055
1690535477026,0.0008
1690535477034,0.0047
1690535477041,0.0023
1690535477049,0.0054
1690535477057,0.0089
1690535477065,-0.0048
1690535477073,0.0024
1690535477081,0.0008
1690535477088,0.0
1690535477096,-0.0041
1690535477104,0.0065
1690535477112,0.0256
1690535477120,0.0474
1690535477127,0.0913
1690535477135,0.0839
1690535477143,0.0978
1690535477151,0.098
1690535477159,0.0732
1690535477167,0.0348
1690535477174,0.0386
1690535477182,0.0149
1690535477190,0.0004
1690535477198,0.0099
1690535477206,-0.0005
1690535477213,0.0062
1690535477221,-0.0035
1690535477229,-0.0128
1690535477237,-0.024
1690535477245,-0.0026
1690535477252,-0.0107
1690535477260,-0.0072
1690535477268,-0.0077
1690535477276,0.0003
1690535477284,-0.0469
1690535477291,-0.1109
1690535477299,0.0156
1690535477307,0.691
1690535477315,0.8588
1690535477323,0.1203
1690535477331,-0.199
1690535477338,-0.1311
1690535477346,-0.036
1690535477354,0.0068
1690535477362,0.0055
1690535477370,0.0012
1690535477377,-0.0052
1690535477385,0.0065
1690535477393,0.0088
1690535477401,0.0359
1690535477409,0.0316
1690535477417,0.0465
1690535477424,0.0695
1690535477432,0.1005
1690535477440,0.1267
1690535477448,0.1546
1690535477456,0.1904
1690535477463,0.2251
1690535477471,0.2415
1690535477479,0.2455
1690535477487,0.2535
1690535477495,0.2346
1690535477502,0.195
1690535477510,0.1442
1690535477518,0.1174
1690535477526,0.1078
1690535477534,0.0536
1690535477541,0.0443
1690535477549,0.0289
1690535477557,0.0245
1690535477565,0.0068
1690535477573,0.0036
1690535477581,0.0031
1690535477588,-0.0047
1690535477596,0.0202
1690535477604,-0.0077
1690535477612,-0.0002
1690535477620,0.0044
1690535477627,0.0074
1690535477635,-0.0049
1690535477643,-0.0067
1690535477651,0.0034
1690535477659,0.0053
1690535477667,-0.0078
1690535477674,0.004
1690535477682,-0.0054
1690535477690,0.0
1690535477698,-0.0087
1690535477706,-0.0045
1690535477713,0.0098
1690535477721,-0.0058
1690535477729,0.0058
1690535477737,0.0091
1690535477745,-0.0026
1690535477752,-0.0082
1690535477760,-0.0078
1690535477768,0.017
1690535477776,-0.0089
1690535477784,0.0108
1690535477791,-0.0085
1690535477799,0.0096
1690535477807,0.0076
1690535477815,-0.0062
1690535477823,0.0104
1690535477831,-0.0157
1690535477838,0.0105
1690535477846,0.0025
1690535477854,-0.0073
1690535477862,-0.0007
1690535477870,0.0054
1690535477877,-0.0114
1690535477885,0.0079
1690535477893,-0.004
1690535477901,0.0012
1690535477909,0.0126
1690535477917,0.0102
1690535477924,0.0017
1690535477932,0.001
1690535477940,0.0331
1690535477948,0.0125
1690535477956,0.0525
1690535477963,0.0768
1690535477971,0.0875
1690535477979,0.1106
1690535477987,0.0978
1690535477995,0.068
1690535478002,0.0746
1690535478010,0.0198
1690535478018,0.0056
1690535478026,0.0176
1690535478034,0.0181
1690535478041,0.011
1690535478049,-0.0014
1690535478057,-0.0033
1690535478065,0.0081
1690535478073,-0.0044
1690535478081,-0.0067
1690535478088,0.0087
1690535478096,-0.0166
1690535478104,-0.0211
1690535478112,-0.0249
1690535478120,-0.0412
1690535478127,-0.1254
1690535478135,0.1888
1690535478143,0.8807
1690535478151,0.654
1690535478159,-0.0668
1690535478167,-0.2097
1690535478174,-0.0973
1690535478182,-0.0346
1690535478190,0.0044
1690535478198,0.0103
1690535478206,0.0005
1690535478213,0.0144
1690535478221,0.0107
1690535478229,0.0173
1690535478237,0.0336
1690535478245,0.0417
1690535478252,0.0496
1690535478260,0.0574
1690535478268,0.0944
1690535478276,0.1223
1690535478284,0.1775
1690535478291,0.2073
1690535478299,0.2327
1690535478307,0.245
1690535478315,0.2434
1690535478323,0.2351
1690535478331,0.1877
1690535478338,0.2029
1690535478346,0.1466
1690535478354,0.1131
1690535478362,0.0666
1690535478370,0.0428
1690535478377,0.0438
1690535478385,-0.0006
1690535478393,0.0
1690535478401,0.0085
1690535478409,0.0144
1690535478417,0.0129
1690535478424,0.0047
1690535478432,-0.0081
1690535478440,0.0076
1690535478448,-0.0092
1690535478456,0.0179
1690535478463,-0.001
1690535478471,0.002
1690535478479,-0.008
1690535478487,-0.0074
1690535478495,-0.0018
1690535478502,0.0073
1690535478510,0.0099
1690535478518,0.0076
1690535478526,0.0102
1690535478534,0.0027
1690535478541,-0.0295
1690535478549,0.009
1690535478557,-0.0239
1690535478565,-0.0136
1690535478573,0.0012
1690535478581,-0.0051
1690535478588,0.0022
1690535478596,0.0022
1690535478604,-0.0147
1690535478612,0.0041
1690535478620,0.0105
1690535478627,-0.0095
1690535478635,0.0066
1690535478643,0.0055
1690535478651,0.0006
1690535478659,0.0196
1690535478667,0.0015
1690535478674,0.0115
1690535478682,0.0063
1690535478690,-0.0011
1690535478698,0.0124
1690535478706,0.007
1690535478713,0.0281
1690535478721,-0.0047
1690535478729,-0.0081
1690535478737,0.0069
1690535478745,-0.0095
1690535478752,-0.006
1690535478760,0.0294
1690535478768,0.0066
1690535478776,0.0169
1690535478784,0.0202
1690535478791,0.0489
1690535478799,0.0754
1690535478807,0.1028
1690535478815,0.1118
1690535478823,0.0898
1690535478831,0.055
1690535478838,0.0667
1690535478846,0.028
1690535478854,0.0141
1690535478862,-0.0013
1690535478870,0.0001
1690535478877,0.0041
1690535478885,0.0114
1690535478893,0.0024
1690535478901,0.0043
1690535478909,-0.0058
1690535478917,0.0062
1690535478924,0.0053
1690535478932,0.0011
1690535478940,-0.001
1690535478948,-0.0071
1690535478956,-0.0883
1690535478963,-0.0808
1690535478971,0.4168
1690535478979,0.9547
1690535478987,0.3613
1690535478995,-0.1729
1690535479002,-0.191
1690535479010,-0.0559
1690535479018,-0.0157
1690535479026,0.0035
1690535479034,0.0224
1690535479041,0.0077
1690535479049,0.0059
1690535479057,0.0168
1690535479065,0.0366
1690535479073,0.0274
1690535479081,0.0441
1690535479088,0.0537
1690535479096,0.0904
1690535479104,0.1088
1690535479112,0.151
1690535479120,0.1893
1690535479127,0.2204
1690535479135,0.2201
1690535479143,0.2531
1690535479151,0.255
1690535479159,0.23
1690535479167,0.184
1690535479174,0.164
1690535479182,0.1436
1690535479190,0.0975
1690535479198,0.0497
1690535479206,0.0534
1690535479213,0.0232
1690535479221,-0.0006
1690535479229,0.0121
1690535479237,-0.0022
1690535479245,0.0064
1690535479252,0.0058
1690535479260,-0.0054
1690535479268,-0.0153
1690535479276,-0.0002
1690535479284,0.0027
1690535479291,-0.0034
1690535479299,-0.0044
1690535479307,-0.016
1690535479315,0.0015
1690535479323,0.0127
1690535479331,0.0102
1690535479338,-0.0183
1690535479346,-0.0068
1690535479354,-0.0027
1690535479362,0.005
1690535479370,-0.0026
1690535479377,-0.0093
1690535479385,0.0042
1690535479393,-0.018
1690535479401,-0.0026
1690535479409,-0.0087
1690535479417,-0.0012
1690535479424,-0.0034
1690535479432,-0.0035
1690535479440,0.0074
1690535479448,-0.003
1690535479456,0.0096
1690535479463,0.0018
1690535479471,-0.0026
1690535479479,-0.002
1690535479487,0.0178
1690535479495,-0.0111
1690535479502,0.0203
1690535479510,-0.0258
1690535479518,-0.0192
1690535479526,-0.0108
1690535479534,-0.005
1690535479541,0.0009
1690535479549,0.0168
1690535479557,0.0027
1690535479565,0.0191
1690535479573,0.0054
1690535479581,0.0242
1690535479588,0.0133
1690535479596,0.0097
1690535479604,0.0089
1690535479612,0.0346
1690535479620,0.0632
1690535479627,0.0721
1690535479635,0.092
1690535479643,0.0995
1690535479651,0.1106
1690535479659,0.0839
1690535479667,0.0577
1690535479674,0.0379
1690535479682,0.0175
1690535479690,0.0105
1690535479698,0.0299
1690535479706,0.0004
1690535479713,-0.0145
1690535479721,0.0067
1690535479729,-0.0001
1690535479737,-0.0115
1690535479745,0.0038
1690535479752,-0.0111
1690535479760,-0.0139
1690535479768,-0.0082
1690535479776,-0.009
1690535479784,-0.0153
1690535479791,-0.1223
1690535479799,0.052
1690535479807,0.6943
1690535479815,0.874
1690535479823,0.1145
1690535479831,-0.223
1690535479838,-0.1226
1690535479846,-0.0201
1690535479854,0.0084
1690535479862,0.014
1690535479870,-0.0135
1690535479877,0.0162
1690535479885,0.0076
1690535479893,-0.0004
1690535479901,0.0133
1690535479909,0.0283
1690535479917,0.0575
1690535479924,0.0622
1690535479932,0.0958
1690535479940,0.1395
1690535479948,0.1585
1690535479956,0.1953
1690535479963,0.2259
1690535479971,0.249
1690535479979,0.2632
1690535479987,0.2386
1690535479995,0.2149
1690535480002,0.1964
1690535480010,0.1586
1690535480018,0.1034
1690535480026,0.0977
1690535480034,0.0824
1690535480041,0.0404
1690535480049,0.0265
1690535480057,0.0196
1690535480065,0.0013
1690535480073,-0.0039
1690535480081,0.001
1690535480088,-0.0114
1690535480096,0.0168
1690535480104,-0.0065
1690535480112,-0.0163
1690535480120,-0.0022
1690535480127,0.0063
1690535480135,0.0056
1690535480143,-0.0081
1690535480151,0.01
1690535480159,-0.001
1690535480167,0.0119
1690535480174,-0.0099
1690535480182,-0.0091
1690535480190,-0.0111
1690535480198,0.0036
1690535480206,0.0039
1690535480213,0.0123
1690535480221,0.0011
1690535480229,0.0015
1690535480237,0.0094
1690535480245,0.021
1690535480252,0.0143
1690535480260,0.0217
1690535480268,-0.0177
1690535480276,-0.0036
1690535480284,-0.0142
1690535480291,-0.0126
1690535480299,-0.0181
1690535480307,-0.008
1690535480315,0.0003
1690535480323,0.0034
1690535480331,-0.0032
1690535480338,-0.0164
1690535480346,-0.0059
1690535480354,0.0056
1690535480362,0.0067
1690535480370,0.0001
1690535480377,-0.0022
1690535480385,-0.0057
1690535480393,0.0211
1690535480401,-0.0035
1690535480409,0.0193
1690535480417,0.011
1690535480424,-0.0166
1690535480432,0.0001
1690535480440,0.0084
1690535480448,0.0212
1690535480456,0.0579
1690535480463,0.0643
1690535480471,0.0894
1690535480479,0.1026
1690535480487,0.1009
1690535480495,0.0936
1690535480502,0.0506
1690535480510,0.0318
1690535480518,0.0018
1690535480526,0.0031
1690535480534,-0.0069
1690535480541,0.0048
1690535480549,0.0112
1690535480557,-0.0043
1690535480565,-0.0027
1690535480573,0.0001
1690535480581,0.0035
1690535480588,0.0068
1690535480596,0.0353
1690535480604,-0.0181
1690535480612,-0.003
1690535480620,-0.0505
1690535480627,-0.1289
1690535480635,0.1931
1690535480643,0.8784
1690535480651,0.6301
1690535480659,-0.0772
1690535480667,-0.209
1690535480674,-0.09
1690535480682,-0.0134
1690535480690,-0.0125
1690535480698,-0.0064
1690535480706,0.0022
1690535480713,0.0009
1690535480721,0.0155
1690535480729,0.005
1690535480737,0.009
1690535480745,0.0419
1690535480752,0.0616
1690535480760,0.0789
1690535480768,0.1058
1690535480776,0.1399
1690535480784,0.1781
1690535480791,0.2039
1690535480799,0.2134
1690535480807,0.2489
1690535480815,0.2511
1690535480823,0.2402
1690535480831,0.2121
1690535480838,0.1989
1690535480846,0.1328
1690535480854,0.1077
1690535480862,0.0836
1690535480870,0.0667
1690535480877,0.0391
1690535480885,0.0274
1690535480893,0.0111
1690535480901,-0.0147
1690535480909,0.0033
1690535480917,0.0127
1690535480924,-0.0036
1690535480932,-0.0288
1690535480940,-0.0158
1690535480948,-0.0042
1690535480956,0.0018
1690535480963,0.0083
1690535480971,-0.0049
1690535480979,-0.0072
1690535480987,0.0006
1690535480995,-0.0093
1690535481002,-0.0032
1690535481010,-0.0111
1690535481018,-0.0111
1690535481026,0.0146
1690535481034,-0.014
1690535481041,0.0139
1690535481049,-0.0042
1690535481057,-0.0029
1690535481065,-0.0036
1690535481073,0.0051
1690535481081,-0.0021
1690535481088,-0.0037
1690535481096,-0.0054
1690535481104,-0.0068
1690535481112,-0.013
1690535481120,-0.0012
1690535481127,-0.0005
1690535481135,0.0057
1690535481143,0.0054
1690535481151,-0.0095
1690535481159,0.0008
1690535481167,0.0166
1690535481174,-0.0108
1690535481182,-0.0089
1690535481190,-0.0009
1690535481198,-0.0138
1690535481206,-0.0108
1690535481213,0.0142
1690535481221,0.0025
1690535481229,-0.0264
1690535481237,-0.0053
1690535481245,-0.0148
1690535481252,-0.004
1690535481260,0.0166
1690535481268,0.0183
1690535481276,0.0232
1690535481284,0.043
1690535481291,0.0567
1690535481299,0.0659
1690535481307,0.1078
1690535481315,0.1091
1690535481323,0.0861
1690535481331,0.0782
1690535481338,0.0575
1690535481346,0.0328
1690535481354,0.0145
1690535481362,-0.0065
1690535481370,0.0023
1690535481377,0.0014
1690535481385,0.0113
1690535481393,-0.0174
1690535481401,-0.0027
1690535481409,-0.0257
1690535481417,0.003
1690535481424,0.0039
1690535481432,-0.0021
1690535481440,0.0094
1690535481448,-0.0144
1690535481456,-0.0818
1690535481463,-0.0859
1690535481471,0.4481
1690535481479,0.9669
1690535481487,0.3654
1690535481495,-0.176
1690535481502,-0.1858
1690535481510,-0.0366
1690535481518,-0.0265
1690535481526,-0.0115
1690535481534,0.0052
1690535481541,-0.0022
1690535481549,-0.0005
1690535481557,0.0154
1690535481565,0.0092
1690535481573,-0.0013
1690535481581,0.0587
1690535481588,0.0525
1690535481596,0.0871
1690535481604,0.107
1690535481612,0.139
1690535481620,0.1888
1690535481627,0.2238
1690535481635,0.2263
1690535481643,0.2554
1690535481651,0.2408
1690535481659,0.2245
1690535481667,0.2138
1690535481674,0.1821
1690535481682,0.1402
1690535481690,0.1082
1690535481698,0.0478
1690535481706,0.0678
1690535481713,0.0409
1690535481721,0.0273
1690535481729,0.0076
1690535481737,-0.0135
1690535481745,0.0056
1690535481752,0.0093
1690535481760,-0.0049
1690535481768,0.0044
1690535481776,0.0004
1690535481784,-0.0032
1690535481791,-0.0063
1690535481799,-0.0072
1690535481807,0.0081
1690535481815,0.0077
1690535481823,-0.0004
1690535481831,0.0168
1690535481838,-0.0065
1690535481846,-0.0021
1690535481854,0.0145
1690535481862,0.0076
1690535481870,-0.0013
1690535481877,-0.0096
1690535481885,0.0078
1690535481893,-0.0044
1690535481901,0.0058
1690535481909,0.015
1690535481917,-0.0033
1690535481924,0.0112
1690535481932,-0.0023
1690535481940,0.0173
1690535481948,-0.0154
1690535481956,-0.0008
1690535481963,-0.0016
1690535481971,-0.0074
1690535481979,0.0162
1690535481987,0.0068
1690535481995,-0.0004
1690535482002,0.0037
1690535482010,0.0155
1690535482018,0.0132
1690535482026,-0.0015
1690535482034,-0.0116
1690535482041,0.0104
1690535482049,-0.0037
1690535482057,-0.0175
1690535482065,-0.0084
1690535482073,-0.0073
1690535482081,0.0195
1690535482088,0.0059
1690535482096,-0.0094
1690535482104,0.0254
1690535482112,0.0226
1690535482120,0.0368
1690535482127,0.0651
1690535482135,0.0797
1690535482143,0.1044
1690535482151,0.1154
1690535482159,0.0783
1690535482167,0.0692
1690535482174,0.0519
1690535482182,0.0211
1690535482190,0.0111
1690535482198,0.0121
1690535482206,0.011
1690535482213,-0.0025
1690535482221,-0.003
1690535482229,0.013
1690535482237,0.0049
1690535482245,0.009
1690535482252,-0.0151
1690535482260,0.0127
1690535482268,0.0122
1690535482276,-0.0126
1690535482284,-0.0227
1690535482291,-0.1151
1690535482299,0.0249
1690535482307,0.6919
1690535482315,0.8562
1690535482323,0.1102
1690535482331,-0.2122
1690535482338,-0.1377
1690535482346,-0.0216
1690535482354,-0.0079
1690535482362,-0.0049
1690535482370,0.0036
1690535482377,0.024
1690535482385,0.0066
1690535482393,0.0087
1690535482401,0.0216
1690535482409,0.0185
1690535482417,0.0444
1690535482424,0.0683
1690535482432,0.1018
1690535482440,0.1441
1690535482448,0.1646
1690535482456,0.191
1690535482463,0.2287
1690535482471,0.2364
1690535482479,0.2471
1690535482487,0.2523
1690535482495,0.2145
1690535482502,0.1954
1690535482510,0.1484
1690535482518,0.1224
1690535482526,0.1155
1690535482534,0.0724
1690535482541,0.0569
1690535482549,0.0212
1690535482557,0.0209
1690535482565,0.0113
1690535482573,-0.0141
1690535482581,-0.0196
1690535482588,-0.0054
1690535482596,0.0131
1690535482604,0.0096
1690535482612,-0.0013
1690535482620,-0.0102
1690535482627,-0.0112
1690535482635,-0.0117
1690535482643,0.0089
1690535482651,0.0073
1690535482659,-0.0134
1690535482667,-0.0162
1690535482674,0.0154
1690535482682,0.003
1690535482690,-0.0162
1690535482698,-0.0059
1690535482706,-0.0052
1690535482713,-0.005
1690535482721,-0.0035
1690535482729,-0.0049
1690535482737,-0.0016
1690535482745,-0.002
1690535482752,0.0038
1690535482760,0.0155
1690535482768,-0.0209
1690535482776,-0.0055
1690535482784,0.0119
1690535482791,-0.0046
1690535482799,0.0089
1690535482807,-0.0071
1690535482815,-0.0049
1690535482823,-0.0224
1690535482831,0.0002
1690535482838,-0.0035
1690535482846,0.0121
1690535482854,-0.0182
1690535482862,-0.0043
1690535482870,0.0019
1690535482877,0.0054
1690535482885,-0.0019
1690535482893,-0.0095
1690535482901,0.0074
1690535482909,-0.0151
1690535482917,-0.006
1690535482924,0.0229
1690535482932,-0.0113
1690535482940,0.0237
1690535482948,0.0299
1690535482956,0.0255
1690535482963,0.0669
1690535482971,0.1004
1690535482979,0.1001
1690535482987,0.0948
1690535482995,0.0709
1690535483002,0.0513
1690535483010,0.0411
1690535483018,0.0049
1690535483026,0.0124
1690535483034,0.0085
1690535483041,0.0032
1690535483049,0.0062
1690535483057,-0.0009
1690535483065,0.0051
1690535483073,0.0072
1690535483081,-0.0072
1690535483088,-0.0129
1690535483096,-0.0232
1690535483104,0.001
1690535483112,0.0031
1690535483120,-0.0489
1690535483127,-0.1046
1690535483135,0.1947
1690535483143,0.8926
1690535483151,0.6319
1690535483159,-0.0678
1690535483167,-0.2201
1690535483174,-0.0917
1690535483182,-0.0094
1690535483190,-0.0082
1690535483198,0.0105
1690535483206,0.0214
1690535483213,0.0173
1690535483221,0.0054
1690535483229,0.0109
1690535483237,0.0182
1690535483245,0.0264
1690535483252,0.038
1690535483260,0.092
1690535483268,0.1037
1690535483276,0.1291
1690535483284,0.1631
1690535483291,0.1934
1690535483299,0.2398
1690535483307,0.2501
1690535483315,0.2437
1690535483323,0.2242
1690535483331,0.2083
1690535483338,0.1917
1690535483346,0.1494
1690535483354,0.1206
1690535483362,0.0673
1690535483370,0.0748
1690535483377,0.0349
1690535483385,0.0189
1690535483393,0.0182
1690535483401,0.0332
1690535483409,0.0036
1690535483417,0.0031
1690535483424,-0.0009
1690535483432,0.0157
1690535483440,0.0051
1690535483448,0.0069
1690535483456,-0.0113
1690535483463,0.0028
1690535483471,0.0059
1690535483479,-0.0105
1690535483487,0.001
1690535483495,0.0122
1690535483502,-0.0162
1690535483510,0.0059
1690535483518,-0.0
1690535483526,-0.0021
1690535483534,-0.0132
1690535483541,-0.0157
1690535483549,0.0037
1690535483557,-0.0059
1690535483565,-0.0027
1690535483573,0.0149
1690535483581,0.0229
1690535483588,-0.0017
1690535483596,0.0027
1690535483604,-0.0092
1690535483612,0.0043
1690535483620,0.0081
1690535483627,0.0099
1690535483635,0.0085
1690535483643,0.0191
1690535483651,0.0049
1690535483659,0.0152
1690535483667,0.0113
1690535483674,-0.002
1690535483682,-0.001
1690535483690,-0.0129
1690535483698,0.0063
1690535483706,-0.0095
1690535483713,-0.0021
1690535483721,0.0029
1690535483729,0.0111
1690535483737,-0.0192
1690535483745,-0.0114
1690535483752,-0.0039
1690535483760,0.0122
1690535483768,0.0138
1690535483776,0.0148
1690535483784,0.0186
1690535483791,0.0664
1690535483799,0.0521
1690535483807,0.0899
1690535483815,0.0836
1690535483823,0.0999
1690535483831,0.0847
1690535483838,0.0351
1690535483846,0.0185
1690535483854,0.0074
1690535483862,-0.0001
1690535483870,0.0115
1690535483877,0.0247
1690535483885,0.0108
1690535483893,-0.0044
1690535483901,-0.0138
1690535483909,0.0022
1690535483917,-0.0105
1690535483924,-0.0064
1690535483932,-0.0047
1690535483940,0.0045
1690535483948,-0.0177
1690535483956,-0.0733
1690535483963,-0.0728
1690535483971,0.4318
1690535483979,0.9644
1690535483987,0.3635
1690535483995,-0.1864
1690535484002,-0.192
1690535484010,-0.0611
1690535484018,0.0024
1690535484026,-0.0087
1690535484034,0.0024
1690535484041,-0.0109
1690535484049,-0.0153
1690535484057,-0.009
1690535484065,0.025
1690535484073,0.0169
1690535484081,0.0485
1690535484088,0.0575
1690535484096,0.095
1690535484104,0.1169
1690535484112,0.1521
1690535484120,0.1929
1690535484127,0.2166
1690535484135,0.2489
1690535484143,0.2452
1690535484151,0.2523
1690535484159,0.2417
1690535484167,0.2022
1690535484174,0.1675
1690535484182,0.1529
1690535484190,0.1165
1690535484198,0.0665
1690535484206,0.0472
1690535484213,0.0162
1690535484221,0.0006
1690535484229,0.0144
1690535484237,0.0288
1690535484245,-0.0119
1690535484252,-0.0195
1690535484260,-0.0119
1690535484268,0.0048
1690535484276,0.0102
1690535484284,-0.0142
1690535484291,0.0069
1690535484299,0.0188
1690535484307,0.0083
1690535484315,-0.007
1690535484323,0.0141
1690535484331,0.0135
1690535484338,-0.0106
1690535484346,-0.0021
1690535484354,-0.0124
1690535484362,-0.0026
1690535484370,0.0148
1690535484377,-0.0257
1690535484385,0.007
1690535484393,-0.0118
1690535484401,0.0072
1690535484409,-0.0009
1690535484417,-0.001
1690535484424,0.0063
1690535484432,-0.019
1690535484440,0.0126
1690535484448,0.0029
1690535484456,-0.0122
1690535484463,0.004
1690535484471,-0.0106
1690535484479,-0.0035
1690535484487,-0.0149
1690535484495,-0.0218
1690535484502,0.0023
1690535484510,-0.0032
1690535484518,0.003
1690535484526,0.0086
1690535484534,-0.0022
1690535484541,-0.0084
1690535484549,-0.0014
1690535484557,0.0082
1690535484565,0.011
1690535484573,0.0003
1690535484581,0.0111
1690535484588,-0.0098
1690535484596,0.0041
1690535484604,0.0099
1690535484612,0.0247
1690535484620,0.0464
1690535484627,0.081
1690535484635,0.087
1690535484643,0.1021
1690535484651,0.0904
1690535484659,0.0773
1690535484667,0.0592
1690535484674,0.0471
1690535484682,0.0142
1690535484690,0.0175
1690535484698,0.0077
1690535484706,0.0058
1690535484713,0.0087
1690535484721,-0.0013
1690535484729,0.0029
1690535484737,-0.0055
1690535484745,-0.0028
1690535484752,0.0232
1690535484760,0.0077
1690535484768,-0.0098
1690535484776,-0.0076
1690535484784,-0.0211
1690535484791,-0.1109
1690535484799,-0.0016
1690535484807,0.6967
1690535484815,0.8685
1690535484823,0.112
1690535484831,-0.2138
1690535484838,-0.1459
1690535484846,-0.0444
1690535484854,0.0088
1690535484862,0.0065
1690535484870,-0.0014
1690535484877,-0.0007
1690535484885,-0.0002
1690535484893,0.0087
1690535484901,0.0216
1690535484909,0.0232
1690535484917,0.0299
1690535484924,0.0461
1690535484932,0.0945
1690535484940,0.1354
1690535484948,0.1535
1690535484956,0.1924
1690535484963,0.2215
1690535484971,0.245
1690535484979,0.2522
1690535484987,0.2401
1690535484995,0.2397
1690535485002,0.1973
1690535485010,0.1567
1690535485018,0.1297
1690535485026,0.0843
1690535485034,0.0821
1690535485041,0.042
1690535485049,0.0232
1690535485057,0.0161
1690535485065,-0.0044
1690535485073,-0.0041
1690535485081,0.0041
1690535485088,0.0023
1690535485096,-0.0064
1690535485104,-0.0013
1690535485112,0.0131
1690535485120,0.0011
1690535485127,0.0096
1690535485135,0.0056
1690535485143,0.0062
1690535485151,-0.0081
1690535485159,0.0043
1690535485167,-0.0023
1690535485174,-0.0082
1690535485182,-0.006
1690535485190,-0.0078
1690535485198,-0.0141
1690535485206,-0.0068
1690535485213,0.0098
1690535485221,0.0036
1690535485229,0.0165
1690535485237,-0.0165
1690535485245,-0.0025
1690535485252,-0.0036
1690535485260,-0.0113
1690535485268,-0.0077
1690535485276,-0.0039
1690535485284,-0.0088
1690535485291,0.0063
1690535485299,-0.0219
1690535485307,-0.0005
1690535485315,0.0173
1690535485323,-0.001
1690535485331,-0.0046
1690535485338,0.0074
1690535485346,-0.0047
1690535485354,-0.0196
1690535485362,0.0134
1690535485370,0.0024
1690535485377,-0.0037
1690535485385,-0.0105
1690535485393,-0.0061
1690535485401,-0.006
1690535485409,-0.0084
1690535485417,0.0007
1690535485424,0.019
1690535485432,0.0039
1690535485440,0.0112
1690535485448,0.0269
1690535485456,0.0469
1690535485463,0.0693
1690535485471,0.1071
1690535485479,0.0849
1690535485487,0.0917
1690535485495,0.0733
1690535485502,0.0547
1690535485510,0.0271
1690535485518,0.016
1690535485526,0.0058
1690535485534,0.0143
1690535485541,0.0078
1690535485549,0.0104
1690535485557,-0.0084
1690535485565,-0.0092
1690535485573,-0.0134
1690535485581,0.0038
1690535485588,-0.0018
1690535485596,-0.007
1690535485604,-0.0081
1690535485612,-0.0206
1690535485620,-0.07
1690535485627,-0.1114
1690535485635,0.1844
1690535485643,0.8718
1690535485651,0.6291
1690535485659,-0.0843
1690535485667,-0.2261
1690535485674,-0.0839
1690535485682,0.001
1690535485690,0.0023
1690535485698,-0.0013
1690535485706,0.0128
1690535485713,0.0076
1690535485721,0.0133
1690535485729,0.0111
1690535485737,0.0174
1690535485745,0.0334
1690535485752,0.0493
1690535485760,0.0804
1690535485768,0.1136
1690535485776,0.151
1690535485784,0.1696
1690535485791,0.2018
1690535485799,0.2458
1690535485807,0.2572
1690535485815,0.2411
1690535485823,0.2268
1690535485831,0.2158
1690535485838,0.1757
1690535485846,0.148
1690535485854,0.106
1690535485862,0.0782
1690535485870,0.0645
1690535485877,0.0223
1690535485885,0.0307
1690535485893,0.0113
1690535485901,0.0152
1690535485909,0.0103
1690535485917,0.0235
1690535485924,-0.0036
1690535485932,-0.0288
1690535485940,0.0058
1690535485948,0.0058
1690535485956,-0.0048
1690535485963,0.0027
1690535485971,0.0259
1690535485979,0.0018
1690535485987,0.011
1690535485995,-0.0015
1690535486002,0.0055
1690535486010,-0.0122
1690535486018,-0.003
1690535486026,-0.0118
1690535486034,-0.0109
1690535486041,0.0077
1690535486049,-0.0137
1690535486057,-0.0149
1690535486065,0.0056
1690535486073,0.0049
1690535486081,-0.007
1690535486088,0.0207
1690535486096,0.0135
1690535486104,-0.0034
1690535486112,0.0136
1690535486120,-0.0053
1690535486127,-0.0234
1690535486135,0.0063
1690535486143,0.0001
1690535486151,-0.0095
1690535486159,0.0096
1690535486167,-0.0105
1690535486174,-0.0231
1690535486182,-0.014
1690535486190,0.0053
1690535486198,0.0003
1690535486206,-0.0009
1690535486213,0.0002
1690535486221,0.0017
1690535486229,-0.0082
1690535486237,-0.0072
1690535486245,-0.0168
1690535486252,-0.0119
1690535486260,-0.0122
1690535486268,0.0088
1690535486276,0.0186
1690535486284,0.0244
1690535486291,0.0437
1690535486299,0.0822
1690535486307,0.0918
1690535486315,0.0993
1690535486323,0.0631
1690535486331,0.0742
1690535486338,0.0451
1690535486346,0.0217
1690535486354,0.0249
1690535486362,0.0015
1690535486370,0.0058
1690535486377,-0.0079
1690535486385,0.0
1690535486393,-0.0096
1690535486401,-0.0086
1690535486409,-0.0093
1690535486417,0.0124
1690535486424,-0.0062
1690535486432,-0.0031
1690535486440,0.006
1690535486448,-0.0046
1690535486456,-0.0817
1690535486463,-0.0839
1690535486471,0.4562
1690535486479,0.9542
1690535486487,0.351
1690535486495,-0.1818
1690535486502,-0.1839
1690535486510,-0.0485
1690535486518,0.0124
1690535486526,-0.0095
1690535486534,0.0182
1690535486541,0.0078
1690535486549,0.0035
1690535486557,0.014
1690535486565,0.0222
1690535486573,0.0197
1690535486581,0.0272
1690535486588,0.0604
1690535486596,0.0758
1690535486604,0.1181
1690535486612,0.1482
1690535486620,0.1881
1690535486627,0.2255
1690535486635,0.2295
1690535486643,0.2457
1690535486651,0.245
1690535486659,0.2113
1690535486667,0.2042
1690535486674,0.1792
1690535486682,0.1276
1690535486690,0.089
1690535486698,0.0713
1690535486706,0.0415
1690535486713,0.0331
1690535486721,0.0342
1690535486729,0.0077
1690535486737,0.0001
1690535486745,0.0024
1690535486752,-0.0072
1690535486760,0.0021
1690535486768,0.0095
1690535486776,-0.0009
1690535486784,-0.0089
1690535486791,-0.0118
1690535486799,-0.0122
1690535486807,0.0076
1690535486815,0.0039
1690535486823,-0.0008
1690535486831,-0.0215
1690535486838,-0.0075
1690535486846,-0.0025
1690535486854,-0.0038
1690535486862,-0.0059
1690535486870,-0.0023
1690535486877,0.0062
1690535486885,0.0096
1690535486893,0.005
1690535486901,-0.0062
1690535486909,-0.0091
1690535486917,-0.0059
1690535486924,-0.02
1690535486932,-0.0032
1690535486940,0.0028
1690535486948,0.0181
1690535486956,-0.0115
1690535486963,0.0285
1690535486971,0.0049
1690535486979,-0.0029
1690535486987,0.0057
1690535486995,-0.0134
1690535487002,-0.0001
1690535487010,0.0013
1690535487018,-0.002
1690535487026,-0.004
1690535487034,0.0169
1690535487041,0.0085
1690535487049,0.0068
1690535487057,-0.0009
1690535487065,0.0017
1690535487073,-0.0015
1690535487081,0.0002
1690535487088,0.0055
1690535487096,-0.0056
1690535487104,0.0092
1690535487112,0.0133
1690535487120,0.0517
1690535487127,0.0572
1690535487135,0.0607
1690535487143,0.0941
1690535487151,0.0761
1690535487159,0.0779
1690535487167,0.0751
1690535487174,0.0469
1690535487182,0.0121
1690535487190,0.0196
1690535487198,0.0119
1690535487206,-0.0019
1690535487213,0.007
1690535487221,0.0114
1690535487229,-0.0074
1690535487237,-0.0003
1690535487245,0.014
1690535487252,-0.0195
1690535487260,0.0084
1690535487268,0.0114
1690535487276,-0.0131
1690535487284,-0.0154
1690535487291,-0.1243
1690535487299,-0.003
1690535487307,0.6866
1690535487315,0.8661
1690535487323,0.1181
1690535487331,-0.2201
1690535487338,-0.1316
1690535487346,-0.019
1690535487354,-0.0086
1690535487362,-0.0079
1690535487370,-0.0146
1690535487377,0.0106
1690535487385,0.0117
1690535487393,0.0037
1690535487401,0.0116
1690535487409,0.0409
1690535487417,0.0301
1690535487424,0.0629
1690535487432,0.0915
1690535487440,0.1212
1690535487448,0.1674
1690535487456,0.1982
1690535487463,0.2252
1690535487471,0.25
1690535487479,0.2491
1690535487487,0.2392
1690535487495,0.225
1690535487502,0.195
1690535487510,0.1514
1690535487518,0.1339
1690535487526,0.1168
1690535487534,0.0672
1690535487541,0.0387
1690535487549,0.0166
1690535487557,-0.0025
1690535487565,0.019
1690535487573,0.0137
1690535487581,0.0007
1690535487588,-0.0024
1690535487596,-0.005
1690535487604,-0.0061
1690535487612,-0.0101
1690535487620,-0.0004
1690535487627,-0.0005
1690535487635,0.0148
1690535487643,0.0041
1690535487651,0.0182
1690535487659,0.0031
1690535487667,0.0009
1690535487674,0.0063
1690535487682,0.0088
1690535487690,-0.0111
1690535487698,-0.0158
1690535487706,0.0057
1690535487713,0.0248
1690535487721,-0.0078
1690535487729,-0.0054
1690535487737,0.0111
1690535487745,-0.0061
1690535487752,0.0064
1690535487760,-0.0159
1690535487768,0.0111
1690535487776,0.0053
1690535487784,0.002
1690535487791,-0.0268
1690535487799,-0.0054
1690535487807,-0.0057
1690535487815,0.0051
1690535487823,0.0183
1690535487831,0.0065
1690535487838,0.0072
1690535487846,-0.0239
1690535487854,0.0222
1690535487862,-0.0018
1690535487870,0.0033
1690535487877,-0.0118
1690535487885,-0.0036
1690535487893,0.0078
1690535487901,-0.0134
1690535487909,0.0125
1690535487917,-0.0069
1690535487924,0.008
1690535487932,-0.0118
1690535487940,0.014
1690535487948,0.0535
1690535487956,0.0456
1690535487963,0.0753
1690535487971,0.1009
1690535487979,0.0976
1690535487987,0.1007
1690535487995,0.058
1690535488002,0.0532
1690535488010,0.0253
1690535488018,0.006
1690535488026,-0.0016
1690535488034,0.0018
1690535488041,0.0188
1690535488049,0.0072
1690535488057,0.0055
1690535488065,0.0015
1690535488073,-0.0002
1690535488081,-0.0023
1690535488088,0.0063
1690535488096,-0.0138
1690535488104,-0.0086
1690535488112,0.0098
1690535488120,-0.0403
1690535488127,-0.108
1690535488135,0.2071
1690535488143,0.9013
1690535488151,0.6399
1690535488159,-0.1002
1690535488167,-0.2009
1690535488174,-0.0994
1690535488182,-0.0201
1690535488190,0.016
1690535488198,0.0064
1690535488206,-0.0014
1690535488213,-0.0047
1690535488221,-0.0045
1690535488229,0.0111
1690535488237,0.0083
1690535488245,0.0114
1690535488252,0.0466
1690535488260,0.1021
1690535488268,0.1042
1690535488276,0.1155
1690535488284,0.1791
1690535488291,0.1955
1690535488299,0.2402
1690535488307,0.2518
1690535488315,0.2397
1690535488323,0.2459
1690535488331,0.2151
1690535488338,0.1737
1690535488346,0.1516
1690535488354,0.1023
1690535488362,0.0669
1690535488370,0.0734
1690535488377,0.0481
1690535488385,0.0347
1690535488393,0.0024
1690535488401,0.0183
1690535488409,0.0092
1690535488417,0.0088
1690535488424,-0.0013
1690535488432,-0.002
1690535488440,-0.0248
1690535488448,-0.0043
1690535488456,-0.0026
1690535488463,-0.0007
1690535488471,0.0015
1690535488479,-0.012
1690535488487,-0.0103
1690535488495,-0.0089
1690535488502,-0.0002
1690535488510,-0.0038
1690535488518,0.0103
1690535488526,0.0132
1690535488534,0.0075
1690535488541,0.0024
1690535488549,-0.0009
1690535488557,0.0026
1690535488565,0.0108
1690535488573,0.0108
1690535488581,-0.0035
1690535488588,-0.0015
1690535488596,-0.0158
1690535488604,-0.0146
1690535488612,-0.0008
1690535488620,-0.011
1690535488627,-0.0107
1690535488635,0.0025
1690535488643,0.0054
1690535488651,-0.0049
1690535488659,-0.0171
1690535488667,-0.0076
1690535488674,-0.0225
1690535488682,-0.0159
1690535488690,-0.0098
1690535488698,0.0002
1690535488706,0.0019
1690535488713,-0.0087
1690535488721,-0.0034
1690535488729,0.0144
1690535488737,0.0066
1690535488745,-0.0044
1690535488752,0.0042
1690535488760,-0.0201
1690535488768,0.0132
1690535488776,-0.0029
1690535488784,0.0395
1690535488791,0.0723
1690535488799,0.0925
1690535488807,0.0961
1690535488815,0.106
1690535488823,0.0981
1690535488831,0.0702
1690535488838,0.027
1690535488846,0.0318
1690535488854,0.009
1690535488862,-0.0107
1690535488870,0.0115
1690535488877,0.0122
1690535488885,-0.0006
1690535488893,-0.0031
1690535488901,0.0
1690535488909,-0.0041
1690535488917,0.0015
1690535488924,-0.0118
1690535488932,0.0081
1690535488940,0.0007
1690535488948,-0.0198
1690535488956,-0.1009
1690535488963,-0.0984
1690535488971,0.4257
1690535488979,0.9776
1690535488987,0.3577
1690535488995,-0.177
1690535489002,-0.1796
1690535489010,-0.0467
1690535489018,0.003
1690535489026,-0.0114
1690535489034,0.0067
1690535489041,0.0021
1690535489049,-0.0164
1690535489057,0.0181
1690535489065,0.0165
1690535489073,0.0177
1690535489081,0.0672
1690535489088,0.053
1690535489096,0.0817
1690535489104,0.1277
1690535489112,0.1619
1690535489120,0.1919
1690535489127,0.248
1690535489135,0.2301
1690535489143,0.2339
1690535489151,0.2364
1690535489159,0.2301
1690535489167,0.2168
1690535489174,0.1604
1690535489182,0.1287
1690535489190,0.0935
1690535489198,0.0547
1690535489206,0.0566
1690535489213,0.032
1690535489221,0.02
1690535489229,0.0195
1690535489237,0.0111
1690535489245,-0.0089
1690535489252,-0.0107
1690535489260,-0.0046
1690535489268,-0.003
1690535489276,-0.0089
1690535489284,-0.005
1690535489291,0.0031
1690535489299,0.0042
1690535489307,-0.0007
1690535489315,-0.0002
1690535489323,0.0187
1690535489331,0.0084
1690535489338,-0.0129
1690535489346,0.0067
1690535489354,-0.0073
1690535489362,0.0087
1690535489370,0.0029
1690535489377,0.0037
1690535489385,-0.0022
1690535489393,0.0255
1690535489401,-0.01
1690535489409,-0.008
1690535489417,0.0125
1690535489424,0.0097
1690535489432,-0.002
1690535489440,-0.0116
1690535489448,0.0177
1690535489456,0.0151
1690535489463,0.0009
1690535489471,0.0104
1690535489479,-0.009
1690535489487,-0.0041
1690535489495,0.0052
1690535489502,-0.012
1690535489510,-0.0165
1690535489518,-0.0017
1690535489526,0.0146
1690535489534,-0.005
1690535489541,0.0139
1690535489549,-0.0016
1690535489557,0.0008
1690535489565,-0.0129
1690535489573,0.0045
1690535489581,-0.0111
1690535489588,-0.0098
1690535489596,0.0137
1690535489604,0.0269
1690535489612,0.0301
1690535489620,0.0426
1690535489627,0.0721
1690535489635,0.1095
1690535489643,0.1123
1690535489651,0.0767
1690535489659,0.084
1690535489667,0.0437
1690535489674,0.0309
1690535489682,0.0063
1690535489690,0.0025
1690535489698,0.0106
1690535489706,-0.0151
1690535489713,-0.0095
1690535489721,0.0037
1690535489729,0.012
1690535489737,-0.0222
1690535489745,-0.0172
1690535489752,-0.0081
1690535489760,-0.0129
1690535489768,-0.0157
1690535489776,-0.0004
1690535489784,-0.0295
1690535489791,-0.1167
1690535489799,0.0064
1690535489807,0.6987
1690535489815,0.8634
1690535489823,0.0971
1690535489831,-0.22
1690535489838,-0.1635
1690535489846,-0.037
1690535489854,-0.0086
1690535489862,0.0028
1690535489870,-0.0006
1690535489877,0.0019
1690535489885,0.0031
1690535489893,0.0061
1690535489901,0.0069
1690535489909,0.0192
1690535489917,0.0559
1690535489924,0.0435
1690535489932,0.1079
1690535489940,0.1355
1690535489948,0.163
1690535489956,0.1969
1690535489963,0.2284
1690535489971,0.2537
1690535489979,0.2529
1690535489987,0.2339
1690535489995,0.2292
1690535490002,0.1697
1690535490010,0.1611
1690535490018,0.1311
1690535490026,0.1029
1690535490034,0.036
1690535490041,0.0514
1690535490049,-0.0005
1690535490057,0.0183
1690535490065,0.0124
1690535490073,0.0032
1690535490081,0.0096
1690535490088,-0.0107
1690535490096,-0.0053
1690535490104,-0.0091
1690535490112,-0.0046
1690535490120,-0.0004
1690535490127,0.0006
1690535490135,0.0003
1690535490143,0.0141
1690535490151,-0.0058
1690535490159,0.0076
1690535490167,-0.0116
1690535490174,0.0043
1690535490182,0.0107
1690535490190,0.0042
1690535490198,0.0171
1690535490206,0.0119
1690535490213,0.0041
1690535490221,-0.015
1690535490229,0.001
1690535490237,0.0062
1690535490245,-0.0075
1690535490252,0.0014
1690535490260,-0.0114
1690535490268,0.0157
1690535490276,0.0142
1690535490284,0.0079
1690535490291,0.0099
1690535490299,-0.0069
1690535490307,-0.0062
1690535490315,-0.0283
1690535490323,0.0094
1690535490331,0.003
1690535490338,-0.0001
1690535490346,0.0127
1690535490354,0.0271
1690535490362,-0.0053
1690535490370,-0.0034
1690535490377,0.0044
1690535490385,-0.016
1690535490393,-0.0177
1690535490401,-0.0139
1690535490409,-0.0076
1690535490417,-0.0094
1690535490424,-0.0012
1690535490432,-0.0136
1690535490440,0.0085
1690535490448,0.0213
1690535490456,0.0587
1690535490463,0.0715
1690535490471,0.08
1690535490479,0.0826
1690535490487,0.0702
1690535490495,0.0673
1690535490502,0.0464
1690535490510,0.0298
1690535490518,0.0112
1690535490526,0.0152
1690535490534,-0.0171
1690535490541,0.0161
1690535490549,-0.0153
1690535490557,-0.0133
1690535490565,0.0005
1690535490573,0.0106
1690535490581,0.0059
1690535490588,0.0014
1690535490596,0.0183
1690535490604,-0.0063
1690535490612,-0.0156
1690535490620,-0.0587
1690535490627,-0.1068
1690535490635,0.183
1690535490643,0.8908
1690535490651,0.6463
1690535490659,-0.1064
1690535490667,-0.1961
1690535490674,-0.0948
1690535490682,-0.0198
1690535490690,-0.0094
1690535490698,0.0098
1690535490706,0.0012
1690535490713,0.0052
1690535490721,0.013
1690535490729,0.0132
1690535490737,0.0169
1690535490745,0.0324
1690535490752,0.0319
1690535490760,0.0523
1690535490768,0.1063
1690535490776,0.1278
1690535490784,0.1602
1690535490791,0.1917
1690535490799,0.2314
1690535490807,0.2303
1690535490815,0.257
1690535490823,0.2322
1690535490831,0.2078
1690535490838,0.1713
1690535490846,0.1441
1690535490854,0.1133
1690535490862,0.0715
1690535490870,0.0604
1690535490877,0.0248
1690535490885,0.0148
1690535490893,0.0177
1690535490901,0.0089
1690535490909,-0.0021
1690535490917,0.0029
1690535490924,-0.0196
1690535490932,-0.002
1690535490940,-0.0143
1690535490948,0.0047
1690535490956,0.0056
1690535490963,-0.0082
1690535490971,0.004
1690535490979,-0.0018
1690535490987,0.0073
1690535490995,0.0037
1690535491002,0.0059
1690535491010,0.0086
1690535491018,-0.0044
1690535491026,-0.0032
1690535491034,0.0061
1690535491041,-0.0029
1690535491049,-0.0009
1690535491057,-0.0002
1690535491065,0.0059
1690535491073,-0.0213
1690535491081,0.0188
1690535491088,0.0054
1690535491096,-0.0085
1690535491104,0.0145
1690535491112,-0.0161
1690535491120,-0.001
1690535491127,0.0052
1690535491135,0.0007
1690535491143,-0.0082
1690535491151,-0.007
1690535491159,-0.0067
1690535491167,0.0024
1690535491174,0.0052
1690535491182,0.0138
1690535491190,0.0068
1690535491198,-0.0221
1690535491206,-0.0059
1690535491213,-0.0048
1690535491221,0.0035
1690535491229,-0.0038
1690535491237,0.0182
1690535491245,0.0126
1690535491252,0.0061
1690535491260,-0.0068
1690535491268,0.0084
1690535491276,0.0213
1690535491284,0.0207
1690535491291,0.074
1690535491299,0.0883
1690535491307,0.0807
1690535491315,0.1034
1690535491323,0.0814
1690535491331,0.082
1690535491338,0.0306
1690535491346,0.0314
1690535491354,0.0079
1690535491362,0.0163
1690535491370,-0.0022
1690535491377,0.0108
1690535491385,-0.0052
1690535491393,-0.0061
1690535491401,0.0077
1690535491409,0.0016
1690535491417,-0.0057
1690535491424,0.0116
1690535491432,-0.0124
1690535491440,0.0121
1690535491448,-0.0265
1690535491456,-0.0801
1690535491463,-0.1077
1690535491471,0.4468
1690535491479,0.9634
1690535491487,0.3645
1690535491495,-0.1888
1690535491502,-0.1895
1690535491510,-0.0388
1690535491518,-0.0068
1690535491526,0.0018
1690535491534,0.0064
1690535491541,0.0193
1690535491549,-0.0139
1690535491557,-0.0099
1690535491565,0.0128
1690535491573,0.0256
1690535491581,0.0407
1690535491588,0.0696
1690535491596,0.0774
1690535491604,0.1045
1690535491612,0.1394
1690535491620,0.1695
1690535491627,0.1978
1690535491635,0.2338
1690535491643,0.2518
1690535491651,0.2543
1690535491659,0.2244
1690535491667,0.2144
1690535491674,0.1641
1690535491682,0.1252
1690535491690,0.1014
1690535491698,0.0866
1690535491706,0.0451
1690535491713,0.0286
1690535491721,0.032
1690535491729,0.0249
1690535491737,0.0182
1690535491745,0.0111
1690535491752,0.0057
1690535491760,0.015
1690535491768,0.0002
1690535491776,0.0169
1690535491784,-0.0055
1690535491791,-0.0032
1690535491799,0.0052
1690535491807,0.0009
1690535491815,-0.0007
1690535491823,-0.0089
1690535491831,-0.0102
1690535491838,0.0038
1690535491846,-0.006
1690535491854,0.0029
1690535491862,-0.0063
1690535491870,-0.0073
1690535491877,0.0113
1690535491885,-0.0
1690535491893,0.0025
1690535491901,-0.0035
1690535491909,0.0004
1690535491917,0.0134
1690535491924,0.0029
1690535491932,-0.0025
1690535491940,-0.0126
1690535491948,-0.0004
1690535491956,0.0056
1690535491963,0.0127
1690535491971,-0.0103
1690535491979,-0.0092
1690535491987,-0.012
1690535491995,-0.0133
1690535492002,0.0088
1690535492010,0.003
1690535492018,-0.0018
1690535492026,-0.0056
1690535492034,0.0017
1690535492041,0.0023
1690535492049,-0.0154
1690535492057,-0.0008
1690535492065,-0.0087
1690535492073,0.0028
1690535492081,-0.0043
1690535492088,-0.0023
1690535492096,0.0056
1690535492104,0.0154
1690535492112,0.0092
1690535492120,0.0306
1690535492127,0.0583
1690535492135,0.0982
1690535492143,0.1156
1690535492151,0.1101
1690535492159,0.0761
1690535492167,0.0428
1690535492174,0.0172
1690535492182,0.016
1690535492190,0.0049
1690535492198,0.0112
1690535492206,-0.0005
1690535492213,0.0063
1690535492221,-0.0253
1690535492229,-0.0002
1690535492237,-0.0186
1690535492245,-0.0023
1690535492252,-0.003
1690535492260,0.0292
1690535492268,0.0084
1690535492276,0.0083
1690535492284,-0.0433
1690535492291,-0.1086
1690535492299,0.0195
1690535492307,0.6845
1690535492315,0.8556
1690535492323,0.096
1690535492331,-0.2084
1690535492338,-0.1296
1690535492346,-0.0274
1690535492354,-0.0113
1690535492362,-0.0009
1690535492370,-0.0091
1690535492377,-0.0033
1690535492385,-0.0046
1690535492393,0.0088
1690535492401,0.0182
1690535492409,0.0235
1690535492417,0.0578
1690535492424,0.0733
1690535492432,0.0929
1690535492440,0.1116
1690535492448,0.1684
1690535492456,0.1893
1690535492463,0.219
1690535492471,0.2473
1690535492479,0.2388
1690535492487,0.2427
1690535492495,0.2254
1690535492502,0.1906
1690535492510,0.1359
1690535492518,0.1216
1690535492526,0.0988
1690535492534,0.0649
1690535492541,0.0354
1690535492549,0.0153
1690535492557,0.0118
1690535492565,-0.0007
1690535492573,0.0073
1690535492581,0.0097
1690535492588,0.0072
1690535492596,0.0101
1690535492604,-0.011
1690535492612,-0.0118
1690535492620,-0.0009
1690535492627,-0.0007
1690535492635,-0.0097
1690535492643,-0.0071
1690535492651,-0.0013
1690535492659,0.0061
1690535492667,-0.016
1690535492674,-0.0069
1690535492682,0.0159
1690535492690,0.0004
1690535492698,-0.0139
1690535492706,0.0052
1690535492713,0.0124
1690535492721,0.005
1690535492729,-0.0055
1690535492737,-0.007
1690535492745,-0.0041
1690535492752,0.0095
1690535492760,-0.0188
1690535492768,0.0118
1690535492776,-0.0136
1690535492784,0.0147
1690535492791,0.0036
1690535492799,-0.0125
1690535492807,0.0079
1690535492815,0.0085
1690535492823,-0.0128
1690535492831,0.0096
1690535492838,0.0089
1690535492846,-0.0067
1690535492854,-0.0096
1690535492862,-0.0061
1690535492870,0.0009
1690535492877,-0.01
1690535492885,0.0036
1690535492893,-0.0017
1690535492901,0.0024
1690535492909,0.0033
1690535492917,-0.0017
1690535492924,0.0123
1690535492932,0.0148
1690535492940,0.03
1690535492948,0.0397
1690535492956,0.0513
1690535492963,0.0858
1690535492971,0.1186
1690535492979,0.1067
1690535492987,0.0957
1690535492995,0.0851
1690535493002,0.0447
1690535493010,0.0461
1690535493018,0.0232
1690535493026,0.0027
1690535493034,0.0005
1690535493041,-0.0077
1690535493049,0.0122
1690535493057,0.0044
1690535493065,-0.0057
1690535493073,0.009
1690535493081,-0.0098
1690535493088,-0.0208
1690535493096,-0.0013
1690535493104,-0.0139
1690535493112,0.0061
1690535493120,-0.0647
1690535493127,-0.117
1690535493135,0.2
1690535493143,0.8794
1690535493151,0.6234
1690535493159,-0.0951
1690535493167,-0.2083
1690535493174,-0.0869
1690535493182,-0.0034
1690535493190,0.0093
1690535493198,0.0103
1690535493206,0.0216
1690535493213,0.0104
1690535493221,0.0135
1690535493229,0.0165
1690535493237,0.0079
1690535493245,0.0399
1690535493252,0.0506
1690535493260,0.0744
1690535493268,0.102
1690535493276,0.1348
1690535493284,0.1853
1690535493291,0.2041
1690535493299,0.2332
1690535493307,0.2481
1690535493315,0.2511
1690535493323,0.2473
1690535493331,0.2353
1690535493338,0.1821
1690535493346,0.1695
1690535493354,0.1341
1690535493362,0.0877
1690535493370,0.0617
1690535493377,0.0216
1690535493385,0.0336
1690535493393,0.0067
1690535493401,0.0003
1690535493409,0.0161
1690535493417,0.0076
1690535493424,-0.0183
1690535493432,0.0025
1690535493440,0.0128
1690535493448,-0.0071
1690535493456,-0.0012
1690535493463,-0.0182
1690535493471,0.0172
1690535493479,-0.0046
1690535493487,0.0072
1690535493495,0.0162
1690535493502,-0.0287
1690535493510,-0.0043
1690535493518,0.0091
1690535493526,0.0034
1690535493534,0.0073
1690535493541,0.024
1690535493549,-0.007
1690535493557,0.0145
1690535493565,0.0046
1690535493573,-0.0076
1690535493581,0.0261
1690535493588,0.0023
1690535493596,0.0038
1690535493604,0.0024
1690535493612,-0.0028
1690535493620,-0.0145
1690535493627,0.0045
1690535493635,-0.0003
1690535493643,0.0058
1690535493651,0.0114
1690535493659,0.0089
1690535493667,-0.005
1690535493674,0.0001
1690535493682,0.0148
1690535493690,0.0051
1690535493698,0.0097
1690535493706,0.0119
1690535493713,0.0088
1690535493721,-0.0007
1690535493729,-0.0166
1690535493737,0.0024
1690535493745,0.0008
1690535493752,0.0115
1690535493760,0.0122
1690535493768,0.0016
1690535493776,0.0178
1690535493784,0.0505
1690535493791,0.0487
1690535493799,0.082
1690535493807,0.1039
1690535493815,0.1202
1690535493823,0.0904
1690535493831,0.0774
1690535493838,0.0298
1690535493846,0.0292
1690535493854,0.0001
1690535493862,-0.0079
1690535493870,0.0067
1690535493877,0.0134
1690535493885,-0.0066
1690535493893,-0.0043
1690535493901,0.0003
1690535493909,-0.0139
1690535493917,0.0078
1690535493924,0.0086
1690535493932,-0.005
1690535493940,-0.009
1690535493948,-0.0306
1690535493956,-0.0581
1690535493963,-0.0728
1690535493971,0.4391
1690535493979,0.959
1690535493987,0.3495
1690535493995,-0.1703
1690535494002,-0.1823
1690535494010,-0.0471
1690535494018,-0.0128
1690535494026,0.001
1690535494034,-0.0046
1690535494041,-0.0046
1690535494049,0.0156
1690535494057,0.0106
1690535494065,-0.011
1690535494073,0.0166
1690535494081,0.0143
1690535494088,0.0476
1690535494096,0.0958
1690535494104,0.1175
1690535494112,0.1444
1690535494120,0.1833
1690535494127,0.2089
1690535494135,0.2291
1690535494143,0.2255
1690535494151,0.2616
1690535494159,0.2103
1690535494167,0.1948
1690535494174,0.1823
1690535494182,0.1308
1690535494190,0.1097
1690535494198,0.0696
1690535494206,0.0381
1690535494213,0.0253
1690535494221,0.0338
1690535494229,0.0288
1690535494237,-0.0125
1690535494245,0.0009
1690535494252,0.013
1690535494260,-0.0059
1690535494268,0.002
1690535494276,0.018
1690535494284,-0.025
1690535494291,-0.001
1690535494299,0.0113
1690535494307,-0.0006
1690535494315,0.0084
1690535494323,-0.0002
1690535494331,-0.0091
1690535494338,0.011
1690535494346,-0.0145
1690535494354,-0.0101
1690535494362,-0.0
1690535494370,-0.0184
1690535494377,0.0089
1690535494385,-0.0007
1690535494393,-0.0002
1690535494401,0.0028
1690535494409,0.0032
1690535494417,-0.004
1690535494424,0.009
1690535494432,-0.0037
1690535494440,-0.0101
1690535494448,-0.0027
1690535494456,-0.0073
1690535494463,-0.0015
1690535494471,-0.0094
1690535494479,0.0024
1690535494487,0.0077
1690535494495,0.0116
1690535494502,0.0107
1690535494510,-0.0043
1690535494518,0.0022
1690535494526,0.0076
1690535494534,0.003
1690535494541,-0.0169
1690535494549,0.002
1690535494557,0.0069
1690535494565,0.0046
1690535494573,0.0019
1690535494581,0.0178
1690535494588,0.016
1690535494596,-0.0001
1690535494604,0.028
1690535494612,0.031
1690535494620,0.0515
1690535494627,0.0823
1690535494635,0.096
1690535494643,0.0947
1690535494651,0.0916
1690535494659,0.0705
1690535494667,0.0568
1690535494674,0.0556
1690535494682,0.0326
1690535494690,-0.0131
1690535494698,-0.0106
1690535494706,0.0048
1690535494713,-0.0098
1690535494721,0.0084
1690535494729,0.0106
1690535494737,-0.0109
1690535494745,0.0013
1690535494752,0.0002
1690535494760,0.0036
1690535494768,-0.0024
1690535494776,0.002
1690535494784,-0.0283
1690535494791,-0.1098
1690535494799,0.0249
1690535494807,0.6918
1690535494815,0.8668
1690535494823,0.1108
1690535494831,-0.2102
1690535494838,-0.1348
1690535494846,-0.0204
1690535494854,-0.0044
1690535494862,-0.0204
1690535494870,-0.0037
1690535494877,0.0042
1690535494885,0.024
1690535494893,0.0032
1690535494901,0.0156
1690535494909,0.0316
1690535494917,0.0513
1690535494924,0.0612
1690535494932,0.0954
1690535494940,0.1181
1690535494948,0.1748
1690535494956,0.1852
1690535494963,0.2328
1690535494971,0.2479
1690535494979,0.2423
1690535494987,0.2449
1690535494995,0.2367
1690535495002,0.1919
1690535495010,0.1749
1690535495018,0.1184
1690535495026,0.1081
1690535495034,0.063
1690535495041,0.039
1690535495049,0.0263
1690535495057,0.0139
1690535495065,0.0072
1690535495073,0.0029
1690535495081,0.006
1690535495088,-0.0134
1690535495096,-0.0175
1690535495104,-0.0061
1690535495112,0.0033
1690535495120,-0.0106
1690535495127,-0.0119
1690535495135,0.0179
1690535495143,-0.0033
1690535495151,0.0015
1690535495159,0.0059
1690535495167,0.0121
1690535495174,-0.0031
1690535495182,-0.0003
1690535495190,-0.0058
1690535495198,-0.0004
1690535495206,-0.017
1690535495213,0.0122
1690535495221,-0.0165
1690535495229,0.0016
1690535495237,-0.0143
1690535495245,-0.0061
1690535495252,-0.0212
1690535495260,-0.0178
1690535495268,-0.005
1690535495276,-0.01
1690535495284,-0.007
1690535495291,0.0179
1690535495299,-0.0014
1690535495307,0.0202
1690535495315,-0.0053
1690535495323,-0.0051
1690535495331,0.0102
1690535495338,0.006
1690535495346,0.0103
1690535495354,0.0163
1690535495362,-0.0096
1690535495370,-0.0111
1690535495377,-0.0001
1690535495385,0.0005
1690535495393,0.0125
1690535495401,-0.0025
1690535495409,-0.0042
1690535495417,0.0071
1690535495424,0.0185
1690535495432,0.0026
1690535495440,0.0223
1690535495448,0.0358
1690535495456,0.0511
1690535495463,0.0689
1690535495471,0.0778
1690535495479,0.1082
1690535495487,0.0867
1690535495495,0.0658
1690535495502,0.0387
1690535495510,0.0215
1690535495518,0.0241
1690535495526,-0.0003
1690535495534,0.0132
1690535495541,0.0103
1690535495549,-0.0021
1690535495557,-0.0104
1690535495565,-0.0077
1690535495573,-0.0178
1690535495581,0.0281
1690535495588,0.0059
1690535495596,-0.0051
1690535495604,-0.0078
1690535495612,0.0096
1690535495620,-0.066
1690535495627,-0.1277
1690535495635,0.1888
1690535495643,0.8939
1690535495651,0.648
1690535495659,-0.0706
1690535495667,-0.2205
1690535495674,-0.0858
1690535495682,-0.0296
1690535495690,-0.0135
1690535495698,0.0033
1690535495706,0.007
1690535495713,-0.0053
1690535495721,-0.0081
1690535495729,0.0028
1690535495737,0.0148
1690535495745,0.0299
1690535495752,0.0539
1690535495760,0.0784
1690535495768,0.0952
1690535495776,0.1332
1690535495784,0.1867
1690535495791,0.2122
1690535495799,0.2288
1690535495807,0.2368
1690535495815,0.2337
1690535495823,0.2411
1690535495831,0.2156
1690535495838,0.1792
1690535495846,0.1628
1690535495854,0.1304
1690535495862,0.0944
1690535495870,0.0533
1690535495877,0.0415
1690535495885,0.0226
1690535495893,0.0111
1690535495901,0.0122
1690535495909,0.0056
1690535495917,0.0171
1690535495924,-0.0082
1690535495932,0.0131
1690535495940,-0.0022
1690535495948,0.0061
1690535495956,0.0054
1690535495963,-0.0201
1690535495971,0.0068
1690535495979,-0.0035
1690535495987,0.0155
1690535495995,-0.0078
1690535496002,-0.0006
1690535496010,0.0055
1690535496018,-0.0067
1690535496026,-0.0006
1690535496034,-0.0026
1690535496041,-0.0085
1690535496049,0.0013
1690535496057,-0.004
1690535496065,-0.0116
1690535496073,-0.0207
1690535496081,-0.0026
1690535496088,-0.0077
1690535496096,0.0074
1690535496104,0.0022
1690535496112,-0.0017
1690535496120,-0.0109
1690535496127,0.0026
1690535496135,0.0082
1690535496143,-0.005
1690535496151,0.0128
1690535496159,-0.0171
1690535496167,-0.0103
1690535496174,-0.0023
1690535496182,-0.007
1690535496190,0.025
1690535496198,-0.0003
1690535496206,0.0191
1690535496213,0.0147
1690535496221,0.0057
1690535496229,0.0011
1690535496237,0.0063
1690535496245,-0.0007
1690535496252,-0.0032
1690535496260,0.0026
1690535496268,0.0005
1690535496276,0.0098
1690535496284,0.0487
1690535496291,0.0588
1690535496299,0.0949
1690535496307,0.1086
1690535496315,0.0948
1690535496323,0.0901
1690535496331,0.0633
1690535496338,0.0507
1690535496346,0.0204
1690535496354,0.0258
1690535496362,0.0013
1690535496370,0.0112
1690535496377,-0.0164
1690535496385,-0.0102
1690535496393,-0.0008
1690535496401,-0.0052
1690535496409,-0.0097
1690535496417,-0.0023
1690535496424,-0.0004
1690535496432,0.0065
1690535496440,-0.0128
1690535496448,-0.0253
1690535496456,-0.0745
1690535496463,-0.0993
1690535496471,0.4408
1690535496479,0.973
1690535496487,0.3524
1690535496495,-0.1592
1690535496502,-0.1907
1690535496510,-0.0434
1690535496518,-0.0257
1690535496526,0.0093
1690535496534,0.016
1690535496541,0.005
1690535496549,-0.002
1690535496557,0.0227
1690535496565,-0.0003
1690535496573,0.0153
1690535496581,0.0489
1690535496588,0.0638
1690535496596,0.0785
1690535496604,0.1033
1690535496612,0.132
1690535496620,0.1744
1690535496627,0.2111
1690535496635,0.2593
1690535496643,0.2376
1690535496651,0.2447
1690535496659,0.2154
1690535496667,0.1982
1690535496674,0.1826
1690535496682,0.1448
1690535496690,0.1056
1690535496698,0.0731
1690535496706,0.0483
1690535496713,0.0466
1690535496721,0.0322
1690535496729,0.0176
1690535496737,0.0084
1690535496745,0.0089
1690535496752,0.0152
1690535496760,0.0271
1690535496768,0.0193
1690535496776,-0.012
1690535496784,0.0082
1690535496791,-0.0065
1690535496799,0.0126
1690535496807,0.002
1690535496815,-0.0046
1690535496823,-0.0038
1690535496831,0.0066
1690535496838,0.0029
1690535496846,0.012
1690535496854,0.0156
1690535496862,0.0105
1690535496870,0.0013
1690535496877,-0.001
1690535496885,-0.0077
1690535496893,-0.0026
1690535496901,-0.0022
1690535496909,0.0022
1690535496917,0.0254
1690535496924,0.0015
1690535496932,0.0141
1690535496940,-0.0017
1690535496948,-0.0153
1690535496956,-0.0008
1690535496963,-0.0061
1690535496971,0.0059
1690535496979,0.0064
1690535496987,0.0047
1690535496995,-0.0016
1690535497002,0.0042
1690535497010,0.0111
1690535497018,-0.0168
1690535497026,0.007
1690535497034,0.0055
1690535497041,0.0019
1690535497049,-0.0229
1690535497057,-0.0171
1690535497065,0.0041
1690535497073,-0.0215
1690535497081,0.0001
1690535497088,0.0123
1690535497096,0.0263
1690535497104,0.0153
1690535497112,0.0512
1690535497120,0.0376
1690535497127,0.0681
1690535497135,0.1041
1690535497143,0.089
1690535497151,0.0797
1690535497159,0.081
1690535497167,0.0597
1690535497174,0.0454
1690535497182,0.0179
1690535497190,0.0051
1690535497198,-0.0077
1690535497206,0.0014
1690535497213,-0.0106
1690535497221,0.0029
1690535497229,-0.0028
1690535497237,-0.003
1690535497245,0.0025
1690535497252,-0.0022
1690535497260,-0.0019
1690535497268,-0.0027
1690535497276,-0.0101
1690535497284,-0.0497
1690535497291,-0.1182
1690535497299,0.0136
1690535497307,0.67
1690535497315,0.8678
1690535497323,0.0907
1690535497331,-0.2283
1690535497338,-0.1388
1690535497346,-0.0423
1690535497354,-0.0238
1690535497362,0.0046
1690535497370,-0.0056
1690535497377,-0.0001
1690535497385,0.0061
1690535497393,0.0075
1690535497401,0.0187
1690535497409,0.0209
1690535497417,0.0419
1690535497424,0.0664
1690535497432,0.0957
1690535497440,0.1269
1690535497448,0.1725
1690535497456,0.2024
1690535497463,0.2316
1690535497471,0.2511
1690535497479,0.2379
1690535497487,0.2756
1690535497495,0.2433
1690535497502,0.1991
1690535497510,0.1825
1690535497518,0.1179
1690535497526,0.0825
1690535497534,0.0723
1690535497541,0.0541
1690535497549,0.0327
1690535497557,0.0152
1690535497565,0.0101
1690535497573,0.0029
1690535497581,0.0281
1690535497588,0.0086
1690535497596,-0.0088
1690535497604,-0.0112
1690535497612,0.0069
1690535497620,-0.0043
1690535497627,-0.0042
1690535497635,0.008
1690535497643,0.0155
1690535497651,-0.0087
1690535497659,-0.0019
1690535497667,-0.0033
1690535497674,-0.0018
1690535497682,-0.0059
1690535497690,0.0038
1690535497698,0.0115
1690535497706,-0.011
1690535497713,0.0063
1690535497721,0.0073
1690535497729,-0.0091
1690535497737,0.0033
1690535497745,-0.0171
1690535497752,0.0072
1690535497760,0.017
1690535497768,-0.0195
1690535497776,0.0229
1690535497784,-0.0031
1690535497791,-0.0073
1690535497799,0.0133
1690535497807,0.0028
1690535497815,0.0079
1690535497823,0.007
1690535497831,-0.0028
1690535497838,0.0088
1690535497846,0.0056
1690535497854,0.0069
1690535497862,-0.0
1690535497870,0.024
1690535497877,0.0052
1690535497885,0.0046
1690535497893,0.0067
1690535497901,0.0053
1690535497909,0.0067
1690535497917,-0.003
1690535497924,0.0085
1690535497932,0.0082
1690535497940,0.012
1690535497948,0.0207
1690535497956,0.0456
1690535497963,0.0579
1690535497971,0.0722
1690535497979,0.0891
1690535497987,0.0929
1690535497995,0.0758
1690535498002,0.0513
1690535498010,0.0453
1690535498018,0.0429
1690535498026,0.0034
1690535498034,-0.0035
1690535498041,0.0196
1690535498049,0.01
1690535498057,-0.0059
1690535498065,-0.0013
1690535498073,-0.0018
1690535498081,0.0056
1690535498088,-0.0025
1690535498096,-0.0057
1690535498104,0.027
1690535498112,-0.001
1690535498120,-0.0532
1690535498127,-0.1314
1690535498135,0.1887
1690535498143,0.8886
1690535498151,0.6298
1690535498159,-0.0925
1690535498167,-0.2106
1690535498174,-0.0825
1690535498182,-0.0116
1690535498190,0.0269
1690535498198,0.0113
1690535498206,0.0112
1690535498213,-0.0072
1690535498221,0.0103
1690535498229,0.0165
1690535498237,0.0269
1690535498245,0.0301
1690535498252,0.0592
1690535498260,0.0716
1690535498268,0.1151
1690535498276,0.1326
1690535498284,0.1869
1690535498291,0.1987
1690535498299,0.2392
1690535498307,0.2453
1690535498315,0.2594
1690535498323,0.2301
1690535498331,0.2042
1690535498338,0.1821
1690535498346,0.1469
1690535498354,0.111
1690535498362,0.0695
1690535498370,0.0367
1690535498377,0.0295
1690535498385,0.02
1690535498393,0.007
1690535498401,0.0138
1690535498409,-0.0062
1690535498417,0.0032
1690535498424,-0.0151
1690535498432,0.0106
1690535498440,0.019
1690535498448,-0.0032
1690535498456,-0.0003
1690535498463,-0.0119
1690535498471,-0.0071
1690535498479,0.0021
1690535498487,0.005
1690535498495,0.0072
1690535498502,0.0156
1690535498510,-0.0094
1690535498518,-0.012
1690535498526,0.0156
1690535498534,-0.0116
1690535498541,-0.0023
1690535498549,0.0111
1690535498557,-0.0
1690535498565,-0.0009
1690535498573,0.0239
1690535498581,0.0004
1690535498588,0.0045
1690535498596,-0.0187
1690535498604,-0.0043
1690535498612,0.018
1690535498620,-0.0007
1690535498627,-0.0108
1690535498635,0.0111
1690535498643,-0.0059
1690535498651,0.0092
1690535498659,0.0087
1690535498667,-0.0052
1690535498674,0.0153
1690535498682,0.0038
1690535498690,-0.0061
1690535498698,-0.0032
1690535498706,0.0064
1690535498713,-0.0037
1690535498721,0.0002
1690535498729,-0.0073
1690535498737,-0.007
1690535498745,0.0163
1690535498752,0.0083
1690535498760,-0.004
1690535498768,-0.0008
1690535498776,0.0016
1690535498784,0.0309
1690535498791,0.0546
1690535498799,0.0755
1690535498807,0.081
1690535498815,0.099
1690535498823,0.0746
1690535498831,0.0851
1690535498838,0.0504
1690535498846,0.0183
1690535498854,0.0156
1690535498862,0.0094
1690535498870,0.0103
1690535498877,-0.0005
1690535498885,-0.0016
1690535498893,-0.0102
1690535498901,0.0022
1690535498909,-0.0012
1690535498917,0.0095
1690535498924,0.0107
1690535498932,0.0068
1690535498940,-0.0051
1690535498948,0.0096
1690535498956,-0.0879
1690535498963,-0.0792
1690535498971,0.4461
1690535498979,0.9631
1690535498987,0.3697
1690535498995,-0.1709
1690535499002,-0.1828
1690535499010,-0.0437
1690535499018,-0.0052
1690535499026,0.0008
1690535499034,0.0059
1690535499041,0.0047
1690535499049,-0.0088
1690535499057,-0.0053
1690535499065,0.0063
1690535499073,0.0288
1690535499081,0.0426
1690535499088,0.0509
1690535499096,0.0816
1690535499104,0.1297
1690535499112,0.1349
1690535499120,0.1952
1690535499127,0.222
1690535499135,0.2289
1690535499143,0.2414
1690535499151,0.2358
1690535499159,0.2282
1690535499167,0.1959
1690535499174,0.1641
1690535499182,0.134
1690535499190,0.105
1690535499198,0.0774
1690535499206,0.0676
1690535499213,0.0353
1690535499221,0.0259
1690535499229,0.0319
1690535499237,0.0078
1690535499245,-0.0179
1690535499252,0.0059
1690535499260,-0.0078
1690535499268,0.0072
1690535499276,0.0131
1690535499284,-0.0071
1690535499291,-0.013
1690535499299,0.0042
1690535499307,0.0023
1690535499315,-0.0036
1690535499323,0.0057
1690535499331,0.0022
1690535499338,-0.0197
1690535499346,-0.0027
1690535499354,0.0098
1690535499362,-0.0062
1690535499370,0.0099
1690535499377,0.0047
1690535499385,-0.0288
1690535499393,0.0107
1690535499401,-0.0042
1690535499409,0.0067
1690535499417,0.0084
1690535499424,0.0012
1690535499432,-0.0052
1690535499440,-0.0101
1690535499448,-0.0027
1690535499456,0.0114
1690535499463,0.0051
1690535499471,-0.0058
1690535499479,0.0045
1690535499487,-0.0137
1690535499495,-0.0072
1690535499502,-0.0168
1690535499510,0.0131
1690535499518,-0.0073
1690535499526,0.0
1690535499534,0.0148
1690535499541,0.0018
1690535499549,0.0154
1690535499557,-0.0027
1690535499565,0.0158
1690535499573,0.0038
1690535499581,0.0041
1690535499588,0.0085
1690535499596,0.0133
1690535499604,0.0046
1690535499612,0.0327
1690535499620,0.0481
1690535499627,0.0537
1690535499635,0.0736
1690535499643,0.0993
1690535499651,0.1043
1690535499659,0.0858
1690535499667,0.0541
1690535499674,0.0347
1690535499682,0.0386
1690535499690,0.004
1690535499698,-0.0011
1690535499706,-0.0024
1690535499713,0.0051
1690535499721,-0.0071
1690535499729,0.0198
1690535499737,-0.0142
1690535499745,0.0004
1690535499752,-0.0031
1690535499760,0.0043
1690535499768,-0.0026
1690535499776,-0.0004
1690535499784,-0.0404
1690535499791,-0.1166
1690535499799,0.0231
1690535499807,0.7035
1690535499815,0.8545
1690535499823,0.1064
1690535499831,-0.211
1690535499838,-0.1237
1690535499846,-0.0187
1690535499854,-0.0064
1690535499862,-0.0047
1690535499870,0.0052
1690535499877,0.0062
1690535499885,0.0191
1690535499893,-0.0071
1690535499901,0.0287
1690535499909,0.021
1690535499917,0.0294
1690535499924,0.0534
1690535499932,0.1075
1690535499940,0.1281
1690535499948,0.1523
1690535499956,0.2059
1690535499963,0.201
1690535499971,0.2346
1690535499979,0.2419
1690535499987,0.236
1690535499995,0.2175
1690535500002,0.1706
1690535500010,0.1707
1690535500018,0.1046
1690535500026,0.0812
1690535500034,0.0638
1690535500041,0.0508
1690535500049,0.0218
1690535500057,0.0001
1690535500065,0.0104
1690535500073,0.0151
1690535500081,0.0112
1690535500088,0.0239
1690535500096,0.0091
1690535500104,-0.001
1690535500112,-0.0173
1690535500120,-0.005
1690535500127,-0.0106
1690535500135,-0.0002
1690535500143,0.0044
1690535500151,-0.0132
1690535500159,-0.0076
1690535500167,-0.0097
1690535500174,0.003
1690535500182,0.0133
1690535500190,-0.0143
1690535500198,0.0098
1690535500206,-0.0028
1690535500213,0.0149
1690535500221,-0.0009
1690535500229,0.0135
1690535500237,0.0042
1690535500245,0.002
1690535500252,-0.0039
1690535500260,0.0187
1690535500268,-0.011
1690535500276,-0.0076
1690535500284,0.0159
1690535500291,0.0017
1690535500299,-0.0022
1690535500307,0.0223
1690535500315,-0.0005
1690535500323,-0.0088
1690535500331,-0.0042
1690535500338,0.0079
1690535500346,0.0008
1690535500354,-0.0022
1690535500362,-0.0086
1690535500370,0.0006
1690535500377,0.0139
1690535500385,-0.0029
1690535500393,-0.0075
1690535500401,0.0203
1690535500409,-0.0023
1690535500417,-0.0101
1690535500424,-0.0123
1690535500432,0.021
1690535500440,0.0211
1690535500448,0.0301
1690535500456,0.0627
1690535500463,0.0745
1690535500471,0.0607
1690535500479,0.1099
1690535500487,0.093
1690535500495,0.0731
1690535500502,0.035
1690535500510,0.0368
1690535500518,0.0193
1690535500526,0.0008
1690535500534,0.0004
1690535500541,0.0177
1690535500549,0.0029
1690535500557,0.0056
1690535500565,0.0119
1690535500573,-0.0104
1690535500581,-0.0039
1690535500588,0.0095
1690535500596,-0.003
1690535500604,0.0007
1690535500612,0.0027
1690535500620,-0.076
1690535500627,-0.1173
1690535500635,0.1816
1690535500643,0.8939
1690535500651,0.628
1690535500659,-0.095
1690535500667,-0.1943
1690535500674,-0.1044
1690535500682,-0.0253
1690535500690,0.0172
1690535500698,-0.0079
1690535500706,0.0104
1690535500713,0.0038
1690535500721,0.0053
1690535500729,0.0148
1690535500737,0.0136
1690535500745,0.036
1690535500752,0.0683
1690535500760,0.0787
1690535500768,0.1021
1690535500776,0.1327
1690535500784,0.1544
1690535500791,0.2139
1690535500799,0.2319
1690535500807,0.2284
1690535500815,0.2567
1690535500823,0.2287
1690535500831,0.2225
1690535500838,0.1755
1690535500846,0.1374
1690535500854,0.1269
1690535500862,0.0699
1690535500870,0.0551
1690535500877,0.056
1690535500885,0.0197
1690535500893,0.0204
1690535500901,0.0089
1690535500909,0.0019
1690535500917,0.0021
1690535500924,-0.015
1690535500932,-0.0029
1690535500940,-0.008
1690535500948,-0.0056
1690535500956,-0.0059
1690535500963,-0.008
1690535500971,0.001
1690535500979,0.0091
1690535500987,0.0079
1690535500995,-0.005
1690535501002,-0.0009
1690535501010,0.0002
1690535501018,-0.0064
1690535501026,0.0122
1690535501034,-0.0052
1690535501041,-0.007
1690535501049,-0.0106
1690535501057,-0.0055
1690535501065,-0.0028
1690535501073,0.0094
1690535501081,-0.0053
1690535501088,-0.0019
1690535501096,0.0046
1690535501104,0.0067
1690535501112,-0.0127
1690535501120,0.0045
1690535501127,0.0023
1690535501135,0.0054
1690535501143,-0.0114
1690535501151,-0.0084
1690535501159,-0.0068
1690535501167,-0.0115
1690535501174,0.0065
1690535501182,0.0041
1690535501190,0.0043
1690535501198,-0.0007
1690535501206,0.0075
1690535501213,-0.002
1690535501221,-0.0157
1690535501229,-0.0095
1690535501237,-0.0025
1690535501245,0.007
1690535501252,-0.006
1690535501260,0.0004
1690535501268,0.0036
1690535501276,0.0198
1690535501284,0.0294
1690535501291,0.0558
1690535501299,0.0691
1690535501307,0.0946
1690535501315,0.0739
1690535501323,0.1
1690535501331,0.0615
1690535501338,0.05
1690535501346,0.0299
1690535501354,0.0252
1690535501362,-0.0059
1690535501370,0.0194
1690535501377,0.0021
1690535501385,0.0038
1690535501393,0.0006
1690535501401,-0.0022
1690535501409,-0.0134
1690535501417,0.0085
1690535501424,-0.0014
1690535501432,-0.0017
1690535501440,0.0034
1690535501448,-0.0149
1690535501456,-0.0974
1690535501463,-0.0897
1690535501471,0.4595
1690535501479,0.9528
1690535501487,0.3573
1690535501495,-0.1741
1690535501502,-0.1779
1690535501510,-0.0494
1690535501518,0.0016
1690535501526,-0.0087
1690535501534,-0.0094
1690535501541,0.0065
1690535501549,-0.0095
1690535501557,0.0113
1690535501565,0.0076
1690535501573,0.0324
1690535501581,0.0403
1690535501588,0.0565
1690535501596,0.0885
1690535501604,0.1278
1690535501612,0.1459
1690535501620,0.1769
1690535501627,0.2019
1690535501635,0.2287
1690535501643,0.2544
1690535501651,0.2491
1690535501659,0.2293
1690535501667,0.2032
1690535501674,0.1798
1690535501682,0.1615
1690535501690,0.1102
1690535501698,0.08
1690535501706,0.0354
1690535501713,0.0501
1690535501721,-0.0034
1690535501729,0.0006
1690535501737,0.0136
1690535501745,0.0151
1690535501752,0.0127
1690535501760,0.0004
1690535501768,-0.0051
1690535501776,-0.0015
1690535501784,0.0096
1690535501791,-0.0118
1690535501799,-0.0103
1690535501807,0.0071
1690535501815,-0.0069
1690535501823,0.0026
1690535501831,0.0015
1690535501838,-0.018
1690535501846,0.0007
1690535501854,0.0003
1690535501862,0.0057
1690535501870,0.0105
1690535501877,0.0083
1690535501885,0.0087
1690535501893,0.0206
1690535501901,-0.0021
1690535501909,0.0099
1690535501917,0.006
1690535501924,0.0067
1690535501932,-0.0024
1690535501940,0.0177
1690535501948,0.0213
1690535501956,-0.0193
1690535501963,-0.0153
1690535501971,-0.0082
1690535501979,0.0066
1690535501987,-0.0025
1690535501995,0.0128
1690535502002,-0.0031
1690535502010,-0.0087
1690535502018,0.0111
1690535502026,-0.0022
1690535502034,0.0114
1690535502041,-0.0035
1690535502049,-0.0034
1690535502057,-0.0163
1690535502065,-0.0123
1690535502073,-0.0213
1690535502081,0.009
1690535502088,-0.0076
1690535502096,0.0078
1690535502104,0.0207
1690535502112,0.029
1690535502120,0.0477
1690535502127,0.0518
1690535502135,0.0794
1690535502143,0.0994
1690535502151,0.1148
1690535502159,0.0929
1690535502167,0.0568
1690535502174,0.0286
1690535502182,0.012
1690535502190,0.0063
1690535502198,-0.0017
1690535502206,-0.0065
1690535502213,-0.0022
1690535502221,0.0131
1690535502229,-0.0085
1690535502237,-0.0122
1690535502245,-0.0102
1690535502252,0.0108
1690535502260,-0.0091
1690535502268,-0.0067
1690535502276,-0.0087
1690535502284,-0.0315
1690535502291,-0.1298
1690535502299,0.0378
1690535502307,0.6794
1690535502315,0.8687
1690535502323,0.0949
1690535502331,-0.2227
1690535502338,-0.1077
1690535502346,-0.0191
1690535502354,0.0021
1690535502362,-0.0065
1690535502370,0.0168
1690535502377,0.007
1690535502385,0.0139
1690535502393,0.0058
1690535502401,0.0273
1690535502409,0.0241
1690535502417,0.032
1690535502424,0.0444
1690535502432,0.0869
1690535502440,0.1434
1690535502448,0.159
1690535502456,0.1827
1690535502463,0.2231
1690535502471,0.2331
1690535502479,0.2502
1690535502487,0.2462
1690535502495,0.243
1690535502502,0.1775
1690535502510,0.1647
1690535502518,0.1094
1690535502526,0.0946
1690535502534,0.075
1690535502541,0.0312
1690535502549,0.0157
1690535502557,0.0165
1690535502565,0.0033
1690535502573,0.0075
1690535502581,-0.0021
1690535502588,-0.0037
1690535502596,0.0067
1690535502604,0.0012
1690535502612,-0.0058
1690535502620,0.0012
1690535502627,-0.0094
1690535502635,-0.0082
1690535502643,-0.0005
1690535502651,0.0244
1690535502659,0.0061
1690535502667,-0.0114
1690535502674,-0.0019
1690535502682,-0.0021
1690535502690,-0.0023
1690535502698,0.0103
1690535502706,0.0123
1690535502713,-0.0057
1690535502721,0.0038
1690535502729,0.0037
1690535502737,-0.0071
1690535502745,-0.0
1690535502752,-0.0082
1690535502760,0.0023
1690535502768,-0.0148
1690535502776,-0.0155
1690535502784,0.0195
1690535502791,-0.0016
1690535502799,-0.0129
1690535502807,0.0117
1690535502815,-0.0043
1690535502823,0.0018
1690535502831,-0.0122
1690535502838,-0.0021
1690535502846,-0.0142
1690535502854,0.0064
1690535502862,0.0037
1690535502870,0.0012
1690535502877,-0.0185
1690535502885,-0.0115
1690535502893,0.0111
1690535502901,-0.0044
1690535502909,-0.0017
1690535502917,0.0047
1690535502924,0.0078
1690535502932,0.0074
1690535502940,-0.0095
1690535502948,0.0439
1690535502956,0.0434
1690535502963,0.0712
1690535502971,0.1015
1690535502979,0.102
1690535502987,0.0971
1690535502995,0.0794
1690535503002,0.0526
1690535503010,0.0267
1690535503018,0.0055
1690535503026,0.002
1690535503034,0.0026
1690535503041,-0.0071
1690535503049,-0.0125
1690535503057,0.0125
1690535503065,-0.0087
1690535503073,-0.0121
1690535503081,0.0012
1690535503088,-0.0152
1690535503096,0.0054
1690535503104,0.0039
1690535503112,-0.0344
1690535503120,-0.0681
1690535503127,-0.1225
1690535503135,0.2061
1690535503143,0.8996
1690535503151,0.6517
1690535503159,-0.0606
1690535503167,-0.2114
1690535503174,-0.0698
1690535503182,-0.0194
1690535503190,-0.005
1690535503198,-0.0145
1690535503206,-0.0107
1690535503213,0.0069
1690535503221,-0.0162
1690535503229,0.0042
1690535503237,0.036
1690535503245,0.0287
1690535503252,0.0469
1690535503260,0.0625
1690535503268,0.1208
1690535503276,0.1242
1690535503284,0.1763
1690535503291,0.206
1690535503299,0.2114
1690535503307,0.2592
1690535503315,0.2414
1690535503323,0.245
1690535503331,0.2139
1690535503338,0.1744
1690535503346,0.163
1690535503354,0.1179
1690535503362,0.0975
1690535503370,0.0463
1690535503377,0.041
1690535503385,0.0187
1690535503393,0.0127
1690535503401,0.0139
1690535503409,0.0015
1690535503417,-0.0113
1690535503424,-0.0089
1690535503432,0.0096
1690535503440,-0.0086
1690535503448,-0.0026
1690535503456,0.0044
1690535503463,0.0105
1690535503471,0.0114
1690535503479,0.0122
1690535503487,0.0066
1690535503495,-0.01
1690535503502,-0.0007
1690535503510,-0.0001
1690535503518,-0.0034
1690535503526,-0.0033
1690535503534,-0.0089
1690535503541,-0.0028
1690535503549,-0.0116
1690535503557,0.0035
1690535503565,-0.0115
1690535503573,0.0181
1690535503581,-0.0091
1690535503588,0.0181
1690535503596,0.0222
1690535503604,0.0258
1690535503612,0.0145
1690535503620,0.0102
1690535503627,0.005
1690535503635,0.0121
1690535503643,-0.0022
1690535503651,-0.0027
1690535503659,0.0083
1690535503667,0.0031
1690535503674,-0.0087
1690535503682,-0.0003
1690535503690,0.0029
1690535503698,0.0078
1690535503706,-0.011
1690535503713,0.0042
1690535503721,0.0154
1690535503729,0.0086
1690535503737,-0.003
1690535503745,0.0042
1690535503752,0.0166
1690535503760,-0.0077
1690535503768,0.0053
1690535503776,0.0162
1690535503784,0.0287
1690535503791,0.0795
1690535503799,0.0826
1690535503807,0.072
1690535503815,0.1041
1690535503823,0.0773
1690535503831,0.054
1690535503838,0.0488
1690535503846,0.0278
1690535503854,0.0234
1690535503862,0.0101
1690535503870,0.0139
1690535503877,0.0249
1690535503885,0.0069
1690535503893,-0.0131
1690535503901,0.0009
1690535503909,-0.0013
1690535503917,0.0079
1690535503924,-0.0178
1690535503932,0.0011
1690535503940,-0.0024
1690535503948,-0.0379
1690535503956,-0.0726
1690535503963,-0.0705
1690535503971,0.4273
1690535503979,0.9542
1690535503987,0.3644
1690535503995,-0.1774
1690535504002,-0.1745
1690535504010,-0.0484
1690535504018,0.0067
1690535504026,-0.0291
1690535504034,0.0039
1690535504041,-0.0082
1690535504049,-0.0143
1690535504057,-0.0022
1690535504065,0.0347
1690535504073,0.0373
1690535504081,0.0509
1690535504088,0.0496
1690535504096,0.0618
1690535504104,0.1117
1690535504112,0.1394
1690535504120,0.1789
1690535504127,0.2237
1690535504135,0.2452
1690535504143,0.2512
1690535504151,0.2441
1690535504159,0.2346
1690535504167,0.2084
1690535504174,0.1653
1690535504182,0.1567
1690535504190,0.115
1690535504198,0.081
1690535504206,0.0518
1690535504213,0.0214
1690535504221,0.0261
1690535504229,0.0126
1690535504237,-0.0012
1690535504245,0.0
1690535504252,-0.0062
1690535504260,0.005
1690535504268,-0.0058
1690535504276,-0.0217
1690535504284,0.0032
1690535504291,0.0222
1690535504299,-0.0041
1690535504307,0.0031
1690535504315,-0.0019
1690535504323,0.0132
1690535504331,-0.0079
1690535504338,-0.0051
1690535504346,-0.0034
1690535504354,0.0276
1690535504362,-0.0168
1690535504370,-0.0027
1690535504377,-0.0098
1690535504385,0.0017
1690535504393,0.0121
1690535504401,0.0006
1690535504409,0.0004
1690535504417,0.0082
1690535504424,0.0146
1690535504432,-0.0022
1690535504440,0.0149
1690535504448,-0.0119
1690535504456,-0.0009
1690535504463,0.0015
1690535504471,-0.0022
1690535504479,-0.0127
1690535504487,-0.0028
1690535504495,-0.0022
1690535504502,0.0046
1690535504510,0.0171
1690535504518,-0.018
1690535504526,-0.0149
1690535504534,-0.0156
1690535504541,-0.0081
1690535504549,-0.0106
1690535504557,0.0079
1690535504565,0.005
1690535504573,0.0026
1690535504581,0.0023
1690535504588,-0.0053
1690535504596,-0.0109
1690535504604,0.0163
1690535504612,0.0185
1690535504620,0.0522
1690535504627,0.0716
1690535504635,0.0964
1690535504643,0.0997
1690535504651,0.1004
1690535504659,0.0813
1690535504667,0.0606
1690535504674,0.0386
1690535504682,0.0184
1690535504690,0.014
1690535504698,0.0066
1690535504706,0.0002
1690535504713,-0.0001
1690535504721,-0.0036
1690535504729,-0.0007
1690535504737,-0.0028
1690535504745,-0.0038
1690535504752,-0.0059
1690535504760,-0.0095
1690535504768,0.0001
1690535504776,0.0148
1690535504784,-0.0332
1690535504791,-0.1169
1690535504799,0.0273
1690535504807,0.7118
1690535504815,0.8542
1690535504823,0.0892
1690535504831,-0.229
1690535504838,-0.1442
1690535504846,-0.0265
1690535504854,-0.0026
1690535504862,0.0021
1690535504870,-0.0038
1690535504877,0.0087
1690535504885,0.0191
1690535504893,0.0141
1690535504901,0.0127
1690535504909,0.0369
1690535504917,0.0486
1690535504924,0.0569
1690535504932,0.106
1690535504940,0.1205
1690535504948,0.1578
1690535504956,0.1879
1690535504963,0.21
1690535504971,0.2386
1690535504979,0.2282
1690535504987,0.2625
1690535504995,0.2217
1690535505002,0.1987
1690535505010,0.1767
1690535505018,0.1202
1690535505026,0.0868
1690535505034,0.0872
1690535505041,0.0547
1690535505049,0.0359
1690535505057,0.0382
1690535505065,0.0176
1690535505073,0.0085
1690535505081,-0.0043
1690535505088,-0.0053
1690535505096,0.0124
1690535505104,0.0064
1690535505112,0.0053
1690535505120,0.0022
1690535505127,-0.0178
1690535505135,-0.0094
1690535505143,-0.0093
1690535505151,0.0087
1690535505159,0.006
1690535505167,-0.004
1690535505174,0.0053
1690535505182,0.0025
1690535505190,-0.0201
1690535505198,0.0031
1690535505206,-0.0005
1690535505213,0.0027
1690535505221,-0.0084
1690535505229,-0.0136
1690535505237,0.0093
1690535505245,-0.0098
1690535505252,0.0043
1690535505260,-0.0167
1690535505268,-0.0074
1690535505276,-0.0073
1690535505284,-0.0018
1690535505291,-0.0012
1690535505299,-0.0346
1690535505307,-0.0004
1690535505315,-0.005
1690535505323,0.0028
1690535505331,0.0201
1690535505338,-0.0072
1690535505346,0.0035
1690535505354,0.0116
1690535505362,-0.0033
1690535505370,0.0063
1690535505377,0.0143
1690535505385,0.008
1690535505393,0.0004
1690535505401,-0.0107
1690535505409,-0.0232
1690535505417,-0.0091
1690535505424,-0.0179
1690535505432,0.0192
1690535505440,0.0216
1690535505448,0.0402
1690535505456,0.0562
1690535505463,0.092
1690535505471,0.0979
1690535505479,0.099
1690535505487,0.0765
1690535505495,0.1052
1690535505502,0.0702
1690535505510,0.0303
1690535505518,0.0089
1690535505526,0.0241
1690535505534,-0.0126
1690535505541,-0.0049
1690535505549,-0.0155
1690535505557,-0.0001
1690535505565,0.0032
1690535505573,0.0027
1690535505581,0.0012
1690535505588,0.0009
1690535505596,-0.0003
1690535505604,0.0076
1690535505612,-0.0193
1690535505620,-0.046
1690535505627,-0.1247
1690535505635,0.1938
1690535505643,0.8975
1690535505651,0.6489
1690535505659,-0.071
1690535505667,-0.233
1690535505674,-0.0978
1690535505682,-0.026
1690535505690,0.0119
1690535505698,-0.0041
1690535505706,-0.014
1690535505713,0.0028
1690535505721,0.0132
1690535505729,0.0196
1690535505737,0.0204
1690535505745,0.0159
1690535505752,0.0221
1690535505760,0.0711
1690535505768,0.0964
1690535505776,0.1382
1690535505784,0.1785
1690535505791,0.2145
1690535505799,0.2403
1690535505807,0.249
1690535505815,0.2473
1690535505823,0.2383
1690535505831,0.238
1690535505838,0.1718
1690535505846,0.1492
1690535505854,0.1046
1690535505862,0.1077
1690535505870,0.0537
1690535505877,0.0455
1690535505885,0.0311
1690535505893,0.0047
1690535505901,0.0085
1690535505909,-0.001
1690535505917,-0.0033
1690535505924,-0.0002
1690535505932,-0.0219
1690535505940,-0.0088
1690535505948,-0.004
1690535505956,0.0116
1690535505963,-0.009
1690535505971,0.0027
1690535505979,0.0023
1690535505987,0.0094
1690535505995,-0.013
1690535506002,-0.0013
1690535506010,0.0164
1690535506018,0.0002
1690535506026,-0.0042
1690535506034,-0.0051
1690535506041,-0.0009
1690535506049,0.0204
1690535506057,0.021
1690535506065,0.0036
1690535506073,-0.0023
1690535506081,-0.0078
1690535506088,-0.0176
1690535506096,0.0103
1690535506104,0.0207
1690535506112,0.013
1690535506120,-0.008
1690535506127,-0.0117
1690535506135,-0.0052
1690535506143,0.0096
1690535506151,-0.0056
1690535506159,0.0017
1690535506167,-0.0195
1690535506174,0.0014
1690535506182,0.0039
1690535506190,-0.0039
1690535506198,0.0108
1690535506206,-0.0109
1690535506213,0.0225
1690535506221,0.0005
1690535506229,0.001
1690535506237,-0.0013
1690535506245,-0.0235
1690535506252,-0.0048
1690535506260,0.0244
1690535506268,0.0107
1690535506276,0.0171
1690535506284,0.0461
1690535506291,0.0435
1690535506299,0.0927
1690535506307,0.0973
1690535506315,0.0909
1690535506323,0.0989
1690535506331,0.0614
1690535506338,0.0572
1690535506346,0.0214
1690535506354,0.0063
1690535506362,0.0076
1690535506370,0.007
1690535506377,0.0125
1690535506385,0.0007
1690535506393,0.0038
1690535506401,-0.0149
1690535506409,0.0017
1690535506417,-0.0018
1690535506424,0.0088
1690535506432,0.0204
1690535506440,-0.006
1690535506448,-0.0172
1690535506456,-0.0801
1690535506463,-0.0858
1690535506471,0.4327
1690535506479,0.9683
1690535506487,0.3564
1690535506495,-0.162
1690535506502,-0.1735
1690535506510,-0.035
1690535506518,0.001
1690535506526,0.0118
1690535506534,-0.0053
1690535506541,0.0148
1690535506549,-0.0001
1690535506557,0.0128
1690535506565,0.0208
1690535506573,0.0108
1690535506581,0.0425
1690535506588,0.0693
1690535506596,0.0695
1690535506604,0.107
1690535506612,0.1596
1690535506620,0.2019
1690535506627,0.2106
1690535506635,0.2388
1690535506643,0.2439
1690535506651,0.2321
1690535506659,0.2431
1690535506667,0.1961
1690535506674,0.1717
1690535506682,0.1371
1690535506690,0.1196
1690535506698,0.0724
1690535506706,0.0536
1690535506713,0.0211
1690535506721,0.0078
1690535506729,0.0105
1690535506737,0.0081
1690535506745,-0.0072
1690535506752,-0.0023
1690535506760,0.0118
1690535506768,-0.0045
1690535506776,0.0118
1690535506784,0.0106
1690535506791,-0.0168
1690535506799,0.0022
1690535506807,-0.0003
1690535506815,-0.0026
1690535506823,0.0064
1690535506831,-0.0084
1690535506838,-0.0134
1690535506846,-0.0048
1690535506854,0.0095
1690535506862,-0.0111
1690535506870,0.0176
1690535506877,0.0044
1690535506885,0.0045
1690535506893,0.0056
1690535506901,-0.0019
1690535506909,-0.0255
1690535506917,-0.0096
1690535506924,0.0045
1690535506932,-0.0051
1690535506940,0.0078
1690535506948,0.0034
1690535506956,-0.013
1690535506963,0.0036
1690535506971,-0.0023
1690535506979,-0.0028
1690535506987,0.0067
1690535506995,0.0279
1690535507002,-0.0108
1690535507010,-0.0174
1690535507018,-0.0055
1690535507026,-0.0098
1690535507034,-0.0109
1690535507041,0.0082
1690535507049,-0.0103
1690535507057,-0.011
1690535507065,0.0095
1690535507073,0.0045
1690535507081,0.007
1690535507088,0.011
1690535507096,-0.0065
1690535507104,0.0302
1690535507112,0.0063
1690535507120,0.048
1690535507127,0.064
1690535507135,0.083
1690535507143,0.0994
1690535507151,0.1087
1690535507159,0.0837
1690535507167,0.049
1690535507174,0.031
1690535507182,0.0365
1690535507190,0.0188
1690535507198,-0.0016
1690535507206,0.0066
1690535507213,-0.0022
1690535507221,0.0005
1690535507229,-0.0044
1690535507237,-0.0099
1690535507245,0.0208
1690535507252,-0.016
1690535507260,0.0026
1690535507268,-0.0178
1690535507276,-0.0014
1690535507284,-0.0222
1690535507291,-0.1301
1690535507299,0.0185
1690535507307,0.6893
1690535507315,0.8653
1690535507323,0.0946
1690535507331,-0.2077
1690535507338,-0.1367
1690535507346,-0.0337
1690535507354,-0.0089
1690535507362,0.0152
1690535507370,-0.0067
1690535507377,-0.0077
1690535507385,-0.0043
1690535507393,0.0153
1690535507401,0.0115
1690535507409,0.0292
1690535507417,0.0416
1690535507424,0.0747
1690535507432,0.0978
1690535507440,0.1163
1690535507448,0.144
1690535507456,0.188
1690535507463,0.218
1690535507471,0.2398
1690535507479,0.254
1690535507487,0.234
1690535507495,0.2102
1690535507502,0.1963
1690535507510,0.1563
1690535507518,0.1376
1690535507526,0.0825
1690535507534,0.063
1690535507541,0.0598
1690535507549,0.0287
1690535507557,0.0183
1690535507565,0.0164
1690535507573,0.0133
1690535507581,0.0011
1690535507588,-0.001
1690535507596,-0.0098
1690535507604,0.0003
1690535507612,-0.0003
1690535507620,0.0089
1690535507627,-0.0036
1690535507635,0.0157
1690535507643,0.0031
1690535507651,0.0032
1690535507659,-0.003
1690535507667,-0.0109
1690535507674,-0.0018
1690535507682,0.0125
1690535507690,-0.0104
1690535507698,-0.0084
1690535507706,0.0021
1690535507713,0.0063
1690535507721,-0.0054
1690535507729,-0.0208
1690535507737,-0.0025
1690535507745,0.0136
1690535507752,0.0053
1690535507760,-0.0112
1690535507768,-0.0018
1690535507776,-0.0022
1690535507784,-0.006
1690535507791,0.0024
1690535507799,-0.0119
1690535507807,-0.014
1690535507815,-0.005
1690535507823,-0.0051
1690535507831,-0.0002
1690535507838,0.0038
1690535507846,-0.0013
1690535507854,-0.017
1690535507862,-0.0004
1690535507870,0.0113
1690535507877,-0.0177
1690535507885,-0.0083
1690535507893,-0.0074
1690535507901,-0.0021
1690535507909,-0.0103
1690535507917,0.0143
1690535507924,0.004
1690535507932,0.0078
1690535507940,0.0092
1690535507948,0.0353
1690535507956,0.0478
1690535507963,0.0942
1690535507971,0.0965
1690535507979,0.1146
1690535507987,0.0979
1690535507995,0.0669
1690535508002,0.0622
1690535508010,0.0234
1690535508018,0.0067
1690535508026,0.0082
1690535508034,0.0164
1690535508041,-0.0081
1690535508049,0.009
1690535508057,-0.0113
1690535508065,0.0083
1690535508073,0.0032
1690535508081,-0.0112
1690535508088,-0.0142
1690535508096,-0.0063
1690535508104,-0.0224
1690535508112,-0.0069
1690535508120,-0.0563
1690535508127,-0.1152
1690535508135,0.209
1690535508143,0.8988
1690535508151,0.6493
1690535508159,-0.0645
1690535508167,-0.2081
1690535508174,-0.0994
1690535508182,-0.0001
1690535508190,0.0183
1690535508198,-0.0049
1690535508206,0.0075
1690535508213,0.0055
1690535508221,0.0022
1690535508229,0.0084
1690535508237,0.0182
1690535508245,0.0371
1690535508252,0.0447
1690535508260,0.081
1690535508268,0.1058
1690535508276,0.1285
1690535508284,0.1652
1690535508291,0.201
1690535508299,0.2503
1690535508307,0.2367
1690535508315,0.2344
1690535508323,0.2291
1690535508331,0.206
1690535508338,0.1733
1690535508346,0.1489
1690535508354,0.1173
1690535508362,0.0876
1690535508370,0.0471
1690535508377,0.0167
1690535508385,0.0144
1690535508393,0.0249
1690535508401,0.0037
1690535508409,0.0114
1690535508417,0.0147
1690535508424,0.0083
1690535508432,-0.0118
1690535508440,0.0246
1690535508448,-0.0013
1690535508456,-0.007
1690535508463,0.0005
1690535508471,-0.0063
1690535508479,-0.0123
1690535508487,-0.0004
1690535508495,-0.0025
1690535508502,0.0333
1690535508510,-0.0225
1690535508518,-0.0074
1690535508526,0.0239
1690535508534,-0.0142
1690535508541,-0.0084
1690535508549,-0.0082
1690535508557,-0.02
1690535508565,0.0005
1690535508573,0.0044
1690535508581,-0.0029
1690535508588,-0.0126
1690535508596,0.0127
1690535508604,0.0134
1690535508612,-0.0033
1690535508620,-0.0
1690535508627,-0.0058
1690535508635,-0.0139
1690535508643,-0.0035
1690535508651,0.0011
1690535508659,-0.0132
1690535508667,-0.0127
1690535508674,0.0158
1690535508682,-0.0073
1690535508690,0.0158
1690535508698,0.0047
1690535508706,-0.0171
1690535508713,-0.0033
1690535508721,-0.0196
1690535508729,-0.0093
1690535508737,0.0099
1690535508745,-0.0018
1690535508752,-0.019
1690535508760,-0.006
1690535508768,0.0093
1690535508776,0.0239
1690535508784,0.0193
1690535508791,0.0753
1690535508799,0.0759
1690535508807,0.0839
1690535508815,0.1051
1690535508823,0.0799
1690535508831,0.0433
1690535508838,0.0332
1690535508846,0.0234
1690535508854,0.016
1690535508862,0.0071
1690535508870,0.0051
1690535508877,0.0144
1690535508885,0.0154
1690535508893,0.0088
1690535508901,-0.003
1690535508909,-0.0108
1690535508917,0.0065
1690535508924,0.0135
1690535508932,-0.0076
1690535508940,0.0013
1690535508948,-0.0199
1690535508956,-0.0878
1690535508963,-0.0855
1690535508971,0.4358
1690535508979,0.9501
1690535508987,0.3686
1690535508995,-0.1604
1690535509002,-0.184
1690535509010,-0.0402
1690535509018,-0.004
1690535509026,-0.007
1690535509034,0.0086
1690535509041,0.01
1690535509049,0.0243
1690535509057,-0.0057
1690535509065,0.0143
1690535509073,-0.0053
1690535509081,0.0226
1690535509088,0.0556
1690535509096,0.082
1690535509104,0.113
1690535509112,0.1561
1690535509120,0.1803
1690535509127,0.2153
1690535509135,0.2429
1690535509143,0.2466
1690535509151,0.2428
1690535509159,0.2329
1690535509167,0.2145
1690535509174,0.166
1690535509182,0.1236
1690535509190,0.1011
1690535509198,0.0775
1690535509206,0.0453
1690535509213,0.028
1690535509221,0.0171
1690535509229,0.0232
1690535509237,0.0012
1690535509245,0.0041
1690535509252,0.0126
1690535509260,0.0081
1690535509268,0.0057
1690535509276,-0.0098
1690535509284,-0.0051
1690535509291,0.0088
1690535509299,0.0043
1690535509307,-0.014
1690535509315,-0.0096
1690535509323,0.0015
1690535509331,0.0023
1690535509338,-0.0049
1690535509346,0.0018
1690535509354,-0.0182
1690535509362,-0.0006
1690535509370,0.0059
1690535509377,-0.0025
1690535509385,0.0165
1690535509393,0.0125
1690535509401,-0.0128
1690535509409,0.0019
1690535509417,-0.0074
1690535509424,0.0055
1690535509432,-0.0227
1690535509440,-0.0122
1690535509448,0.0099
1690535509456,-0.0016
1690535509463,0.0064
1690535509471,0.0141
1690535509479,0.0004
1690535509487,0.0131
1690535509495,0.0028
1690535509502,-0.0025
1690535509510,0.0063
1690535509518,0.0076
1690535509526,0.0104
1690535509534,0.0109
1690535509541,0.008
1690535509549,0.0008
1690535509557,0.0061
1690535509565,0.0011
1690535509573,-0.0078
1690535509581,0.0161
1690535509588,-0.002
1690535509596,0.0001
1690535509604,0.0222
1690535509612,0.0213
1690535509620,0.0371
1690535509627,0.0703
1690535509635,0.074
1690535509643,0.0936
1690535509651,0.0956
1690535509659,0.0715
1690535509667,0.0504
1690535509674,0.033
1690535509682,0.0387
1690535509690,0.0117
1690535509698,-0.0063
1690535509706,-0.0157
1690535509713,-0.0048
1690535509721,0.0064
1690535509729,-0.0012
1690535509737,-0.0117
1690535509745,-0.0174
1690535509752,0.0224
1690535509760,-0.0026
1690535509768,-0.0068
1690535509776,-0.0031
1690535509784,-0.028
1690535509791,-0.1198
1690535509799,0.0301
1690535509807,0.6855
1690535509815,0.8545
1690535509823,0.1125
1690535509831,-0.228
1690535509838,-0.1423
1690535509846,-0.0334
1690535509854,0.005
1690535509862,-0.0019
1690535509870,-0.0061
1690535509877,0.0032
1690535509885,0.004
1690535509893,0.0019
1690535509901,0.0154
1690535509909,0.0056
1690535509917,0.036
1690535509924,0.0655
1690535509932,0.0979
1690535509940,0.1245
1690535509948,0.1481
1690535509956,0.1977
1690535509963,0.2324
1690535509971,0.2282
1690535509979,0.2414
1690535509987,0.2369
1690535509995,0.2028
1690535510002,0.1971
1690535510010,0.149
1690535510018,0.133
1690535510026,0.0982
1690535510034,0.0711
1690535510041,0.0446
1690535510049,0.0413
1690535510057,0.0091
1690535510065,-0.0037
1690535510073,0.0084
1690535510081,0.0099
1690535510088,0.0074
1690535510096,-0.0066
1690535510104,0.0003
1690535510112,0.0052
1690535510120,0.0077
1690535510127,0.0037
1690535510135,0.0059
1690535510143,0.0066
1690535510151,-0.02
1690535510159,-0.0052
1690535510167,-0.0063
1690535510174,0.0015
1690535510182,0.0006
1690535510190,0.0012
1690535510198,-0.0018
1690535510206,-0.0292
1690535510213,0.0028
1690535510221,0.001
1690535510229,0.0092
1690535510237,-0.0215
1690535510245,-0.0088
1690535510252,0.003
1690535510260,0.0061
1690535510268,0.0039
1690535510276,0.0193
1690535510284,0.005
1690535510291,0.0069
1690535510299,-0.0112
1690535510307,-0.016
1690535510315,0.0059
1690535510323,-0.0007
1690535510331,0.001
1690535510338,0.0028
1690535510346,0.0001
1690535510354,-0.0052
1690535510362,0.0001
1690535510370,-0.0094
1690535510377,0.0113
1690535510385,0.003
1690535510393,-0.0146
1690535510401,0.0188
1690535510409,0.019
1690535510417,0.0107
1690535510424,0.0067
1690535510432,0.017
1690535510440,0.0222
1690535510448,0.048
1690535510456,0.0406
1690535510463,0.0786
1690535510471,0.0913
1690535510479,0.0918
1690535510487,0.0939
1690535510495,0.0993
1690535510502,0.0418
1690535510510,0.0247
1690535510518,0.01
1690535510526,0.0038
1690535510534,-0.0032
1690535510541,0.0029
1690535510549,-0.0059
1690535510557,0.0021
1690535510565,0.0046
1690535510573,-0.0027
1690535510581,0.0057
1690535510588,0.0092
1690535510596,0.0126
1690535510604,0.0159
1690535510612,0.0125
1690535510620,-0.0581
1690535510627,-0.1158
1690535510635,0.1981
1690535510643,0.9005
1690535510651,0.644
1690535510659,-0.0756
1690535510667,-0.2283
1690535510674,-0.0702
1690535510682,-0.0223
1690535510690,-0.0062
1690535510698,0.014
1690535510706,0.0088
1690535510713,0.0013
1690535510721,0.0
1690535510729,0.0011
1690535510737,0.047
1690535510745,0.0359
1690535510752,0.0455
1690535510760,0.0789
1690535510768,0.0835
1690535510776,0.1436
1690535510784,0.1721
1690535510791,0.1951
1690535510799,0.2468
1690535510807,0.2257
1690535510815,0.2537
1690535510823,0.2392
1690535510831,0.2315
1690535510838,0.19
1690535510846,0.1632
1690535510854,0.1351
1690535510862,0.0903
1690535510870,0.0677
1690535510877,0.0233
1690535510885,0.0135
1690535510893,0.0115
1690535510901,0.0303
1690535510909,-0.0097
1690535510917,0.0048
1690535510924,0.0114
1690535510932,0.0281
1690535510940,-0.0125
1690535510948,0.0008
1690535510956,0.003
1690535510963,-0.0083
1690535510971,0.0031
1690535510979,0.0011
1690535510987,0.0059
1690535510995,0.0057
1690535511002,-0.0018
1690535511010,0.0159
1690535511018,-0.0104
1690535511026,-0.0169
1690535511034,0.0044
1690535511041,-0.0186
1690535511049,0.0052
1690535511057,-0.0056
1690535511065,0.0009
1690535511073,-0.0071
1690535511081,0.0023
1690535511088,-0.0076
1690535511096,-0.0049
1690535511104,-0.0057
1690535511112,-0.0049
1690535511120,-0.0074
1690535511127,-0.0044
1690535511135,-0.0035
1690535511143,-0.0033
1690535511151,-0.0077
1690535511159,0.0021
1690535511167,0.0166
1690535511174,0.0143
1690535511182,0.0162
1690535511190,0.0172
1690535511198,0.0043
1690535511206,0.0115
1690535511213,-0.016
1690535511221,0.0045
1690535511229,0.0061
1690535511237,-0.014
1690535511245,-0.0085
1690535511252,-0.0134
1690535511260,0.0159
1690535511268,-0.0053
1690535511276,0.0078
1690535511284,0.0446
1690535511291,0.0696
1690535511299,0.0845
1690535511307,0.0881
1690535511315,0.0948
1690535511323,0.071
1690535511331,0.0627
1690535511338,0.0414
1690535511346,0.0345
1690535511354,0.0189
1690535511362,-0.0003
1690535511370,-0.0044
1690535511377,-0.0069
1690535511385,-0.0037
1690535511393,-0.0087
1690535511401,0.0029
1690535511409,-0.0075
1690535511417,-0.002
1690535511424,-0.0107
1690535511432,0.0005
1690535511440,0.0011
1690535511448,-0.0069
1690535511456,-0.0939
1690535511463,-0.1047
1690535511471,0.4384
1690535511479,0.9594
1690535511487,0.3635
1690535511495,-0.1914
1690535511502,-0.1745
1690535511510,-0.0608
1690535511518,-0.0009
1690535511526,0.0104
1690535511534,-0.0088
1690535511541,0.0211
1690535511549,0.0146
1690535511557,0.012
1690535511565,0.0331
1690535511573,0.0071
1690535511581,0.0515
1690535511588,0.0558
1690535511596,0.0768
1690535511604,0.1081
1690535511612,0.151
1690535511620,0.1922
1690535511627,0.2339
1690535511635,0.2501
1690535511643,0.2656
1690535511651,0.2426
1690535511659,0.2546
1690535511667,0.186
1690535511674,0.1815
1690535511682,0.128
1690535511690,0.114
1690535511698,0.0616
1690535511706,0.0466
1690535511713,0.0377
1690535511721,0.0277
1690535511729,0.0105
1690535511737,0.0171
1690535511745,-0.012
1690535511752,0.0019
1690535511760,0.0248
1690535511768,-0.0024
1690535511776,0.0094
1690535511784,-0.006
1690535511791,0.0114
1690535511799,-0.0153
1690535511807,-0.0066
1690535511815,0.0025
1690535511823,-0.0003
1690535511831,0.006
1690535511838,0.0079
1690535511846,0.0108
1690535511854,0.0041
1690535511862,0.0082
1690535511870,-0.0046
1690535511877,-0.0076
1690535511885,0.0064
1690535511893,0.0037
1690535511901,0.0071
1690535511909,0.0019
1690535511917,-0.002
1690535511924,0.0047
1690535511932,-0.0133
1690535511940,-0.0082
1690535511948,0.0023
1690535511956,-0.0026
1690535511963,0.002
1690535511971,-0.0009
1690535511979,0.0098
1690535511987,-0.0057
1690535511995,0.0151
1690535512002,0.0051
1690535512010,-0.0013
1690535512018,0.0003
1690535512026,0.013
1690535512034,0.0106
1690535512041,-0.0172
1690535512049,-0.0049
1690535512057,0.0105
1690535512065,0.0018
1690535512073,-0.0135
1690535512081,-0.0187
1690535512088,0.0031
1690535512096,0.0053
1690535512104,0.0299
1690535512112,0.039
1690535512120,0.0501
1690535512127,0.0519
1690535512135,0.0741
1690535512143,0.1087
1690535512151,0.1074
1690535512159,0.0776
1690535512167,0.0499
1690535512174,0.0227
1690535512182,0.0248
1690535512190,0.0008
1690535512198,0.0043
1690535512206,-0.0096
1690535512213,-0.0101
1690535512221,-0.0082
1690535512229,-0.0008
1690535512237,0.0273
1690535512245,0.0071
1690535512252,0.0026
1690535512260,-0.0246
1690535512268,-0.0105
1690535512276,-0.0175
1690535512284,-0.0365
1690535512291,-0.1106
1690535512299,0.0121
1690535512307,0.6714
1690535512315,0.8784
1690535512323,0.087
1690535512331,-0.2241
1690535512338,-0.1256
1690535512346,-0.0363
1690535512354,-0.0051
1690535512362,0.0079
1690535512370,0.0032
1690535512377,0.0008
1690535512385,0.0153
1690535512393,0.0028
1690535512401,0.013
1690535512409,0.0229
1690535512417,0.0325
1690535512424,0.0499
1690535512432,0.0969
1690535512440,0.1478
1690535512448,0.1742
1690535512456,0.2024
1690535512463,0.2283
1690535512471,0.2414
1690535512479,0.2477
1690535512487,0.2409
1690535512495,0.2318
1690535512502,0.2213
1690535512510,0.1418
1690535512518,0.1217
1690535512526,0.079
1690535512534,0.0582
1690535512541,0.0716
1690535512549,0.0314
1690535512557,0.0363
1690535512565,0.0172
1690535512573,-0.0039
1690535512581,0.0156
1690535512588,0.0046
1690535512596,-0.005
1690535512604,-0.013
1690535512612,0.0227
1690535512620,0.0176
1690535512627,-0.0108
1690535512635,0.0005
1690535512643,0.0185
1690535512651,-0.0131
1690535512659,-0.0077
1690535512667,-0.0163
1690535512674,0.0075
1690535512682,0.0047
1690535512690,-0.015
1690535512698,-0.0006
1690535512706,-0.0016
1690535512713,0.0099
1690535512721,-0.0094
1690535512729,0.0109
1690535512737,0.0056
1690535512745,-0.0062
1690535512752,0.0097
1690535512760,-0.0064
1690535512768,-0.0097
1690535512776,-0.0035
1690535512784,0.0146
1690535512791,-0.0014
1690535512799,-0.0013
1690535512807,0.0202
1690535512815,0.0034
1690535512823,-0.0018
1690535512831,0.0057
1690535512838,0.0009
1690535512846,-0.0056
1690535512854,-0.0139
1690535512862,0.0037
1690535512870,0.0003
1690535512877,-0.0001
1690535512885,-0.0097
1690535512893,0.0068
1690535512901,-0.0143
1690535512909,-0.0055
1690535512917,-0.0044
1690535512924,-0.0019
1690535512932,0.0167
1690535512940,0.0021
1690535512948,0.0416
1690535512956,0.0409
1690535512963,0.0857
1690535512971,0.1074
1690535512979,0.0954
1690535512987,0.1051
1690535512995,0.0723
1690535513002,0.058
1690535513010,0.0337
1690535513018,0.0138
1690535513026,0.0023
1690535513034,0.0109
1690535513041,-0.007
1690535513049,-0.0277
1690535513057,-0.0056
1690535513065,-0.0124
1690535513073,0.0055
1690535513081,0.0186
1690535513088,-0.0006
1690535513096,-0.009
1690535513104,-0.0011
1690535513112,0.0045
1690535513120,-0.0277
1690535513127,-0.1141
1690535513135,0.1902
1690535513143,0.8854
1690535513151,0.641
1690535513159,-0.0869
1690535513167,-0.1921
1690535513174,-0.0887
1690535513182,-0.0165
1690535513190,0.0072
1690535513198,-0.0069
1690535513206,0.0077
1690535513213,-0.0123
1690535513221,0.0068
1690535513229,0.0214
1690535513237,0.0224
1690535513245,0.0232
1690535513252,0.0542
1690535513260,0.0797
1690535513268,0.0893
1690535513276,0.1466
1690535513284,0.1716
1690535513291,0.2239
1690535513299,0.2273
1690535513307,0.2648
1690535513315,0.2514
1690535513323,0.243
1690535513331,0.21
1690535513338,0.185
1690535513346,0.1353
1690535513354,0.1052
1690535513362,0.0901
1690535513370,0.0474
1690535513377,0.0281
1690535513385,0.0299
1690535513393,0.0064
1690535513401,0.01
1690535513409,-0.0101
1690535513417,0.0059
1690535513424,0.0121
1690535513432,0.0013
1690535513440,0.0047
1690535513448,-0.0018
1690535513456,-0.0097
1690535513463,-0.0064
1690535513471,-0.0077
1690535513479,-0.0082
1690535513487,-0.0073
1690535513495,0.0019
1690535513502,0.0062
1690535513510,-0.0134
1690535513518,0.0042
1690535513526,-0.0003
1690535513534,0.0061
1690535513541,-0.0096
1690535513549,0.0045
1690535513557,0.0073
1690535513565,0.0062
1690535513573,-0.0155
1690535513581,0.004
1690535513588,-0.0004
1690535513596,0.0025
1690535513604,-0.0064
1690535513612,-0.0185
1690535513620,-0.0107
1690535513627,-0.0069
1690535513635,0.0012
1690535513643,-0.0083
1690535513651,0.0022
1690535513659,0.0015
1690535513667,0.0031
1690535513674,-0.0147
1690535513682,-0.0012
1690535513690,-0.0103
1690535513698,-0.0064
1690535513706,0.0041
1690535513713,0.0126
1690535513721,-0.018
1690535513729,-0.0053
1690535513737,-0.0052
1690535513745,-0.0126
1690535513752,-0.0001
1690535513760,0.0001
1690535513768,0.0176
1690535513776,0.0214
1690535513784,0.0451
1690535513791,0.0655
1690535513799,0.0789
1690535513807,0.0774
1690535513815,0.0995
1690535513823,0.0866
1690535513831,0.0526
1690535513838,0.0308
1690535513846,0.0114
1690535513854,-0.0071
1690535513862,-0.0033
1690535513870,0.0126
1690535513877,0.0065
1690535513885,-0.008
1690535513893,0.0054
1690535513901,-0.002
1690535513909,-0.009
1690535513917,-0.003
1690535513924,0.0043
1690535513932,0.0001
1690535513940,-0.0004
1690535513948,-0.0206
1690535513956,-0.085
1690535513963,-0.0897
1690535513971,0.4224
1690535513979,0.9475
1690535513987,0.3623
1690535513995,-0.1614
1690535514002,-0.1836
1690535514010,-0.0411
1690535514018,-0.0053
1690535514026,0.0094
1690535514034,0.0085
1690535514041,-0.0014
1690535514049,-0.0057
1690535514057,0.0213
1690535514065,0.0133
1690535514073,0.0453
1690535514081,0.0369
1690535514088,0.0608
1690535514096,0.0797
1690535514104,0.1191
1690535514112,0.1466
1690535514120,0.1842
1690535514127,0.2186
1690535514135,0.2381
1690535514143,0.2341
1690535514151,0.2459
1690535514159,0.2108
1690535514167,0.2091
1690535514174,0.1892
1690535514182,0.1229
1690535514190,0.1042
1690535514198,0.067
1690535514206,0.0517
1690535514213,0.0192
1690535514221,0.0293
1690535514229,0.0057
1690535514237,0.004
1690535514245,-0.0068
1690535514252,-0.0012
1690535514260,-0.0102
1690535514268,0.0015
1690535514276,-0.0181
1690535514284,-0.0015
1690535514291,-0.0127
1690535514299,-0.0112
1690535514307,0.0064
1690535514315,-0.0019
1690535514323,-0.0041
1690535514331,-0.0033
1690535514338,-0.0073
1690535514346,0.001
1690535514354,0.0095
1690535514362,-0.0148
1690535514370,0.0132
1690535514377,0.0139
1690535514385,-0.001
1690535514393,-0.0035
1690535514401,0.0064
1690535514409,-0.0013
1690535514417,-0.0017
1690535514424,0.0095
1690535514432,0.0193
1690535514440,-0.0015
1690535514448,-0.0036
1690535514456,-0.0097
1690535514463,-0.0157
1690535514471,-0.0068
1690535514479,-0.0025
1690535514487,-0.0063
1690535514495,0.0077
1690535514502,0.0011
1690535514510,0.002
1690535514518,-0.0098
1690535514526,0.0073
1690535514534,0.0139
1690535514541,0.0068
1690535514549,0.0095
1690535514557,-0.0116
1690535514565,-0.0048
1690535514573,-0.0037
1690535514581,0.0
1690535514588,-0.0212
1690535514596,0.0154
1690535514604,0.0211
1690535514612,0.0297
1690535514620,0.0375
1690535514627,0.0662
1690535514635,0.0794
1690535514643,0.0985
1690535514651,0.0912
1690535514659,0.0853
1690535514667,0.0506
1690535514674,0.0159
1690535514682,0.0326
1690535514690,0.0158
1690535514698,-0.0054
1690535514706,0.0019
1690535514713,0.0088
1690535514721,0.0057
1690535514729,0.0186
1690535514737,0.0037
1690535514745,0.0041
1690535514752,0.0053
1690535514760,0.0026
1690535514768,-0.0182
1690535514776,-0.0053
1690535514784,-0.0391
1690535514791,-0.1177
1690535514799,0.0307
1690535514807,0.7079
1690535514815,0.8681
1690535514823,0.1004
1690535514831,-0.2247
1690535514838,-0.1314
1690535514846,-0.0332
1690535514854,-0.0217
1690535514862,0.0038
1690535514870,0.0063
1690535514877,0.0024
1690535514885,0.0014
1690535514893,-0.0007
1690535514901,0.0018
1690535514909,0.0221
1690535514917,0.0311
1690535514924,0.0625
1690535514932,0.092
1690535514940,0.1254
1690535514948,0.1501
1690535514956,0.1694
1690535514963,0.2225
1690535514971,0.2519
1690535514979,0.26
1690535514987,0.2335
1690535514995,0.2222
1690535515002,0.1755
1690535515010,0.17
1690535515018,0.121
1690535515026,0.1098
1690535515034,0.0652
1690535515041,0.0268
1690535515049,0.0246
1690535515057,-0.0048
1690535515065,0.0133
1690535515073,0.0039
1690535515081,0.0046
1690535515088,0.0032
1690535515096,0.011
1690535515104,-0.0014
1690535515112,-0.0015
1690535515120,0.009
1690535515127,0.0128
1690535515135,-0.0022
1690535515143,-0.0023
1690535515151,0.0047
1690535515159,-0.013
1690535515167,0.0034
1690535515174,-0.0079
1690535515182,-0.0035
1690535515190,0.0223
1690535515198,-0.0093
1690535515206,-0.0244
1690535515213,0.0195
1690535515221,-0.0092
1690535515229,0.0114
1690535515237,0.0025
1690535515245,-0.0053
1690535515252,0.0036
1690535515260,-0.0084
1690535515268,-0.0021
1690535515276,0.003
1690535515284,0.008
1690535515291,0.0177
1690535515299,-0.0048
1690535515307,-0.0121
1690535515315,-0.0038
1690535515323,0.0037
1690535515331,0.0181
1690535515338,-0.0149
1690535515346,0.017
1690535515354,0.0035
1690535515362,-0.0055
1690535515370,0.0008
1690535515377,0.015
1690535515385,0.0145
1690535515393,-0.0005
1690535515401,0.0029
1690535515409,-0.0068
1690535515417,-0.0042
1690535515424,0.0018
1690535515432,0.0168
1690535515440,0.0313
1690535515448,0.0451
1690535515456,0.0416
1690535515463,0.096
1690535515471,0.0848
1690535515479,0.102
1690535515487,0.0993
1690535515495,0.0705
1690535515502,0.0495
1690535515510,0.0366
1690535515518,0.0337
1690535515526,0.0228
1690535515534,0.0208
1690535515541,-0.0004
1690535515549,0.0032
1690535515557,-0.0233
1690535515565,0.0169
1690535515573,-0.0018
1690535515581,-0.0206
1690535515588,-0.0003
1690535515596,0.0149
1690535515604,-0.0128
1690535515612,-0.011
1690535515620,-0.068
1690535515627,-0.113
1690535515635,0.1799
1690535515643,0.8886
1690535515651,0.6362
1690535515659,-0.0751
1690535515667,-0.2101
1690535515674,-0.0834
1690535515682,-0.0059
1690535515690,0.0006
1690535515698,-0.001
1690535515706,-0.017
1690535515713,-0.0083
1690535515721,-0.0122
1690535515729,0.006
1690535515737,0.0066
1690535515745,0.0316
1690535515752,0.058
1690535515760,0.0947
1690535515768,0.1201
1690535515776,0.155
1690535515784,0.1768
1690535515791,0.1987
1690535515799,0.2181
1690535515807,0.2461
1690535515815,0.2515
1690535515823,0.244
1690535515831,0.2221
1690535515838,0.2017
1690535515846,0.1466
1690535515854,0.1197
1690535515862,0.0814
1690535515870,0.0523
1690535515877,0.054
1690535515885,0.0158
1690535515893,0.0145
1690535515901,0.0071
1690535515909,-0.0081
1690535515917,0.0132
1690535515924,-0.0162
1690535515932,0.0061
1690535515940,0.0048
1690535515948,-0.0082
1690535515956,0.0126
1690535515963,0.0073
1690535515971,-0.0187
1690535515979,-0.0122
1690535515987,0.0034
1690535515995,-0.0005
1690535516002,0.0028
1690535516010,0.0054
1690535516018,0.0077
1690535516026,-0.0031
1690535516034,0.0056
1690535516041,-0.0007
1690535516049,0.0054
1690535516057,-0.001
1690535516065,-0.0068
1690535516073,-0.0038
1690535516081,-0.0153
1690535516088,-0.003
1690535516096,-0.0039
1690535516104,-0.0056
1690535516112,-0.0043
1690535516120,0.0059
1690535516127,-0.0029
1690535516135,0.006
1690535516143,0.0056
1690535516151,0.0049
1690535516159,-0.0195
1690535516167,0.0112
1690535516174,0.0228
1690535516182,-0.002
1690535516190,0.0009
1690535516198,-0.0004
1690535516206,0.0024
1690535516213,-0.0029
1690535516221,-0.0164
1690535516229,0.0253
1690535516237,-0.0043
1690535516245,0.0068
1690535516252,-0.0088
1690535516260,0.0043
1690535516268,0.0228
1690535516276,0.0211
1690535516284,0.045
1690535516291,0.0628
1690535516299,0.0779
1690535516307,0.1139
1690535516315,0.0884
1690535516323,0.0685
1690535516331,0.0519
1690535516338,0.0391
1690535516346,0.0372
1690535516354,0.024
1690535516362,0.0202
1690535516370,0.0024
1690535516377,-0.0122
1690535516385,-0.0048
1690535516393,-0.0205
1690535516401,-0.0078
1690535516409,0.0077
1690535516417,0.0281
1690535516424,0.0025
1690535516432,0.007
1690535516440,-0.0023
1690535516448,-0.0084
1690535516456,-0.1033
1690535516463,-0.0817
1690535516471,0.4451
1690535516479,0.953
1690535516487,0.3675
1690535516495,-0.1908
1690535516502,-0.1742
1690535516510,-0.0399
1690535516518,0.0025
1690535516526,-0.0063
1690535516534,0.0128
1690535516541,-0.0039
1690535516549,0.0043
1690535516557,0.0285
1690535516565,0.0277
1690535516573,0.0442
1690535516581,0.0417
1690535516588,0.0696
1690535516596,0.106
1690535516604,0.1138
1690535516612,0.1512
1690535516620,0.1841
1690535516627,0.2121
1690535516635,0.2364
1690535516643,0.2503
1690535516651,0.2674
1690535516659,0.226
1690535516667,0.1919
1690535516674,0.173
1690535516682,0.1428
1690535516690,0.1211
1690535516698,0.0607
1690535516706,0.0556
1690535516713,0.0269
1690535516721,0.0176
1690535516729,0.0042
1690535516737,-0.0011
1690535516745,0.0128
1690535516752,-0.008
1690535516760,0.0017
1690535516768,0.0176
1690535516776,0.0059
1690535516784,0.0089
1690535516791,0.0077
1690535516799,-0.012
1690535516807,0.0189
1690535516815,-0.002
1690535516823,0.0066
1690535516831,0.001
1690535516838,0.0035
1690535516846,0.0028
1690535516854,0.0078
1690535516862,-0.0075
1690535516870,0.0014
1690535516877,0.0123
1690535516885,-0.0047
1690535516893,-0.0249
1690535516901,-0.0029
1690535516909,-0.0022
1690535516917,-0.0022
1690535516924,0.0015
1690535516932,-0.0094
1690535516940,-0.008
1690535516948,-0.0027
1690535516956,-0.0024
1690535516963,0.0038
1690535516971,0.0163
1690535516979,0.0038
1690535516987,-0.0114
1690535516995,-0.0064
1690535517002,-0.0059
1690535517010,-0.0152
1690535517018,0.0008
1690535517026,0.0088
1690535517034,0.0106
1690535517041,0.003
1690535517049,-0.0034
1690535517057,0.0095
1690535517065,0.0196
1690535517073,0.0048
1690535517081,-0.0074
1690535517088,-0.0201
1690535517096,0.0061
1690535517104,0.0066
1690535517112,0.0191
1690535517120,0.0455
1690535517127,0.064
1690535517135,0.0811
1690535517143,0.0955
1690535517151,0.0924
1690535517159,0.0956
1690535517167,0.0748
1690535517174,0.0378
1690535517182,0.0191
1690535517190,0.0037
1690535517198,0.01
1690535517206,0.0102
1690535517213,-0.0129
1690535517221,0.0023
1690535517229,-0.0046
1690535517237,0.0034
1690535517245,-0.0054
1690535517252,0.0063
1690535517260,-0.0227
1690535517268,-0.0005
1690535517276,0.0148
1690535517284,-0.0458
1690535517291,-0.1199
1690535517299,0.0035
1690535517307,0.7087
1690535517315,0.8716
1690535517323,0.112
1690535517331,-0.2268
1690535517338,-0.1187
1690535517346,-0.0381
1690535517354,0.0012
1690535517362,0.0047
1690535517370,0.0048
1690535517377,0.0008
1690535517385,0.0071
1690535517393,0.0172
1690535517401,-0.0003
1690535517409,0.0317
1690535517417,0.0612
1690535517424,0.0663
1690535517432,0.0912
1690535517440,0.1172
1690535517448,0.1683
1690535517456,0.1708
1690535517463,0.2114
1690535517471,0.2496
1690535517479,0.2451
1690535517487,0.2347
1690535517495,0.2318
1690535517502,0.1922
1690535517510,0.1357
1690535517518,0.139
1690535517526,0.0844
1690535517534,0.0618
1690535517541,0.0654
1690535517549,0.0247
1690535517557,0.002
1690535517565,-0.0046
1690535517573,-0.0025
1690535517581,0.0029
1690535517588,0.0011
1690535517596,-0.0174
1690535517604,-0.0028
1690535517612,0.0138
1690535517620,0.0063
1690535517627,-0.0062
1690535517635,-0.0049
1690535517643,-0.0165
1690535517651,0.0037
1690535517659,0.0013
1690535517667,0.01
1690535517674,0.0014
1690535517682,-0.0127
1690535517690,-0.0181
1690535517698,0.0092
1690535517706,-0.0132
1690535517713,-0.0151
1690535517721,-0.0093
1690535517729,-0.002
1690535517737,-0.0065
1690535517745,-0.0056
1690535517752,0.0135
1690535517760,0.0016
1690535517768,-0.0091
1690535517776,0.0051
1690535517784,0.0064
1690535517791,-0.0045
1690535517799,-0.0152
1690535517807,-0.0076
1690535517815,0.0074
1690535517823,-0.0076
1690535517831,0.0069
1690535517838,-0.0003
1690535517846,-0.0029
1690535517854,0.0152
1690535517862,0.0247
1690535517870,0.0031
1690535517877,0.001
1690535517885,0.0145
1690535517893,-0.0007
1690535517901,0.0099
1690535517909,0.005
1690535517917,0.0087
1690535517924,-0.0073
1690535517932,0.0115
1690535517940,0.0294
1690535517948,0.0525
1690535517956,0.0335
1690535517963,0.0794
1690535517971,0.0924
1690535517979,0.086
1690535517987,0.0885
1690535517995,0.0834
1690535518002,0.0557
1690535518010,0.0366
1690535518018,0.0266
1690535518026,0.0219
1690535518034,-0.004
1690535518041,-0.0043
1690535518049,0.0007
1690535518057,0.0081
1690535518065,-0.0011
1690535518073,-0.0029
1690535518081,0.0086
1690535518088,-0.0034
1690535518096,-0.0063
1690535518104,0.0108
1690535518112,-0.0021
1690535518120,-0.0644
1690535518127,-0.1291
1690535518135,0.2034
1690535518143,0.8793
1690535518151,0.6641
1690535518159,-0.0551
1690535518167,-0.2109
1690535518174,-0.079
1690535518182,-0.0278
1690535518190,-0.0047
1690535518198,-0.0176
1690535518206,0.0039
1690535518213,0.0252
1690535518221,0.0127
1690535518229,0.0024
1690535518237,0.0212
1690535518245,0.0086
1690535518252,0.0586
1690535518260,0.0691
1690535518268,0.0831
1690535518276,0.1207
1690535518284,0.1582
1690535518291,0.2146
1690535518299,0.2439
1690535518307,0.2609
1690535518315,0.2513
1690535518323,0.2344
1690535518331,0.2225
1690535518338,0.2005
1690535518346,0.1582
1690535518354,0.1236
1690535518362,0.0897
1690535518370,0.0436
1690535518377,0.0205
1690535518385,0.0205
1690535518393,0.0107
1690535518401,0.0032
1690535518409,0.0151
1690535518417,-0.0029
1690535518424,-0.0126
1690535518432,-0.0061
1690535518440,-0.0027
1690535518448,-0.0095
1690535518456,0.0109
1690535518463,0.0126
1690535518471,0.0049
1690535518479,-0.0129
1690535518487,-0.0061
1690535518495,0.0004
1690535518502,0.0082
1690535518510,0.0116
1690535518518,-0.0071
1690535518526,0.0041
1690535518534,0.0166
1690535518541,0.005
1690535518549,-0.0013
1690535518557,0.0169
1690535518565,0.0176
1690535518573,0.0026
1690535518581,-0.0054
1690535518588,0.0095
1690535518596,0.0093
1690535518604,0.0182
1690535518612,0.0058
1690535518620,0.0026
1690535518627,0.0075
1690535518635,0.0059
1690535518643,0.0062
1690535518651,-0.0116
1690535518659,0.0087
1690535518667,0.0171
1690535518674,-0.0196
1690535518682,0.0041
1690535518690,0.007
1690535518698,-0.0064
1690535518706,-0.0101
1690535518713,-0.0129
1690535518721,-0.0038
1690535518729,0.02
1690535518737,0.0181
1690535518745,0.0154
1690535518752,-0.0002
1690535518760,0.0083
1690535518768,0.0067
1690535518776,0.0268
1690535518784,0.0206
1690535518791,0.0653
1690535518799,0.0914
1690535518807,0.1057
1690535518815,0.1198
1690535518823,0.0746
1690535518831,0.0834
1690535518838,0.066
1690535518846,0.0333
1690535518854,0.0207
1690535518862,0.0075
1690535518870,-0.0051
1690535518877,-0.0002
1690535518885,0.0034
1690535518893,0.0065
1690535518901,0.0081
1690535518909,-0.0087
1690535518917,0.0052
1690535518924,-0.0095
1690535518932,0.0172
1690535518940,-0.0173
1690535518948,-0.02
1690535518956,-0.0853
1690535518963,-0.0894
1690535518971,0.4407
1690535518979,0.9541
1690535518987,0.3512
1690535518995,-0.1871
1690535519002,-0.1736
1690535519010,-0.0515
1690535519018,0.0049
1690535519026,-0.0024
1690535519034,-0.0036
1690535519041,-0.0266
1690535519049,0.0051
1690535519057,0.0171
1690535519065,0.0274
1690535519073,0.0313
1690535519081,0.0474
1690535519088,0.0461
1690535519096,0.094
1690535519104,0.1174
1690535519112,0.1558
1690535519120,0.1897
1690535519127,0.2143
1690535519135,0.2232
1690535519143,0.2648
1690535519151,0.2658
1690535519159,0.2286
1690535519167,0.1881
1690535519174,0.1535
1690535519182,0.1437
1690535519190,0.1026
1690535519198,0.0798
1690535519206,0.0617
1690535519213,0.0278
1690535519221,0.0287
1690535519229,0.0119
1690535519237,0.0059
1690535519245,0.0183
1690535519252,0.0058
1690535519260,0.0088
1690535519268,-0.0049
1690535519276,-0.0009
1690535519284,-0.0028
1690535519291,0.0201
1690535519299,0.0027
1690535519307,-0.0028
1690535519315,0.0022
1690535519323,0.0049
1690535519331,-0.0026
1690535519338,0.0059
1690535519346,-0.0119
1690535519354,-0.0113
1690535519362,0.0095
1690535519370,0.0227
1690535519377,-0.0061
1690535519385,-0.01
1690535519393,0.007
1690535519401,-0.0254
1690535519409,0.0004
1690535519417,-0.0029
1690535519424,-0.0019
1690535519432,0.004
1690535519440,0.0087
1690535519448,-0.0051
1690535519456,-0.0026
1690535519463,0.0101
1690535519471,-0.0061
1690535519479,-0.0115
1690535519487,-0.0022
1690535519495,-0.0058
1690535519502,-0.0094
1690535519510,-0.0055
1690535519518,-0.012
1690535519526,-0.0104
1690535519534,0.004
1690535519541,0.005
1690535519549,0.0203
1690535519557,-0.0019
1690535519565,0.0123
1690535519573,0.0083
1690535519581,0.0042
1690535519588,0.0052
1690535519596,0.0039
1690535519604,0.0085
1690535519612,0.0218
1690535519620,0.0658
1690535519627,0.0735
1690535519635,0.0966
1690535519643,0.0989
1690535519651,0.1007
1690535519659,0.0727
1690535519667,0.0634
1690535519674,0.0373
1690535519682,0.0341
1690535519690,-0.0061
1690535519698,0.017
1690535519706,0.0173
1690535519713,-0.0017
1690535519721,0.0087
1690535519729,0.012
1690535519737,-0.0022
1690535519745,0.0112
1690535519752,-0.0084
1690535519760,-0.0028
1690535519768,-0.0008
1690535519776,-0.0039
1690535519784,-0.0369
1690535519791,-0.1059
1690535519799,0.0139
1690535519807,0.6927
1690535519815,0.8514
1690535519823,0.1126
1690535519831,-0.2183
1690535519838,-0.154
1690535519846,-0.0223
1690535519854,0.0121
1690535519862,-0.0029
1690535519870,0.0063
1690535519877,0.0082
1690535519885,-0.0017
1690535519893,0.0225
1690535519901,0.0248
1690535519909,0.0125
1690535519917,0.0438
1690535519924,0.0801
1690535519932,0.1044
1690535519940,0.1185
1690535519948,0.169
1690535519956,0.19
1690535519963,0.2277
1690535519971,0.2305
1690535519979,0.263
1690535519987,0.2354
1690535519995,0.2235
1690535520002,0.1939
1690535520010,0.1555
1690535520018,0.1224
1690535520026,0.0943
1690535520034,0.0807
1690535520041,0.0574
1690535520049,0.0292
1690535520057,0.0012
1690535520065,0.0247
1690535520073,0.0086
1690535520081,0.0158
1690535520088,0.011
1690535520096,0.0041
1690535520104,0.0037
1690535520112,0.0053
1690535520120,0.0047
1690535520127,0.0087
1690535520135,-0.0099
1690535520143,-0.0029
1690535520151,0.0006
1690535520159,-0.0005
1690535520167,-0.0071
1690535520174,-0.0052
1690535520182,0.0081
1690535520190,0.0077
1690535520198,-0.0092
1690535520206,-0.0033
1690535520213,-0.0157
1690535520221,-0.0095
1690535520229,-0.0013
1690535520237,-0.003
1690535520245,-0.0184
1690535520252,-0.0097
1690535520260,0.0067
1690535520268,-0.0117
1690535520276,-0.0033
1690535520284,0.0015
1690535520291,-0.012
1690535520299,-0.0063
1690535520307,-0.01
1690535520315,0.0034
1690535520323,-0.0112
1690535520331,-0.0151
1690535520338,0.0142
1690535520346,0.0097
1690535520354,0.0056
1690535520362,0.0036
1690535520370,0.0002
1690535520377,0.0192
1690535520385,-0.0084
1690535520393,0.0157
1690535520401,0.0023
1690535520409,0.0122
1690535520417,0.0072
1690535520424,-0.0065
1690535520432,0.0022
1690535520440,0.0219
1690535520448,0.0504
1690535520456,0.0586
1690535520463,0.0732
1690535520471,0.0935
1690535520479,0.1023
1690535520487,0.096
1690535520495,0.0853
1690535520502,0.0474
1690535520510,0.0344
1690535520518,0.0122
1690535520526,0.0084
1690535520534,-0.001
1690535520541,0.0109
1690535520549,0.0119
1690535520557,0.0233
1690535520565,-0.0142
1690535520573,-0.0202
1690535520581,0.0002
1690535520588,-0.0011
1690535520596,-0.0083
1690535520604,0.0082
1690535520612,-0.026
1690535520620,-0.049
1690535520627,-0.1264
1690535520635,0.1934
1690535520643,0.8645
1690535520651,0.6479
1690535520659,-0.0636
1690535520667,-0.2169
1690535520674,-0.0822
1690535520682,-0.0336
1690535520690,-0.0143
1690535520698,0.0035
1690535520706,0.0188
1690535520713,0.0269
1690535520721,0.0069
1690535520729,0.0037
1690535520737,0.0185
1690535520745,0.0276
1690535520752,0.0548
1690535520760,0.0679
1690535520768,0.0819
1690535520776,0.1346
1690535520784,0.1763
1690535520791,0.2007
1690535520799,0.2352
1690535520807,0.2493
1690535520815,0.2437
1690535520823,0.2672
1690535520831,0.2142
1690535520838,0.1861
1690535520846,0.1504
1690535520854,0.1131
1690535520862,0.0613
1690535520870,0.0533
1690535520877,0.0449
1690535520885,0.0031
1690535520893,0.0282
1690535520901,0.0066
1690535520909,-0.0074
1690535520917,0.018
1690535520924,-0.0089
1690535520932,-0.002
1690535520940,-0.0016
1690535520948,0.0046
1690535520956,-0.0028
1690535520963,-0.0014
1690535520971,-0.0078
1690535520979,0.0024
1690535520987,0.0028
1690535520995,0.0022
1690535521002,0.0071
1690535521010,0.0068
1690535521018,-0.0001
1690535521026,0.0112
1690535521034,0.0071
1690535521041,0.018
1690535521049,-0.0034
1690535521057,-0.0044
1690535521065,-0.0009
1690535521073,-0.0114
1690535521081,-0.0127
1690535521088,-0.006
1690535521096,0.005
1690535521104,-0.0003
1690535521112,-0.0068
1690535521120,0.0061
1690535521127,0.0122
1690535521135,0.0059
1690535521143,-0.0057
1690535521151,-0.0138
1690535521159,-0.0128
1690535521167,-0.0086
1690535521174,-0.0053
1690535521182,-0.006
1690535521190,-0.0116
1690535521198,-0.0159
1690535521206,0.0055
1690535521213,-0.0034
1690535521221,0.0148
1690535521229,0.008
1690535521237,-0.0057
1690535521245,0.0152
1690535521252,0.0045
1690535521260,-0.0001
1690535521268,-0.0056
1690535521276,0.0317
1690535521284,0.0349
1690535521291,0.053
1690535521299,0.0699
1690535521307,0.0784
1690535521315,0.0988
1690535521323,0.0829
1690535521331,0.0709
1690535521338,0.0464
1690535521346,0.0456
1690535521354,0.023
1690535521362,0.011
1690535521370,0.0075
1690535521377,-0.0039
1690535521385,-0.0132
1690535521393,-0.0238
1690535521401,0.0018
1690535521409,0.0165
1690535521417,-0.0015
1690535521424,0.0028
1690535521432,0.0018
1690535521440,-0.0067
1690535521448,0.0014
1690535521456,-0.0886
1690535521463,-0.1048
1690535521471,0.446
1690535521479,0.9545
1690535521487,0.3743
1690535521495,-0.1894
1690535521502,-0.1737
1690535521510,-0.046
1690535521518,-0.0182
1690535521526,-0.0085
1690535521534,-0.0012
1690535521541,0.0004
1690535521549,0.0219
1690535521557,0.0051
1690535521565,0.0137
1690535521573,0.0466
1690535521581,0.029
1690535521588,0.0663
1690535521596,0.0861
1690535521604,0.1152
1690535521612,0.1575
1690535521620,0.167
1690535521627,0.219
1690535521635,0.2408
1690535521643,0.2551
1690535521651,0.2425
1690535521659,0.2277
1690535521667,0.204
1690535521674,0.1736
1690535521682,0.1306
1690535521690,0.0984
1690535521698,0.0781
1690535521706,0.048
1690535521713,0.03
1690535521721,0.0071
1690535521729,0.0014
1690535521737,0.0103
1690535521745,0.0099
1690535521752,-0.0027
1690535521760,0.0112
1690535521768,0.0016
1690535521776,0.0049
1690535521784,-0.0066
1690535521791,0.0027
1690535521799,-0.01
1690535521807,0.01
1690535521815,0.0005
1690535521823,0.009
1690535521831,0.0079
1690535521838,-0.0118
1690535521846,-0.0011
1690535521854,-0.012
1690535521862,0.0001
1690535521870,0.0074
1690535521877,-0.004
1690535521885,-0.0048
1690535521893,-0.0115
1690535521901,0.0063
1690535521909,-0.0101
1690535521917,0.001
1690535521924,-0.0037
1690535521932,0.0069
1690535521940,-0.0014
1690535521948,-0.0022
1690535521956,0.0265
1690535521963,-0.0059
1690535521971,0.0133
1690535521979,0.0155
1690535521987,0.0135
1690535521995,0.0028
1690535522002,0.0054
1690535522010,0.0047
1690535522018,-0.0107
1690535522026,-0.0016
1690535522034,0.0056
1690535522041,0.0052
1690535522049,0.0058
1690535522057,-0.0144
1690535522065,0.0003
1690535522073,-0.0025
1690535522081,-0.006
1690535522088,0.0004
1690535522096,0.0055
1690535522104,0.0235
1690535522112,0.026
1690535522120,0.05
1690535522127,0.0588
1690535522135,0.0806
1690535522143,0.1028
1690535522151,0.0964
1690535522159,0.0926
1690535522167,0.0478
1690535522174,0.0398
1690535522182,0.0335
1690535522190,0.0144
1690535522198,0.0017
1690535522206,0.0042
1690535522213,0.0014
1690535522221,-0.0056
1690535522229,0.0055
1690535522237,0.0089
1690535522245,0.0135
1690535522252,-0.0075
1690535522260,0.0129
1690535522268,0.0006
1690535522276,-0.0086
1690535522284,-0.0277
1690535522291,-0.0966
1690535522299,0.0114
1690535522307,0.6753
1690535522315,0.8591
1690535522323,0.0956
1690535522331,-0.243
1690535522338,-0.1344
1690535522346,-0.0304
1690535522354,-0.0144
1690535522362,-0.012
1690535522370,0.0135
1690535522377,0.003
1690535522385,0.0199
1690535522393,0.0112
1690535522401,0.0135
1690535522409,0.0249
1690535522417,0.0543
1690535522424,0.0581
1690535522432,0.0856
1690535522440,0.1218
1690535522448,0.1483
1690535522456,0.1948
1690535522463,0.2331
1690535522471,0.2391
1690535522479,0.2641
1690535522487,0.2495
1690535522495,0.2182
1690535522502,0.2197
1690535522510,0.174
1690535522518,0.1278
1690535522526,0.0758
1690535522534,0.0685
1690535522541,0.0456
1690535522549,0.0298
1690535522557,0.0183
1690535522565,0.0099
1690535522573,0.0143
1690535522581,-0.0032
1690535522588,0.0124
1690535522596,-0.0058
1690535522604,-0.0087
1690535522612,0.0071
1690535522620,0.0081
1690535522627,0.0072
1690535522635,0.0062
1690535522643,-0.0206
1690535522651,0.011
1690535522659,0.0073
1690535522667,-0.0024
1690535522674,0.0103
1690535522682,-0.0126
1690535522690,-0.0188
1690535522698,-0.0098
1690535522706,-0.0048
1690535522713,-0.0157
1690535522721,-0.0024
1690535522729,0.0014
1690535522737,0.0104
1690535522745,0.0103
1690535522752,-0.0132
1690535522760,-0.0014
1690535522768,-0.0015
1690535522776,0.0207
1690535522784,0.0028
1690535522791,-0.0021
1690535522799,0.0333
1690535522807,-0.0005
1690535522815,0.0054
1690535522823,0.0006
1690535522831,-0.0015
1690535522838,0.0052
1690535522846,-0.0255
1690535522854,-0.0171
1690535522862,0.013
1690535522870,-0.0019
1690535522877,-0.0054
1690535522885,0.0146
1690535522893,0.0003
1690535522901,0.0154
1690535522909,-0.0006
1690535522917,0.0068
1690535522924,0.0112
1690535522932,0.0005
1690535522940,0.0146
1690535522948,0.0345
1690535522956,0.0352
1690535522963,0.0866
1690535522971,0.0869
1690535522979,0.1101
1690535522987,0.097
1690535522995,0.0736
1690535523002,0.0453
1690535523010,0.0257
1690535523018,0.0385
1690535523026,0.0005
1690535523034,0.013
1690535523041,-0.0078
1690535523049,0.0023
1690535523057,0.0005
1690535523065,0.0038
1690535523073,-0.0014
1690535523081,-0.0044
1690535523088,-0.0183
1690535523096,-0.0009
1690535523104,-0.0128
1690535523112,-0.0008
1690535523120,-0.0569
1690535523127,-0.144
1690535523135,0.1772
1690535523143,0.9001
1690535523151,0.6427
1690535523159,-0.0811
1690535523167,-0.2059
1690535523174,-0.0904
1690535523182,-0.0023
1690535523190,-0.0062
1690535523198,0.0014
1690535523206,0.0211
1690535523213,-0.001
1690535523221,-0.0019
1690535523229,0.0198
1690535523237,0.0135
1690535523245,0.0146
1690535523252,0.0542
1690535523260,0.0753
1690535523268,0.1144
1690535523276,0.1205
1690535523284,0.165
1690535523291,0.2123
1690535523299,0.2312
1690535523307,0.2389
1690535523315,0.2447
1690535523323,0.2293
1690535523331,0.2126
1690535523338,0.1935
1690535523346,0.1468
1690535523354,0.1178
1690535523362,0.0795
1690535523370,0.0371
1690535523377,0.0321
1690535523385,0.0291
1690535523393,0.0226
1690535523401,0.0013
1690535523409,-0.0001
1690535523417,0.005
1690535523424,-0.0087
1690535523432,0.0254
1690535523440,0.0045
1690535523448,0.0117
1690535523456,-0.0173
1690535523463,-0.0084
1690535523471,-0.0107
1690535523479,0.0197
1690535523487,0.0189
1690535523495,-0.011
1690535523502,-0.0048
1690535523510,0.0051
1690535523518,-0.0099
1690535523526,0.009
1690535523534,-0.0077
1690535523541,-0.0103
1690535523549,-0.0039
1690535523557,-0.0059
1690535523565,-0.0074
1690535523573,-0.009
1690535523581,-0.0009
1690535523588,0.0149
1690535523596,0.0106
1690535523604,0.0044
1690535523612,0.0054
1690535523620,0.001
1690535523627,-0.0023
1690535523635,0.0044
1690535523643,0.0044
1690535523651,0.0161
1690535523659,-0.0086
1690535523667,0.022
1690535523674,-0.0032
1690535523682,-0.0094
1690535523690,-0.0054
1690535523698,-0.0118
1690535523706,0.0001
1690535523713,0.0081
1690535523721,-0.0029
1690535523729,0.0024
1690535523737,-0.0001
1690535523745,0.0189
1690535523752,-0.005
1690535523760,-0.0051
1690535523768,0.0147
1690535523776,0.0223
1690535523784,0.0515
1690535523791,0.0455
1690535523799,0.091
1690535523807,0.1009
1690535523815,0.115
1690535523823,0.0806
1690535523831,0.0603
1690535523838,0.0415
1690535523846,0.0296
1690535523854,0.007
1690535523862,0.0013
1690535523870,0.0149
1690535523877,-0.01
1690535523885,0.0084
1690535523893,0.0066
1690535523901,0.0081
1690535523909,-0.0098
1690535523917,-0.0031
1690535523924,-0.0157
1690535523932,-0.0077
1690535523940,0.0019
1690535523948,-0.025
1690535523956,-0.1076
1690535523963,-0.0857
1690535523971,0.4489
1690535523979,0.9558
1690535523987,0.3554
1690535523995,-0.1969
1690535524002,-0.1641
1690535524010,-0.0668
1690535524018,-0.0068
1690535524026,-0.0074
1690535524034,-0.0023
1690535524041,0.0102
1690535524049,-0.0049
1690535524057,0.0214
1690535524065,0.0083
1690535524073,0.0137
1690535524081,0.0259
1690535524088,0.0823
1690535524096,0.0942
1690535524104,0.1191
1690535524112,0.1428
1690535524120,0.1985
1690535524127,0.2126
1690535524135,0.2453
1690535524143,0.2473
1690535524151,0.25
1690535524159,0.2143
1690535524167,0.1861
1690535524174,0.1965
1690535524182,0.1437
1690535524190,0.0974
1690535524198,0.0608
1690535524206,0.0528
1690535524213,0.0301
1690535524221,0.0302
1690535524229,0.0107
1690535524237,0.0033
1690535524245,-0.027
1690535524252,0.0126
1690535524260,0.0055
1690535524268,0.0092
1690535524276,-0.0057
1690535524284,0.0044
1690535524291,0.0124
1690535524299,-0.0113
1690535524307,-0.0152
1690535524315,-0.0004
1690535524323,-0.0053
1690535524331,-0.0084
1690535524338,0.0054
1690535524346,0.0011
1690535524354,-0.0016
1690535524362,-0.017
1690535524370,0.0021
1690535524377,-0.0087
1690535524385,0.0052
1690535524393,0.0032
1690535524401,-0.0037
1690535524409,-0.0063
1690535524417,-0.0113
1690535524424,0.0051
1690535524432,0.0031
1690535524440,0.0064
1690535524448,0.0168
1690535524456,0.0138
1690535524463,-0.0097
1690535524471,0.0089
1690535524479,0.0006
1690535524487,-0.0089
1690535524495,-0.0015
1690535524502,-0.0009
1690535524510,-0.0096
1690535524518,-0.0088
1690535524526,-0.0048
1690535524534,0.0207
1690535524541,0.0083
1690535524549,0.0134
1690535524557,0.0093
1690535524565,-0.0104
1690535524573,-0.0044
1690535524581,0.0164
1690535524588,0.0134
1690535524596,0.0033
1690535524604,0.0211
1690535524612,0.0351
1690535524620,0.0504
1690535524627,0.0539
1690535524635,0.089
1690535524643,0.1017
1690535524651,0.1063
1690535524659,0.0977
1690535524667,0.0533
1690535524674,0.0353
1690535524682,0.0414
1690535524690,0.0111
1690535524698,0.0035
1690535524706,0.009
1690535524713,-0.002
1690535524721,-0.0085
1690535524729,0.0062
1690535524737,0.0013
1690535524745,0.0028
1690535524752,0.0089
1690535524760,-0.0061
1690535524768,-0.0074
1690535524776,-0.0111
1690535524784,-0.0147
1690535524791,-0.1144
1690535524799,0.0226
1690535524807,0.6946
1690535524815,0.8729
1690535524823,0.1049
1690535524831,-0.2233
1690535524838,-0.1271
1690535524846,-0.025
1690535524854,-0.0068
1690535524862,-0.0145
1690535524870,-0.0095
1690535524877,0.0005
1690535524885,0.0132
1690535524893,0.0227
1690535524901,0.0149
1690535524909,0.0288
1690535524917,0.0573
1690535524924,0.0718
1690535524932,0.0879
1690535524940,0.12
1690535524948,0.1561
1690535524956,0.191
1690535524963,0.2249
1690535524971,0.2449
1690535524979,0.2528
1690535524987,0.2508
1690535524995,0.2218
1690535525002,0.1966
1690535525010,0.1611
1690535525018,0.1204
1690535525026,0.103
1690535525034,0.0755
1690535525041,0.0533
1690535525049,0.0407
1690535525057,0.0159
1690535525065,-0.0025
1690535525073,0.0017
1690535525081,0.0182
1690535525088,0.0087
1690535525096,-0.0097
1690535525104,0.0018
1690535525112,0.008
1690535525120,0.0062
1690535525127,-0.0088
1690535525135,-0.0007
1690535525143,-0.0192
1690535525151,0.015
1690535525159,0.0137
1690535525167,0.0076
1690535525174,0.0125
1690535525182,-0.0028
1690535525190,-0.0107
1690535525198,-0.0019
1690535525206,-0.0005
1690535525213,-0.0089
1690535525221,-0.0106
1690535525229,0.003
1690535525237,-0.0045
1690535525245,0.0002
1690535525252,0.004
1690535525260,-0.0038
1690535525268,-0.0022
1690535525276,-0.0147
1690535525284,-0.0045
1690535525291,-0.0067
1690535525299,-0.0006
1690535525307,0.0053
1690535525315,-0.0056
1690535525323,0.002
1690535525331,-0.0071
1690535525338,0.0029
1690535525346,-0.0069
1690535525354,-0.008
1690535525362,0.0139
1690535525370,0.0037
1690535525377,0.0156
1690535525385,-0.0016
1690535525393,0.0179
1690535525401,0.0045
1690535525409,0.0099
1690535525417,-0.0027
1690535525424,0.0202
1690535525432,-0.0041
1690535525440,0.0222
1690535525448,0.0381
1690535525456,0.0627
1690535525463,0.0696
1690535525471,0.0828
1690535525479,0.1162
1690535525487,0.1005
1690535525495,0.067
1690535525502,0.0492
1690535525510,0.0245
1690535525518,0.0259
1690535525526,0.0036
1690535525534,0.0009
1690535525541,-0.0053
1690535525549,-0.0006
1690535525557,-0.0001
1690535525565,0.0025
1690535525573,-0.0135
1690535525581,-0.0123
1690535525588,0.0023
1690535525596,-0.0007
1690535525604,0.0018
1690535525612,-0.0075
1690535525620,-0.0707
1690535525627,-0.1276
1690535525635,0.1969
1690535525643,0.893
1690535525651,0.6242
1690535525659,-0.0852
1690535525667,-0.2239
1690535525674,-0.0921
1690535525682,-0.0282
1690535525690,-0.0049
1690535525698,-0.0171
1690535525706,0.0146
1690535525713,-0.0039
1690535525721,0.0189
1690535525729,0.0215
1690535525737,0.0201
1690535525745,0.0148
1690535525752,0.0486
1690535525760,0.0862
1690535525768,0.1091
1690535525776,0.1359
1690535525784,0.1715
1690535525791,0.2109
1690535525799,0.2232
1690535525807,0.2388
1690535525815,0.258
1690535525823,0.23
1690535525831,0.2263
1690535525838,0.1877
1690535525846,0.1471
1690535525854,0.1223
1690535525862,0.078
1690535525870,0.0552
1690535525877,0.0397
1690535525885,0.0183
1690535525893,0.0112
1690535525901,0.0109
1690535525909,0.0017
1690535525917,0.0055
1690535525924,0.019
1690535525932,0.0149
1690535525940,0.0119
1690535525948,-0.0088
1690535525956,0.0024
1690535525963,0.0218
1690535525971,-0.0131
1690535525979,0.0074
1690535525987,-0.0171
1690535525995,-0.0082
1690535526002,-0.0056
1690535526010,-0.0121
1690535526018,-0.0016
1690535526026,0.0009
1690535526034,0.0038
1690535526041,-0.002
1690535526049,0.0169
1690535526057,-0.0063
1690535526065,0.0041
1690535526073,0.0087
1690535526081,-0.0048
1690535526088,0.0016
1690535526096,-0.0038
1690535526104,-0.0112
1690535526112,-0.0012
1690535526120,-0.0226
1690535526127,-0.0115
1690535526135,-0.0307
1690535526143,-0.01
1690535526151,-0.0148
1690535526159,-0.0025
1690535526167,0.0143
1690535526174,-0.0135
1690535526182,0.0036
1690535526190,-0.0051
1690535526198,-0.0028
1690535526206,0.0012
1690535526213,0.0008
1690535526221,-0.0024
1690535526229,0.0041
1690535526237,-0.0084
1690535526245,-0.0047
1690535526252,-0.0047
1690535526260,0.0059
1690535526268,0.0136
1690535526276,0.0272
1690535526284,0.0385
1690535526291,0.0787
1690535526299,0.0917
1690535526307,0.0905
1690535526315,0.1078
1690535526323,0.0803
1690535526331,0.0582
1690535526338,0.0153
1690535526346,0.0183
1690535526354,-0.0037
1690535526362,0.0135
1690535526370,0.0048
1690535526377,-0.0071
1690535526385,-0.0009
1690535526393,0.0055
1690535526401,0.0246
1690535526409,0.0118
1690535526417,0.0047
1690535526424,0.0147
1690535526432,0.0109
1690535526440,0.0068
1690535526448,-0.0058
1690535526456,-0.0865
1690535526463,-0.0781
1690535526471,0.4307
1690535526479,0.9603
1690535526487,0.3602
1690535526495,-0.1824
1690535526502,-0.1759
1690535526510,-0.0536
1690535526518,-0.0117
1690535526526,-0.0001
1690535526534,-0.0122
1690535526541,0.0071
1690535526549,-0.004
1690535526557,0.0052
1690535526565,0.0115
1690535526573,0.0285
1690535526581,0.0352
1690535526588,0.0527
1690535526596,0.0775
1690535526604,0.1238
1690535526612,0.1538
1690535526620,0.1769
1690535526627,0.2254
1690535526635,0.2353
1690535526643,0.2604
1690535526651,0.2436
1690535526659,0.2403
1690535526667,0.2094
1690535526674,0.1648
1690535526682,0.1464
1690535526690,0.1054
1690535526698,0.0798
1690535526706,0.055
1690535526713,0.0431
1690535526721,0.0469
1690535526729,0.0036
1690535526737,0.001
1690535526745,0.0004
1690535526752,0.0239
1690535526760,-0.0011
1690535526768,0.01
1690535526776,-0.0064
1690535526784,0.0137
1690535526791,-0.0045
1690535526799,0.0015
1690535526807,0.0007
1690535526815,-0.0052
1690535526823,0.0029
1690535526831,-0.0002
1690535526838,-0.0129
1690535526846,0.0008
1690535526854,0.0078
1690535526862,0.0048
1690535526870,0.002
1690535526877,0.0067
1690535526885,0.0106
1690535526893,-0.0055
1690535526901,-0.0006
1690535526909,0.0049
1690535526917,0.0054
1690535526924,-0.0017
1690535526932,0.0001
1690535526940,0.0025
1690535526948,0.0006
1690535526956,0.0174
1690535526963,0.0139
1690535526971,0.0031
1690535526979,0.0082
1690535526987,-0.0045
1690535526995,-0.0044
1690535527002,0.0112
1690535527010,-0.012
1690535527018,0.0098
1690535527026,0.0186
1690535527034,-0.0045
1690535527041,0.0092
1690535527049,0.0027
1690535527057,0.0015
1690535527065,-0.0103
1690535527073,-0.0024
1690535527081,-0.0006
1690535527088,0.0115
1690535527096,0.0261
1690535527104,0.0079
1690535527112,0.0273
1690535527120,0.0598
1690535527127,0.0701
1690535527135,0.0873
1690535527143,0.0964
1690535527151,0.0925
1690535527159,0.0734
1690535527167,0.0551
1690535527174,0.0129
1690535527182,0.0226
1690535527190,0.0041
1690535527198,0.0038
1690535527206,-0.0083
1690535527213,-0.0064
1690535527221,-0.0087
1690535527229,0.0067
1690535527237,-0.0013
1690535527245,-0.0067
1690535527252,-0.0037
1690535527260,0.0067
1690535527268,0.0003
1690535527276,0.0008
1690535527284,-0.0517
1690535527291,-0.1131
1690535527299,0.0222
1690535527307,0.699
1690535527315,0.8809
1690535527323,0.1135
1690535527331,-0.2237
1690535527338,-0.1321
1690535527346,-0.0314
1690535527354,0.0033
1690535527362,-0.0088
1690535527370,-0.0132
1690535527377,0.0158
1690535527385,0.002
1690535527393,0.0135
1690535527401,0.0172
1690535527409,0.0285
1690535527417,0.0285
1690535527424,0.0673
1690535527432,0.108
1690535527440,0.1354
1690535527448,0.17
1690535527456,0.1874
1690535527463,0.2307
1690535527471,0.2584
1690535527479,0.2469
1690535527487,0.2314
1690535527495,0.2195
1690535527502,0.1954
1690535527510,0.1692
1690535527518,0.1205
1690535527526,0.0878
1690535527534,0.0812
1690535527541,0.0247
1690535527549,0.012
1690535527557,0.0177
1690535527565,0.0087
1690535527573,0.0189
1690535527581,-0.0025
1690535527588,-0.0067
1690535527596,-0.0044
1690535527604,0.0045
1690535527612,-0.0069
1690535527620,0.0077
1690535527627,0.016
1690535527635,-0.0177
1690535527643,0.012
1690535527651,-0.0106
1690535527659,-0.014
1690535527667,0.002
1690535527674,0.0026
1690535527682,-0.0011
1690535527690,-0.009
1690535527698,-0.0058
1690535527706,0.0116
1690535527713,-0.0095
1690535527721,0.0092
1690535527729,0.0173
1690535527737,-0.0067
1690535527745,0.0013
1690535527752,-0.0062
1690535527760,-0.0029
1690535527768,0.0009
1690535527776,0.0055
1690535527784,-0.0152
1690535527791,-0.0162
1690535527799,-0.0084
1690535527807,-0.0044
1690535527815,0.0031
1690535527823,0.0119
1690535527831,-0.0061
1690535527838,-0.0139
1690535527846,-0.007
1690535527854,-0.0218
1690535527862,0.0073
1690535527870,-0.0047
1690535527877,-0.0024
1690535527885,-0.0032
1690535527893,-0.0065
1690535527901,-0.0178
1690535527909,0.0031
1690535527917,-0.0092
1690535527924,0.0034
1690535527932,0.0063
1690535527940,0.018
1690535527948,0.042
1690535527956,0.0611
1690535527963,0.0796
1690535527971,0.0717
1690535527979,0.0976
1690535527987,0.0899
1690535527995,0.0707
1690535528002,0.0444
1690535528010,0.0274
1690535528018,0.0154
1690535528026,0.0169
1690535528034,0.0158
1690535528041,-0.0048
1690535528049,0.0123
1690535528057,-0.0095
1690535528065,-0.0024
1690535528073,-0.0127
1690535528081,0.0038
1690535528088,0.0047
1690535528096,0.0016
1690535528104,-0.0172
1690535528112,-0.0131
1690535528120,-0.0404
1690535528127,-0.1273
1690535528135,0.2162
1690535528143,0.8911
1690535528151,0.6386
1690535528159,-0.0863
1690535528167,-0.2358
1690535528174,-0.0895
1690535528182,-0.0348
1690535528190,0.0167
1690535528198,0.0003
1690535528206,-0.0002
1690535528213,0.0134
1690535528221,0.0121
1690535528229,0.0095
1690535528237,0.0315
1690535528245,0.0184
1690535528252,0.0522
1690535528260,0.0714
1690535528268,0.1091
1690535528276,0.125
1690535528284,0.1656
1690535528291,0.2103
1690535528299,0.2381
1690535528307,0.2472
1690535528315,0.2521
1690535528323,0.216
1690535528331,0.2111
1690535528338,0.184
1690535528346,0.16
1690535528354,0.1189
1690535528362,0.0614
1690535528370,0.0387
1690535528377,0.0384
1690535528385,0.0477
1690535528393,0.0094
1690535528401,0.0071
1690535528409,-0.0034
1690535528417,0.0098
1690535528424,0.0079
1690535528432,0.0134
1690535528440,0.0028
1690535528448,-0.0038
1690535528456,0.0033
1690535528463,0.009
1690535528471,0.0183
1690535528479,0.0116
1690535528487,0.0029
1690535528495,-0.0048
1690535528502,0.0124
1690535528510,0.007
1690535528518,-0.0009
1690535528526,-0.0038
1690535528534,0.0144
1690535528541,0.0014
1690535528549,0.0059
1690535528557,-0.0044
1690535528565,0.0062
1690535528573,-0.0076
1690535528581,-0.0042
1690535528588,-0.0013
1690535528596,-0.0026
1690535528604,-0.0183
1690535528612,0.0014
1690535528620,0.0022
1690535528627,-0.0061
1690535528635,0.0055
1690535528643,0.0089
1690535528651,0.0086
1690535528659,-0.0069
1690535528667,0.0104
1690535528674,0.0025
1690535528682,0.006
1690535528690,-0.0015
1690535528698,-0.005
1690535528706,-0.0098
1690535528713,-0.0076
1690535528721,-0.0053
1690535528729,-0.0021
1690535528737,-0.0069
1690535528745,-0.005
1690535528752,-0.0198
1690535528760,0.0078
1690535528768,0.0085
1690535528776,0.0344
1690535528784,0.0342
1690535528791,0.052
1690535528799,0.0761
1690535528807,0.1019
1690535528815,0.0856
1690535528823,0.0972
1690535528831,0.0759
1690535528838,0.0355
1690535528846,0.0206
1690535528854,-0.0105
1690535528862,0.0106
1690535528870,0.0039
1690535528877,-0.0144
1690535528885,0.0157
1690535528893,-0.0127
1690535528901,0.008
1690535528909,0.022
1690535528917,-0.0034
1690535528924,-0.0155
1690535528932,-0.0056
1690535528940,0.0026
1690535528948,-0.0126
1690535528956,-0.0966
1690535528963,-0.0891
1690535528971,0.4328
1690535528979,0.9452
1690535528987,0.3581
1690535528995,-0.168
1690535529002,-0.1744
1690535529010,-0.0549
1690535529018,-0.0136
1690535529026,0.0155
1690535529034,-0.0013
1690535529041,-0.0151
1690535529049,-0.0026
1690535529057,0.0197
1690535529065,0.0187
1690535529073,0.0243
1690535529081,0.0435
1690535529088,0.041
1690535529096,0.0723
1690535529104,0.1055
1690535529112,0.1498
1690535529120,0.1797
1690535529127,0.1886
1690535529135,0.2478
1690535529143,0.2219
1690535529151,0.2629
1690535529159,0.2142
1690535529167,0.2034
1690535529174,0.173
1690535529182,0.1303
1690535529190,0.102
1690535529198,0.0645
1690535529206,0.0441
1690535529213,0.0342
1690535529221,0.0135
1690535529229,0.0091
1690535529237,0.0107
1690535529245,0.0083
1690535529252,0.0085
1690535529260,-0.0031
1690535529268,0.0028
1690535529276,0.0084
1690535529284,-0.0028
1690535529291,-0.0035
1690535529299,0.0099
1690535529307,-0.0201
1690535529315,0.0105
1690535529323,-0.0082
1690535529331,-0.0111
1690535529338,0.0152
1690535529346,0.0205
1690535529354,0.0071
1690535529362,0.0171
1690535529370,0.0178
1690535529377,0.0004
1690535529385,-0.0219
1690535529393,0.0176
1690535529401,0.0001
1690535529409,-0.0014
1690535529417,0.0027
1690535529424,-0.0068
1690535529432,0.0014
1690535529440,-0.0002
1690535529448,0.0029
1690535529456,0.0041
1690535529463,0.004
1690535529471,-0.0044
