timestamp,ch_Fp1,ch_Fp2,ch_C3,ch_C4
1690535469479,16.8264,1.2772,3.577,6.7522
1690535469483,19.4867,7.5918,9.7846,14.6861
1690535469487,25.6382,8.373,14.1122,15.225
1690535469491,30.4452,14.8912,20.568,19.1645
1690535469495,28.1575,16.4402,20.5815,15.5497
1690535469499,29.8118,20.2092,18.6401,22.4484
1690535469503,29.962,18.2851,15.8614,20.5596
1690535469507,23.6125,14.1937,12.9598,21.9938
1690535469511,23.1529,10.6052,14.2167,17.2969
1690535469515,18.043,9.5191,11.9827,17.0002
1690535469519,12.61,7.182,5.3013,4.6972
1690535469523,8.1102,0.5494,-0.3935,5.4003
1690535469527,-1.4062,-1.6424,0.7174,-0.9846
1690535469531,-1.8337,-8.6683,-5.4715,-8.1175
1690535469535,-10.5402,-9.7551,-14.8945,-12.6818
1690535469539,-9.6113,-18.3945,-19.4691,-15.4236
1690535469543,-13.0622,-16.3847,-18.606,-13.0918
1690535469547,-15.1299,-17.5917,-21.3312,-14.0782
1690535469551,-11.6206,-15.1079,-17.9739,-11.3205
1690535469555,-10.6572,-14.9938,-16.5798,-11.463
1690535469559,-12.8521,-15.8247,-13.6108,-11.1026
1690535469563,-2.9569,-12.0086,-11.599,-8.0656
1690535469567,-5.9746,-6.0506,-7.5666,-0.1766
1690535469571,3.0279,-4.8232,-3.5358,4.3368
1690535469575,6.2769,0.1344,1.7186,4.7956
1690535469579,13.4644,9.9666,6.7214,11.1455
1690535469583,15.329,14.0426,8.616,17.9345
1690535469587,21.3392,13.6525,12.3711,20.9043
1690535469591,21.0288,20.8315,19.1344,25.1284
1690535469595,25.7657,24.5313,19.485,24.761
1690535469599,23.5856,24.0275,21.9296,27.6105
1690535469603,22.1867,20.6776,20.7619,30.605
1690535469607,25.7058,20.81,15.4988,23.3246
1690535469611,16.1593,15.6654,14.7439,24.8286
1690535469615,16.5242,13.876,10.8959,16.3245
1690535469619,11.1623,8.1037,2.6586,15.0606
1690535469623,9.1647,2.6096,-1.2256,10.3869
1690535469627,-3.2447,-2.3832,-0.2731,7.4546
1690535469631,-7.9363,-9.3327,-9.873,1.9683
1690535469635,-10.5358,-11.6811,-14.6346,-4.8449
1690535469639,-17.5032,-18.8203,-13.3031,-1.8753
1690535469643,-18.1691,-16.4844,-18.5118,-9.6113
1690535469647,-19.4707,-18.7046,-17.3798,-11.2406
1690535469651,-20.453,-18.0024,-17.603,-11.2299
1690535469655,-16.8305,-17.1271,-19.2568,-5.454
1690535469659,-17.5114,-15.4774,-16.3704,-11.7104
1690535469663,-13.873,-10.596,-8.4812,-5.3971
1690535469667,-13.32,-9.8796,-6.2434,-4.356
1690535469671,-2.1277,-7.5568,-0.2141,1.6188
1690535469675,-1.9126,-1.062,3.2598,5.8307
1690535469679,-0.4239,4.3937,3.31,6.9096
1690535469683,6.5872,7.4869,10.044,12.1376
1690535469687,9.5484,13.3887,14.9498,18.1186
1690535469691,12.7584,17.8388,16.8229,20.4816
1690535469695,15.2588,16.2662,17.5204,21.0988
1690535469699,15.2867,17.2118,20.2849,22.289
1690535469703,11.2097,20.7718,19.2436,18.4738
1690535469707,16.7571,16.6736,16.3032,18.2331
1690535469711,10.8128,9.5897,14.371,14.4213
1690535469715,6.8359,9.622,9.4268,10.3055
1690535469719,4.8854,6.0745,6.1321,10.3297
1690535469723,-3.1588,1.6087,-0.0149,2.3323
1690535469727,-7.3691,-5.3039,-3.7703,-3.1437
1690535469731,-9.1668,-10.7106,-7.6294,-6.4996
1690535469735,-15.556,-16.236,-10.375,-16.2729
1690535469739,-24.6003,-20.8595,-14.6028,-18.8583
1690535469743,-18.7687,-23.9826,-16.8692,-19.0895
1690535469747,-23.4356,-24.9427,-20.7694,-20.2226
1690535469751,-21.347,-19.8881,-18.5493,-23.012
1690535469755,-21.4735,-22.6803,-17.6891,-21.865
1690535469759,-21.5641,-15.7514,-13.5724,-18.2311
1690535469763,-16.2037,-10.5366,-11.6045,-21.9037
1690535469767,-14.4274,-6.156,-8.7665,-13.5627
1690535469771,-7.1291,-1.6972,-0.7819,-8.6643
1690535469775,0.7862,2.5201,2.3433,-6.183
1690535469779,5.8512,3.7651,5.67,4.7963
1690535469783,13.2346,10.5883,9.9654,7.1579
1690535469787,15.04,12.2753,10.8831,11.0342
1690535469791,14.0094,18.1152,14.619,16.0343
1690535469795,15.0085,23.0167,16.3815,9.8768
1690535469799,19.6872,20.0207,20.0904,15.3751
1690535469803,23.6121,21.4194,21.402,12.1988
1690535469807,19.1575,18.4527,14.8526,9.8126
1690535469811,14.3284,17.0562,10.4334,7.1932
1690535469815,10.8976,16.6687,9.2529,-3.1306
1690535469819,6.9749,11.3615,5.4348,-1.1904
1690535469823,-3.1338,1.8352,3.9149,-9.7341
1690535469827,-1.5955,4.2194,-2.8768,-13.2723
1690535469831,-6.2489,-6.8184,-8.1608,-19.0723
1690535469835,-11.9005,-10.8234,-13.6107,-23.1351
1690535469839,-18.7181,-14.0774,-13.9858,-30.0347
1690535469843,-21.3589,-17.448,-18.2346,-23.4046
1690535469847,-23.8594,-23.0742,-24.3848,-26.2196
1690535469851,-26.394,-19.9326,-22.5837,-34.0828
1690535469855,-26.0569,-17.9832,-20.9014,-31.4157
1690535469859,-18.4521,-14.2691,-14.9811,-28.5964
1690535469863,-23.2283,-9.6618,-13.5685,-21.7863
1690535469867,-12.7425,-5.5893,-6.0481,-17.2752
1690535469871,-9.7576,-3.2357,-1.2738,-11.1543
1690535469875,-5.5277,2.7067,8.6474,-8.8897
1690535469879,-1.6827,4.2626,2.8448,2.4282
1690535469883,4.4234,12.009,10.5985,5.4591
1690535469887,8.1341,11.2012,12.7833,9.5026
1690535469891,9.6364,17.3211,14.0475,11.8061
1690535469895,15.0912,17.1606,15.0987,12.3369
1690535469899,9.6199,16.7825,20.5548,16.0156
1690535469903,18.0998,19.1717,17.0536,12.2019
1690535469907,12.3089,18.2889,13.7395,10.3623
1690535469911,15.4338,10.3997,12.7469,8.8666
1690535469915,6.623,6.6295,8.3068,5.2322
1690535469919,1.5519,5.7409,6.48,0.1117
1690535469923,-5.1056,0.4023,-1.3654,-3.8367
1690535469927,-7.3041,-3.353,-5.8363,-4.0379
1690535469931,-13.4825,-5.273,-5.472,-9.9258
1690535469935,-15.06,-10.4115,-7.9285,-15.9629
1690535469939,-15.9897,-18.2964,-16.1564,-16.0102
1690535469943,-22.3757,-23.3907,-19.3535,-20.2355
1690535469947,-22.5379,-22.316,-13.5817,-21.6103
1690535469951,-24.2013,-24.45,-22.6336,-18.5127
1690535469955,-22.7653,-21.075,-17.7115,-13.9265
1690535469959,-23.9812,-20.0465,-15.2969,-17.7379
1690535469963,-21.4691,-15.9335,-11.8972,-12.7354
1690535469967,-15.68,-11.7104,-8.125,-7.0237
1690535469971,-13.9727,-8.2735,-6.7762,0.1336
1690535469975,-4.9533,2.276,3.5761,5.282
1690535469979,-0.7955,6.1261,4.9293,7.109
1690535469983,1.1486,10.9758,4.3778,8.0674
1690535469987,11.1916,12.4825,12.0803,16.2585
1690535469991,13.0479,17.1053,18.0396,16.8763
1690535469995,11.5863,18.0704,17.1757,18.6136
1690535469999,19.2831,20.1408,21.7914,16.3929
1690535470003,14.5908,21.9189,21.2759,22.8176
1690535470007,15.9346,21.5178,20.5524,20.4892
1690535470011,9.2795,17.0245,12.8535,18.0535
1690535470015,8.3733,13.6746,13.1562,12.701
1690535470019,0.8956,8.2903,7.9275,11.3081
1690535470023,-2.0189,3.815,-2.4305,5.0133
1690535470027,-7.8405,-2.1835,-6.2691,1.5744
1690535470031,-10.0634,-8.0068,-9.1726,-7.6608
1690535470035,-13.0867,-8.4763,-12.1714,-9.3323
1690535470039,-13.1309,-11.8107,-19.3741,-10.1554
1690535470043,-17.337,-13.5245,-16.7657,-13.0819
1690535470047,-21.6948,-17.107,-18.4179,-15.153
1690535470051,-22.2781,-15.5078,-17.9892,-11.4086
1690535470055,-24.4609,-15.1416,-14.3768,-12.1659
1690535470059,-18.3579,-12.9307,-15.6413,-9.8544
1690535470063,-16.3409,-13.8864,-12.1435,-5.8166
1690535470067,-11.3927,-8.1442,-8.4023,0.3341
1690535470071,-5.9035,-2.4844,-6.4078,2.2805
1690535470075,0.8063,0.1703,-3.711,5.814
1690535470079,8.0297,7.2711,3.3238,9.1806
1690535470083,10.9802,10.8255,7.8427,18.0109
1690535470087,16.4443,15.6474,10.2356,20.0693
1690535470091,18.6201,18.8583,11.6798,22.1186
1690535470095,20.2104,20.3115,19.2537,22.7079
1690535470099,26.9287,18.151,19.2276,26.159
1690535470103,22.9069,23.1179,16.8541,21.7237
1690535470107,22.8013,17.6544,14.4517,20.4201
1690535470111,22.0419,14.3073,16.9122,18.2522
1690535470115,19.4184,9.302,10.4567,13.1128
1690535470119,19.9623,5.5125,8.7348,8.7457
1690535470123,12.031,-0.5673,4.3943,3.5986
1690535470127,7.0853,-2.7041,-2.1416,-3.5893
1690535470131,3.9386,-10.1746,-9.1076,-10.0411
1690535470135,0.5245,-14.2588,-7.9441,-5.6816
1690535470139,-6.1299,-18.0303,-18.2869,-13.4637
1690535470143,-7.4669,-20.3561,-15.5628,-19.5655
1690535470147,-11.1715,-23.2805,-13.7888,-19.8816
1690535470151,-12.3453,-25.3769,-16.5518,-17.6388
1690535470155,-8.4693,-19.3443,-15.6831,-19.6977
1690535470159,-8.8541,-15.8733,-16.25,-18.1048
1690535470163,-1.6954,-14.361,-18.6424,-10.332
1690535470167,-2.4188,-8.7522,-8.9421,-9.1464
1690535470171,5.3705,-7.5432,-6.4655,-4.5451
1690535470175,7.4938,-2.9579,0.0353,2.5894
1690535470179,17.6054,5.0285,4.1558,8.8189
1690535470183,18.786,6.8128,9.2984,10.1458
1690535470187,19.4312,13.8276,16.1974,14.2699
1690535470191,23.9071,12.8004,11.2073,19.161
1690535470195,25.0928,18.4082,19.3798,24.1314
1690535470199,25.8654,17.4425,20.0721,21.6066
1690535470203,25.5479,15.9897,20.4664,19.953
1690535470207,21.7953,20.5309,17.2324,22.1339
1690535470211,18.5754,13.6536,14.1763,16.2087
1690535470215,19.0692,13.3598,7.4757,13.9749
1690535470219,12.9973,6.4228,6.1451,4.2028
1690535470223,11.4368,3.7987,3.8153,3.9841
1690535470227,6.8656,-3.6379,0.6235,-3.9259
1690535470231,3.7178,-8.3382,-9.7516,-9.6236
1690535470235,-5.6119,-14.8616,-11.7487,-6.2227
1690535470239,-5.9491,-20.4448,-16.1561,-13.7786
1690535470243,-12.0897,-19.0615,-21.0624,-14.6367
1690535470247,-9.4847,-18.0941,-18.0509,-23.4967
1690535470251,-14.6242,-19.2991,-21.625,-18.9577
1690535470255,-11.3086,-17.1858,-15.0879,-20.5282
1690535470259,-8.4116,-14.6557,-14.0247,-16.4985
1690535470263,-5.5851,-9.1863,-14.6951,-10.5328
1690535470267,-3.688,-3.2623,-9.0678,-9.4356
1690535470271,2.0395,-2.1909,-3.2344,0.2334
1690535470275,1.3966,4.8203,0.7588,-0.405
1690535470279,10.1664,12.1222,7.9365,3.5493
1690535470283,13.2121,9.2272,14.0293,3.4837
1690535470287,20.7114,15.5991,12.2147,14.0906
1690535470291,19.1565,21.5409,18.5326,18.8629
1690535470295,21.235,19.8817,15.5943,19.0644
1690535470299,17.8412,23.4339,17.8556,20.1613
1690535470303,17.3008,22.0108,16.986,19.6233
1690535470307,13.888,22.2167,15.1934,15.9234
1690535470311,14.4364,13.2321,15.415,13.5752
1690535470315,6.8913,15.0115,12.4292,6.4324
1690535470319,2.8141,4.7498,9.1947,6.9756
1690535470323,-5.378,2.4176,7.5095,-1.5279
1690535470327,-10.6277,-0.3659,0.9073,-3.3552
1690535470331,-14.7682,-5.3884,-5.2375,-8.5878
1690535470335,-13.9268,-10.7845,-10.779,-13.7842
1690535470339,-17.2381,-15.2632,-14.2502,-17.2081
1690535470343,-20.317,-20.6392,-16.7188,-18.2433
1690535470347,-24.3554,-20.2886,-18.1311,-22.7829
1690535470351,-25.0602,-23.3989,-20.1433,-17.8973
1690535470355,-20.6197,-21.063,-24.2777,-16.4386
1690535470359,-21.7041,-21.115,-18.2368,-14.6494
1690535470363,-21.2089,-14.8943,-17.1848,-11.5257
1690535470367,-15.2046,-7.0487,-10.1296,-5.8643
1690535470371,-8.739,-5.9817,-3.2739,-1.9059
1690535470375,-5.3477,-1.4879,-0.7607,3.0674
1690535470379,-1.5041,9.8955,6.4713,6.7432
1690535470383,-0.5901,6.7333,8.7696,13.2871
1690535470387,8.3383,15.0423,12.2684,17.4448
1690535470391,8.5081,20.8402,18.1045,17.6296
1690535470395,13.3812,15.1313,16.0551,16.2721
1690535470399,12.2175,18.8948,17.2782,19.3913
1690535470403,16.0549,19.6123,18.4242,20.7401
1690535470407,15.3122,13.4527,16.9792,14.5473
1690535470411,9.0392,17.5924,15.7425,13.8545
1690535470415,1.5471,10.4097,11.9386,4.8759
1690535470419,-3.8384,4.9686,8.9091,3.1265
1690535470423,-6.9624,-3.8133,4.1479,-3.5537
1690535470427,-18.5561,-6.6936,-8.9013,-8.2534
1690535470431,-15.4572,-7.3165,-7.1388,-12.482
1690535470435,-20.9654,-15.5318,-13.3881,-15.2521
1690535470439,-23.7169,-19.4243,-14.304,-22.1382
1690535470443,-23.3315,-20.7562,-19.9067,-24.1639
1690535470447,-23.9003,-20.1095,-17.9109,-25.2103
1690535470451,-23.3256,-19.3796,-19.3903,-24.6448
1690535470455,-22.8558,-21.9173,-17.3735,-21.774
1690535470459,-19.2781,-16.8708,-13.3536,-22.461
1690535470463,-15.9012,-12.2162,-12.9932,-17.3746
1690535470467,-12.0264,-8.0296,-5.9851,-17.097
1690535470471,-5.4485,-3.1183,-7.1312,-8.2433
1690535470475,-0.894,2.2475,-4.0712,-6.3762
1690535470479,1.1675,9.0704,4.758,-1.0514
1690535470483,3.6826,10.4056,10.947,4.5339
1690535470487,11.4362,15.3874,13.7647,8.2708
1690535470491,15.354,19.3621,15.896,11.0593
1690535470495,13.671,23.5156,17.5004,12.1082
1690535470499,15.5686,18.5458,19.7224,13.2514
1690535470503,11.4681,24.5827,18.3968,12.5139
1690535470507,11.3454,22.0302,18.1558,14.1647
1690535470511,12.2038,19.7451,16.8588,7.238
1690535470515,7.9526,15.0256,12.3451,4.6677
1690535470519,1.3951,10.4713,9.4267,3.1466
1690535470523,-4.3652,3.4278,4.0947,-5.3489
1690535470527,-11.3835,-0.5026,-1.0156,-6.5901
1690535470531,-13.8416,-4.4326,-7.0996,-8.1269
1690535470535,-17.6893,-8.335,-8.4926,-12.8889
1690535470539,-20.163,-11.6504,-12.9485,-17.8243
1690535470543,-20.135,-15.2354,-15.0934,-21.4209
1690535470547,-20.2043,-20.373,-19.1668,-25.3672
1690535470551,-20.4958,-23.3021,-17.1513,-22.9546
1690535470555,-21.4792,-20.9025,-18.3474,-25.1326
1690535470559,-17.3001,-17.7539,-17.9598,-19.1285
1690535470563,-15.7527,-13.4452,-16.7882,-18.9776
1690535470567,-8.5496,-10.9804,-14.1001,-13.3181
1690535470571,-1.0551,-6.6236,-7.5475,-6.9238
1690535470575,4.7229,-2.0863,-0.8283,-0.9568
1690535470579,12.1694,2.7076,7.1957,4.3048
1690535470583,16.1671,6.6149,9.3194,7.0925
1690535470587,19.4778,10.3677,15.4581,14.2361
1690535470591,23.2969,15.2183,18.6282,14.2547
1690535470595,20.0465,17.3587,19.8031,19.7216
1690535470599,23.9494,18.6475,22.3397,21.9049
1690535470603,21.0792,18.9646,19.792,16.3534
1690535470607,19.4257,15.0916,18.8042,20.1696
1690535470611,12.7308,13.4564,19.4654,17.2856
1690535470615,10.6264,12.1964,8.7602,11.3083
1690535470619,6.0543,7.0936,7.4718,10.056
1690535470623,0.1802,0.1945,-3.6941,3.2502
1690535470627,-3.8172,0.0359,-1.8101,-0.5925
1690535470631,-12.2294,-5.4195,-7.0171,-8.626
1690535470635,-15.8721,-10.6948,-13.279,-11.954
1690535470639,-25.0097,-17.9345,-18.0995,-12.3695
1690535470643,-26.6868,-20.4944,-18.4982,-16.02
1690535470647,-21.3985,-19.7057,-19.3736,-17.3175
1690535470651,-23.4183,-19.6817,-16.4455,-13.2251
1690535470655,-21.6252,-20.6471,-22.2237,-11.2716
1690535470659,-17.1823,-20.6977,-14.7074,-8.5652
1690535470663,-13.8762,-14.1245,-13.4411,-9.123
1690535470667,-13.3861,-9.7983,-9.9693,-0.5581
1690535470671,-1.4437,-11.9293,-4.8191,3.8621
1690535470675,0.4532,-2.8737,-0.2947,10.1599
1690535470679,6.9941,0.4271,5.0449,14.4984
1690535470683,12.2457,7.6265,8.4399,20.3402
1690535470687,16.4093,16.1392,9.4766,19.3257
1690535470691,17.6519,17.6457,14.7689,26.4873
1690535470695,20.2302,18.9916,20.46,30.1104
1690535470699,25.2815,23.3745,19.1914,29.8878
1690535470703,20.1254,25.6623,21.2656,28.109
1690535470707,20.8298,20.2892,17.727,28.3342
1690535470711,16.1851,20.3484,14.2087,20.3783
1690535470715,13.3611,14.5018,11.5433,18.4141
1690535470719,7.8969,8.3634,9.8901,13.9412
1690535470723,3.7166,3.3347,4.675,9.7675
1690535470727,-3.0904,-1.036,1.0834,1.9229
1690535470731,-10.2993,-3.0939,-1.1231,-0.4868
1690535470735,-12.7849,-7.6009,-11.3408,-4.9746
1690535470739,-14.6901,-9.8148,-16.6462,-6.1166
1690535470743,-20.886,-12.774,-20.3587,-11.8704
1690535470747,-15.1657,-15.4806,-21.6776,-10.8402
1690535470751,-12.2622,-16.5804,-18.1751,-13.1011
1690535470755,-14.6092,-17.707,-20.3973,-10.7665
1690535470759,-13.2916,-12.6375,-17.7924,-11.2352
1690535470763,-5.3325,-12.3924,-14.4035,-6.9957
1690535470767,-3.8706,-9.6351,-12.1402,-3.4077
1690535470771,3.8955,-6.9118,-8.3939,3.7733
1690535470775,8.6209,-2.4829,1.1675,8.272
1690535470779,12.696,7.201,9.5877,15.7074
1690535470783,16.7472,8.3841,12.0686,19.4396
1690535470787,20.33,13.6965,15.6777,21.0642
1690535470791,23.4304,14.1148,21.7721,21.8783
1690535470795,23.8301,16.0408,18.1695,20.8016
1690535470799,24.3827,13.6661,24.5336,25.3634
1690535470803,28.9998,16.8113,20.7441,23.3992
1690535470807,26.3145,15.9976,19.4258,20.5443
1690535470811,22.5034,17.4722,12.8416,15.9161
1690535470815,17.9991,14.0054,10.9703,13.3747
1690535470819,12.2026,10.4245,8.2897,11.9586
1690535470823,6.3312,3.4797,5.202,4.6191
1690535470827,-1.8674,-4.8178,-4.3859,1.0577
1690535470831,-3.4564,-6.9597,-6.9941,-9.748
1690535470835,-8.2503,-13.1604,-11.8639,-10.3511
1690535470839,-9.0815,-12.5377,-16.9451,-12.4962
1690535470843,-16.3605,-17.2818,-18.596,-16.4272
1690535470847,-16.0932,-22.0946,-17.9539,-19.067
1690535470851,-11.3454,-17.4153,-23.1397,-23.3573
1690535470855,-13.7911,-18.1124,-20.3255,-17.8973
1690535470859,-10.4693,-17.2992,-16.9421,-22.321
1690535470863,-4.9609,-13.7045,-11.4679,-12.3204
1690535470867,-3.1058,-11.8422,-12.2471,-14.1542
1690535470871,2.0544,-8.7079,-5.0579,-10.7454
1690535470875,6.8109,2.3882,-1.2288,-4.6732
1690535470879,13.8846,1.9934,6.1549,4.1849
1690535470883,19.8269,5.4692,11.1831,3.2112
1690535470887,21.5761,13.5369,15.5384,9.3057
1690535470891,26.5557,10.8217,19.7867,11.9291
1690535470895,31.6499,15.8257,16.5119,12.7599
1690535470899,24.5233,14.2272,21.0283,10.8708
1690535470903,24.9921,19.1476,18.8437,10.7481
1690535470907,26.7433,14.794,16.5423,8.3424
1690535470911,22.1376,12.5048,12.7663,8.9589
1690535470915,24.6964,11.2043,9.4065,1.5701
1690535470919,18.3061,8.6021,9.6554,-1.3654
1690535470923,8.0346,7.3783,-1.4734,-6.4815
1690535470927,3.0065,1.4078,-3.1591,-12.4914
1690535470931,-1.4545,-5.3383,-6.1333,-17.882
1690535470935,-6.198,-13.446,-15.0706,-17.5915
1690535470939,-9.7323,-9.8812,-10.6206,-24.0849
1690535470943,-15.2235,-17.3987,-23.7652,-31.1998
1690535470947,-17.1321,-15.1963,-20.8821,-27.7187
1690535470951,-17.5433,-13.1522,-17.7569,-30.31
1690535470955,-23.7331,-13.9556,-18.4325,-28.1198
1690535470959,-16.7917,-9.4748,-18.9257,-27.5589
1690535470963,-11.2905,-12.6128,-13.2288,-16.2739
1690535470967,-3.2352,-7.716,-10.3903,-17.0712
1690535470971,-3.2692,-2.3399,-4.8896,-10.3961
1690535470975,-1.1642,7.2359,4.209,-3.7301
1690535470979,5.0672,6.9946,6.9295,-0.339
1690535470983,9.225,7.393,10.4951,4.4683
1690535470987,8.4395,17.9169,16.992,7.7801
1690535470991,10.6239,18.4925,18.9627,16.4514
1690535470995,15.515,16.3196,20.9502,14.2215
1690535470999,15.8608,19.7324,22.5256,16.487
1690535471003,16.0582,14.5185,20.7383,12.6676
1690535471007,11.8763,19.5167,20.1115,15.7072
1690535471011,9.5523,11.7086,17.4438,11.8964
1690535471015,6.2916,9.6374,12.3602,6.7794
1690535471019,1.945,7.6921,11.7013,4.5323
1690535471023,-3.3509,1.0041,5.3366,-1.3724
1690535471027,-10.3006,-5.9251,-9.4013,-8.1531
1690535471031,-12.339,-6.8485,-7.4105,-11.8839
1690535471035,-16.5981,-7.9619,-11.9613,-17.6882
1690535471039,-20.6752,-12.1258,-20.238,-19.1642
1690535471043,-24.7158,-16.4282,-21.2463,-26.4851
1690535471047,-25.5956,-16.5783,-21.8381,-23.7836
1690535471051,-26.7687,-17.8614,-18.0623,-23.8525
1690535471055,-26.459,-19.5729,-20.1424,-21.7183
1690535471059,-28.3995,-19.3858,-13.6705,-19.7518
1690535471063,-23.082,-11.9023,-11.7621,-12.6568
1690535471067,-16.8461,-8.8945,-7.9053,-9.0323
1690535471071,-14.5254,-4.7318,-5.0891,-4.5529
1690535471075,-7.4048,-4.322,-1.3936,0.3461
1690535471079,-5.0585,3.0061,4.1722,9.9812
1690535471083,1.2577,8.1344,8.1993,12.2467
1690535471087,5.0501,9.8775,16.0764,15.4309
1690535471091,3.6482,14.7034,16.4824,16.1706
1690535471095,10.2386,17.2807,24.2805,21.1781
1690535471099,9.7418,17.682,23.6983,24.487
1690535471103,9.7271,15.2351,21.6986,23.9506
1690535471107,13.6032,13.7276,16.8658,24.792
1690535471111,7.0733,7.4968,20.5771,17.7612
1690535471115,0.0967,7.6521,13.4141,14.8105
1690535471119,-0.684,4.0201,4.4341,8.5745
1690535471123,-7.7078,-3.2182,0.0639,3.83
1690535471127,-11.8672,-5.204,-9.5015,0.1933
1690535471131,-15.2691,-15.5099,-11.0263,-2.1145
1690535471135,-20.3424,-12.6392,-14.234,-9.2561
1690535471139,-22.9026,-13.6313,-14.1873,-10.7009
1690535471143,-27.0709,-17.0863,-16.8174,-10.6726
1690535471147,-26.4399,-16.6704,-23.2387,-12.998
1690535471151,-31.692,-13.9974,-18.2086,-16.1947
1690535471155,-27.9662,-18.202,-18.1007,-12.6034
1690535471159,-23.6605,-12.4808,-14.957,-8.0225
1690535471163,-22.0891,-10.5817,-14.7234,-6.7791
1690535471167,-18.9956,-3.7939,-6.9333,-3.2904
1690535471171,-14.3641,-2.7039,-4.0305,-2.5069
1690535471175,-7.9941,-1.1049,-3.3551,3.3697
1690535471179,-0.7749,9.0446,2.8758,4.1228
1690535471183,1.5219,15.9961,10.0535,12.5613
1690535471187,8.3124,15.2704,17.3741,15.72
1690535471191,9.734,17.1571,18.7753,19.4609
1690535471195,13.1739,21.5338,21.5485,22.912
1690535471199,15.7236,17.341,18.6801,23.6354
1690535471203,15.9683,19.0995,21.8709,22.7319
1690535471207,16.2607,18.7808,19.2744,20.3753
1690535471211,10.3811,19.0818,15.9121,14.9027
1690535471215,13.9008,14.7867,10.8555,12.1517
1690535471219,7.5617,8.4682,6.4931,7.8292
1690535471223,6.3844,4.2004,-1.5494,5.6847
1690535471227,-1.1537,-0.8643,-1.8812,-1.5499
1690535471231,-3.7274,-14.1606,-6.5534,-4.6862
1690535471235,-6.1048,-14.6634,-12.5847,-7.0182
1690535471239,-12.5041,-15.9976,-14.3771,-9.6185
1690535471243,-15.8191,-19.0949,-15.068,-15.1701
1690535471247,-16.3788,-19.9748,-23.0882,-15.3955
1690535471251,-11.9491,-15.7706,-23.0694,-16.731
1690535471255,-13.3537,-15.692,-21.9764,-15.5133
1690535471259,-9.1128,-18.0335,-18.1151,-13.9166
1690535471263,-6.598,-11.4699,-16.123,-11.6116
1690535471267,-1.6868,-7.7932,-6.3376,-4.7818
1690535471271,1.1318,-3.7984,-5.8796,-4.1462
1690535471275,5.2787,-3.1055,5.535,3.7412
1690535471279,9.9638,4.4601,7.5417,6.9384
1690535471283,12.1104,8.0256,12.3337,10.8755
1690535471287,11.5909,11.7505,12.4311,18.6742
1690535471291,20.6627,13.6073,16.761,20.839
1690535471295,25.1949,15.4196,19.7298,20.8201
1690535471299,21.7466,14.9001,19.7237,20.7646
1690535471303,22.6877,14.9272,17.5514,17.7068
1690535471307,19.5718,18.7117,19.7358,19.0002
1690535471311,13.484,11.9788,10.888,14.8152
1690535471315,14.4455,10.6753,9.9599,10.8269
1690535471319,16.0766,4.0231,2.8154,7.2705
1690535471323,9.5157,0.0546,2.0536,4.8924
1690535471327,0.1009,-7.6247,-5.081,-1.9167
1690535471331,1.8545,-11.1792,-8.3647,-5.5491
1690535471335,-4.9452,-16.6278,-10.7014,-10.1944
1690535471339,-9.3643,-18.3479,-19.5584,-15.2107
1690535471343,-13.8733,-20.9354,-22.2543,-18.099
1690535471347,-12.8376,-21.3867,-22.1454,-21.5938
1690535471351,-14.6283,-20.9352,-22.6694,-23.3263
1690535471355,-12.3424,-20.8747,-24.6,-17.5339
1690535471359,-9.7728,-17.2106,-14.2454,-18.0472
1690535471363,-5.264,-10.7275,-10.8608,-9.6715
1690535471367,-2.1282,-6.1876,-7.1457,-8.2037
1690535471371,-1.4501,1.3928,-3.8057,-5.622
1690535471375,3.9871,2.186,3.2721,2.3599
1690535471379,13.0445,6.3217,5.9297,4.4461
1690535471383,12.1073,13.0778,9.6592,9.5097
1690535471387,16.2039,15.4261,15.6754,14.7327
1690535471391,19.6871,21.2169,17.3069,18.6908
1690535471395,23.2686,20.0446,19.2119,19.4219
1690535471399,24.2045,24.0666,15.4229,23.6538
1690535471403,22.868,20.4963,22.6409,20.4195
1690535471407,22.8226,17.0188,17.6005,22.8047
1690535471411,19.1549,13.8266,14.8182,22.0744
1690535471415,13.1213,12.3043,12.1062,16.1143
1690535471419,11.3573,7.9968,9.4637,9.9163
1690535471423,4.1619,2.5977,2.2804,5.5975
1690535471427,1.0458,0.7572,1.3008,-0.4507
1690535471431,-4.929,-4.5243,-7.3769,-8.474
1690535471435,-6.0398,-8.5102,-10.8107,-12.9176
1690535471439,-11.7413,-12.5771,-16.4884,-14.3404
1690535471443,-14.552,-18.5095,-18.4763,-21.145
1690535471447,-14.8682,-16.6045,-21.6367,-20.3577
1690535471451,-11.5569,-16.1147,-20.4801,-20.2027
1690535471455,-17.0006,-15.0266,-19.4227,-17.4028
1690535471459,-11.085,-13.4661,-14.4545,-18.4832
1690535471463,-9.9778,-8.9291,-11.4054,-12.6227
1690535471467,-8.1612,-6.2954,-8.5797,-7.0269
1690535471471,-2.0631,-1.0149,-4.7594,-5.1562
1690535471475,1.7839,-1.308,0.8674,2.7877
1690535471479,6.708,6.9597,10.1825,5.0695
1690535471483,14.0032,9.4499,12.4045,9.0527
1690535471487,16.2099,14.0981,15.4653,9.3287
1690535471491,15.7456,22.2728,16.8853,12.171
1690535471495,20.9157,14.2938,20.8977,15.3018
1690535471499,18.5184,22.8561,24.02,20.3721
1690535471503,19.9232,18.1295,21.4032,17.6461
1690535471507,19.908,14.4712,19.9676,14.8992
1690535471511,16.2007,13.4093,14.7302,13.1748
1690535471515,14.3231,7.3333,7.8231,9.533
1690535471519,3.3068,4.4321,7.5034,-0.0732
1690535471523,0.6355,-1.8879,2.9921,-3.8799
1690535471527,-3.5674,-6.0935,-6.0332,-14.5311
1690535471531,-6.4279,-6.9328,-8.1063,-13.7293
1690535471535,-12.7239,-18.0629,-13.5266,-22.8547
1690535471539,-10.3431,-16.4469,-14.77,-21.2635
1690535471543,-15.5391,-20.7332,-18.3494,-24.13
1690535471547,-11.1285,-20.163,-19.2365,-26.3621
1690535471551,-11.7479,-17.8637,-14.6468,-17.0096
1690535471555,-16.5471,-21.4998,-18.9465,-17.8556
1690535471559,-13.1545,-21.5251,-19.756,-20.2851
1690535471563,-5.4145,-17.9561,-11.1949,-15.3684
1690535471567,-3.6405,-9.3419,-5.3689,-14.9226
1690535471571,3.6721,-3.8258,-4.4078,-8.9336
1690535471575,6.0382,1.1761,0.9163,-6.8071
1690535471579,9.1343,5.0397,3.4921,3.9617
1690535471583,11.3577,4.9783,12.0457,5.5631
1690535471587,17.6988,13.3012,12.8366,11.2772
1690535471591,20.8246,15.6739,17.7929,12.3519
1690535471595,17.4287,21.248,20.5216,14.113
1690535471599,21.33,14.736,24.0824,12.6551
1690535471603,23.9567,20.1275,21.3659,12.3368
1690535471607,22.2804,19.4456,18.3176,10.5158
1690535471611,16.7756,15.6606,18.6595,9.9047
1690535471615,13.7293,12.1507,11.0536,4.0809
1690535471619,4.0936,7.8026,4.2541,-5.381
1690535471623,-0.8853,1.3664,-2.8146,-6.9119
1690535471627,-8.8166,-1.3699,-3.9213,-10.7808
1690535471631,-13.5323,-5.3301,-10.9073,-15.1235
1690535471635,-14.8438,-9.5316,-15.1492,-19.9641
1690535471639,-19.5662,-13.4714,-18.9834,-20.6409
1690535471643,-22.7919,-16.076,-17.1327,-21.4532
1690535471647,-21.2908,-14.0869,-18.6543,-24.1239
1690535471651,-24.3913,-16.2827,-18.3944,-29.0436
1690535471655,-23.8943,-16.5279,-19.4255,-28.8636
1690535471659,-22.121,-12.1988,-18.1027,-25.5368
1690535471663,-16.4049,-5.8397,-15.1624,-25.0802
1690535471667,-9.9709,-3.2312,-11.1543,-13.4111
1690535471671,-3.944,1.8228,-4.8432,-10.4203
1690535471675,-0.7745,5.2373,2.3019,-3.6596
1690535471679,3.2523,3.5158,7.7948,2.743
1690535471683,7.9482,13.0662,13.6609,5.1653
1690535471687,11.9725,16.3924,15.6442,12.7239
1690535471691,14.4881,20.9739,20.5571,12.4443
1690535471695,14.143,20.0886,19.0269,18.1504
1690535471699,12.6928,19.2798,18.0457,18.3312
1690535471703,14.3924,19.2788,18.7633,18.3021
1690535471707,11.541,15.2175,16.9982,17.3101
1690535471711,11.3042,9.9921,14.5779,16.1821
1690535471715,7.971,9.0851,8.8981,10.6338
1690535471719,0.7659,5.1026,5.6648,10.4281
1690535471723,-4.4747,0.0341,-6.1634,8.224
1690535471727,-11.1535,-3.5708,-7.9853,1.9595
1690535471731,-14.2637,-12.1884,-10.4843,-0.7632
1690535471735,-19.5478,-11.8084,-11.2216,-6.8176
1690535471739,-26.0075,-20.4487,-12.9394,-9.7114
1690535471743,-27.0238,-18.351,-17.54,-9.8899
1690535471747,-27.366,-19.7358,-18.0402,-16.0969
1690535471751,-31.0047,-21.4076,-18.4367,-17.2603
1690535471755,-31.1493,-19.7836,-17.3782,-14.7226
1690535471759,-26.7455,-16.107,-18.0242,-9.4464
1690535471763,-21.7059,-14.652,-13.3571,-4.9234
1690535471767,-16.9807,-5.54,-8.0281,-3.9609
1690535471771,-9.9059,-8.6832,-3.5644,0.9247
1690535471775,-2.4947,-2.849,2.739,11.4983
1690535471779,-1.9972,6.3242,2.6619,12.8344
1690535471783,5.8758,7.0873,8.594,17.2999
1690535471787,4.8512,11.1414,13.6739,22.4455
1690535471791,11.6242,12.6355,13.9326,25.5655
1690535471795,12.7511,18.7278,15.5605,29.0583
1690535471799,12.7525,14.9584,18.6713,26.1315
1690535471803,12.7695,19.7209,18.3386,25.6044
1690535471807,5.5205,13.4339,16.5272,25.7802
1690535471811,5.7566,12.8917,13.0377,22.5681
1690535471815,0.1443,5.0411,10.7205,22.2901
1690535471819,-2.4323,2.9491,5.5249,15.1457
1690535471823,-10.3597,-0.7111,1.688,10.5924
1690535471827,-12.6243,-6.6729,-3.0893,3.9647
1690535471831,-22.6077,-11.3626,-8.7532,-3.2568
1690535471835,-22.9879,-13.3201,-13.2192,-7.1279
1690535471839,-20.8323,-16.0623,-15.2137,-11.051
1690535471843,-26.0282,-18.3617,-22.4545,-12.8725
1690535471847,-27.575,-19.1048,-22.6895,-9.0746
1690535471851,-23.8926,-24.1181,-21.3715,-11.6273
1690535471855,-27.5991,-15.2026,-22.6394,-10.7057
1690535471859,-25.6998,-13.6934,-17.0262,-10.3865
1690535471863,-18.2212,-8.4409,-11.0714,-1.7169
1690535471867,-10.1562,-3.4929,-4.4733,1.2706
1690535471871,-4.2296,1.686,-4.9285,6.32
1690535471875,0.3519,7.2452,5.0405,11.0802
1690535471879,8.6149,8.2581,9.3716,15.5918
1690535471883,16.5316,11.3991,7.5382,21.4078
1690535471887,17.8508,13.4575,18.0696,21.9151
1690535471891,22.9508,19.7591,15.5905,24.1735
1690535471895,22.8968,22.6516,17.5271,24.6632
1690535471899,25.6037,25.5108,16.0952,28.0704
1690535471903,23.6745,23.2463,14.4514,25.5372
1690535471907,21.6603,17.712,15.4216,22.5278
1690535471911,17.5318,19.1969,8.4805,16.3892
1690535471915,16.7274,12.7586,10.3874,12.009
1690535471919,8.6222,11.7056,6.8654,10.5002
1690535471923,4.0165,3.7955,2.019,2.9166
1690535471927,-3.7289,-1.6898,-1.2469,-2.7179
1690535471931,-2.4707,-10.4123,-10.6212,-6.6009
1690535471935,-11.0817,-14.3431,-11.2705,-12.4582
1690535471939,-13.6378,-18.8719,-17.689,-16.3496
1690535471943,-14.6455,-20.0435,-14.933,-23.978
1690535471947,-15.0488,-24.6615,-17.1231,-21.371
1690535471951,-17.2174,-25.1216,-16.1242,-21.6954
1690535471955,-12.7968,-20.1927,-14.0884,-22.7114
1690535471959,-14.0405,-16.1676,-11.9665,-17.7244
1690535471963,-5.3698,-13.6075,-9.3581,-16.6035
1690535471967,-4.4353,-10.075,-9.8397,-14.7455
1690535471971,4.5879,-4.2312,-0.6884,-6.5454
1690535471975,9.3285,-0.2751,0.5129,-0.7614
1690535471979,16.0119,7.5854,4.9889,-0.6262
1690535471983,19.6234,12.7744,9.9576,3.2159
1690535471987,24.5552,18.1975,16.6769,11.2885
1690535471991,27.7929,18.6277,16.7758,11.1559
1690535471995,26.3933,19.3493,20.8897,15.8274
1690535471999,30.2107,14.8666,21.2775,11.9871
1690535472003,28.3522,17.4397,21.4622,15.0121
1690535472007,26.5747,19.9988,15.2116,9.6317
1690535472011,22.0436,16.2368,10.4981,6.9972
1690535472015,23.8202,9.1497,7.1764,6.1864
1690535472019,15.9154,5.2628,6.1487,0.7315
1690535472023,8.5279,-4.2525,2.5436,-7.2024
1690535472027,6.7627,-5.4267,-8.2158,-8.4316
1690535472031,3.1182,-7.3065,-8.9516,-16.9097
1690535472035,-4.3697,-15.1232,-11.5387,-20.1169
1690535472039,-6.2951,-16.9386,-10.5696,-24.8491
1690535472043,-11.6194,-21.2059,-17.5787,-25.1777
1690535472047,-12.1672,-23.9483,-18.0236,-28.8346
1690535472051,-13.8002,-20.8566,-17.6468,-25.1566
1690535472055,-13.2728,-23.7181,-18.6072,-28.2926
1690535472059,-10.0954,-16.852,-15.7444,-23.8081
1690535472063,-8.4677,-13.7039,-14.3461,-20.8558
1690535472067,-3.646,-11.4566,-10.9005,-16.8681
1690535472071,-2.1127,-5.6625,-2.7183,-14.3017
1690535472075,7.2538,2.7309,0.1758,-7.0947
1690535472079,11.2526,8.0017,5.8451,-5.7798
1690535472083,18.7736,14.4724,13.8173,-2.2913
1690535472087,24.0958,14.3592,16.5184,4.0255
1690535472091,20.6758,19.8085,14.2528,11.0881
1690535472095,21.9355,28.7998,19.9128,14.2045
1690535472099,23.0759,20.1417,17.1792,15.5657
1690535472103,23.0878,19.288,14.1633,14.29
1690535472107,17.5783,20.648,18.3684,11.3795
1690535472111,20.192,19.6288,10.0228,8.757
1690535472115,14.007,13.8439,11.0654,3.5917
1690535472119,4.3825,5.9306,5.1204,-0.8258
1690535472123,-0.6344,8.2079,1.3905,-1.5459
1690535472127,-2.1753,-1.6821,-3.6311,-9.4443
1690535472131,-5.1352,-2.3888,-8.5055,-8.276
1690535472135,-13.6593,-8.5632,-10.7417,-11.6647
1690535472139,-18.008,-15.2861,-17.5904,-17.9244
1690535472143,-19.7808,-18.3518,-15.5357,-17.7678
1690535472147,-22.0425,-22.153,-20.6363,-19.8084
1690535472151,-22.9352,-17.9843,-19.5584,-18.2432
1690535472155,-25.1472,-21.5531,-15.7558,-20.726
1690535472159,-16.8911,-17.1913,-15.4434,-23.1914
1690535472163,-16.2171,-12.0725,-13.896,-14.8612
1690535472167,-12.0206,-10.9357,-6.0582,-12.2512
1690535472171,-10.1761,-4.1561,0.2462,-6.078
1690535472175,-1.4563,3.5241,3.6748,-1.0415
1690535472179,4.616,3.0582,-2.1304,6.7027
1690535472183,10.0345,4.0864,7.8053,11.9793
1690535472187,9.8765,13.8987,11.3191,13.6534
1690535472191,17.2034,13.2783,16.9289,24.7882
1690535472195,18.9338,20.6395,17.9744,21.619
1690535472199,14.8728,20.3093,20.4751,22.3964
1690535472203,14.5314,19.3534,20.5348,22.7998
1690535472207,14.1293,17.9423,17.2925,19.9338
1690535472211,12.85,13.1512,18.1649,15.4274
1690535472215,9.0801,5.8207,10.7565,14.9532
1690535472219,6.1104,1.4502,10.2535,11.0886
1690535472223,0.7002,1.9748,-1.123,8.5731
1690535472227,-0.6057,-5.6488,-2.8812,0.4561
1690535472231,-7.3373,-10.5958,-8.1323,-7.5746
1690535472235,-11.2589,-15.1114,-16.1174,-11.2102
1690535472239,-14.212,-18.8044,-16.311,-18.1883
1690535472243,-18.8036,-16.9652,-19.775,-17.808
1690535472247,-22.4555,-19.8131,-21.9093,-22.2229
1690535472251,-21.8983,-21.5478,-17.8863,-14.8341
1690535472255,-21.3498,-17.2996,-14.1236,-13.6739
1690535472259,-19.407,-16.7195,-14.2129,-16.7027
1690535472263,-19.7361,-16.1438,-12.1009,-12.3792
1690535472267,-12.7093,-9.6881,-9.8064,-5.9137
1690535472271,-11.5549,-4.8681,-6.4748,-1.3668
1690535472275,-5.5903,-3.136,0.8003,5.7668
1690535472279,2.5506,-0.4509,4.265,8.1533
1690535472283,4.9008,11.4463,10.5193,13.1789
1690535472287,8.187,10.769,18.0954,16.7596
1690535472291,9.0796,15.4085,17.8794,17.8515
1690535472295,15.3139,17.9277,17.8504,23.2379
1690535472299,18.9408,19.8442,20.4122,23.8284
1690535472303,16.1006,16.1717,19.9159,24.4581
1690535472307,13.1181,12.5921,15.3344,19.411
1690535472311,9.9357,15.1813,13.656,21.5903
1690535472315,6.834,10.1233,12.1453,12.4721
1690535472319,2.1707,9.2509,4.051,9.8421
1690535472323,-2.5591,5.2507,4.0072,0.8497
1690535472327,-11.014,-3.739,-2.0002,-0.2921
1690535472331,-7.7771,-0.4516,-5.3835,-2.2719
1690535472335,-16.8485,-11.4428,-13.9626,-6.5026
1690535472339,-17.1204,-10.5721,-12.7081,-7.9305
1690535472343,-20.0144,-15.9302,-18.7631,-16.906
1690535472347,-19.0759,-17.0972,-15.5963,-16.0379
1690535472351,-18.9443,-12.9955,-16.3577,-14.921
1690535472355,-19.3529,-16.2198,-16.6737,-17.382
1690535472359,-16.8995,-10.2741,-12.9554,-12.7188
1690535472363,-15.6134,-6.5633,-9.8403,-5.2424
1690535472367,-6.5557,-5.7009,-6.3012,-4.8922
1690535472371,-7.8132,2.5175,-1.7657,-1.4353
1690535472375,1.0476,0.4732,2.356,-0.0211
1690535472379,3.3171,6.6249,3.355,8.1833
1690535472383,7.6353,10.3371,12.5688,9.0394
1690535472387,6.9323,13.492,10.2341,13.5592
1690535472391,13.1897,11.8425,14.5367,20.8905
1690535472395,15.3515,13.2104,15.0664,18.4213
1690535472399,15.9932,18.3619,19.0356,19.3831
1690535472403,18.0274,15.453,19.8739,20.6636
1690535472407,15.9099,13.8911,19.8237,13.1073
1690535472411,14.7079,14.2781,11.3397,11.3266
1690535472415,2.3428,10.5412,8.9851,10.9776
1690535472419,4.614,1.2446,7.4934,9.3872
1690535472423,-3.5005,-4.8243,2.347,3.1168
1690535472427,-6.9718,-5.5784,-0.4629,2.5864
1690535472431,-13.1937,-9.7328,-7.9847,-3.2809
1690535472435,-17.2442,-11.4741,-8.8462,-12.5482
1690535472439,-21.1656,-14.7898,-17.3162,-16.3881
1690535472443,-23.3337,-16.6114,-20.9835,-16.5473
1690535472447,-21.3255,-19.7271,-24.225,-18.7037
1690535472451,-22.3772,-21.644,-20.9267,-13.8984
1690535472455,-20.979,-19.5292,-19.0806,-14.5911
1690535472459,-19.3855,-16.8526,-16.232,-12.3025
1690535472463,-19.4319,-10.4475,-13.0647,-7.4832
1690535472467,-14.4392,-9.5433,-6.2898,-5.3294
1690535472471,-10.1521,-4.547,-2.9386,0.3347
1690535472475,-0.4984,-0.288,3.3419,3.095
1690535472479,3.4736,4.3514,6.4867,8.291
1690535472483,0.8542,7.8259,6.1916,17.7151
1690535472487,6.7821,13.6505,13.8193,16.2779
1690535472491,10.8879,14.5675,18.5706,20.2133
1690535472495,8.9485,15.2392,18.2048,22.2448
1690535472499,11.0315,15.8693,17.1238,25.2888
1690535472503,14.5165,13.5752,18.0315,22.7433
1690535472507,17.1468,11.6898,17.8409,20.3888
1690535472511,12.5192,13.8902,13.4489,15.7395
1690535472515,7.6073,6.2237,8.5812,15.0442
1690535472519,4.6339,4.8871,6.7666,12.7078
1690535472523,-0.6295,-0.8508,3.3366,4.8095
1690535472527,-2.4777,-5.6992,-2.8759,0.4532
1690535472531,-7.5582,-7.3568,-9.2435,-4.4556
1690535472535,-10.7649,-13.1918,-11.3348,-16.0215
1690535472539,-13.5783,-18.3896,-17.3794,-11.2488
1690535472543,-12.6628,-15.2609,-17.6979,-15.4588
1690535472547,-21.1315,-15.535,-17.6244,-18.7282
1690535472551,-22.3023,-13.4955,-19.888,-21.7349
1690535472555,-19.4936,-12.2107,-16.7598,-22.76
1690535472559,-14.985,-14.5787,-17.647,-21.6421
1690535472563,-11.5446,-9.4169,-13.2319,-15.926
1690535472567,-7.2129,-6.2403,-11.1106,-12.0973
1690535472571,0.0399,2.1534,-5.479,-5.1786
1690535472575,5.1282,8.0583,0.8107,2.9202
1690535472579,7.9434,7.8196,5.253,5.0128
1690535472583,12.5356,17.2044,9.4698,9.7718
1690535472587,16.6973,17.5695,14.5524,16.5585
1690535472591,13.471,18.3375,18.8131,15.969
1690535472595,16.3716,21.9211,18.9099,16.0388
1690535472599,23.8299,21.4571,17.2277,23.4329
1690535472603,20.6398,21.6804,21.0332,15.8768
1690535472607,18.6988,18.6413,19.2353,20.3486
1690535472611,20.046,11.1907,13.6377,12.8874
1690535472615,15.8918,11.4355,8.8947,10.8063
1690535472619,14.6337,4.7873,6.7809,5.8751
1690535472623,7.4424,-3.6024,-0.0534,1.9545
1690535472627,-1.8322,-8.6178,-1.9052,-7.3787
1690535472631,-4.237,-11.3046,-4.3094,-9.9008
1690535472635,-4.653,-12.9371,-10.665,-14.7683
1690535472639,-5.4134,-15.9029,-14.1051,-20.2792
1690535472643,-7.1759,-19.676,-18.1808,-18.1567
1690535472647,-11.1956,-16.2452,-19.9354,-23.1164
1690535472651,-14.018,-17.5724,-20.9045,-23.7011
1690535472655,-7.166,-13.9487,-20.7228,-24.9516
1690535472659,-7.8186,-10.9528,-17.2307,-22.199
1690535472663,0.2025,-11.3289,-9.3748,-17.9422
1690535472667,-1.9786,-11.2198,-9.4535,-12.5643
1690535472671,6.3779,-6.1713,-5.0303,-7.0379
1690535472675,15.2323,-0.735,-1.673,-4.3347
1690535472679,16.222,3.512,4.167,-1.706
1690535472683,22.3579,14.6042,7.6149,2.403
1690535472687,23.2854,15.6606,12.5745,11.3857
1690535472691,26.6572,17.0578,18.6621,6.9097
1690535472695,29.9281,14.4239,20.6011,11.0026
1690535472699,28.8372,16.8934,22.5533,14.0207
1690535472703,29.2389,17.8598,20.8801,10.0521
1690535472707,26.8925,15.6443,17.7486,9.4561
1690535472711,23.8275,11.5572,15.4698,6.1644
1690535472715,24.4139,9.2553,13.3698,0.5243
1690535472719,17.6515,0.0809,6.61,-3.3808
1690535472723,10.1738,-0.0724,4.8142,-8.9459
1690535472727,4.9356,-6.0478,-2.3281,-12.0423
1690535472731,5.191,-10.7764,-5.9532,-18.051
1690535472735,-3.4255,-19.6419,-14.6708,-20.6495
1690535472739,-11.6246,-20.0775,-15.1645,-24.9735
1690535472743,-10.5716,-21.9439,-18.7264,-26.9012
1690535472747,-12.9212,-27.5523,-18.5386,-27.6036
1690535472751,-12.8776,-23.2195,-19.2232,-26.1349
1690535472755,-14.8435,-18.4132,-18.3681,-25.6604
1690535472759,-7.7709,-18.1477,-16.5125,-18.2855
1690535472763,-4.4973,-10.1392,-9.4064,-14.7447
1690535472767,-5.3422,-3.8,-11.431,-11.196
1690535472771,0.6249,0.3471,-3.5498,-6.9942
1690535472775,-0.3387,5.0767,1.3084,-3.7215
1690535472779,7.8125,10.8316,2.6777,2.0111
1690535472783,10.1656,11.6495,8.1808,9.1921
1690535472787,13.6346,14.1053,11.4298,13.9662
1690535472791,16.948,22.4996,16.0443,14.6624
1690535472795,19.7709,21.4755,19.2831,14.6544
1690535472799,21.0786,23.2248,21.7627,20.9618
1690535472803,21.5138,20.9725,22.8884,19.3404
1690535472807,18.4302,19.7129,21.0377,14.864
1690535472811,14.7212,19.1497,14.9435,11.0701
1690535472815,9.1382,13.8304,9.5014,7.4904
1690535472819,3.5126,8.4054,7.9016,4.3412
1690535472823,-2.2733,3.8547,0.1328,2.4544
1690535472827,-4.7259,-1.9565,-3.778,-3.7767
1690535472831,-9.9743,-8.9069,-8.016,-7.4741
1690535472835,-14.5421,-15.067,-10.8506,-10.1453
1690535472839,-22.6902,-13.8725,-16.2942,-15.0453
1690535472843,-24.0341,-15.5878,-18.604,-16.9195
1690535472847,-28.5961,-19.8419,-17.2588,-16.2498
1690535472851,-23.5585,-19.0214,-16.6363,-15.9139
1690535472855,-25.417,-17.6467,-20.7003,-14.0356
1690535472859,-17.8055,-14.9564,-18.0903,-14.9387
1690535472863,-17.0,-14.4603,-11.226,-12.8118
1690535472867,-13.3228,-10.1868,-8.5625,-7.3259
1690535472871,-10.602,-5.1563,-7.1872,3.0093
1690535472875,-5.4718,4.3741,1.296,4.6053
1690535472879,0.305,5.761,5.2489,9.5086
1690535472883,9.3883,12.8688,7.15,17.5104
1690535472887,6.6111,15.1314,10.6587,18.072
1690535472891,13.0752,18.8416,15.4043,23.6253
1690535472895,10.0605,21.3743,18.8766,28.447
1690535472899,13.7685,15.4583,21.7922,27.3591
1690535472903,12.5829,20.1963,21.7142,27.218
1690535472907,11.3918,15.8009,17.6687,27.9403
1690535472911,6.4951,8.2213,15.691,25.9481
1690535472915,3.7188,12.9159,10.2275,18.9384
1690535472919,-3.911,6.9368,6.4096,17.6575
1690535472923,-8.3897,2.9618,2.3418,10.7752
1690535472927,-11.7633,-8.9177,-3.2036,7.874
1690535472931,-15.8124,-13.9844,-5.3425,2.4531
1690535472935,-20.7497,-14.9206,-13.4373,0.2161
1690535472939,-25.1158,-23.6126,-18.5714,-4.2771
1690535472943,-29.502,-21.8232,-20.3446,-7.3714
1690535472947,-32.2222,-22.7455,-25.156,-11.7265
1690535472951,-33.8817,-21.6097,-20.4337,-12.0168
1690535472955,-28.7678,-23.0134,-22.6164,-11.5915
1690535472959,-24.6517,-15.4205,-16.256,-8.4801
1690535472963,-25.1935,-17.749,-15.0256,-5.3039
1690535472967,-16.2396,-11.7845,-7.4809,-2.0297
1690535472971,-10.1495,-1.54,-3.6429,4.5679
1690535472975,-6.6475,1.8181,-0.5091,4.0672
1690535472979,3.9439,5.5249,9.506,14.0372
1690535472983,4.9415,12.0067,11.3434,19.3426
1690535472987,13.0274,12.883,15.2398,22.2443
1690535472991,16.2383,19.6976,16.6028,24.5315
1690535472995,15.286,18.9004,18.5772,25.4175
1690535472999,15.0579,21.0358,19.241,27.2432
1690535473003,16.1115,21.062,17.0355,25.9577
1690535473007,14.2569,19.1863,17.1928,18.8039
1690535473011,12.3899,15.6231,15.4013,16.0921
1690535473015,12.6916,12.5465,8.2738,16.5924
1690535473019,6.3484,3.3887,4.7123,8.7866
1690535473023,-3.1681,-0.0344,2.865,3.0029
1690535473027,-4.2353,-5.9101,-0.6886,-1.4726
1690535473031,-13.0689,-5.8104,-10.277,-10.6003
1690535473035,-12.2642,-10.777,-11.3069,-9.998
1690535473039,-15.2362,-15.7569,-13.5591,-13.1317
1690535473043,-18.1858,-17.0628,-18.9261,-16.1061
1690535473047,-21.0524,-21.3466,-23.2505,-22.1926
1690535473051,-23.517,-21.8642,-18.7592,-22.223
1690535473055,-18.0875,-15.63,-19.833,-17.1452
1690535473059,-19.8022,-13.2736,-17.2519,-20.5641
1690535473063,-14.0095,-7.5102,-18.0274,-12.3563
1690535473067,-12.3566,-7.8134,-8.3159,-12.3714
1690535473071,-5.7863,-0.9949,-5.6901,-6.7265
1690535473075,-2.7173,0.9989,0.3367,1.4888
1690535473079,6.7404,12.0166,10.5613,7.3375
1690535473083,11.4054,11.5847,7.5926,11.6612
1690535473087,16.1619,19.2821,16.0518,8.0286
1690535473091,16.6263,16.1422,18.603,12.8723
1690535473095,17.7068,19.493,18.1686,15.5926
1690535473099,27.5635,18.8654,21.1499,10.5428
1690535473103,25.5434,17.5401,21.8976,14.9518
1690535473107,17.4243,16.7454,21.7313,9.6421
1690535473111,18.9819,17.566,13.2184,11.6345
1690535473115,11.021,9.6244,12.9522,6.3886
1690535473119,7.2312,7.69,6.168,-5.9191
1690535473123,5.0948,1.5972,-0.8293,-8.3018
1690535473127,-0.5193,-8.3363,-3.1214,-10.0172
1690535473131,-9.6637,-9.3558,-8.566,-17.3313
1690535473135,-13.6442,-16.6852,-11.7594,-20.632
1690535473139,-17.3101,-16.5074,-17.0454,-26.9389
1690535473143,-20.9492,-17.7953,-20.1857,-24.1396
1690535473147,-20.4793,-20.5823,-22.6421,-27.1574
1690535473151,-21.3626,-23.5838,-21.6992,-27.5586
1690535473155,-14.4692,-25.4441,-19.7953,-25.2788
1690535473159,-16.0016,-20.9927,-13.8091,-27.3919
1690535473163,-12.8445,-16.3525,-11.8158,-17.7914
1690535473167,-5.7461,-12.3674,-10.1069,-16.5706
1690535473171,-1.9827,-3.7405,-3.766,-12.9673
1690535473175,1.9183,0.7619,1.3627,-3.1038
1690535473179,8.7912,5.6847,6.8899,-3.2327
1690535473183,9.9525,8.4435,12.3203,3.0271
1690535473187,18.9325,16.3625,15.3791,4.062
1690535473191,24.7211,16.3005,16.6885,13.4306
1690535473195,23.1807,16.2104,19.1904,9.5964
1690535473199,24.2155,18.165,21.328,12.903
1690535473203,25.7874,19.0996,18.7817,11.1641
1690535473207,20.4452,16.88,20.1898,10.0585
1690535473211,16.9666,14.7729,15.9167,7.4505
1690535473215,13.66,5.6771,12.9788,2.9931
1690535473219,9.5773,4.7073,9.0541,1.1039
1690535473223,3.9344,-2.2907,3.6349,-2.2665
1690535473227,-0.2095,-5.5461,-3.3807,-5.6859
1690535473231,-5.9771,-9.4662,-7.776,-10.1743
1690535473235,-10.69,-12.0858,-15.3882,-11.6079
1690535473239,-21.0702,-14.2095,-13.7251,-16.6526
1690535473243,-19.0992,-21.0401,-19.4087,-19.7852
1690535473247,-20.9792,-16.8616,-18.8085,-21.743
1690535473251,-19.8195,-16.3712,-24.659,-17.8125
1690535473255,-16.9257,-17.0656,-18.1456,-21.9573
1690535473259,-13.4792,-12.28,-16.0029,-21.3524
1690535473263,-12.502,-13.0329,-13.7466,-13.9902
1690535473267,-6.7236,-3.6832,-11.56,-9.1755
1690535473271,-3.8122,-0.7987,-6.7331,-8.9395
1690535473275,0.1865,0.9997,0.1789,-1.3147
1690535473279,12.1826,6.978,5.2337,4.5265
1690535473283,13.8727,18.0497,10.7892,11.6621
1690535473287,11.5842,16.9676,16.4412,12.8303
1690535473291,16.4238,25.4912,17.5097,14.8225
1690535473295,22.2936,26.4587,21.8608,11.1261
1690535473299,21.4032,22.9071,20.7185,19.1649
1690535473303,26.3955,20.7496,25.5352,17.632
1690535473307,25.9985,19.2394,23.5885,15.8347
1690535473311,21.5473,19.5667,15.0798,10.7363
1690535473315,17.1043,14.489,11.5421,9.7857
1690535473319,12.4938,7.937,6.9735,9.8069
1690535473323,3.5453,2.3604,0.4456,4.1483
1690535473327,2.7749,-4.8673,-8.2392,-2.9141
1690535473331,-2.1987,-14.9111,-12.0915,-4.8459
1690535473335,-8.3536,-12.2946,-14.1096,-11.1982
1690535473339,-6.5558,-19.9,-18.5458,-16.3807
1690535473343,-13.2832,-21.2537,-15.8981,-18.2026
1690535473347,-16.5455,-21.3236,-18.3339,-18.1875
1690535473351,-11.6352,-22.6815,-21.4851,-17.4916
1690535473355,-13.4035,-20.2315,-12.6438,-14.3908
1690535473359,-9.1494,-15.9562,-12.0642,-11.3192
1690535473363,-3.2221,-17.1376,-13.3339,-10.8298
1690535473367,-1.5924,-11.4033,-9.7703,-2.2971
1690535473371,6.1693,-7.252,-1.7701,-1.0469
1690535473375,10.0266,-0.3991,-0.9212,2.9072
1690535473379,15.0121,8.0802,5.7476,8.5531
1690535473383,17.9406,8.1557,10.6171,13.3589
1690535473387,22.2848,11.6629,17.9574,17.4813
1690535473391,26.5354,15.4447,17.6705,20.8836
1690535473395,23.1807,17.9229,18.4388,19.9154
1690535473399,31.3961,18.4965,18.754,24.1292
1690535473403,22.4637,22.9601,15.5809,27.5226
1690535473407,25.2493,18.4784,15.1971,22.5915
1690535473411,17.7766,18.4479,16.3299,19.732
1690535473415,14.7255,9.9763,9.9522,14.1213
1690535473419,9.2213,3.944,7.6031,6.3418
1690535473423,5.114,-0.1467,1.1355,0.588
1690535473427,-2.5759,-10.5866,0.7776,-4.6858
1690535473431,-8.777,-17.0101,-4.3304,-9.1889
1690535473435,-8.9991,-16.3064,-13.8364,-13.8429
1690535473439,-12.2661,-21.4011,-14.6749,-18.1577
1690535473443,-16.4369,-23.1209,-19.0144,-17.0934
1690535473447,-18.2411,-24.0221,-22.0631,-19.5594
1690535473451,-19.8334,-22.5702,-21.4294,-20.7038
1690535473455,-18.7633,-20.3651,-21.9367,-20.3357
1690535473459,-17.1633,-14.8801,-20.758,-13.6721
1690535473463,-9.1929,-15.0421,-14.2216,-11.2793
1690535473467,-8.1698,-7.0664,-10.7121,-8.5139
1690535473471,-4.394,-3.9843,-8.1279,-3.818
1690535473475,2.0433,1.503,-0.158,3.272
1690535473479,3.8801,11.5541,7.2643,7.2463
1690535473483,14.0532,11.2763,14.7579,13.1077
1690535473487,12.2584,21.2297,19.7299,14.4279
1690535473491,15.3244,18.6364,17.0224,20.9112
1690535473495,17.3021,28.6467,24.1947,22.2644
1690535473499,15.0573,24.0568,21.5185,25.8261
1690535473503,15.5432,22.8267,17.5517,21.3509
1690535473507,14.6641,22.2528,20.1681,23.6267
1690535473511,11.5528,18.8564,14.2738,16.379
1690535473515,8.207,12.9917,12.2609,16.6233
1690535473519,4.0197,11.9088,6.9712,7.0509
1690535473523,-2.5536,2.6632,2.449,0.1477
1690535473527,-4.8553,-1.2622,-4.9679,-1.8568
1690535473531,-17.6545,-3.0974,-9.651,-0.6431
1690535473535,-19.9744,-11.5405,-13.1849,-8.1264
1690535473539,-23.4964,-14.0527,-18.5473,-15.9332
1690535473543,-22.9057,-18.9076,-19.3636,-14.3783
1690535473547,-25.414,-20.6264,-22.9491,-14.9005
1690535473551,-25.7464,-23.6616,-18.4979,-16.5863
1690535473555,-24.9948,-20.1339,-19.5781,-11.6096
1690535473559,-19.8884,-22.6461,-15.5369,-13.4054
1690535473563,-21.6416,-20.0033,-9.139,-9.4158
1690535473567,-15.8799,-8.8223,-7.2763,-6.8326
1690535473571,-12.788,-5.656,-3.0633,-1.3845
1690535473575,-7.9387,-1.2009,6.4738,6.2882
1690535473579,-3.1239,4.5468,7.8558,10.7041
1690535473583,-1.5991,12.0118,13.873,12.6835
1690535473587,0.7456,13.0484,17.3017,19.1134
1690535473591,3.6886,18.8289,16.3523,19.1407
1690535473595,4.0941,14.9744,16.3074,20.8528
1690535473599,9.7488,18.897,15.8881,19.0974
1690535473603,6.3069,20.9787,20.3606,20.935
1690535473607,5.2265,15.8094,21.2631,17.6872
1690535473611,0.9421,13.9662,14.7121,18.1594
1690535473615,3.9307,10.9378,11.8956,12.0074
1690535473619,-3.9626,7.0845,10.4691,11.065
1690535473623,-8.6948,1.4754,3.3852,3.2338
1690535473627,-13.6441,-4.2961,-5.4744,-2.5796
1690535473631,-21.0263,-6.0793,-10.5849,-5.2397
1690535473635,-22.5855,-15.9205,-13.1093,-7.0889
1690535473639,-30.0531,-16.6255,-14.8885,-10.4357
1690535473643,-27.0216,-22.3623,-16.8483,-13.0106
1690535473647,-25.4328,-23.521,-20.5974,-15.1019
1690535473651,-24.0061,-23.4117,-17.8954,-16.957
1690535473655,-23.9505,-21.2797,-18.0722,-15.0194
1690535473659,-23.4731,-19.2085,-17.6201,-8.2048
1690535473663,-16.4761,-16.5605,-13.9224,-13.3492
1690535473667,-14.4378,-11.9292,-9.0802,-5.1757
1690535473671,-5.9465,-7.4329,-7.3891,-4.2552
1690535473675,-0.284,-4.4253,-1.7876,5.4734
1690535473679,-0.2492,2.5729,8.1418,6.0572
1690535473683,7.752,11.3982,7.6946,15.5273
1690535473687,9.8653,16.0115,11.6251,14.5462
1690535473691,16.0539,21.6623,20.4573,16.0444
1690535473695,14.7395,20.8193,24.6728,22.121
1690535473699,19.1041,21.0402,22.2376,20.6725
1690535473703,15.098,22.5238,23.1486,17.997
1690535473707,18.6194,21.9514,21.2946,15.4218
1690535473711,11.3307,17.9895,14.1411,11.859
1690535473715,10.8074,14.8625,5.5468,9.085
1690535473719,5.722,7.4267,5.6619,4.1997
1690535473723,1.8527,7.7188,-4.7773,-3.2279
1690535473727,-2.5606,-1.4764,-8.1401,-7.0837
1690535473731,-8.4833,-2.0123,-12.1984,-14.8743
1690535473735,-7.0007,-8.501,-9.9304,-18.93
1690535473739,-10.9068,-11.7109,-18.0654,-19.7489
1690535473743,-16.7121,-14.9115,-20.0718,-27.7935
1690535473747,-16.4264,-13.5597,-18.4087,-28.7387
1690535473751,-19.1742,-17.2326,-18.3402,-31.5171
1690535473755,-16.4481,-20.6667,-17.3896,-25.944
1690535473759,-10.5532,-14.3244,-17.2584,-26.5638
1690535473763,-9.6633,-11.6162,-13.6209,-20.2338
1690535473767,-5.1781,-8.4809,-10.4788,-13.4986
1690535473771,-0.5661,-5.549,-4.0599,-6.9269
1690535473775,1.5902,-2.2912,1.4522,-5.7865
1690535473779,9.9883,1.8469,4.5418,-1.4828
1690535473783,18.4319,9.7605,11.1865,1.1695
1690535473787,17.9569,13.3658,15.9668,9.8271
1690535473791,20.6833,13.2426,23.0118,7.2754
1690535473795,26.9908,17.5125,19.4561,11.4992
1690535473799,27.2798,18.0382,20.0998,10.0236
1690535473803,24.7523,20.7613,17.8598,10.2721
1690535473807,20.7702,17.6866,12.5317,8.0821
1690535473811,19.1503,15.7492,11.8867,7.3381
1690535473815,14.8049,12.7997,14.1749,4.1801
1690535473819,17.8129,2.3511,4.4809,1.9423
1690535473823,10.4788,3.7142,5.5935,-4.3806
1690535473827,7.2868,-3.8054,-1.1592,-9.6977
1690535473831,3.8048,-8.8546,-7.5014,-11.2725
1690535473835,-4.1708,-16.4508,-13.2808,-17.0059
1690535473839,-3.616,-19.3838,-15.7368,-28.8147
1690535473843,-8.3077,-21.6989,-17.5598,-24.8539
1690535473847,-13.2885,-24.5583,-21.8234,-29.4821
1690535473851,-8.7806,-22.4707,-21.6014,-30.0779
1690535473855,-11.5723,-20.9795,-22.8551,-28.4243
1690535473859,-5.9355,-15.4575,-20.7343,-23.6485
1690535473863,-5.5928,-15.0234,-14.2428,-18.4371
1690535473867,-4.1816,-11.2777,-9.6214,-12.5849
1690535473871,2.1035,-9.5898,-5.5779,-9.8137
1690535473875,6.8951,-3.1828,3.6436,-3.2786
1690535473879,11.7626,-1.3028,9.3695,-1.4083
1690535473883,16.5152,5.7533,13.4699,4.5685
1690535473887,18.6074,11.7307,16.5621,1.7066
1690535473891,24.4342,15.0116,21.0152,12.8732
1690535473895,24.3497,17.0277,16.9551,12.2901
1690535473899,22.3241,16.5351,21.1033,15.7195
1690535473903,21.6274,21.7817,17.4573,13.9264
1690535473907,18.8409,18.4468,21.2603,15.0802
1690535473911,16.8272,15.3518,13.879,13.0399
1690535473915,12.7257,11.3471,7.728,9.3988
1690535473919,5.0117,7.2453,6.6893,4.3512
1690535473923,2.4254,2.4028,-3.2178,-2.1615
1690535473927,-3.3524,-0.754,-2.6224,-7.5619
1690535473931,-6.7008,-10.3075,-5.0342,-9.3289
1690535473935,-7.4559,-7.1153,-11.442,-15.2083
1690535473939,-14.0919,-12.3017,-18.4801,-15.0374
1690535473943,-16.1827,-13.0479,-23.1654,-15.547
1690535473947,-17.0781,-17.4451,-21.7334,-15.0638
1690535473951,-17.1863,-15.027,-19.8349,-13.1061
1690535473955,-17.8659,-17.0899,-18.8148,-9.9912
1690535473959,-10.8586,-16.8145,-12.1005,-11.2694
1690535473963,-10.5276,-7.3274,-12.965,-8.3541
1690535473967,-9.5536,-8.7445,-7.3088,-3.362
1690535473971,-1.4684,2.3437,-1.2019,6.9857
1690535473975,2.23,0.6959,6.2959,6.0759
1690535473979,2.86,5.7344,5.5836,8.5793
1690535473983,13.2971,16.4728,9.6337,15.4062
1690535473987,17.4048,13.2079,14.5048,25.3046
1690535473991,19.3425,20.5076,13.7181,28.0079
1690535473995,23.6455,20.8813,18.8965,30.8534
1690535473999,22.2276,21.3214,17.6966,32.9189
1690535474003,21.4823,19.4835,20.7636,30.0656
1690535474007,22.1883,17.7494,18.1016,26.754
1690535474011,17.3847,14.6599,16.1572,24.4455
1690535474015,17.0934,8.8155,7.954,23.6294
1690535474019,10.6283,8.8422,8.8778,12.6885
1690535474023,5.7302,2.7613,4.1314,11.0589
1690535474027,-0.0053,-2.9586,0.5895,6.6064
1690535474031,-6.5867,-7.7832,-9.2209,-1.7808
1690535474035,-12.2302,-14.0176,-11.7287,-4.8606
1690535474039,-12.1198,-16.6821,-15.1064,-6.3065
1690535474043,-18.4836,-20.8847,-17.2316,-12.2594
1690535474047,-16.9478,-20.9164,-23.4626,-8.4502
1690535474051,-13.3615,-18.8478,-19.8002,-11.0477
1690535474055,-15.1472,-17.7522,-18.312,-12.3681
1690535474059,-20.3341,-15.7279,-15.9665,-8.9671
1690535474063,-14.8354,-11.5821,-13.3083,-6.7887
1690535474067,-11.6608,-5.522,-7.6515,-2.8908
1690535474071,-7.2042,-3.4029,-2.8473,3.2133
1690535474075,1.4823,2.0407,0.2889,5.9224
1690535474079,1.8425,3.801,4.9528,12.5925
1690535474083,9.7871,6.7736,11.7742,13.5255
1690535474087,15.0346,14.0336,11.9544,18.3068
1690535474091,13.3921,16.2434,20.3626,22.9359
1690535474095,16.2974,17.2682,19.7323,28.7771
1690535474099,18.7962,18.4707,20.7922,24.5527
1690535474103,16.6222,17.0679,16.2312,29.8574
1690535474107,19.76,13.5303,15.6425,25.1829
1690535474111,17.569,10.399,14.2859,19.4663
1690535474115,10.7962,9.0879,7.2912,17.8629
1690535474119,9.4673,6.3102,4.8479,11.3922
1690535474123,4.3037,1.3842,1.2425,9.9904
1690535474127,-1.4552,-5.1777,-5.7603,0.1945
1690535474131,-5.1873,-9.6059,-6.3853,-3.7979
1690535474135,-13.7772,-12.9313,-17.1095,-7.9106
1690535474139,-15.6489,-18.128,-16.5479,-11.8065
1690535474143,-16.6245,-18.8772,-20.0012,-12.0297
1690535474147,-19.5444,-17.0969,-18.9987,-15.9034
1690535474151,-17.4483,-16.9597,-19.9507,-21.3648
1690535474155,-17.3532,-16.2521,-19.2501,-19.6894
1690535474159,-16.08,-15.6118,-13.4747,-18.0101
1690535474163,-9.9398,-10.2156,-9.1905,-12.395
1690535474167,-11.9178,-5.7106,-4.9199,-12.9541
1690535474171,-3.9528,-3.8755,-6.8571,-6.4388
1690535474175,-2.7283,4.9554,4.6722,-0.0965
1690535474179,5.5435,9.1228,8.3563,3.6989
1690535474183,7.0406,15.5997,7.3893,6.5678
1690535474187,9.3139,18.91,14.1724,10.8075
1690535474191,14.7733,19.6524,16.6546,9.9421
1690535474195,15.017,22.4455,21.771,12.5476
1690535474199,16.7484,19.6634,18.3015,9.7074
1690535474203,14.516,22.665,21.3403,13.0697
1690535474207,14.6432,19.1053,17.9905,12.8
1690535474211,8.7779,17.6933,14.1763,6.6108
1690535474215,3.7848,11.9915,9.2809,3.6914
1690535474219,-0.677,5.3934,1.9911,-0.7844
1690535474223,-6.6325,3.9626,3.6049,-6.2774
1690535474227,-12.7225,-3.0608,-3.1945,-8.4796
1690535474231,-17.2359,-5.7545,-10.6584,-10.3706
1690535474235,-20.2517,-12.9028,-10.5417,-18.7731
1690535474239,-24.5523,-15.7257,-10.3224,-24.9317
1690535474243,-27.5368,-17.0695,-15.0161,-27.9732
1690535474247,-28.7811,-24.6992,-18.6386,-22.5307
1690535474251,-24.094,-20.6011,-18.2834,-21.7423
1690535474255,-28.8502,-22.0952,-17.7794,-21.6305
1690535474259,-27.7524,-13.0559,-15.0736,-21.5727
1690535474263,-22.9997,-8.6336,-14.0899,-16.4182
1690535474267,-21.6492,-8.0548,-10.1044,-13.0589
1690535474271,-17.0507,-2.3085,-1.8358,-6.4542
1690535474275,-5.9307,2.8282,8.7052,-2.6919
1690535474279,-1.867,5.0031,2.1945,0.4198
1690535474283,3.2635,9.6036,10.353,2.9621
1690535474287,8.8666,11.3171,17.3033,8.1647
1690535474291,11.7033,16.1509,16.9811,12.741
1690535474295,13.1464,18.1198,20.8264,13.2561
1690535474299,13.8481,20.9762,19.4599,17.111
1690535474303,12.1125,17.5181,16.2341,14.7822
1690535474307,9.8053,15.7102,18.3793,12.2709
1690535474311,11.3556,11.5859,17.289,11.2872
1690535474315,8.9022,7.9171,10.6335,4.0773
1690535474319,-0.0859,4.9004,5.5632,2.0717
1690535474323,0.0027,-3.8838,-3.2923,-5.4844
1690535474327,-13.2905,-6.6641,-2.9331,-13.9883
1690535474331,-13.0645,-11.2108,-8.3971,-14.5148
1690535474335,-17.5597,-13.3959,-16.3601,-21.7416
1690535474339,-20.027,-19.2718,-16.2503,-20.5423
1690535474343,-23.2089,-20.9405,-17.4003,-20.7874
1690535474347,-22.5977,-21.2979,-14.2841,-23.6228
1690535474351,-23.2035,-21.5368,-20.5841,-20.8608
1690535474355,-20.2718,-17.8055,-20.2987,-24.0272
1690535474359,-19.2196,-18.6194,-16.002,-23.164
1690535474363,-14.8143,-15.4239,-9.8172,-15.876
1690535474367,-9.8872,-13.7649,-7.3472,-10.9562
1690535474371,-3.6246,-3.9149,-4.5386,-7.0177
1690535474375,0.3972,2.0379,2.2419,-0.5404
1690535474379,6.3468,7.2286,6.6842,3.3771
1690535474383,8.6129,12.688,8.7593,10.118
1690535474387,11.1757,12.6202,12.397,13.3004
1690535474391,17.6581,20.8652,16.835,13.923
1690535474395,15.9233,23.8266,20.3442,20.8045
1690535474399,22.2909,23.8076,20.4008,21.8667
1690535474403,18.8104,20.9052,15.9014,18.5085
1690535474407,16.8473,21.6023,19.3339,16.8728
1690535474411,15.999,16.1392,13.5649,11.4378
1690535474415,11.1729,15.0137,11.1649,10.0052
1690535474419,11.1363,5.9991,6.0314,6.0833
1690535474423,6.6693,3.3284,1.2134,4.3201
1690535474427,-2.7999,1.4681,-3.3448,-1.6742
1690535474431,-8.7493,-7.8398,-8.6171,-8.3893
1690535474435,-10.977,-13.337,-12.5394,-7.4982
1690535474439,-12.4804,-16.4072,-16.1574,-13.3086
1690535474443,-13.331,-17.1884,-19.0761,-13.6935
1690535474447,-18.0303,-18.6699,-19.7423,-19.1751
1690535474451,-17.154,-22.0219,-21.1961,-17.4285
1690535474455,-14.0291,-13.5143,-15.4252,-19.9507
1690535474459,-11.1538,-16.4535,-14.9446,-17.636
1690535474463,-4.6564,-13.5937,-12.4382,-10.2136
1690535474467,-1.6171,-9.2878,-9.2295,-13.7582
1690535474471,6.5923,-5.0864,-3.9784,-2.738
1690535474475,12.0193,0.3088,-0.121,-4.4788
1690535474479,19.2426,6.5313,9.4863,7.5648
1690535474483,20.8808,7.2052,10.5215,10.1325
1690535474487,27.9614,13.2914,10.3523,14.905
1690535474491,25.355,16.9939,13.8344,19.3554
1690535474495,27.4171,17.5432,18.3494,19.4982
1690535474499,33.0691,17.0537,20.2587,20.5335
1690535474503,31.1548,20.21,19.5368,17.4259
1690535474507,29.961,17.3404,17.0023,18.2163
1690535474511,29.8189,12.9835,13.1279,14.28
1690535474515,19.8625,17.9264,11.2687,10.3532
1690535474519,14.9235,8.4858,6.1854,7.4672
1690535474523,11.4432,4.8064,2.1751,3.7237
1690535474527,4.4463,-4.009,-2.7871,-1.1582
1690535474531,-2.7737,-13.2343,-8.854,-4.927
1690535474535,-6.3421,-11.4819,-12.2786,-8.3875
1690535474539,-11.0234,-18.5808,-19.1774,-14.6704
1690535474543,-10.4331,-23.7092,-14.8344,-13.9752
1690535474547,-12.1592,-23.5334,-21.2921,-21.3313
1690535474551,-15.4025,-23.8526,-19.7962,-13.4707
1690535474555,-14.1455,-22.1275,-18.2241,-13.892
1690535474559,-10.5678,-20.5594,-15.0329,-11.9127
1690535474563,-4.8566,-13.9209,-10.7632,-13.363
1690535474567,-3.4574,-9.3646,-9.9617,-9.6905
1690535474571,2.6441,-6.1414,-4.901,0.8801
1690535474575,9.0521,-2.2241,-0.3318,3.8532
1690535474579,14.0281,2.6676,1.5612,8.7862
1690535474583,18.1585,7.4635,9.1998,13.9687
1690535474587,18.2789,14.5634,13.0216,17.2047
1690535474591,22.5991,14.7461,16.1363,19.1416
1690535474595,27.1735,18.3294,17.8656,21.6116
1690535474599,22.9938,16.9894,22.5209,21.1097
1690535474603,20.7168,18.1967,15.718,21.9185
1690535474607,16.4065,18.1893,14.2371,21.1048
1690535474611,19.1675,13.6235,13.487,17.7972
1690535474615,13.8342,12.175,8.0445,13.0139
1690535474619,8.1121,7.0737,8.4571,8.0512
1690535474623,0.2298,4.7999,-1.6472,4.4024
1690535474627,-1.5184,5.3419,-4.927,-0.04
1690535474631,-7.6846,-1.6673,-10.0185,-10.6323
1690535474635,-12.8493,-8.1907,-12.6663,-10.9383
1690535474639,-13.1974,-9.7333,-15.916,-13.5508
1690535474643,-18.333,-16.1227,-19.0282,-15.6451
1690535474647,-18.6543,-16.004,-15.4993,-15.9626
1690535474651,-19.4903,-24.228,-19.7515,-20.8809
1690535474655,-21.7937,-19.4821,-19.8429,-17.1559
1690535474659,-20.1711,-13.7098,-13.7979,-14.2503
1690535474663,-17.4602,-6.8892,-17.0961,-11.7014
1690535474667,-9.1453,-2.8771,-9.7145,-5.1354
1690535474671,-5.1147,-1.385,-4.2937,1.1548
1690535474675,0.3716,2.9552,0.7528,4.6325
1690535474679,5.4392,5.5077,4.5312,8.6221
1690535474683,8.8131,14.583,9.2633,14.8271
1690535474687,14.0622,15.5321,12.4735,22.2185
1690535474691,16.3643,19.88,17.7321,19.1814
1690535474695,18.9154,17.4584,17.8949,25.1677
1690535474699,15.6594,18.436,20.9448,22.2255
1690535474703,11.3258,21.6763,23.089,26.0522
1690535474707,11.9497,19.4004,16.4764,20.7767
1690535474711,10.3792,17.8707,15.8095,19.7044
1690535474715,4.344,9.781,12.9388,17.0422
1690535474719,2.5691,5.8619,9.3183,10.3688
1690535474723,-5.7882,0.0669,-0.5448,6.248
1690535474727,-13.4405,-3.7723,-1.835,4.7173
1690535474731,-13.6386,-9.5344,-8.3293,-2.2659
1690535474735,-21.6539,-11.1312,-15.3706,-5.7799
1690535474739,-20.0385,-15.9712,-13.7109,-10.3988
1690535474743,-25.3647,-20.2582,-17.7095,-16.6684
1690535474747,-27.9419,-15.5942,-19.1151,-15.1547
1690535474751,-28.3882,-22.4478,-17.3814,-16.9114
1690535474755,-26.3017,-22.7391,-19.6978,-14.5247
1690535474759,-21.8211,-22.8167,-15.2822,-11.718
1690535474763,-18.1378,-14.4331,-13.574,-7.9748
1690535474767,-10.8944,-9.6791,-9.4982,-0.7889
1690535474771,-10.2901,-2.8711,-8.1202,0.7119
1690535474775,-3.9768,-2.5147,0.5781,1.2746
1690535474779,4.7122,5.4667,5.1683,3.3813
1690535474783,6.7569,6.2697,7.068,8.5395
1690535474787,14.4949,12.3229,21.4008,14.4685
1690535474791,13.9123,17.6763,16.5989,17.1166
1690535474795,16.9756,17.173,17.5753,18.4654
1690535474799,19.296,22.9494,17.583,19.4989
1690535474803,20.9757,16.6489,18.8158,15.319
1690535474807,16.4174,20.3286,16.9072,19.6388
1690535474811,12.9708,15.6488,15.5171,11.6396
1690535474815,6.1952,11.2337,11.8234,10.7674
1690535474819,8.067,7.1955,1.7564,2.4692
1690535474823,-0.4131,0.1761,1.9454,-2.7514
1690535474827,-2.664,-3.0785,-3.6225,-6.4587
1690535474831,-7.2863,-9.3986,-10.7888,-13.8483
1690535474835,-15.3157,-12.6559,-13.3702,-15.8397
1690535474839,-18.8497,-15.6893,-14.0114,-22.0139
1690535474843,-19.8159,-19.5389,-14.38,-18.1387
1690535474847,-25.4348,-19.4078,-15.2555,-23.2545
1690535474851,-21.799,-17.7756,-17.8918,-24.0698
1690535474855,-25.9583,-19.1232,-17.7299,-18.4938
1690535474859,-19.146,-11.8625,-16.1434,-18.3904
1690535474863,-14.6787,-11.1003,-14.2877,-18.1597
1690535474867,-9.6258,-6.0193,-10.907,-17.6297
1690535474871,-11.258,-6.4394,-6.8509,-10.0703
1690535474875,-2.2352,1.8229,-3.1168,-9.0724
1690535474879,3.3662,5.9493,3.1237,2.218
1690535474883,6.0562,12.5182,7.1883,5.5536
1690535474887,10.6471,17.2208,15.6378,6.6793
1690535474891,13.5479,19.3146,19.487,13.314
1690535474895,17.0996,19.2893,22.1655,11.8541
1690535474899,12.4978,20.4522,23.1098,10.8324
1690535474903,17.7023,23.3065,16.304,11.4251
1690535474907,14.3395,22.8099,21.0091,6.6587
1690535474911,11.2739,18.708,15.2251,5.6987
1690535474915,6.9096,14.6179,12.4658,-0.8566
1690535474919,0.1144,9.4467,9.1993,-3.0674
1690535474923,-2.937,3.9832,8.139,-8.5568
1690535474927,-3.1599,-3.2625,3.1393,-11.2357
1690535474931,-6.9827,-6.5632,-6.4129,-14.4073
1690535474935,-14.6168,-13.463,-12.9217,-16.3883
1690535474939,-17.637,-18.6962,-15.2479,-26.6725
1690535474943,-21.167,-16.8192,-18.087,-27.4096
1690535474947,-21.3952,-19.7727,-20.7405,-32.1278
1690535474951,-22.4195,-22.9151,-20.1933,-31.2338
1690535474955,-23.1502,-19.6434,-19.7702,-32.9646
1690535474959,-14.5528,-17.8554,-16.3899,-30.2621
1690535474963,-16.7848,-15.2583,-10.4415,-23.6517
1690535474967,-10.8186,-13.5495,-7.7586,-13.0265
1690535474971,-7.7831,-7.6771,-6.255,-14.3028
1690535474975,3.6873,-0.9457,3.1699,-5.8387
1690535474979,5.6464,6.9605,5.5252,-0.7423
1690535474983,6.8709,5.1494,11.7915,7.2551
1690535474987,12.1197,12.705,14.2395,8.4887
1690535474991,14.3101,19.5987,19.5898,9.913
1690535474995,16.5759,17.869,17.979,12.319
1690535474999,18.3628,19.1573,19.6074,12.0795
1690535475003,14.751,16.1978,21.4795,16.0364
1690535475007,14.5056,15.576,17.0468,16.012
1690535475011,15.4818,15.8919,13.7344,12.0676
1690535475015,7.8467,10.3054,8.1814,13.2207
1690535475019,6.6112,11.4315,10.8118,7.9821
1690535475023,-5.0284,3.4908,1.3037,2.5007
1690535475027,-5.7554,-0.5859,-2.5363,0.3528
1690535475031,-10.144,-11.9356,-3.8155,-8.3706
1690535475035,-9.169,-9.3972,-9.914,-11.6909
1690535475039,-18.2312,-16.2929,-20.0645,-14.9979
1690535475043,-16.2833,-23.5002,-19.4744,-16.784
1690535475047,-18.9204,-23.8717,-19.3354,-19.4471
1690535475051,-17.9222,-24.2188,-21.7164,-14.8756
1690535475055,-17.9089,-23.9768,-17.7269,-20.7181
1690535475059,-20.215,-15.7408,-14.8622,-13.4163
1690535475063,-15.6347,-15.1631,-10.455,-8.0566
1690535475067,-10.6031,-9.565,-8.1248,-0.5525
1690535475071,-9.0585,-7.925,-6.6549,-0.9185
1690535475075,-2.8807,1.725,-0.3165,3.6928
1690535475079,4.4391,4.3079,2.0447,7.755
1690535475083,5.8107,13.1401,6.5051,13.9173
1690535475087,14.871,18.2545,11.0614,24.1069
1690535475091,19.3063,19.827,12.2652,20.9035
1690535475095,20.6299,19.1531,22.6952,23.3377
1690535475099,22.3487,20.3301,22.161,25.317
1690535475103,25.9172,21.1187,17.3621,25.8912
1690535475107,23.4385,19.4269,17.4114,22.0733
1690535475111,17.687,20.4656,19.2954,20.1227
1690535475115,14.9452,16.4121,11.4469,17.6642
1690535475119,14.3105,11.7495,8.2165,15.0464
1690535475123,9.7913,7.2836,4.8848,7.5665
1690535475127,4.6696,1.1009,-2.4522,4.3305
1690535475131,0.0019,-8.4167,-7.5715,1.6599
1690535475135,-3.1558,-7.0814,-7.454,-1.5133
1690535475139,-7.8279,-11.4844,-18.1215,-8.2201
1690535475143,-5.7451,-12.4624,-17.8828,-10.8355
1690535475147,-6.5719,-12.3119,-21.6193,-11.4816
1690535475151,-3.7041,-17.0032,-22.7056,-5.4419
1690535475155,-8.6593,-19.6859,-19.4343,-7.3946
1690535475159,-1.88,-16.7819,-15.9901,-8.6711
1690535475163,-0.8264,-16.2639,-17.4113,-0.8903
1690535475167,-2.302,-13.5959,-12.7187,1.3205
1690535475171,4.4429,-5.5697,-2.2206,11.9278
1690535475175,8.1539,-3.0467,1.7544,11.7525
1690535475179,8.3729,4.0849,6.1694,13.6143
1690535475183,13.9348,6.2586,13.057,17.1546
1690535475187,17.0939,16.2752,17.2725,23.7038
1690535475191,23.6766,14.1693,20.2155,25.313
1690535475195,20.5813,16.184,20.3108,27.3359
1690535475199,23.832,20.2565,22.476,25.6318
1690535475203,23.4417,16.7571,16.6411,26.0128
1690535475207,20.5893,18.0372,16.5176,21.2246
1690535475211,22.4948,10.2796,14.5692,17.4996
1690535475215,20.0337,8.1484,11.1028,15.715
1690535475219,18.9419,5.4017,6.1351,9.5964
1690535475223,10.4466,0.174,1.0983,6.918
1690535475227,7.3135,-2.0485,-1.43,2.2175
1690535475231,0.8396,-7.086,-3.9068,-3.1907
1690535475235,-7.6858,-13.6494,-13.3946,-9.9141
1690535475239,-7.1373,-16.8986,-14.1616,-13.4539
1690535475243,-12.2264,-20.897,-16.6681,-16.6455
1690535475247,-14.9751,-18.9538,-18.764,-19.717
1690535475251,-13.5331,-20.2377,-19.5519,-17.0937
1690535475255,-7.0667,-23.0837,-18.2934,-20.0862
1690535475259,-12.5499,-16.5594,-16.6365,-13.6999
1690535475263,-7.8819,-20.0489,-17.3147,-16.4243
1690535475267,-2.051,-14.4644,-12.1138,-11.545
1690535475271,-1.6058,-11.2748,-7.5588,-5.5253
1690535475275,9.2607,-2.0051,3.3668,-1.0525
1690535475279,10.5172,4.62,6.4628,3.1226
1690535475283,12.4574,8.3524,12.1968,8.25
1690535475287,16.1393,14.9238,15.2634,13.9005
1690535475291,18.0805,15.8861,18.1213,12.8857
1690535475295,17.798,12.7124,19.6959,13.0932
1690535475299,21.4611,18.938,19.516,14.6984
1690535475303,21.9954,13.939,21.617,19.5728
1690535475307,17.2714,19.5717,17.7804,18.126
1690535475311,14.392,16.087,15.8892,12.9521
1690535475315,9.7586,12.3596,12.9675,8.4149
1690535475319,5.8512,8.6948,8.1788,1.3198
1690535475323,4.1761,3.7801,5.4238,-0.6643
1690535475327,-1.9563,-0.2856,-3.1208,-5.0137
1690535475331,-5.0834,-0.4906,-9.7075,-11.8271
1690535475335,-12.0477,-7.4486,-11.2428,-11.0917
1690535475339,-18.35,-9.7538,-14.7589,-19.4232
1690535475343,-20.6031,-13.2192,-17.3549,-26.948
1690535475347,-24.2137,-13.2566,-26.8492,-25.2311
1690535475351,-22.989,-12.4912,-21.8651,-25.1563
1690535475355,-25.1888,-14.5906,-19.1137,-21.808
1690535475359,-24.1779,-13.4606,-14.5529,-23.7069
1690535475363,-23.3216,-5.63,-13.5437,-21.3877
1690535475367,-14.0885,-6.749,-4.3433,-19.4361
1690535475371,-13.1285,-2.9913,-2.2511,-7.6707
1690535475375,-7.2119,1.919,-1.0118,-6.6563
1690535475379,-3.0295,5.7573,6.1843,-4.8333
1690535475383,0.8665,7.2152,10.6627,3.1114
1690535475387,0.2493,10.6604,16.2457,5.6531
1690535475391,3.1876,14.6638,19.0429,9.1589
1690535475395,5.7222,15.0648,17.8647,14.5843
1690535475399,8.8267,16.8293,20.3058,18.0552
1690535475403,8.275,15.9883,20.8814,17.3357
1690535475407,7.4094,15.1661,17.7128,13.6216
1690535475411,1.1081,12.4716,13.0505,9.1497
1690535475415,1.0511,8.1258,12.9371,5.091
1690535475419,-2.9197,3.6979,4.8863,-0.0135
1690535475423,-10.2254,2.406,3.7519,-3.0073
1690535475427,-9.6364,-2.3529,-6.3987,-5.8424
1690535475431,-15.062,-8.6533,-7.1586,-12.1389
1690535475435,-21.122,-13.3372,-15.1179,-18.6912
1690535475439,-20.2749,-16.1417,-19.7489,-26.0349
1690535475443,-24.8754,-15.3979,-16.5985,-21.2567
1690535475447,-23.6753,-19.1501,-20.1427,-23.7634
1690535475451,-22.5946,-20.3585,-16.1496,-20.9851
1690535475455,-26.7415,-17.4907,-15.8343,-18.7841
1690535475459,-23.7509,-15.4703,-18.6872,-19.4687
1690535475463,-19.4679,-16.0318,-12.3294,-15.2606
1690535475467,-13.0997,-9.5692,-11.4525,-10.4763
1690535475471,-11.4001,-6.3525,-9.5576,-6.9462
1690535475475,-5.553,-2.2404,-2.74,1.5909
1690535475479,-1.7383,1.1813,3.1425,5.9083
1690535475483,3.4808,9.1982,6.241,12.5321
1690535475487,8.4916,10.0819,12.7028,16.7321
1690535475491,10.5151,15.0619,16.2574,19.5673
1690535475495,11.4629,15.7694,20.5138,18.1216
1690535475499,12.1268,19.6475,20.7692,21.421
1690535475503,15.0377,12.1922,20.4942,16.551
1690535475507,12.2447,15.124,19.2181,19.5488
1690535475511,9.302,16.1281,17.8647,10.4042
1690535475515,5.669,9.9308,12.095,8.9816
1690535475519,1.9683,5.7357,5.6998,7.0738
1690535475523,-3.0162,1.3085,-0.5047,3.3138
1690535475527,-4.7782,-4.8016,-0.3339,-7.7828
1690535475531,-16.8258,-9.8885,-6.2195,-11.9083
1690535475535,-13.673,-14.0995,-11.737,-12.3401
1690535475539,-18.2659,-15.0765,-19.6937,-18.8325
1690535475543,-19.5356,-14.2628,-19.377,-20.6889
1690535475547,-20.959,-14.7189,-20.6734,-18.2057
1690535475551,-22.3683,-17.2771,-21.9063,-21.7797
1690535475555,-22.9557,-17.2795,-22.4345,-18.9428
1690535475559,-19.863,-12.2915,-17.6767,-17.9793
1690535475563,-12.4552,-9.3799,-14.6361,-11.5346
1690535475567,-9.8909,-2.3207,-7.2258,-12.8846
1690535475571,-1.5318,0.2768,-3.417,-4.9181
1690535475575,2.0912,2.7972,2.4228,-2.9591
1690535475579,13.9951,11.9438,9.0324,8.2997
1690535475583,14.2579,11.9808,15.2418,11.9815
1690535475587,16.5536,15.6461,16.6088,15.2301
1690535475591,22.8701,17.5668,19.6807,15.6955
1690535475595,22.6076,18.6001,19.8894,21.4229
1690535475599,19.978,21.7087,19.0392,19.8582
1690535475603,23.6199,17.6031,16.523,17.3376
1690535475607,18.613,17.6933,18.6055,18.9348
1690535475611,17.9065,14.0624,15.0276,13.9174
1690535475615,15.7419,12.1927,9.6115,10.8609
1690535475619,10.2965,7.7575,7.1239,4.3894
1690535475623,4.056,2.3523,2.3396,4.5605
1690535475627,-0.7082,-0.6326,-1.1594,0.9968
1690535475631,-6.1774,-8.954,-7.1302,-6.6443
1690535475635,-14.2694,-12.9331,-14.0798,-9.3044
1690535475639,-15.1009,-17.3609,-13.2491,-12.9323
1690535475643,-15.4177,-21.1091,-21.0376,-17.962
1690535475647,-15.1948,-18.415,-22.9775,-17.9638
1690535475651,-16.013,-16.9183,-22.1519,-18.3768
1690535475655,-16.3941,-20.5288,-20.3242,-16.4965
1690535475659,-11.1227,-13.8448,-19.5965,-15.8175
1690535475663,-11.3668,-11.3822,-16.386,-12.265
1690535475667,-5.7044,-8.8657,-7.0341,-8.0663
1690535475671,-2.7941,-7.137,-4.7383,-4.828
1690535475675,0.5161,1.3139,-0.4886,-0.2459
1690535475679,10.8108,9.9786,6.4831,6.049
1690535475683,13.8399,12.4246,7.0387,12.3695
1690535475687,14.9769,13.8555,14.5191,11.2162
1690535475691,16.6848,14.0349,20.3037,14.0739
1690535475695,18.2379,14.9908,20.0179,22.029
1690535475699,25.9547,14.1062,19.5631,19.6479
1690535475703,18.5367,15.9235,19.6819,21.1528
1690535475707,16.3526,12.749,17.2542,19.1151
1690535475711,15.1449,10.3333,17.1899,14.0434
1690535475715,10.2961,5.6481,14.3969,13.221
1690535475719,6.5733,3.3493,9.6023,8.7678
1690535475723,2.8441,-2.78,5.4456,3.709
1690535475727,-3.2823,-4.6057,-2.0714,-2.978
1690535475731,-7.2087,-10.6499,-9.5723,-6.0904
1690535475735,-11.7631,-12.9015,-18.3371,-9.7576
1690535475739,-15.5701,-19.3516,-19.2797,-11.1679
1690535475743,-22.3319,-19.3025,-18.2452,-13.9898
1690535475747,-18.791,-23.8009,-20.5376,-14.2576
1690535475751,-20.0379,-22.3393,-23.0736,-15.6153
1690535475755,-15.3617,-23.2734,-16.5106,-17.0344
1690535475759,-14.6317,-12.4983,-14.9023,-11.8881
1690535475763,-8.1137,-14.4953,-12.9885,-10.7911
1690535475767,-6.7665,-7.9734,-9.9399,-4.0004
1690535475771,2.2147,-2.911,-4.3478,5.5248
1690535475775,6.028,1.3827,1.8405,9.9828
1690535475779,9.0288,8.2183,7.3663,8.8138
1690535475783,13.8785,12.0804,12.9524,16.8071
1690535475787,24.1561,19.5839,13.9264,26.0516
1690535475791,25.4401,25.4185,18.9072,21.4942
1690535475795,29.7124,27.818,19.7155,26.4648
1690535475799,29.488,23.4751,24.6025,26.423
1690535475803,26.9316,25.2793,20.8913,26.7447
1690535475807,21.5427,22.2785,20.4845,21.5561
1690535475811,17.0266,15.5284,17.6146,16.7611
1690535475815,16.5866,11.7151,10.5882,15.7694
1690535475819,12.4198,3.7256,1.0406,10.5778
1690535475823,2.4671,0.641,1.4599,5.5726
1690535475827,-1.754,2.9593,-10.0452,1.037
1690535475831,-6.438,-6.9923,-6.1251,-3.1926
1690535475835,-14.0889,-7.7627,-7.7008,-9.1966
1690535475839,-15.4173,-15.4727,-19.9462,-11.8313
1690535475843,-16.5591,-18.9122,-17.2056,-16.3805
1690535475847,-17.389,-18.837,-16.6077,-16.5076
1690535475851,-18.2687,-16.7185,-15.874,-16.998
1690535475855,-15.29,-17.3339,-20.2338,-16.1805
1690535475859,-11.7106,-15.3329,-14.1792,-14.1326
1690535475863,-6.1703,-13.982,-17.8759,-9.8855
1690535475867,-6.5999,-9.3605,-8.6813,-4.133
1690535475871,-5.4745,-4.2288,-3.1089,-0.3695
1690535475875,3.4365,1.8099,2.5979,2.3418
1690535475879,12.542,7.1267,8.8441,13.0749
1690535475883,15.8758,10.1136,8.7636,13.5008
1690535475887,22.9607,14.834,14.4071,16.3282
1690535475891,27.5144,17.324,17.0511,19.069
1690535475895,27.6009,20.1189,22.6453,18.8573
1690535475899,30.1519,19.9169,19.9968,21.7762
1690535475903,28.8169,14.1143,21.7719,21.9574
1690535475907,25.2627,15.71,18.9124,18.8615
1690535475911,21.1169,13.0397,18.3676,17.1387
1690535475915,19.6463,6.8865,11.5199,7.5036
1690535475919,9.9959,5.6388,7.4237,2.4751
1690535475923,8.182,2.0152,1.0275,1.3177
1690535475927,3.8034,-4.2101,-6.1316,-6.4615
1690535475931,-7.9227,-12.683,-9.6322,-9.461
1690535475935,-7.3588,-15.085,-16.1519,-14.6858
1690535475939,-13.1808,-19.7115,-16.6559,-16.5737
1690535475943,-17.7331,-17.4264,-23.4401,-19.7696
1690535475947,-16.4857,-19.7371,-19.1063,-20.6267
1690535475951,-18.9003,-20.7306,-15.417,-19.4384
1690535475955,-13.2262,-20.6766,-15.7012,-17.8478
1690535475959,-18.302,-16.1097,-15.2923,-22.7188
1690535475963,-10.0264,-15.5581,-12.3033,-18.5761
1690535475967,-8.6107,-10.2646,-9.2879,-15.9537
1690535475971,-4.2959,-7.8086,-8.5124,-10.7769
1690535475975,1.6899,1.2928,3.987,-4.1601
1690535475979,6.5141,4.2218,8.6947,-1.1231
1690535475983,11.8244,7.4881,9.7768,0.7212
1690535475987,14.5798,12.2251,15.2819,7.0474
1690535475991,20.8703,16.8603,21.539,9.2836
1690535475995,18.5741,17.0894,19.9569,11.5104
1690535475999,17.0095,17.4327,24.5154,11.3733
1690535476003,19.9523,22.4742,17.4678,11.4241
1690535476007,13.4926,20.766,17.6411,6.3868
1690535476011,12.3678,19.2999,17.4644,5.0391
1690535476015,9.6701,11.4143,9.2113,-0.6697
1690535476019,-1.0388,10.4722,6.789,-2.5882
1690535476023,-5.093,5.7587,1.528,-2.2519
1690535476027,-8.5965,-0.5578,3.3287,-11.4384
1690535476031,-15.7145,-2.7468,-7.0851,-19.1092
1690535476035,-21.0758,-9.2053,-14.0477,-17.5933
1690535476039,-29.859,-14.3078,-16.6134,-23.0181
1690535476043,-27.8283,-17.9678,-17.4995,-26.8969
1690535476047,-28.3927,-16.7868,-20.0667,-25.7221
1690535476051,-31.2013,-13.4428,-18.5446,-26.7812
1690535476055,-29.0333,-15.4169,-20.7421,-26.1823
1690535476059,-25.7674,-11.0058,-18.7186,-24.8008
1690535476063,-22.572,-3.398,-16.1117,-20.5156
1690535476067,-20.9606,-7.4304,-8.9991,-13.5978
1690535476071,-13.2208,-3.1257,-2.6847,-14.2734
1690535476075,-9.004,3.7385,1.355,-5.201
1690535476079,-3.0696,5.7487,9.2505,1.3151
1690535476083,2.2556,12.8186,11.9842,2.0568
1690535476087,6.7966,14.5692,17.3712,6.2804
1690535476091,8.8348,15.8065,19.3622,13.6136
1690535476095,12.8707,17.7629,18.5306,12.152
1690535476099,9.5927,17.3564,17.9639,14.1746
1690535476103,11.3958,18.3245,18.2601,13.3945
1690535476107,13.9633,16.7492,16.7409,12.8482
1690535476111,10.8166,13.4166,18.6923,13.5746
1690535476115,5.8973,11.15,10.8079,7.6446
1690535476119,1.5822,7.701,7.7539,8.484
1690535476123,-3.3819,3.3653,2.2539,1.2459
1690535476127,-11.5736,-8.7731,-5.1799,-9.1036
1690535476131,-16.1914,-9.213,-6.1129,-10.8252
1690535476135,-22.5961,-13.025,-12.0666,-19.0739
1690535476139,-25.7225,-18.1002,-18.9065,-19.4426
1690535476143,-29.0933,-22.6009,-19.6291,-21.1624
1690535476147,-29.1841,-23.3917,-22.9989,-17.8577
1690535476151,-30.7078,-28.1573,-22.4383,-22.9263
1690535476155,-29.4365,-18.697,-15.1404,-20.6674
1690535476159,-29.4382,-18.3899,-17.6569,-16.9209
1690535476163,-21.2595,-10.9865,-11.567,-11.6707
1690535476167,-17.5085,-8.9454,-8.6395,-6.2824
1690535476171,-9.9133,-5.8804,0.9849,-3.0502
1690535476175,-5.7272,-2.4581,2.774,2.7004
1690535476179,1.2603,3.3094,6.6691,12.583
1690535476183,3.8237,11.1412,11.9239,14.2735
1690535476187,8.5791,12.5367,16.3497,17.3268
1690535476191,10.5377,17.9862,18.5435,22.4242
1690535476195,14.8582,17.7217,22.3896,28.2974
1690535476199,17.1777,18.923,21.6467,27.6277
1690535476203,14.5183,16.3303,14.4356,28.1149
1690535476207,20.1687,12.699,15.3844,31.4162
1690535476211,11.7823,11.5267,17.958,27.1704
1690535476215,12.317,9.928,9.644,19.2883
1690535476219,6.5876,4.2273,3.5212,14.7177
1690535476223,4.2861,1.6036,5.0834,12.5143
1690535476227,-2.7634,-2.631,-4.1762,1.9141
1690535476231,-7.9678,-5.3384,-10.1391,-3.8769
1690535476235,-6.6641,-14.8047,-12.1945,-4.1891
1690535476239,-10.7802,-13.2177,-16.9809,-11.5455
1690535476243,-16.2302,-15.7832,-15.8438,-11.975
1690535476247,-15.4794,-13.5498,-18.9814,-12.225
1690535476251,-15.237,-15.3043,-17.8234,-9.6993
1690535476255,-12.0835,-16.3937,-15.2361,-8.0149
1690535476259,-9.2291,-13.2774,-17.9047,-8.0947
1690535476263,-3.472,-9.4156,-10.0741,-6.1693
1690535476267,-1.4643,-2.385,-7.1825,1.5441
1690535476271,-0.3235,-1.1768,-2.9805,4.0958
1690535476275,6.1456,5.1428,-0.2038,11.5811
1690535476279,13.4985,8.3221,5.7824,10.1708
1690535476283,14.5984,12.4028,13.3561,17.5299
1690535476287,20.2443,15.6133,15.7412,21.5076
1690535476291,24.3934,16.5867,16.0089,24.869
1690535476295,29.6337,21.3448,18.8124,24.7845
1690535476299,24.1048,20.5348,15.6139,26.4694
1690535476303,26.715,21.7989,17.7491,20.8419
1690535476307,21.3951,17.8361,16.9385,23.4779
1690535476311,20.6077,14.937,14.669,17.0126
1690535476315,17.6532,9.0064,11.6432,15.1539
1690535476319,14.4909,8.5141,6.5987,9.3869
1690535476323,12.4039,-1.6658,0.6201,3.0729
1690535476327,3.9395,-5.2522,-2.4548,-1.705
1690535476331,-0.2833,-9.0958,-9.5094,-2.4098
1690535476335,-3.5431,-14.2254,-10.0722,-10.1143
1690535476339,-9.5073,-18.9405,-13.924,-11.8147
1690535476343,-11.351,-17.559,-17.9309,-14.0263
1690535476347,-11.878,-21.9396,-13.8021,-13.3523
1690535476351,-13.3513,-19.1384,-18.8332,-13.0075
1690535476355,-11.8777,-18.928,-14.6678,-16.1801
1690535476359,-8.3141,-18.6143,-18.7962,-14.9965
1690535476363,-8.8806,-12.97,-12.4944,-11.3565
1690535476367,-5.2318,-5.9735,-9.882,-2.6408
1690535476371,-0.8374,-6.2671,-5.3943,-5.2225
1690535476375,8.5361,-0.2022,-0.4273,4.0086
1690535476379,9.3173,6.8641,3.6838,6.9301
1690535476383,13.3319,5.1285,9.5661,10.02
1690535476387,18.2845,13.2332,16.3082,12.6127
1690535476391,19.4096,10.7188,14.9461,14.5755
1690535476395,25.2874,17.8231,17.435,18.4899
1690535476399,23.4844,15.8951,21.7947,19.6176
1690535476403,23.5504,18.3325,21.4868,16.8036
1690535476407,22.3774,16.4806,19.5535,13.4564
1690535476411,19.8763,12.567,13.8417,11.124
1690535476415,17.17,8.8613,10.2945,10.1567
1690535476419,15.6933,3.3232,4.679,4.4344
1690535476423,10.5526,1.2154,2.1466,0.1357
1690535476427,-0.6546,-7.0985,-3.2615,-1.9485
1690535476431,-2.1044,-8.1743,-10.266,-10.9091
1690535476435,-5.0277,-15.0238,-11.9679,-19.2386
1690535476439,-10.065,-22.0251,-17.1153,-22.6776
1690535476443,-10.8535,-16.9109,-15.7315,-22.2468
1690535476447,-13.9278,-21.6124,-19.4363,-26.7325
1690535476451,-14.85,-16.9599,-17.6761,-23.1953
1690535476455,-17.7206,-16.675,-15.057,-18.6315
1690535476459,-11.1603,-16.0165,-11.3028,-22.4532
1690535476463,-9.1928,-12.946,-11.3189,-19.8334
1690535476467,-3.6293,-10.2005,-7.6073,-16.2665
1690535476471,-4.6958,-2.9788,-2.1131,-11.2586
1690535476475,0.9765,0.7392,0.2322,-3.9214
1690535476479,6.9769,7.2936,6.2072,-1.3172
1690535476483,6.4572,16.0012,11.4184,3.5878
1690535476487,14.558,16.4858,15.4728,10.5518
1690535476491,14.9017,19.0978,21.4304,10.1764
1690535476495,15.9811,23.1243,21.4148,16.1788
1690535476499,14.5228,20.6311,21.0863,16.7719
1690535476503,14.128,25.5694,13.8383,18.1276
1690535476507,13.2261,22.1036,17.3265,13.4845
1690535476511,14.257,18.9897,13.8562,13.6865
1690535476515,3.8633,10.8001,7.7186,7.5862
1690535476519,2.2399,10.1923,6.9248,2.887
1690535476523,3.9871,2.2744,2.1143,-1.9446
1690535476527,-2.1193,-3.4099,-5.0964,-3.9887
1690535476531,-5.1444,-4.3357,-5.6467,-9.2749
1690535476535,-14.1375,-9.5487,-9.1836,-16.6091
1690535476539,-14.8185,-15.8109,-16.0778,-18.2542
1690535476543,-14.3055,-16.897,-19.363,-21.7743
1690535476547,-15.5683,-16.7644,-19.0038,-20.4085
1690535476551,-14.4589,-23.7617,-18.5273,-23.1166
1690535476555,-18.6462,-19.0167,-9.4758,-23.3064
1690535476559,-16.3702,-17.0824,-17.226,-22.1735
1690535476563,-11.7065,-11.3544,-13.7598,-17.0696
1690535476567,-8.3213,-7.2816,-9.9812,-10.4402
1690535476571,-1.7414,-5.0337,-2.3019,-5.6835
1690535476575,6.5933,-3.0073,2.882,-2.7492
1690535476579,10.3806,1.8089,7.0795,4.993
1690535476583,11.0507,9.9687,10.1076,7.7523
1690535476587,11.3994,7.9474,13.2363,9.8795
1690535476591,17.8645,16.7063,15.8702,15.7431
1690535476595,19.6184,18.952,19.2499,16.4782
1690535476599,17.7862,19.9913,20.1384,18.246
1690535476603,18.8884,21.6866,17.4246,15.9655
1690535476607,14.7945,14.1889,21.0809,12.4775
1690535476611,14.3643,13.71,15.8824,12.8277
1690535476615,12.6673,12.1821,9.655,9.1653
1690535476619,3.0631,4.5311,1.5174,7.2643
1690535476623,-2.1849,-0.8981,2.001,3.0755
1690535476627,-4.7812,-8.8694,-1.6133,-2.5658
1690535476631,-5.8417,-8.438,-8.2329,-7.9086
1690535476635,-13.5543,-12.4957,-11.6974,-13.3189
1690535476639,-15.5545,-16.4763,-11.3808,-21.7414
1690535476643,-16.1999,-18.1191,-17.669,-24.9041
1690535476647,-16.2043,-19.0699,-23.3348,-19.967
1690535476651,-21.0768,-19.4257,-22.3988,-18.7862
1690535476655,-17.3765,-22.8943,-16.3965,-18.9583
1690535476659,-17.1931,-21.3831,-18.0823,-15.0516
1690535476663,-17.8656,-12.4932,-10.244,-13.4131
1690535476667,-13.1318,-10.3425,-5.5736,-8.7878
1690535476671,-7.4913,-4.8124,-3.2442,-1.651
1690535476675,-6.5687,-0.9075,-2.033,0.1909
1690535476679,3.6847,2.7164,6.5845,6.1737
1690535476683,2.8577,4.5157,9.3428,13.0041
1690535476687,9.1522,12.6733,17.2282,15.9264
1690535476691,14.9507,15.1798,15.503,17.8493
1690535476695,13.4803,17.2967,15.634,21.5622
1690535476699,15.6066,17.8635,15.6674,21.079
1690535476703,16.9144,20.7674,14.6766,20.46
1690535476707,9.7344,19.433,14.4309,17.0042
1690535476711,5.0871,18.1295,12.8058,14.8327
1690535476715,3.9766,14.4729,10.1691,9.3736
1690535476719,-0.4815,8.0949,6.5059,5.898
1690535476723,-2.0842,5.6594,5.9916,-2.9906
1690535476727,-7.3507,2.2397,0.5179,-7.8196
1690535476731,-11.0844,-4.2308,-5.7809,-11.7386
1690535476735,-18.3955,-7.0799,-11.8001,-12.9521
1690535476739,-24.988,-10.9461,-14.6649,-17.5402
1690535476743,-22.5751,-17.3228,-16.8384,-21.9986
1690535476747,-22.1838,-13.8615,-22.5489,-15.8093
1690535476751,-22.6642,-18.3443,-20.2895,-18.5751
1690535476755,-21.3693,-14.873,-18.3487,-21.521
1690535476759,-16.4924,-17.5923,-16.2467,-17.6432
1690535476763,-16.5406,-12.1218,-11.4097,-14.2204
1690535476767,-13.0707,-7.3363,-10.5473,-10.325
1690535476771,-9.8955,-0.2023,-5.9158,-5.1323
1690535476775,-5.6814,-1.1211,3.1128,2.042
1690535476779,0.1514,9.3312,6.0943,6.0641
1690535476783,3.6863,11.96,8.696,5.7561
1690535476787,9.6516,12.5951,19.3022,13.9799
1690535476791,10.0262,13.3498,14.978,18.2628
1690535476795,13.8264,14.9361,17.3189,19.0397
1690535476799,12.8514,17.6516,19.2754,23.5966
1690535476803,10.2513,12.4793,18.2047,23.2961
1690535476807,10.757,15.9582,17.919,16.9841
1690535476811,10.0402,14.2567,13.5028,18.805
1690535476815,2.058,11.7909,13.3177,13.891
1690535476819,0.1265,5.7337,6.0333,8.1388
1690535476823,-9.7191,0.7521,-0.6266,2.5852
1690535476827,-11.6622,-0.2754,-7.4362,0.4483
1690535476831,-17.5372,-8.6069,-9.235,-1.8925
1690535476835,-20.798,-12.4472,-12.9222,-7.8644
1690535476839,-23.8581,-12.1553,-15.4711,-10.6481
1690535476843,-27.4027,-18.155,-20.4975,-12.6215
1690535476847,-30.3634,-19.8381,-15.58,-16.1001
1690535476851,-23.7916,-16.7167,-18.4152,-17.6997
1690535476855,-25.0092,-19.4405,-15.5101,-10.7347
1690535476859,-21.8097,-15.9513,-12.3669,-9.8579
1690535476863,-15.9493,-12.0361,-11.602,-12.3836
1690535476867,-12.3244,-9.6964,-8.9021,-4.5279
1690535476871,-5.9754,-1.1658,-5.9775,0.2952
1690535476875,1.9464,-1.4441,-2.6178,6.111
1690535476879,3.1953,6.8491,3.2868,10.2835
1690535476883,11.2118,11.206,6.6649,16.4574
1690535476887,14.9194,12.7948,12.691,21.9399
1690535476891,19.8549,17.7961,13.7976,21.2741
1690535476895,22.1935,18.9253,19.2736,24.7708
1690535476899,21.1842,17.0349,18.2141,27.8064
1690535476903,23.9791,16.1503,19.8409,25.628
1690535476907,17.498,14.8463,14.0304,18.3613
1690535476911,20.5909,14.9748,16.2001,18.4792
1690535476915,16.3181,11.0755,6.5091,14.3404
1690535476919,10.6364,4.3759,2.4861,12.6245
1690535476923,5.3644,0.6551,4.3027,6.9753
1690535476927,-2.0996,-3.9106,-2.7727,0.8328
1690535476931,-5.7048,-8.9923,-8.5317,2.4853
1690535476935,-7.5612,-10.0543,-11.1796,-3.6125
1690535476939,-11.8461,-11.7387,-16.2923,-7.4082
1690535476943,-11.2317,-9.2626,-17.2605,-12.482
1690535476947,-15.7836,-11.2704,-16.6189,-21.276
1690535476951,-16.2695,-16.302,-17.7015,-16.5887
1690535476955,-13.9159,-13.3475,-18.0855,-17.345
1690535476959,-8.1183,-11.045,-15.688,-13.1621
1690535476963,-4.5972,-6.9131,-17.094,-5.9489
1690535476967,-2.1776,-6.9559,-12.2635,1.973
1690535476971,1.2633,3.3192,-6.1506,2.4688
1690535476975,7.939,4.9519,-1.5566,5.5633
1690535476979,18.1259,8.1815,6.9143,14.6975
1690535476983,19.4934,11.0058,11.5117,15.175
1690535476987,19.807,15.0324,15.6865,20.4006
1690535476991,25.1134,18.5009,18.7031,20.694
1690535476995,31.2819,20.9512,23.8052,21.3382
1690535476999,36.8241,22.4504,23.0533,24.1066
1690535477003,30.1974,17.1491,18.8222,17.3074
1690535477007,27.3713,12.5837,18.5014,20.2872
1690535477011,24.6827,14.9416,12.5909,16.9723
1690535477015,21.4579,8.1757,9.6287,9.684
1690535477019,13.7818,4.3909,9.205,7.9572
1690535477023,9.6636,-0.1973,1.9617,1.2508
1690535477027,6.0608,-4.6761,-2.5466,-2.7592
1690535477031,-3.2201,-13.5136,-7.1284,-9.1612
1690535477035,-4.0299,-17.8663,-10.4668,-18.8406
1690535477039,-8.308,-17.4786,-16.3915,-21.2796
1690535477043,-8.9109,-20.6856,-18.9064,-25.068
1690535477047,-11.5705,-16.8108,-18.3063,-21.3294
1690535477051,-13.4865,-21.4226,-19.4611,-25.2606
1690535477055,-10.8342,-21.5453,-18.8787,-24.4727
1690535477059,-10.8724,-12.9155,-14.3291,-19.4043
1690535477063,-10.6154,-12.652,-13.6054,-14.8081
1690535477067,-2.1826,-9.6682,-9.3761,-14.3387
1690535477071,4.2478,-2.5015,-6.4963,-8.2507
1690535477075,8.1546,0.9294,5.4127,-4.8183
1690535477079,13.5537,3.4199,7.1277,0.0328
1690535477083,19.8516,10.3236,8.21,-0.1294
1690535477087,24.0043,11.604,10.6573,5.9283
1690535477091,22.526,11.7012,13.5982,9.1932
1690535477095,28.0022,18.7085,17.5935,14.6077
1690535477099,25.5804,18.1116,16.86,16.2987
1690535477103,29.3596,16.6602,18.0595,13.3307
1690535477107,25.5769,18.2676,9.4159,12.0257
1690535477111,20.2705,8.7037,15.4123,7.8827
1690535477115,16.1065,5.419,14.9924,2.4633
1690535477119,12.754,1.8309,8.8377,-1.1534
1690535477123,4.2523,0.1486,5.7453,-7.0582
1690535477127,-3.9174,-11.2914,0.1227,-11.9829
1690535477131,-7.9187,-11.5634,-4.7115,-18.405
1690535477135,-16.6703,-12.9152,-8.5925,-20.5306
1690535477139,-20.5102,-13.6128,-16.3939,-22.7365
1690535477143,-24.9832,-17.2871,-18.8808,-25.473
1690535477147,-27.7036,-20.6274,-20.3552,-24.9577
1690535477151,-24.7168,-20.4124,-22.1281,-24.6067
1690535477155,-22.6676,-16.8222,-21.4498,-27.9533
1690535477159,-23.0662,-15.874,-16.7773,-22.5251
1690535477163,-17.9441,-5.1631,-16.1361,-19.5798
1690535477167,-13.3451,-2.0652,-7.9337,-16.4563
1690535477171,-13.8141,2.2041,-5.4571,-17.63
1690535477175,-1.9947,7.7451,5.907,-5.6691
1690535477179,2.5031,11.8773,5.3188,-2.6857
1690535477183,3.5255,12.9953,14.0623,-0.5596
1690535477187,10.8342,17.6187,14.2624,4.1247
1690535477191,13.4623,19.7495,17.4401,10.6041
1690535477195,17.8265,22.1379,14.7612,13.8333
1690535477199,17.5709,16.3457,20.3231,13.016
1690535477203,19.8756,17.4183,21.3163,15.9197
1690535477207,18.3642,19.676,15.5086,8.2584
1690535477211,14.5802,17.8039,15.0785,6.2941
1690535477215,11.0892,12.4487,13.5045,7.5134
1690535477219,3.0431,6.2446,7.336,3.2414
1690535477223,2.6341,1.9632,3.1366,-0.9066
1690535477227,-6.672,-0.4104,-3.5128,-5.3214
1690535477231,-12.0263,-11.0103,-9.6222,-9.5641
1690535477235,-17.4772,-15.3898,-13.8094,-13.3353
1690535477239,-24.3957,-19.2043,-12.4452,-14.6748
1690535477243,-29.799,-21.3168,-16.6365,-18.4073
1690535477247,-28.0419,-18.4783,-17.4942,-18.4089
1690535477251,-22.2069,-20.2688,-18.1261,-15.8628
1690535477255,-23.5995,-19.706,-17.1411,-16.1849
1690535477259,-20.3165,-18.079,-17.5688,-16.1398
1690535477263,-16.7429,-14.6224,-16.4898,-11.1037
1690535477267,-12.149,-4.2905,-10.0323,-8.3369
1690535477271,-10.8794,-2.4293,-1.4085,-1.4891
1690535477275,-8.5591,-0.7112,2.4388,3.9657
1690535477279,2.7303,8.8768,4.7855,10.568
1690535477283,7.3853,11.012,11.0172,16.2404
1690535477287,8.8592,13.7138,13.8876,22.5206
1690535477291,13.8815,19.704,12.776,24.0981
1690535477295,14.6819,16.7902,16.9815,25.1848
1690535477299,12.426,17.0146,19.4453,24.8944
1690535477303,12.4165,18.3576,19.9871,26.7016
1690535477307,11.0969,13.379,23.1024,24.171
1690535477311,9.099,9.8347,15.4482,21.844
1690535477315,3.8875,10.0342,12.4004,18.9654
1690535477319,2.9196,4.4727,7.3804,15.5303
1690535477323,-3.0932,-3.3948,5.3106,9.8515
1690535477327,-5.4105,-8.3666,-4.8197,0.1166
1690535477331,-11.5504,-10.6759,-8.0771,-4.3127
1690535477335,-16.7501,-19.2732,-7.7614,-3.9028
1690535477339,-18.3653,-17.8527,-11.3072,-9.5183
1690535477343,-26.3729,-21.2012,-15.8925,-11.9478
1690535477347,-22.9126,-20.6416,-21.4732,-12.4345
1690535477351,-24.9614,-20.5069,-21.727,-13.17
1690535477355,-25.381,-23.2456,-19.5311,-15.9818
1690535477359,-25.4703,-20.167,-16.2172,-11.1815
1690535477363,-17.001,-14.394,-14.994,-6.1331
1690535477367,-9.6966,-8.8523,-11.8083,-5.2511
1690535477371,-7.6372,-4.9985,-8.8845,3.4074
1690535477375,-3.0212,0.4584,-0.708,11.6151
1690535477379,5.4098,5.7909,2.2946,16.283
1690535477383,9.3426,15.4688,15.1298,19.0879
1690535477387,16.0507,21.3446,15.757,23.6624
1690535477391,15.825,20.1107,20.2115,22.9177
1690535477395,16.3344,20.3727,19.5326,26.8069
1690535477399,20.5855,23.0246,23.0029,28.7245
1690535477403,16.9454,22.1803,18.7286,30.8892
1690535477407,17.8659,23.1329,19.2474,27.9938
1690535477411,9.3127,19.6837,12.6092,23.7829
1690535477415,10.7591,15.0417,10.1313,16.6305
1690535477419,4.9609,12.196,5.8326,16.7941
1690535477423,0.8274,3.2303,4.855,6.4526
1690535477427,-4.6321,-2.3482,-4.9887,1.9492
1690535477431,-8.1269,-6.8788,-7.9094,-1.2715
1690535477435,-11.4967,-14.1041,-9.9165,-4.2822
1690535477439,-16.407,-12.5733,-14.6612,-12.9818
1690535477443,-22.0057,-21.592,-15.4669,-11.8254
1690535477447,-19.3481,-18.5049,-20.4165,-18.848
1690535477451,-20.9129,-17.2734,-19.0867,-15.307
1690535477455,-23.4578,-19.7668,-21.0247,-13.7975
1690535477459,-20.5448,-14.8358,-14.764,-11.1649
1690535477463,-16.3499,-15.9265,-11.137,-8.4611
1690535477467,-11.7574,-8.1505,-5.7932,-6.9315
1690535477471,-4.8296,-5.8774,-8.0517,0.0671
1690535477475,-4.0334,3.6521,-1.637,-0.373
1690535477479,5.2803,7.5143,7.402,3.5053
1690535477483,3.5764,11.4547,11.7326,11.6432
1690535477487,10.7053,14.0985,13.0461,15.9436
1690535477491,10.667,16.047,17.997,17.2096
1690535477495,15.6117,16.3485,19.8795,16.5911
1690535477499,16.5493,20.6121,21.6544,14.6419
1690535477503,15.5407,19.295,28.0887,18.2281
1690535477507,11.2314,19.5499,17.4986,11.4549
1690535477511,9.7029,10.368,17.6176,10.7212
1690535477515,5.0933,9.2765,9.6239,6.8742
1690535477519,-0.5222,2.7649,9.9665,4.4426
1690535477523,-0.7137,-4.5191,1.4863,1.261
1690535477527,-5.309,-8.8129,-1.8196,-6.5055
1690535477531,-7.7262,-12.8647,-10.5003,-11.8871
1690535477535,-10.425,-17.6589,-11.6334,-17.5932
1690535477539,-16.2405,-20.335,-17.1106,-21.2206
1690535477543,-14.773,-18.2867,-18.1862,-20.2212
1690535477547,-19.1719,-20.9127,-22.9409,-21.6117
1690535477551,-15.5908,-24.1503,-22.7291,-21.7099
1690535477555,-10.2358,-20.4953,-20.6986,-21.3877
1690535477559,-12.8469,-19.4561,-17.3453,-17.0302
1690535477563,-9.0404,-15.2513,-15.106,-14.8866
1690535477567,-10.0472,-10.5028,-10.5036,-13.5022
1690535477571,-1.2915,-3.7712,-4.3559,-7.5641
1690535477575,5.1961,2.0634,2.2249,-3.9646
1690535477579,10.623,3.0936,4.1047,0.2348
1690535477583,12.6802,10.4081,8.861,10.8945
1690535477587,15.4997,12.1556,10.2885,9.6762
1690535477591,19.2501,14.5785,18.728,14.5226
1690535477595,18.6619,18.7105,21.8394,16.1683
1690535477599,21.5049,24.0089,17.1632,17.3462
1690535477603,20.4129,19.0918,18.5831,15.0462
1690535477607,21.2117,18.6374,17.9049,8.2361
1690535477611,16.7064,17.1211,13.7387,10.8682
1690535477615,17.5997,14.2122,14.0398,3.997
1690535477619,9.5091,4.0582,7.2006,2.6066
1690535477623,1.7805,5.945,3.1341,-4.3069
1690535477627,1.7851,-2.4826,-0.929,-9.127
1690535477631,-7.8965,-8.0546,-11.5264,-13.4906
1690535477635,-8.8438,-10.858,-14.4995,-17.4003
1690535477639,-10.6132,-14.9668,-16.0707,-20.7976
1690535477643,-9.8054,-21.2793,-22.4251,-24.402
1690535477647,-6.306,-19.157,-24.3348,-22.619
1690535477651,-9.9666,-20.0888,-18.6483,-27.6989
1690535477655,-10.3236,-16.4631,-21.6141,-24.8943
1690535477659,-6.6891,-12.5467,-18.4057,-21.8123
1690535477663,-7.5047,-13.0263,-16.8199,-18.7899
1690535477667,0.1065,-6.4978,-10.1269,-13.0835
1690535477671,4.9113,-0.7877,-6.359,-3.9077
1690535477675,11.7588,4.1892,-1.0503,-0.0075
1690535477679,12.4642,8.8515,7.4659,5.1158
1690535477683,19.7974,15.5519,12.5587,6.2742
1690535477687,22.0165,14.4595,15.8915,12.8716
1690535477691,25.948,21.66,16.6593,18.7688
1690535477695,25.2386,20.4798,18.0462,14.8788
1690535477699,26.3894,22.3228,21.1345,16.8732
1690535477703,24.0325,18.8167,19.2977,20.5552
1690535477707,23.8895,20.6485,19.4652,16.8651
1690535477711,21.6757,18.0787,16.4862,12.7941
1690535477715,17.905,15.4767,11.9919,11.9589
1690535477719,15.0533,9.3758,7.2913,6.1083
1690535477723,12.7617,2.1506,4.1607,1.7339
1690535477727,4.5823,-2.4858,-3.1455,0.5034
1690535477731,1.1536,-8.8429,-8.1954,-9.3607
1690535477735,-3.1006,-17.4697,-13.0675,-15.0385
1690535477739,-4.4793,-19.0335,-17.8074,-18.6326
1690535477743,-8.3352,-21.7423,-21.6406,-17.5178
1690535477747,-10.4232,-21.9761,-19.5794,-20.8849
1690535477751,-12.2095,-23.4642,-22.7202,-27.7731
1690535477755,-11.2534,-20.9201,-17.1797,-21.511
1690535477759,-6.4735,-20.4338,-19.1762,-18.3728
1690535477763,-6.5373,-12.0903,-12.077,-15.4918
1690535477767,-6.0087,-10.5135,-9.576,-13.4663
1690535477771,0.763,-7.7141,-2.6966,-7.4335
1690535477775,4.6723,-0.6951,2.3761,-4.6456
1690535477779,12.2735,6.2199,5.5047,1.1996
1690535477783,16.2671,11.3567,14.0687,6.6155
1690535477787,15.429,18.4769,16.5921,9.2365
1690535477791,14.6247,17.0548,19.6629,13.2353
1690535477795,17.5297,21.0289,17.7604,14.8804
1690535477799,17.2314,21.1704,25.2195,17.5585
1690535477803,19.1835,16.7677,24.2823,18.0964
1690535477807,16.0256,16.7177,17.9102,17.353
1690535477811,12.3903,15.2614,15.9523,12.4446
1690535477815,4.9791,7.8044,8.0317,7.2923
1690535477819,-2.153,1.0726,6.7884,2.8685
1690535477823,-1.703,3.5342,1.8133,-0.6781
1690535477827,-8.8446,-3.0427,1.3203,-7.0786
1690535477831,-14.3054,-9.0789,-9.3718,-12.7419
1690535477835,-13.9088,-17.997,-13.3141,-13.5217
1690535477839,-23.3749,-19.1551,-12.8716,-18.5641
1690535477843,-24.7092,-16.7869,-18.7141,-16.97
1690535477847,-22.5256,-20.8882,-19.5075,-20.3139
1690535477851,-24.9151,-21.9033,-20.7134,-19.9864
1690535477855,-22.1992,-21.6715,-19.768,-17.2406
1690535477859,-19.5606,-17.7726,-18.6272,-18.311
1690535477863,-18.7479,-11.3563,-15.6051,-14.0351
1690535477867,-12.962,-6.4615,-10.0585,-7.3864
1690535477871,-8.3013,-2.3112,-3.9925,-2.6338
1690535477875,-5.0608,2.9084,0.3651,4.7292
1690535477879,-0.5122,7.9963,7.8363,7.0369
1690535477883,5.5583,12.0781,12.5349,11.1573
1690535477887,5.6166,17.4315,14.192,15.4865
1690535477891,11.3948,19.0489,18.826,17.9616
1690535477895,11.5653,25.2853,22.4049,17.9098
1690535477899,11.9011,24.3998,18.3114,23.9248
1690535477903,11.4409,23.7182,19.0072,21.9227
1690535477907,6.627,19.4433,17.5611,18.2531
1690535477911,6.7327,14.0299,11.6117,16.4912
1690535477915,2.2979,12.9702,12.7483,10.0584
1690535477919,-1.9916,7.8572,4.6991,6.1961
1690535477923,-10.163,3.9593,-0.9624,3.0948
1690535477927,-16.526,-1.048,-5.0987,-1.6618
1690535477931,-20.2646,-7.2118,-11.289,-8.8662
1690535477935,-24.0084,-10.4128,-11.3269,-6.0674
1690535477939,-24.0203,-16.0976,-13.9055,-13.2865
1690535477943,-24.0447,-19.2645,-19.8104,-11.5988
1690535477947,-29.4893,-21.3997,-17.2346,-16.1384
1690535477951,-25.6239,-21.4407,-19.8677,-15.5985
1690535477955,-30.2635,-20.6443,-18.1338,-16.4958
1690535477959,-24.4279,-20.4945,-17.4285,-12.9214
1690535477963,-21.0458,-15.5864,-11.7608,-9.1427
1690535477967,-17.8324,-10.7208,-9.9694,-4.9831
1690535477971,-11.7788,-7.6374,-2.8733,2.5532
1690535477975,-5.7628,-3.0383,-1.0939,6.0111
1690535477979,-4.8223,2.5157,2.1045,12.1055
1690535477983,-0.0576,11.2069,8.4728,14.7345
1690535477987,4.6138,12.7159,14.9788,18.1599
1690535477991,7.1108,15.8273,18.5622,23.89
1690535477995,7.9615,18.8298,19.3196,28.2973
1690535477999,13.5543,19.557,20.7884,24.3025
1690535478003,12.5508,17.6214,16.8819,23.0685
1690535478007,10.8772,16.2094,20.5327,26.9676
1690535478011,8.3129,14.8983,18.9677,22.5742
1690535478015,4.8697,12.7693,12.1415,17.7543
1690535478019,6.3952,3.9795,7.0519,13.0477
1690535478023,-0.8927,1.7411,0.7479,10.361
1690535478027,-3.5641,-6.2375,-9.6446,7.6695
1690535478031,-10.8309,-13.0102,-9.0817,2.3333
1690535478035,-8.6777,-16.8101,-13.1278,-4.0163
1690535478039,-19.4303,-18.3394,-14.6274,-8.5805
1690535478043,-22.9879,-19.7081,-18.5862,-8.1111
1690535478047,-21.2668,-21.1493,-18.3405,-10.0667
1690535478051,-18.59,-23.3124,-21.8625,-13.1977
1690535478055,-17.9765,-18.9209,-17.0394,-11.5184
1690535478059,-14.0793,-19.381,-12.342,-10.2155
1690535478063,-10.874,-14.7472,-11.767,-4.0352
1690535478067,-8.9474,-11.3391,-11.7161,-5.3655
1690535478071,0.9821,-4.7478,-4.4943,1.4996
1690535478075,6.0104,-0.2326,0.0191,5.7238
1690535478079,9.23,5.5252,4.4946,9.6044
1690535478083,13.7128,11.6909,11.093,15.5738
1690535478087,19.946,15.7447,15.1969,13.5498
1690535478091,17.8893,21.6759,20.9103,20.2894
1690535478095,18.1458,20.4631,21.678,20.9728
1690535478099,20.0341,22.3595,21.5251,21.6107
1690535478103,23.2272,22.7681,22.4047,21.0316
1690535478107,19.5031,23.3022,19.4058,21.0409
1690535478111,17.8653,20.1536,13.4346,16.1729
1690535478115,11.4456,18.777,12.2852,15.3991
1690535478119,12.1038,8.3516,4.3437,6.0638
1690535478123,5.8057,5.0344,-2.0684,4.9297
1690535478127,1.8504,-0.1125,-7.541,-1.8308
1690535478131,-6.0001,-5.6773,-7.9325,-9.6477
1690535478135,-9.0809,-12.2546,-11.1192,-15.0006
1690535478139,-13.7016,-12.295,-15.1948,-17.1691
1690535478143,-19.456,-17.0803,-15.9572,-23.0446
1690535478147,-18.9567,-17.9775,-16.8536,-23.0902
1690535478151,-19.2647,-17.1175,-18.248,-21.4495
1690535478155,-18.2135,-16.7531,-20.0294,-19.6089
1690535478159,-15.3309,-14.9971,-17.6146,-17.8006
1690535478163,-14.1913,-11.8177,-17.1813,-16.7945
1690535478167,-6.9924,-7.4483,-7.5515,-12.9192
1690535478171,-6.3613,-8.0229,-6.7176,-11.9174
1690535478175,3.7624,-0.0072,0.5558,-4.1125
1690535478179,12.8417,2.48,5.4359,2.5443
1690535478183,12.9385,7.225,13.1807,1.5172
1690535478187,20.45,14.0557,17.9183,8.3849
1690535478191,20.7348,16.5466,17.6494,11.3517
1690535478195,26.9115,20.3362,16.8605,12.3553
1690535478199,24.8242,21.7624,20.8684,14.7347
1690535478203,25.3658,19.9774,19.063,13.206
1690535478207,19.2772,19.1555,19.9828,6.3388
1690535478211,14.5521,13.0644,15.2388,5.421
1690535478215,15.6782,11.0494,8.8446,2.822
1690535478219,13.4674,8.8624,9.6878,-1.2965
1690535478223,6.1653,0.5539,2.1376,-9.1716
1690535478227,2.348,-5.197,-1.4899,-12.4028
1690535478231,0.9378,-10.8258,-7.7804,-20.7177
1690535478235,-6.9618,-13.432,-14.553,-22.0763
1690535478239,-12.7645,-16.8996,-16.9601,-28.0717
1690535478243,-16.597,-22.609,-18.3443,-30.5028
1690535478247,-14.1282,-21.0985,-24.8587,-31.3824
1690535478251,-16.0024,-18.9197,-26.6533,-28.9526
1690535478255,-19.5085,-18.9006,-18.918,-28.7268
1690535478259,-14.1452,-21.8499,-15.7075,-23.4938
1690535478263,-14.5907,-15.2543,-12.2661,-25.9377
1690535478267,-10.2203,-11.568,-4.9136,-14.5524
1690535478271,-4.6193,-5.0706,-0.6039,-14.4967
1690535478275,1.0756,-2.4029,6.2114,-8.1465
1690535478279,8.5017,-1.3751,7.6089,-2.4809
1690535478283,10.8609,7.6141,9.94,3.3724
1690535478287,14.8768,11.2458,12.4433,10.7426
1690535478291,16.4374,13.6306,20.8251,9.5503
1690535478295,27.6706,15.0032,23.3851,10.6984
1690535478299,24.1454,16.7814,19.5008,15.2285
1690535478303,18.1035,17.783,17.0403,11.8896
1690535478307,21.1033,17.7051,17.7511,15.4542
1690535478311,14.9028,17.4252,9.7422,9.1934
1690535478315,16.6708,14.8774,4.217,5.1045
1690535478319,9.6409,7.9259,6.0962,1.8076
1690535478323,4.1593,7.8286,-0.5409,-3.1361
1690535478327,-0.2366,0.0281,-1.4619,-6.1124
1690535478331,-3.0607,-6.0139,-6.5892,-10.1563
1690535478335,-7.4153,-5.6881,-14.1864,-15.6903
1690535478339,-11.6893,-12.0194,-16.3568,-20.803
1690535478343,-13.4659,-17.1781,-15.9759,-22.6016
1690535478347,-16.1544,-20.6244,-19.0998,-18.6468
1690535478351,-15.9305,-20.3183,-21.976,-21.1529
1690535478355,-14.3299,-17.6242,-16.0527,-17.0505
1690535478359,-14.7152,-11.3987,-14.624,-18.5932
1690535478363,-5.7028,-10.3432,-11.6468,-9.769
1690535478367,-7.8854,-7.6232,-10.1304,-3.3662
1690535478371,2.022,-1.6877,-2.5592,-1.9252
1690535478375,6.0629,6.9037,1.6373,3.6041
1690535478379,11.0371,12.3907,7.6308,8.8481
1690535478383,15.9375,8.066,7.6779,13.4332
1690535478387,16.625,18.8994,17.261,17.8388
1690535478391,20.1304,20.1067,20.5511,18.9812
1690535478395,31.3684,18.8872,23.9128,17.5492
1690535478399,27.9722,19.7341,19.2121,18.4566
1690535478403,24.394,19.4862,21.1067,25.2367
1690535478407,24.3349,16.8908,21.2532,21.8973
1690535478411,22.6327,10.8151,14.9129,17.8767
1690535478415,18.5904,10.0048,9.9144,13.2549
1690535478419,12.0881,1.0922,3.3147,18.6704
1690535478423,4.6977,-0.9974,2.1036,9.2129
1690535478427,-1.2909,-4.9056,-9.0155,6.1645
1690535478431,-4.7508,-12.7931,-5.2591,1.4281
1690535478435,-10.1188,-10.017,-13.9481,-6.092
1690535478439,-15.7727,-11.1312,-15.7769,-9.0607
1690535478443,-13.0925,-16.9271,-17.5868,-11.0485
1690535478447,-19.5712,-18.821,-18.5107,-12.5599
1690535478451,-19.9811,-20.0006,-18.4798,-9.6857
1690535478455,-21.9731,-21.5306,-18.0253,-11.8473
1690535478459,-16.9151,-19.4789,-17.22,-4.7111
1690535478463,-14.0671,-13.7344,-12.7698,-5.0569
1690535478467,-11.9706,-9.0216,-5.4125,1.5474
1690535478471,-7.4552,-10.05,-1.812,6.3969
1690535478475,-0.2163,1.3344,4.5792,10.9628
1690535478479,4.6123,4.9295,10.974,14.5117
1690535478483,9.9295,7.4777,11.3317,20.3429
1690535478487,13.4055,14.6613,17.4042,21.4535
1690535478491,11.5823,16.6625,20.4485,22.6371
1690535478495,17.3774,17.9482,20.2876,25.7805
1690535478499,15.6175,18.831,20.6676,31.7523
1690535478503,11.2749,19.9945,20.9953,25.2927
1690535478507,16.2971,12.9572,17.1189,25.1849
1690535478511,14.6304,8.83,10.0567,24.4246
1690535478515,10.2594,9.4077,9.4786,16.2734
1690535478519,2.7062,4.6965,3.6883,14.1248
1690535478523,0.1292,-0.6742,-5.8101,3.8201
1690535478527,-5.8568,-6.1436,-8.0262,-0.0664
1690535478531,-7.5573,-7.798,-8.0104,-0.9867
1690535478535,-21.899,-11.6182,-12.7152,-8.9879
1690535478539,-19.8288,-16.6901,-16.0558,-16.9105
1690535478543,-18.675,-16.6471,-18.315,-15.8347
1690535478547,-24.0689,-18.1935,-16.9271,-16.7718
1690535478551,-24.8693,-15.2842,-20.3498,-17.4347
1690535478555,-27.4424,-14.6155,-19.04,-18.4623
1690535478559,-23.6828,-12.9162,-14.7902,-12.4195
1690535478563,-21.703,-8.6614,-10.1521,-11.0617
1690535478567,-21.694,-3.9607,-5.5631,-9.4523
1690535478571,-13.9876,2.4791,-1.4312,-4.7451
1690535478575,-6.5242,2.2278,2.8366,2.0478
1690535478579,0.9278,5.7767,5.2305,9.3329
1690535478583,-0.8833,14.0316,8.8805,10.8239
1690535478587,12.0914,15.7075,15.3919,15.5002
1690535478591,9.3027,19.46,14.732,15.3239
1690535478595,11.8159,19.7218,18.2154,17.3757
1690535478599,11.2758,22.3828,20.4685,18.2373
1690535478603,10.3151,18.1531,19.6093,20.3081
1690535478607,9.3371,20.2899,20.228,18.5575
1690535478611,1.7133,15.2797,12.9313,18.3966
1690535478615,2.9319,12.0474,13.0419,13.7155
1690535478619,-7.545,5.1357,3.9413,6.2697
1690535478623,-11.2136,3.1898,-0.744,1.0291
1690535478627,-14.2481,-4.9915,-2.3742,-2.1031
1690535478631,-19.4826,-13.7933,-12.3676,-11.5139
1690535478635,-24.2027,-18.3314,-12.4984,-13.3119
1690535478639,-24.1898,-18.6939,-16.183,-19.7409
1690535478643,-26.3785,-21.1588,-19.3645,-20.0909
1690535478647,-24.2975,-22.5861,-22.9936,-24.3498
1690535478651,-26.3809,-24.7568,-17.5238,-24.1515
1690535478655,-25.1144,-21.3045,-20.4403,-16.4589
1690535478659,-23.5091,-20.6496,-15.9807,-14.9227
1690535478663,-23.0518,-11.0354,-11.8057,-10.1836
1690535478667,-15.1508,-11.5255,-9.9559,-10.1984
1690535478671,-10.4355,-5.3304,0.6969,-10.2593
1690535478675,-7.7696,3.4093,3.0421,-2.6954
1690535478679,-1.2125,8.4569,9.4734,1.9225
1690535478683,6.6571,9.2618,10.6532,3.9917
1690535478687,9.899,10.0551,16.241,7.3567
1690535478691,14.3973,15.4582,18.8597,11.0034
1690535478695,18.4201,17.8238,17.6061,16.3654
1690535478699,24.0893,16.7114,16.8688,18.1207
1690535478703,14.5589,19.6443,19.4973,13.9713
1690535478707,16.137,19.3056,16.1615,13.919
1690535478711,17.8283,13.5817,13.322,7.0524
1690535478715,11.7026,8.3644,8.3288,6.5255
1690535478719,8.6771,2.8241,6.6754,1.8915
1690535478723,0.2781,-0.1027,0.4125,-2.5398
1690535478727,-6.1604,-4.4966,-8.2936,-9.4237
1690535478731,-10.3093,-10.8843,-8.5637,-12.5287
1690535478735,-14.633,-15.3639,-12.7314,-17.3873
1690535478739,-12.33,-20.7845,-13.5643,-16.859
1690535478743,-18.2582,-22.3647,-15.6022,-18.1675
1690535478747,-20.6437,-19.326,-20.7835,-20.0177
1690535478751,-14.5741,-24.1869,-18.153,-16.3749
1690535478755,-13.2375,-20.5275,-20.3827,-17.9953
1690535478759,-14.2111,-15.0952,-16.9002,-20.954
1690535478763,-6.1567,-15.5394,-12.8786,-14.4858
1690535478767,-3.6247,-9.6458,-7.9571,-9.6791
1690535478771,1.6347,-4.7221,-5.2715,-9.5825
1690535478775,5.5086,-0.2586,2.2738,1.1002
1690535478779,12.4443,4.8847,3.6087,5.2892
1690535478783,12.4019,14.3087,14.2411,11.2969
1690535478787,16.9918,20.977,16.5989,15.7406
1690535478791,21.7995,20.2036,17.4535,17.3072
1690535478795,25.4507,21.3251,16.1714,16.8738
1690535478799,28.9595,26.544,18.9544,18.0632
1690535478803,26.4142,19.5191,17.7614,15.9663
1690535478807,22.3763,23.1442,17.4855,19.3898
1690535478811,23.9104,17.8628,17.6429,11.1635
1690535478815,18.3282,16.7098,11.9904,6.9621
1690535478819,13.0969,9.7349,5.0713,-0.3955
1690535478823,10.6647,0.8666,6.2148,-5.8916
1690535478827,3.468,-2.6631,-3.1349,-5.809
1690535478831,3.6947,-7.3721,-6.7521,-8.4153
1690535478835,-3.8705,-9.5589,-13.0547,-15.5711
1690535478839,-12.0,-14.1433,-14.325,-15.9612
1690535478843,-12.9135,-19.5864,-17.4879,-19.7338
1690535478847,-12.8322,-21.3342,-19.608,-22.7036
1690535478851,-11.8435,-21.7249,-22.6217,-22.3398
1690535478855,-5.7693,-20.9102,-20.8957,-23.345
1690535478859,-4.2763,-18.5532,-14.4197,-26.2603
1690535478863,-3.8869,-16.1984,-9.9372,-19.0854
1690535478867,2.6598,-8.8892,-4.7774,-11.2786
1690535478871,8.0689,-2.2407,-1.241,-7.3991
1690535478875,11.6517,5.0231,6.2717,-2.0636
1690535478879,15.2804,8.0009,12.4082,1.6811
1690535478883,18.0943,10.636,12.3764,8.2773
1690535478887,23.7173,15.9663,13.9807,11.1029
1690535478891,23.3464,16.9416,14.6958,14.9065
1690535478895,24.1136,19.4481,16.5904,16.8605
1690535478899,23.1914,16.3126,16.9522,16.9073
1690535478903,21.5214,21.4858,15.212,18.5869
1690535478907,23.3882,17.6516,12.4954,16.6635
1690535478911,20.8807,17.4941,10.2334,17.0559
1690535478915,12.3417,12.2533,12.3714,11.5979
1690535478919,10.403,5.862,8.2493,3.0808
1690535478923,4.4247,-0.9555,0.2917,2.3948
1690535478927,-2.4175,-5.4472,-0.3913,-2.9555
1690535478931,-8.0274,-14.5528,-8.545,-6.3083
1690535478935,-10.1582,-14.0374,-11.479,-12.6654
1690535478939,-16.3859,-17.5717,-13.2938,-18.002
1690535478943,-15.8412,-19.2477,-19.6349,-21.3436
1690535478947,-13.2476,-22.2024,-16.8995,-23.0887
1690535478951,-20.0207,-27.4265,-15.8514,-27.2132
1690535478955,-19.8931,-20.4736,-19.7374,-23.3037
1690535478959,-18.2343,-20.7435,-14.7252,-21.6332
1690535478963,-9.2859,-15.2725,-9.5173,-14.094
1690535478967,-7.777,-8.3449,-9.0524,-9.719
1690535478971,-5.0656,-7.0419,-5.6196,-5.5102
1690535478975,0.5449,-0.6958,0.7889,-3.8526
1690535478979,5.8835,3.933,5.4818,4.2379
1690535478983,10.9302,11.3826,9.7759,9.4979
1690535478987,14.5852,14.3473,16.4801,11.4386
1690535478991,15.4272,19.9521,18.5361,12.6472
1690535478995,19.0083,18.2521,19.5321,16.0379
1690535478999,17.8503,22.6871,18.1972,21.1777
1690535479003,17.0435,22.3635,22.9186,21.3044
1690535479007,14.388,18.7013,18.1101,20.0091
1690535479011,12.3443,17.9689,17.4463,15.5137
1690535479015,8.3681,13.2968,13.487,11.2444
1690535479019,8.3751,7.3142,6.3367,3.2223
1690535479023,2.6016,5.6067,3.5561,1.5325
1690535479027,-6.3833,-0.2027,-5.7172,-3.7743
1690535479031,-6.3817,-6.6528,-11.1944,-6.8868
1690535479035,-11.9563,-9.3307,-14.6504,-13.1362
1690535479039,-17.3493,-14.7126,-14.4789,-12.6676
1690535479043,-15.0667,-17.8372,-18.2945,-15.1358
1690535479047,-20.9818,-16.4473,-16.733,-15.1871
1690535479051,-21.0606,-22.3964,-14.0503,-13.2727
1690535479055,-19.6753,-18.9297,-21.1326,-12.0268
1690535479059,-17.1586,-17.2651,-16.7793,-13.1161
1690535479063,-12.7033,-16.6441,-12.7087,-7.0459
1690535479067,-8.8115,-7.9823,-6.0584,0.6748
1690535479071,-3.6031,-3.7117,-2.1242,3.5998
1690535479075,1.1549,2.0739,2.2212,5.1909
1690535479079,7.345,7.8465,4.6233,12.8512
1690535479083,4.5823,10.7261,9.5803,14.9344
1690535479087,11.0416,13.6504,12.468,21.2488
1690535479091,14.4295,15.0188,14.0765,26.0479
1690535479095,16.577,19.0785,17.8891,28.9491
1690535479099,17.319,18.6655,23.0723,27.0238
1690535479103,14.6567,21.4392,17.8404,29.4766
1690535479107,12.6477,19.3149,19.5528,23.0878
1690535479111,10.7754,17.6272,15.0051,22.0414
1690535479115,12.8842,7.5839,9.3156,17.0158
1690535479119,5.084,4.0727,7.3769,12.3801
1690535479123,-3.6876,3.1206,1.8037,12.6426
1690535479127,-7.1094,-2.9655,-4.4514,1.3688
1690535479131,-12.0159,-11.8357,-10.4658,-0.4231
1690535479135,-16.67,-8.0289,-11.9019,-7.8167
1690535479139,-16.9554,-20.0277,-13.097,-8.6076
1690535479143,-17.4727,-20.6,-18.3323,-12.3091
1690535479147,-19.0111,-19.3465,-15.1674,-9.5539
1690535479151,-18.4675,-22.6466,-15.3166,-12.7599
1690535479155,-19.2402,-21.3935,-16.865,-13.8865
1690535479159,-16.0921,-23.1548,-12.5483,-12.5013
1690535479163,-13.4342,-18.3312,-13.5335,-6.5284
1690535479167,-12.953,-15.4867,-8.4529,-9.953
1690535479171,-1.7929,-7.4619,-5.6916,1.4223
1690535479175,-1.1663,-2.8695,-0.3514,8.1227
1690535479179,7.2995,-1.2518,3.7005,7.6273
1690535479183,10.4887,8.5154,9.7555,17.1957
1690535479187,8.8512,12.4923,14.2162,18.6056
1690535479191,14.4446,14.734,14.6472,25.8975
1690535479195,16.0203,21.7141,14.9089,25.2419
1690535479199,17.204,17.6501,17.3739,24.3155
1690535479203,11.3109,18.8494,19.1843,22.4907
1690535479207,11.077,18.9035,16.3104,21.066
1690535479211,6.521,14.528,16.6306,16.8355
1690535479215,7.8995,11.9095,5.8919,14.6816
1690535479219,0.8323,8.6519,7.4736,12.3374
1690535479223,-2.0001,3.6976,2.0795,1.213
1690535479227,-9.622,-1.491,2.2693,2.4908
1690535479231,-11.0622,-10.4222,-6.3068,-2.3034
1690535479235,-18.0619,-11.0667,-13.8249,-8.5069
1690535479239,-21.3868,-14.5645,-17.892,-12.384
1690535479243,-20.5245,-16.7158,-21.5743,-13.4757
1690535479247,-27.1943,-15.9792,-22.3421,-18.9257
1690535479251,-26.2374,-14.2751,-21.5009,-21.9754
1690535479255,-24.0561,-17.1949,-22.3528,-22.1288
1690535479259,-22.2162,-15.2803,-19.2103,-22.1452
1690535479263,-23.8891,-13.9779,-10.8219,-16.6223
1690535479267,-12.3975,-11.2,-10.3649,-14.2794
1690535479271,-13.1751,-2.1126,-0.5309,-10.3981
1690535479275,-10.1731,-0.7969,5.1966,-7.4707
1690535479279,-2.0048,4.6914,8.5584,-1.7737
1690535479283,2.9713,11.7756,14.735,6.0886
1690535479287,6.5764,14.1223,11.668,7.8653
1690535479291,7.8666,24.4627,15.5834,11.8741
1690535479295,8.6425,21.5389,16.7826,9.6867
1690535479299,8.3459,21.3985,17.7989,9.6301
1690535479303,11.195,20.594,18.4798,8.699
1690535479307,8.6173,17.5428,14.4136,8.049
1690535479311,10.0367,19.7623,12.3058,8.0172
1690535479315,4.5257,13.7086,12.3569,2.6019
1690535479319,-1.8629,8.2852,11.6485,-2.1686
1690535479323,-7.1574,2.6641,1.8954,-6.7461
1690535479327,-8.765,-0.6582,-4.8958,-11.0848
1690535479331,-12.4161,-5.3046,-4.048,-19.0364
1690535479335,-13.3003,-9.2143,-13.0982,-20.3319
1690535479339,-16.1689,-21.5526,-12.8515,-27.1092
1690535479343,-21.4154,-21.8754,-17.6307,-30.0299
1690535479347,-19.9596,-22.4537,-22.8163,-26.9492
1690535479351,-20.2415,-20.1093,-21.598,-26.3119
1690535479355,-22.906,-22.8042,-16.8854,-29.2419
1690535479359,-18.89,-18.5623,-18.6543,-25.3224
1690535479363,-16.1557,-18.1853,-12.234,-22.3801
1690535479367,-8.8807,-8.7449,-5.4941,-15.1298
1690535479371,-8.2387,-7.7738,-6.2918,-14.2365
1690535479375,-0.9768,-0.614,1.6264,-5.8238
1690535479379,4.6909,4.4867,5.4986,1.5492
1690535479383,7.6219,8.5392,5.9358,5.8648
1690535479387,14.1535,12.6784,11.6737,7.0462
1690535479391,17.4932,11.7138,17.1475,9.8288
1690535479395,16.8213,15.6202,19.0953,15.5907
1690535479399,21.0014,20.8524,18.1867,13.5219
1690535479403,20.9313,15.6597,18.9215,13.2797
1690535479407,15.3081,13.8324,20.4484,13.78
1690535479411,14.6626,13.9574,13.7074,8.5909
1690535479415,10.2029,9.0758,14.7277,6.8436
1690535479419,10.9158,7.7527,5.945,-5.3196
1690535479423,3.4216,-2.5926,4.9474,-2.5577
1690535479427,1.1075,-2.8615,-0.2621,-14.32
1690535479431,0.1037,-6.2884,-7.533,-17.0667
1690535479435,-6.5891,-11.776,-12.0809,-19.9778
1690535479439,-6.6315,-18.5205,-17.3187,-24.2723
1690535479443,-15.7886,-21.2609,-16.7526,-25.6161
1690535479447,-12.0182,-21.1533,-18.8113,-27.7394
1690535479451,-16.3727,-21.821,-16.4484,-25.223
1690535479455,-10.1796,-22.0979,-13.5078,-21.1763
1690535479459,-11.3174,-15.7991,-17.3612,-19.8011
1690535479463,-3.3074,-16.2366,-12.8282,-20.4032
1690535479467,-1.0304,-8.3746,-11.218,-8.5482
1690535479471,-0.7642,-4.6723,-5.8015,-4.7723
1690535479475,9.6648,1.2516,-3.2995,4.1419
1690535479479,13.0723,9.1756,2.8078,6.4922
1690535479483,23.0225,13.6292,11.3865,9.1139
1690535479487,22.1984,17.616,13.7623,18.7674
1690535479491,23.4588,18.0382,18.1347,20.3874
1690535479495,28.2217,24.9099,18.0046,21.8597
1690535479499,30.5999,23.218,22.1935,18.2131
1690535479503,28.7462,20.5591,21.9415,20.9899
1690535479507,30.9739,19.5838,24.0337,24.5346
1690535479511,24.3426,17.989,16.8885,18.742
1690535479515,21.773,16.5392,11.8588,14.5143
1690535479519,18.8856,11.6146,8.1069,13.1418
1690535479523,13.9833,6.7535,0.4376,6.5997
1690535479527,9.8364,-0.126,-7.2104,6.7126
1690535479531,0.1123,-6.6828,-8.4048,-0.027
1690535479535,-2.6939,-8.0318,-15.0686,-4.438
1690535479539,-5.7109,-12.6534,-12.4915,-8.5396
1690535479543,-8.8499,-13.8163,-16.9788,-11.9356
1690535479547,-10.3622,-18.9615,-21.2578,-12.1961
1690535479551,-12.6087,-20.2478,-18.6273,-9.9354
1690535479555,-11.6903,-22.1596,-19.5325,-8.5091
1690535479559,-6.6518,-17.7362,-11.7888,-9.3885
1690535479563,-5.2757,-15.7098,-15.837,-3.9868
1690535479567,-2.968,-16.6334,-8.9615,-0.3278
1690535479571,3.7703,-7.1708,-8.3954,2.3701
1690535479575,6.412,-5.294,-0.9322,3.5058
1690535479579,12.5549,0.4486,4.9477,10.8025
1690535479583,14.648,6.8079,9.6701,13.1154
1690535479587,15.9678,13.0113,13.8804,17.2556
1690535479591,18.1533,19.3443,22.0467,19.978
1690535479595,26.7966,19.4041,20.3691,19.2494
1690535479599,24.0531,17.3151,21.976,26.317
1690535479603,25.3781,17.7407,17.1503,26.1998
1690535479607,25.2851,18.8193,17.6833,20.6539
1690535479611,17.101,11.594,18.0578,20.0613
1690535479615,16.003,8.4132,12.6037,16.1329
1690535479619,9.5703,4.8808,6.3383,8.5387
1690535479623,4.4697,-3.1451,4.092,6.3199
1690535479627,-0.5183,-3.874,-3.7009,-1.9447
1690535479631,-8.5048,-13.1041,-5.9525,-1.3761
1690535479635,-12.3651,-14.3969,-12.614,-7.2651
1690535479639,-16.3182,-16.4149,-16.6005,-12.2767
1690535479643,-18.0347,-20.7655,-20.501,-13.5315
1690535479647,-17.5566,-22.1386,-20.2135,-12.2122
1690535479651,-20.4555,-18.0266,-15.883,-14.5767
1690535479655,-17.64,-19.0196,-22.4008,-9.5037
1690535479659,-18.5627,-19.4763,-19.0234,-12.7756
1690535479663,-16.4337,-14.8222,-15.6253,-8.3744
1690535479667,-14.2282,-14.7408,-8.4728,-7.5674
1690535479671,-7.4231,-7.8834,-3.7701,-3.0802
1690535479675,0.5137,-2.2275,-2.2693,2.5896
1690535479679,2.4573,1.0551,3.0142,9.1205
1690535479683,10.9021,8.506,11.0338,13.0485
1690535479687,11.8987,15.2705,14.6787,19.5803
1690535479691,13.9097,14.8886,16.1538,20.4506
1690535479695,17.9037,16.3256,16.9236,21.8345
1690535479699,14.0414,17.54,20.1433,24.0766
1690535479703,17.0102,19.3897,23.9523,17.3918
1690535479707,12.2678,18.9535,19.7261,16.3636
1690535479711,10.7608,17.3917,15.6057,14.0693
1690535479715,4.9875,12.9081,17.1385,10.9884
1690535479719,-0.0535,11.1278,6.806,7.6135
1690535479723,-4.6004,4.9322,3.8342,1.5774
1690535479727,-11.5796,3.4073,-5.0707,-2.7181
1690535479731,-18.1777,-2.4309,-7.8747,-6.5977
1690535479735,-22.3164,-8.0537,-13.6773,-15.1009
1690535479739,-27.2351,-15.1898,-17.6722,-16.4761
1690535479743,-28.6372,-13.9843,-19.7667,-20.4622
1690535479747,-29.5975,-19.1114,-22.4063,-26.2863
1690535479751,-28.6384,-17.0348,-17.182,-23.1622
1690535479755,-27.4326,-16.537,-17.9146,-22.7517
1690535479759,-26.9892,-11.1132,-15.4726,-20.565
1690535479763,-21.3478,-6.7106,-11.8655,-15.2785
1690535479767,-18.4701,-8.7877,-7.9981,-9.5439
1690535479771,-11.3021,-3.338,-4.2253,-7.2685
1690535479775,-7.4163,-1.8427,2.608,-0.1014
1690535479779,-0.4336,6.9827,7.9038,6.4457
1690535479783,2.1818,8.0432,9.5743,12.1397
1690535479787,12.9416,10.0236,9.0953,12.3752
1690535479791,14.5123,14.6886,14.1802,13.6482
1690535479795,11.3437,20.2952,16.8205,17.9428
1690535479799,15.0656,19.5481,21.5856,20.5053
1690535479803,14.5795,15.026,17.0452,17.8624
1690535479807,12.0592,17.9937,17.6929,18.1994
1690535479811,9.8853,12.3137,16.9627,16.0328
1690535479815,6.8773,11.9632,14.5316,10.0765
1690535479819,0.1277,6.6338,10.6415,7.3169
1690535479823,-1.9046,2.3627,4.1704,-0.92
1690535479827,-5.9966,-2.7685,-4.2331,-5.1885
1690535479831,-10.1073,-8.5683,-7.1796,-9.5668
1690535479835,-13.8294,-11.0491,-10.1505,-12.0759
1690535479839,-20.0455,-16.5941,-11.0938,-19.0564
1690535479843,-21.4797,-18.5118,-17.8601,-20.5892
1690535479847,-22.6707,-16.2693,-20.0366,-22.0994
1690535479851,-23.8154,-20.3862,-22.211,-22.1363
1690535479855,-23.726,-22.4431,-23.2252,-17.1738
1690535479859,-15.8575,-15.8524,-15.5592,-16.1141
1690535479863,-14.8529,-10.3747,-14.8075,-16.9796
1690535479867,-9.7893,-10.5464,-11.7954,-13.5024
1690535479871,-6.9285,-5.8893,0.0726,-3.4315
1690535479875,-0.6368,2.2443,0.0052,-3.1345
1690535479879,6.188,3.4233,3.7042,2.3426
1690535479883,9.5501,4.8862,10.6076,7.466
1690535479887,9.1897,12.6256,17.5539,12.8363
1690535479891,17.7018,14.486,17.7765,15.2132
1690535479895,17.9065,19.4543,23.2432,18.1729
1690535479899,20.7067,14.8796,20.3413,14.3823
1690535479903,20.6963,18.6887,20.9662,16.9656
1690535479907,14.4993,16.9394,21.288,13.5928
1690535479911,16.5478,11.9546,13.0264,9.4119
1690535479915,8.1833,9.5422,10.788,4.7135
1690535479919,5.5904,3.7801,5.5955,3.5141
1690535479923,-0.0641,-2.0543,-0.7032,0.2344
1690535479927,-2.4206,-0.8247,-3.9891,-6.5306
1690535479931,-13.6745,-3.4467,-5.6861,-12.1387
1690535479935,-20.0492,-3.8503,-10.5394,-14.6941
1690535479939,-20.4225,-11.0665,-18.4624,-19.4182
1690535479943,-19.7249,-17.7018,-19.5317,-24.2023
1690535479947,-24.7539,-17.3367,-19.8489,-23.233
1690535479951,-22.4562,-13.8188,-22.4008,-19.9063
1690535479955,-20.09,-14.6418,-19.9763,-20.9389
1690535479959,-18.7111,-10.2889,-16.3651,-16.9257
1690535479963,-11.591,-8.8882,-10.8944,-14.298
1690535479967,-11.5107,-8.5282,-7.3284,-10.5358
1690535479971,-4.1626,-1.0066,-4.9322,-5.7393
1690535479975,-0.8989,6.3719,-0.3452,-2.8109
1690535479979,8.1354,4.6288,0.8154,3.0157
1690535479983,10.4796,12.8565,11.641,8.8578
1690535479987,15.3127,13.3579,15.1514,12.9539
1690535479991,18.1652,17.7898,16.1659,13.7433
1690535479995,21.5394,21.5131,20.0173,15.6349
1690535479999,23.4991,15.5527,21.8086,14.0264
1690535480003,22.2226,23.6605,25.2641,13.7239
1690535480007,23.9562,15.29,20.5793,11.996
1690535480011,17.7889,14.1268,15.6923,12.2034
1690535480015,14.5566,10.8546,12.1078,7.0496
1690535480019,10.4508,9.94,4.9268,0.383
1690535480023,1.8687,1.0351,1.0175,-0.3315
1690535480027,-2.8507,-4.898,0.4499,-5.356
1690535480031,-13.5622,-7.9308,-6.7198,-11.4441
1690535480035,-17.1546,-16.1363,-8.9242,-14.7196
1690535480039,-17.7994,-16.6331,-15.2667,-23.996
1690535480043,-17.3582,-15.9564,-17.76,-21.6191
1690535480047,-20.284,-15.4126,-18.8941,-23.8879
1690535480051,-19.684,-12.7814,-19.8366,-24.3604
1690535480055,-19.5031,-16.997,-18.0205,-23.8625
1690535480059,-17.7138,-13.8275,-18.5416,-18.7036
1690535480063,-14.6466,-13.2022,-13.1945,-13.8842
1690535480067,-9.825,-8.4421,-8.4797,-11.3145
1690535480071,-0.8149,-4.3705,-6.6997,-4.3853
1690535480075,1.2964,0.1294,1.7097,0.4476
1690535480079,5.8094,7.4982,6.2889,3.8867
1690535480083,14.4361,6.3864,14.2296,4.5913
1690535480087,18.1573,13.4978,17.1293,9.3565
1690535480091,23.7675,16.2539,17.4683,16.2592
1690535480095,19.5011,16.769,22.4514,18.6331
1690535480099,22.1559,13.5696,22.1552,25.2205
1690535480103,23.6546,13.7019,20.458,23.9969
1690535480107,22.1631,10.7468,19.5117,20.6739
1690535480111,14.3661,9.3302,17.5412,18.8434
1690535480115,15.1239,6.1366,9.9694,11.2766
1690535480119,13.7544,4.9298,3.4209,8.9261
1690535480123,2.6244,0.2366,-3.1179,3.6795
1690535480127,4.9504,-4.3955,-10.1626,-0.5248
1690535480131,-3.9302,-9.3164,-12.5925,-4.5062
1690535480135,-4.7986,-13.2218,-16.2193,-7.8274
1690535480139,-8.6231,-15.223,-14.4702,-15.328
1690535480143,-8.4642,-15.2633,-17.9959,-15.2378
1690535480147,-13.9599,-17.6286,-22.2917,-21.0146
1690535480151,-16.7118,-17.7065,-19.948,-16.6343
1690535480155,-12.2193,-15.2832,-20.6892,-15.0552
1690535480159,-8.4942,-13.0042,-19.9736,-13.432
1690535480163,-6.8882,-8.6008,-11.8381,-7.2496
1690535480167,1.8073,-5.5233,-8.4712,-2.4231
1690535480171,1.2287,-2.2373,-1.4501,-1.1388
1690535480175,9.7973,2.5704,2.9591,3.1676
1690535480179,16.0968,7.9091,6.0921,12.1408
1690535480183,20.5321,12.8263,12.7692,15.3909
1690535480187,25.0124,17.984,9.8029,19.4114
1690535480191,25.9513,17.4748,14.545,26.7192
1690535480195,30.1834,21.9175,18.3751,26.0917
1690535480199,28.5694,22.4171,19.1561,26.6961
1690535480203,24.1953,25.5372,20.1702,24.729
1690535480207,28.3376,20.8863,19.3834,23.0873
1690535480211,18.5217,23.3141,14.0166,17.999
1690535480215,15.4823,9.5478,11.1797,17.5209
1690535480219,15.405,6.6635,8.4901,13.7283
1690535480223,7.6923,-1.0817,4.9913,11.4936
1690535480227,3.2095,-5.5134,-2.0541,6.6466
1690535480231,-1.5703,-7.3919,-5.6567,-1.7603
1690535480235,-3.3447,-13.7095,-18.18,-8.4084
1690535480239,-7.3632,-16.0578,-17.9787,-9.5682
1690535480243,-12.6753,-19.0827,-21.0917,-9.3239
1690535480247,-15.0843,-20.1842,-25.9151,-12.6926
1690535480251,-14.7765,-17.542,-22.8017,-11.9036
1690535480255,-12.3704,-18.4538,-20.6012,-15.1258
1690535480259,-10.5215,-14.8808,-18.6531,-5.2084
1690535480263,-9.8493,-14.8324,-13.3294,-2.9532
1690535480267,-8.2778,-9.0987,-11.4438,1.5594
1690535480271,-2.0996,-2.215,-3.8771,7.3212
1690535480275,2.1592,3.6746,1.6625,12.2814
1690535480279,6.7541,4.9973,9.8058,13.6012
1690535480283,14.021,6.8056,12.5605,16.1421
1690535480287,18.7768,9.8944,13.5718,25.0423
1690535480291,17.3925,14.3268,18.7602,23.968
1690535480295,22.5775,16.6169,18.9013,26.4002
1690535480299,23.0193,19.5763,17.5546,26.524
1690535480303,20.0706,17.6417,19.2235,24.2083
1690535480307,19.0678,14.7591,17.5506,21.5024
1690535480311,16.13,13.853,14.6229,17.6639
1690535480315,10.5899,7.4232,10.9286,14.555
1690535480319,6.3277,1.7686,9.347,8.4465
1690535480323,-0.5488,-3.1215,1.3874,4.0284
1690535480327,-1.1133,-7.898,-4.0544,-5.0913
1690535480331,-5.7222,-11.3947,-8.0957,-5.6973
1690535480335,-9.825,-12.2241,-12.601,-12.5296
1690535480339,-18.7815,-16.1142,-18.267,-16.0984
1690535480343,-19.9334,-21.2997,-18.7441,-19.7534
1690535480347,-23.4745,-19.0473,-19.4581,-20.9437
1690535480351,-23.7341,-25.4534,-18.6331,-20.2424
1690535480355,-20.6053,-21.8211,-21.9168,-19.4517
1690535480359,-19.0149,-20.0328,-16.864,-15.5104
1690535480363,-19.2365,-15.0227,-7.3132,-13.9661
1690535480367,-16.1952,-6.8718,-5.226,-10.1194
1690535480371,-7.5436,-3.0155,-2.3899,-8.7635
1690535480375,-9.3354,3.479,1.1469,-0.7124
1690535480379,-4.1073,5.8871,5.4054,1.9803
1690535480383,1.0563,10.2025,8.6072,7.9962
1690535480387,6.6138,11.2754,16.4609,10.8044
1690535480391,2.2666,14.9424,15.4478,11.5833
1690535480395,7.6545,22.1322,19.3733,15.7698
1690535480399,7.8484,23.1514,20.4669,12.6276
1690535480403,6.4075,18.122,21.4865,13.8622
1690535480407,6.0084,23.8151,16.2436,11.36
1690535480411,-0.7223,16.8583,15.121,9.8552
1690535480415,-0.3983,16.0412,10.77,6.1278
1690535480419,-3.1678,9.5276,10.1739,3.891
1690535480423,-8.6608,5.2925,1.9607,-3.0677
1690535480427,-11.5681,-0.9638,-0.1758,-15.172
1690535480431,-15.8007,-5.0191,-9.8153,-13.8553
1690535480435,-23.1123,-11.4172,-12.5479,-21.4601
1690535480439,-21.2354,-15.7212,-15.5842,-23.8885
1690535480443,-24.7549,-20.8791,-18.5173,-25.7988
1690535480447,-23.7804,-19.6476,-23.7972,-31.6049
1690535480451,-22.4182,-19.4982,-21.3373,-26.5102
1690535480455,-27.3631,-19.7681,-22.6061,-29.372
1690535480459,-20.3072,-15.5412,-17.2126,-29.7668
1690535480463,-17.5254,-14.9057,-16.1365,-21.5074
1690535480467,-14.0409,-5.5228,-10.999,-17.9934
1690535480471,-13.3228,-3.3912,-4.113,-11.0656
1690535480475,-8.8159,0.4156,3.666,-10.8386
1690535480479,-2.182,5.5496,6.1055,-6.7108
1690535480483,0.0204,10.6096,11.0691,-2.156
1690535480487,6.6549,11.448,13.1005,2.6835
1690535480491,11.1357,16.6819,23.9308,2.4581
1690535480495,10.8449,20.7417,25.9439,11.2511
1690535480499,9.8379,19.7215,17.235,10.2124
1690535480503,11.4248,16.5586,19.7959,8.5229
1690535480507,12.0914,15.9935,14.9696,8.6756
1690535480511,8.9508,9.6973,13.2129,10.3257
1690535480515,4.9384,7.0495,7.4189,2.1659
1690535480519,0.5798,5.3996,2.5425,-0.3524
1690535480523,-2.8468,1.274,1.4156,-2.3774
1690535480527,-7.9777,-3.5643,-1.0213,-10.1077
1690535480531,-11.829,-7.3324,-7.0121,-12.5207
1690535480535,-13.7578,-10.8152,-16.3646,-15.118
1690535480539,-15.8015,-15.6327,-12.6079,-23.1947
1690535480543,-19.2806,-18.2018,-19.7478,-22.0133
1690535480547,-17.8881,-23.4933,-15.6543,-21.8738
1690535480551,-19.1889,-22.5412,-21.1646,-25.6524
1690535480555,-19.8741,-25.1193,-18.0202,-20.0105
1690535480559,-16.5187,-20.1201,-16.5974,-17.2328
1690535480563,-11.6949,-17.5959,-11.7617,-11.8918
1690535480567,-7.3814,-12.3718,-9.3598,-8.5131
1690535480571,-3.2323,-5.8496,-3.4583,-2.043
1690535480575,0.7459,1.5307,1.3591,0.4689
1690535480579,6.5207,6.9986,8.343,6.261
1690535480583,13.7663,10.8147,11.4678,10.7932
1690535480587,14.8308,14.8672,13.0741,20.986
1690535480591,18.8005,13.0745,16.7155,16.4676
1690535480595,19.874,16.5889,20.0834,18.3999
1690535480599,20.164,20.5252,18.9029,25.1384
1690535480603,16.9745,14.5269,18.9957,18.4922
1690535480607,20.998,12.0274,15.2273,23.0688
1690535480611,15.0635,15.8812,14.2581,17.1532
1690535480615,15.2211,9.9568,14.2956,14.6542
1690535480619,6.912,7.332,5.4641,7.9178
1690535480623,6.5478,0.5231,1.9671,4.1798
1690535480627,1.4352,1.3238,-2.3847,-1.478
1690535480631,-2.4514,-6.3206,-10.3933,-6.8434
1690535480635,-7.6088,-9.1086,-17.5642,-10.4582
1690535480639,-10.4878,-14.6113,-16.5605,-16.4873
1690535480643,-10.9814,-10.6314,-18.9246,-18.9469
1690535480647,-11.0798,-14.3297,-21.0674,-14.614
1690535480651,-6.659,-15.2278,-20.4465,-15.4417
1690535480655,-9.6054,-17.1584,-22.1173,-15.4472
1690535480659,-9.9741,-16.8688,-15.7952,-7.6116
1690535480663,-3.3739,-10.3758,-11.4002,-5.3408
1690535480667,-4.81,-7.4698,-9.2106,-2.9934
1690535480671,0.884,-2.1441,-3.9878,2.7535
1690535480675,4.3448,2.6249,2.037,5.9303
1690535480679,10.5871,5.8654,8.3866,12.2536
1690535480683,18.9406,11.6135,12.0474,16.081
1690535480687,19.4434,14.5828,14.2617,20.8503
1690535480691,18.6758,20.5032,17.9795,23.9422
1690535480695,20.6867,21.163,19.05,28.8899
1690535480699,18.9364,18.2743,21.5646,29.7859
1690535480703,19.5503,19.7914,20.3794,29.3021
1690535480707,19.893,18.7545,16.8877,25.8378
1690535480711,19.3352,13.0563,10.7458,22.0759
1690535480715,12.4894,8.3238,7.6716,14.303
1690535480719,4.1808,5.1633,4.7881,11.8905
1690535480723,0.3636,-0.5575,2.2045,9.995
1690535480727,-1.4319,-6.3012,-3.6435,5.6337
1690535480731,-7.8794,-6.9195,-6.8768,-3.3045
1690535480735,-8.8724,-12.2077,-13.4292,-9.3257
1690535480739,-16.2915,-15.9574,-19.5249,-10.0681
1690535480743,-17.7821,-18.3716,-22.7831,-13.2407
1690535480747,-22.05,-23.3371,-22.0073,-15.1532
1690535480751,-16.8039,-21.2508,-16.3296,-15.6126
1690535480755,-13.1121,-20.9258,-15.6125,-15.7495
1690535480759,-11.8292,-15.0559,-17.0823,-10.166
1690535480763,-5.8041,-15.108,-14.8221,-11.0112
1690535480767,-3.7257,-8.1495,-7.9425,-5.6866
1690535480771,1.8181,-2.5636,-1.719,-3.2776
1690535480775,3.4018,-1.7044,-0.5662,4.1184
1690535480779,10.1199,5.7689,10.1738,4.3111
1690535480783,13.3414,9.9515,12.1854,11.0627
1690535480787,19.7153,6.9727,14.23,15.6348
1690535480791,24.6821,15.0031,17.471,18.198
1690535480795,22.4598,15.091,20.2181,19.3537
1690535480799,22.1303,14.9721,18.1543,17.9464
1690535480803,18.1948,18.6175,18.6671,22.2567
1690535480807,23.9878,15.4629,16.1378,15.6462
1690535480811,15.3238,13.2902,17.5336,14.8042
1690535480815,12.2784,13.1613,9.8316,13.0529
1690535480819,9.5075,8.7406,10.8686,5.697
1690535480823,6.9248,2.0891,0.153,3.6555
1690535480827,1.1323,-5.5254,-2.9944,-3.3187
1690535480831,-5.4557,-9.6482,-5.337,-5.2387
1690535480835,-10.1089,-16.5432,-16.2389,-11.256
1690535480839,-14.0669,-16.8387,-18.6968,-15.1306
1690535480843,-20.2439,-17.2205,-18.9244,-17.068
1690535480847,-20.587,-21.1334,-20.1574,-17.0602
1690535480851,-16.7367,-17.5073,-23.3928,-19.2231
1690535480855,-15.1449,-18.1467,-21.056,-16.0921
1690535480859,-12.5679,-16.6207,-16.7812,-17.0964
1690535480863,-10.3047,-10.8116,-10.9549,-16.1397
1690535480867,-6.2393,-5.3898,-3.8604,-12.0876
1690535480871,3.844,0.2441,-0.8733,-4.196
1690535480875,5.9195,3.2019,0.9079,3.3325
1690535480879,13.2569,9.5723,6.7637,2.7553
1690535480883,12.3356,13.2472,15.7965,10.4696
1690535480887,16.7673,15.5724,17.2011,13.7492
1690535480891,20.4036,18.8787,17.063,16.2349
1690535480895,25.6397,18.7582,20.7539,19.4855
1690535480899,17.3448,20.6385,20.6298,23.0127
1690535480903,18.6533,17.7498,19.1897,19.9309
1690535480907,17.6946,20.5046,16.6925,21.4076
1690535480911,16.1984,15.2413,16.7292,11.6338
1690535480915,12.9747,11.9753,6.874,10.4341
1690535480919,9.7198,7.6272,8.5147,9.082
1690535480923,5.0447,0.6231,1.7676,2.8503
1690535480927,1.9035,-2.4714,-3.2966,-3.3701
1690535480931,-5.2868,-4.5671,-7.462,-11.5835
1690535480935,-7.9001,-12.5071,-12.1644,-14.7794
1690535480939,-18.0014,-13.4351,-14.1033,-19.677
1690535480943,-14.3931,-17.6159,-15.6555,-22.8629
1690535480947,-21.3048,-21.5991,-17.2919,-21.418
1690535480951,-18.4133,-22.3599,-19.9159,-21.4001
1690535480955,-18.1028,-22.13,-14.6013,-22.2637
1690535480959,-15.5859,-17.8314,-17.5617,-16.6295
1690535480963,-14.3729,-14.2718,-14.2332,-13.514
1690535480967,-4.6446,-8.1172,-7.6522,-6.2538
1690535480971,-0.8215,-5.2006,-3.5037,-2.5986
1690535480975,0.7749,-1.8289,5.966,-2.7038
1690535480979,5.7665,4.6119,7.0889,2.6151
1690535480983,13.3296,9.1355,8.6536,9.5457
1690535480987,18.594,15.246,13.7083,12.3814
1690535480991,20.5021,13.8019,18.2827,15.3396
1690535480995,25.3104,15.7985,20.5807,15.4452
1690535480999,19.1585,17.1799,20.4067,20.1645
1690535481003,19.5434,16.8711,16.4211,19.288
1690535481007,17.3801,12.2218,14.3375,22.3684
1690535481011,11.3449,9.0699,11.2576,16.7956
1690535481015,3.0166,8.3989,10.4239,11.2978
1690535481019,3.5608,1.1768,7.069,4.0808
1690535481023,-3.9606,3.005,3.6298,-1.4229
1690535481027,-8.7314,-6.988,0.5281,-7.7879
1690535481031,-13.6627,-8.1778,-7.525,-13.8075
1690535481035,-23.5795,-12.0519,-12.6648,-14.3739
1690535481039,-20.5783,-17.7846,-15.5548,-19.2729
1690535481043,-33.4291,-19.7073,-17.7845,-17.224
1690535481047,-26.8693,-18.7511,-23.2768,-19.636
1690535481051,-31.5904,-19.1838,-17.7161,-19.2769
1690535481055,-29.1586,-18.7894,-18.9558,-20.9078
1690535481059,-29.1794,-14.7771,-13.3748,-16.2509
1690535481063,-28.1067,-12.2103,-14.004,-15.6811
1690535481067,-23.046,-9.8176,-8.0879,-10.5778
1690535481071,-13.1501,-2.6713,-6.6747,-8.7854
1690535481075,-7.8986,-0.8054,0.8719,-9.3341
1690535481079,0.2358,5.5464,6.6613,1.246
1690535481083,2.9011,10.9274,10.4813,2.0089
1690535481087,5.3309,15.5597,17.2202,7.3005
1690535481091,10.8594,17.2191,21.4087,17.5425
1690535481095,11.4413,19.1441,17.3593,16.1073
1690535481099,14.8391,24.8047,20.7288,14.4519
1690535481103,17.8615,18.5231,19.3231,15.0092
1690535481107,15.6767,22.7731,15.0571,9.9381
1690535481111,11.704,17.4696,11.9259,7.2852
1690535481115,5.7971,13.5329,9.1555,1.1665
1690535481119,1.7022,7.023,5.2062,3.1311
1690535481123,-4.9389,4.8656,2.0068,-4.9479
1690535481127,-10.6975,-2.2454,-6.9692,-8.0044
1690535481131,-16.5511,-7.2048,-8.1133,-10.363
1690535481135,-23.3118,-6.1915,-12.3579,-16.1793
1690535481139,-23.1022,-11.4227,-19.6931,-24.6151
1690535481143,-27.387,-14.2974,-18.7528,-19.7942
1690535481147,-29.5023,-16.6778,-17.8742,-26.0084
1690535481151,-25.7619,-15.4245,-19.492,-19.934
1690535481155,-29.8994,-17.8107,-21.2956,-23.288
1690535481159,-27.2185,-11.8744,-11.6439,-21.4617
1690535481163,-22.9881,-7.5112,-14.5992,-11.5984
1690535481167,-15.9687,-7.2384,-4.6993,-8.8329
1690535481171,-8.591,-4.8805,-2.6951,-5.3515
1690535481175,-10.7958,2.614,1.9249,-4.6369
1690535481179,-0.3864,3.411,9.5807,5.4888
1690535481183,6.5354,8.0319,8.9468,11.3134
1690535481187,13.0986,15.0556,11.8725,9.7792
1690535481191,20.0627,16.735,19.612,13.9731
1690535481195,17.3951,17.1969,19.0078,15.9482
1690535481199,16.321,16.8612,21.3653,13.5794
1690535481203,18.8192,15.3349,19.9915,17.5837
1690535481207,14.7785,11.9332,18.3871,15.7804
1690535481211,10.861,13.3383,13.3257,15.5994
1690535481215,10.8709,13.3518,11.7426,12.4963
1690535481219,9.0659,4.2692,5.1169,5.9924
1690535481223,1.2361,2.0451,-0.7124,3.6289
1690535481227,-3.1879,-2.3523,-7.2547,-5.3945
1690535481231,-9.0797,-6.2938,-11.5139,-8.866
1690535481235,-13.0936,-13.1774,-11.0633,-11.5359
1690535481239,-18.8538,-18.8963,-15.8372,-17.7602
1690535481243,-17.0479,-20.0768,-13.2649,-17.4291
1690535481247,-21.8877,-20.8061,-14.7115,-18.8854
1690535481251,-19.5732,-15.879,-17.3115,-14.0754
1690535481255,-16.5915,-17.7462,-17.4385,-13.1425
1690535481259,-18.4861,-20.1867,-14.7979,-13.5233
1690535481263,-10.1417,-17.071,-13.5361,-10.3609
1690535481267,-3.4847,-7.4872,-10.0434,-9.3428
1690535481271,-0.1195,-6.4934,-4.396,-3.0264
1690535481275,3.8061,1.3129,-0.1122,7.1411
1690535481279,9.9377,4.0405,5.7484,10.9926
1690535481283,18.5176,6.3906,11.9641,13.933
1690535481287,26.7491,9.0879,7.8149,16.6362
1690535481291,26.057,14.5419,16.9618,26.1393
1690535481295,28.9932,14.8832,21.5297,24.6521
1690535481299,28.7172,16.3195,21.23,29.3437
1690535481303,29.1323,18.9396,21.0271,28.4831
1690535481307,28.136,16.6619,16.8365,25.6783
1690535481311,26.6891,13.4482,8.4679,22.6964
1690535481315,20.9465,8.4392,8.6647,19.9571
1690535481319,14.3735,8.2882,5.3831,15.4374
1690535481323,16.8797,4.1187,2.3442,7.727
1690535481327,5.1982,-2.7261,-1.9181,2.1232
1690535481331,1.86,-4.7966,-4.3416,1.6553
1690535481335,-2.1075,-6.7859,-9.0127,-4.9969
1690535481339,-6.3168,-14.6948,-12.7992,-9.3372
1690535481343,-11.5905,-16.222,-16.9291,-10.827
1690535481347,-15.9108,-11.2756,-19.3502,-11.4898
1690535481351,-15.2003,-12.9957,-18.1127,-13.3965
1690535481355,-11.3602,-13.8559,-18.7146,-9.1715
1690535481359,-13.1369,-9.6967,-17.7592,-9.0361
1690535481363,-8.5755,-8.1094,-13.4414,-2.7674
1690535481367,-2.7821,-5.0823,-11.0112,-4.5917
1690535481371,2.0495,-0.6864,-5.0049,2.1387
1690535481375,5.6407,-0.8022,2.4926,10.2178
1690535481379,7.9198,7.2073,10.3216,15.222
1690535481383,14.266,13.4706,12.2694,16.6911
1690535481387,19.0591,14.2202,14.9883,20.4412
1690535481391,29.102,17.681,18.1986,21.5827
1690535481395,26.6892,15.7977,19.6081,25.6671
1690535481399,27.0954,22.1902,15.5176,24.5077
1690535481403,26.2879,19.4286,16.2811,22.576
1690535481407,21.0109,15.3671,13.8369,21.7691
1690535481411,21.686,15.0278,13.4758,22.4257
1690535481415,18.46,4.8731,12.9359,14.0394
1690535481419,12.8106,8.2455,4.9104,10.7733
1690535481423,5.7545,-3.1994,2.0454,1.6533
1690535481427,3.947,-5.5144,-3.2019,-4.466
1690535481431,-3.188,-7.7593,-8.8733,-8.799
1690535481435,-5.2942,-18.2507,-11.0692,-12.4531
1690535481439,-9.3559,-15.4714,-15.3577,-17.228
1690535481443,-16.4681,-19.4359,-13.435,-18.1782
1690535481447,-12.7288,-18.7395,-19.9312,-15.6968
1690535481451,-14.6423,-18.7408,-19.4659,-17.5724
1690535481455,-12.1646,-21.0396,-19.723,-16.3569
1690535481459,-17.3924,-10.9631,-15.3771,-12.5216
1690535481463,-8.0231,-12.5299,-11.3628,-11.7668
1690535481467,-7.2158,-12.9842,-10.6427,-7.8911
1690535481471,-2.5325,-2.3875,-0.0423,-3.7167
1690535481475,0.4397,-0.7876,2.9263,-2.7848
1690535481479,4.2537,8.2508,7.7395,6.9496
1690535481483,9.4152,9.5339,7.6601,4.724
1690535481487,13.3828,9.5449,10.0305,12.6428
1690535481491,16.6457,12.6599,14.8736,13.4755
1690535481495,18.7904,14.8335,18.9707,14.8781
1690535481499,19.3771,14.1787,17.6584,14.3084
1690535481503,14.8458,18.8125,16.9735,14.4738
1690535481507,16.5322,13.8474,20.7614,11.3468
1690535481511,12.3834,11.5393,15.0791,6.4173
1690535481515,8.9781,7.542,14.1165,3.8456
1690535481519,2.9957,4.2887,7.8779,-2.9741
1690535481523,-1.1564,-1.7462,1.4955,-10.2235
1690535481527,-4.9992,-8.5054,-1.3444,-11.9821
1690535481531,-14.3493,-11.7409,-7.4231,-16.6379
1690535481535,-15.8249,-15.4214,-13.9115,-19.617
1690535481539,-18.9672,-14.8331,-17.264,-24.968
1690535481543,-23.0907,-17.5158,-20.1449,-26.3219
1690535481547,-21.217,-18.4116,-21.6034,-30.6466
1690535481551,-20.9882,-17.0327,-20.3538,-31.8735
1690535481555,-20.4054,-13.6453,-17.4464,-28.9514
1690535481559,-17.251,-12.8376,-12.858,-31.252
1690535481563,-18.434,-9.434,-12.2217,-24.2779
1690535481567,-6.4996,-4.9953,-8.0233,-17.7362
1690535481571,-6.3377,1.8584,-3.3099,-12.9002
1690535481575,-0.4599,5.3854,4.0165,-8.9225
1690535481579,1.1334,12.3166,5.2715,-6.2017
1690535481583,7.0056,15.7616,9.922,0.0407
1690535481587,12.7749,20.1128,14.9144,9.1495
1690535481591,13.452,18.4758,21.1198,12.4637
1690535481595,17.0262,23.763,19.5733,12.0912
1690535481599,15.2129,20.5291,15.8842,11.0416
1690535481603,16.6557,18.1801,19.6266,14.1254
1690535481607,15.0704,16.3216,13.9058,12.0422
1690535481611,11.9662,14.0232,15.4449,7.7308
1690535481615,9.324,8.9081,8.807,8.1281
1690535481619,7.6868,4.2682,6.044,-3.4877
1690535481623,1.1482,3.1407,-1.9548,-2.997
1690535481627,-4.5119,-4.6445,-3.3037,-3.2708
1690535481631,-6.9732,-13.9752,-9.9303,-8.2648
1690535481635,-11.615,-18.986,-12.9127,-13.3553
1690535481639,-16.7297,-18.537,-15.4695,-20.2262
1690535481643,-21.5772,-20.5994,-15.9567,-20.7489
1690535481647,-20.2916,-18.6754,-15.5941,-22.1465
1690535481651,-19.3666,-18.4032,-17.2136,-29.6487
1690535481655,-21.0754,-18.0815,-19.7072,-19.0297
1690535481659,-13.3596,-15.9374,-16.7212,-20.3806
1690535481663,-10.8421,-15.452,-11.1827,-19.4257
1690535481667,-11.1479,-9.3598,-10.5906,-15.2523
1690535481671,-8.2836,-3.8666,-5.6733,-4.6219
1690535481675,-3.5908,2.4097,-4.3171,-5.567
1690535481679,4.3922,5.6187,5.4376,6.9319
1690535481683,4.8523,10.928,7.8278,9.014
1690535481687,9.5417,17.7892,12.9304,10.8589
1690535481691,13.7371,17.5385,17.4225,18.0833
1690535481695,11.6091,22.3812,16.8197,21.8678
1690535481699,11.6085,19.9634,19.8999,17.1813
1690535481703,11.7811,17.9677,20.5541,20.1119
1690535481707,8.9251,14.9806,21.6701,17.6013
1690535481711,6.2698,12.9805,17.4062,16.6077
1690535481715,-0.8799,8.5936,8.6834,17.7797
1690535481719,2.3147,2.831,9.3726,11.4235
1690535481723,-6.3102,-1.3738,2.5985,7.5722
1690535481727,-4.6928,-6.8693,-5.2265,2.8201
1690535481731,-7.3971,-13.7576,-10.8252,-3.2273
1690535481735,-16.2302,-19.0139,-11.9407,-8.4735
1690535481739,-17.5398,-22.9671,-14.1762,-14.9455
1690535481743,-24.0109,-20.8794,-16.637,-16.2491
1690535481747,-19.4461,-20.9604,-21.0898,-19.4565
1690535481751,-24.2131,-16.0202,-17.3604,-11.7847
1690535481755,-20.067,-18.1863,-20.6831,-12.9386
1690535481759,-17.2418,-14.7121,-14.0424,-11.5818
1690535481763,-13.6013,-12.8994,-13.4689,-3.5916
1690535481767,-8.4899,-6.0163,-8.6111,-1.6131
1690535481771,-1.0175,-2.2819,-3.7127,0.586
1690535481775,-1.5087,3.153,2.5794,6.893
1690535481779,3.1237,7.4748,6.9074,9.4405
1690535481783,8.5607,11.6459,12.6886,17.9712
1690535481787,7.9506,21.5831,13.9401,22.7788
1690535481791,13.7352,21.5192,13.0187,21.0569
1690535481795,13.8525,28.4504,16.5059,24.9569
1690535481799,13.9356,24.5501,17.3501,26.9177
1690535481803,13.3368,24.7354,22.2354,25.6737
1690535481807,7.7436,22.2057,19.3404,23.2648
1690535481811,5.4191,18.686,13.7846,25.4395
1690535481815,1.2393,14.1555,11.6977,15.1208
1690535481819,-1.3294,7.5248,6.536,9.0578
1690535481823,-5.8184,3.3398,1.6203,9.736
1690535481827,-8.0678,-6.1612,0.6741,-2.4173
1690535481831,-14.8685,-9.3949,-6.9041,-5.9936
1690535481835,-19.1675,-15.2962,-12.1405,-12.2815
1690535481839,-21.1284,-17.5389,-10.433,-12.3568
1690535481843,-25.5561,-18.5321,-20.0971,-14.3421
1690535481847,-21.1518,-18.7314,-19.4822,-13.3239
1690535481851,-22.3273,-20.4785,-20.6427,-15.6167
1690535481855,-15.355,-19.5464,-16.3132,-18.5567
1690535481859,-19.259,-15.3688,-17.1261,-13.3109
1690535481863,-20.0524,-13.3673,-12.5604,-10.8451
1690535481867,-11.4534,-6.6544,-14.1554,-3.5462
1690535481871,-4.2876,-3.8927,-4.6076,2.0198
1690535481875,-3.9057,2.6973,-1.7589,4.6325
1690535481879,5.7917,4.9832,3.782,14.9845
1690535481883,10.7348,7.8048,10.4348,17.5008
1690535481887,11.4446,14.0912,14.4045,17.4516
1690535481891,18.584,18.2075,22.4621,21.994
1690535481895,16.5401,21.3969,16.6448,22.5607
1690535481899,17.5199,20.3999,18.652,19.9692
1690535481903,22.3217,22.0336,20.749,25.1811
1690535481907,16.8106,20.7076,18.5317,18.2321
1690535481911,17.6391,14.1246,17.0725,17.1974
1690535481915,10.0554,9.6509,12.0798,11.7205
1690535481919,4.2416,7.8145,7.6262,9.6885
1690535481923,3.4494,-0.3095,1.6787,-0.2054
1690535481927,-5.4427,-5.8959,-2.0105,-0.882
1690535481931,-6.8473,-12.0233,-8.1672,-9.8124
1690535481935,-5.9538,-15.3963,-14.2047,-10.3474
1690535481939,-5.23,-19.8062,-17.2727,-12.6999
1690535481943,-13.646,-23.3665,-18.3015,-15.3272
1690535481947,-14.9192,-26.2042,-24.1885,-16.4013
1690535481951,-12.4095,-22.4913,-20.6159,-15.6427
1690535481955,-9.8708,-24.7176,-23.2639,-16.6569
1690535481959,-2.0293,-17.7536,-18.3815,-19.7313
1690535481963,-3.734,-15.031,-14.3399,-11.5017
1690535481967,5.3321,-9.9052,-8.8856,-11.6028
1690535481971,8.4805,-5.2168,1.1826,-6.7717
1690535481975,12.9633,1.8985,1.4409,-0.5434
1690535481979,13.62,6.1873,11.6936,1.4584
1690535481983,23.021,10.5751,14.0801,7.1115
1690535481987,24.3468,14.1545,12.2907,14.3773
1690535481991,24.8631,22.0144,17.7366,19.4624
1690535481995,27.0085,23.5814,20.5635,20.9507
1690535481999,29.5391,22.6496,19.2043,20.3921
1690535482003,28.0444,19.1263,19.6543,16.262
1690535482007,21.1688,21.1001,13.3288,14.0505
1690535482011,23.351,18.8743,14.9657,10.6277
1690535482015,16.6962,13.4194,9.7877,9.3746
1690535482019,13.1044,7.1635,9.6651,10.4872
1690535482023,4.9916,4.0107,1.9356,-2.4703
1690535482027,5.8392,-2.426,-2.5795,-1.5089
1690535482031,-1.305,-6.2759,-5.3443,-7.5467
1690535482035,-4.7595,-13.516,-14.7664,-15.0691
1690535482039,-2.7843,-11.9857,-12.8827,-17.4757
1690535482043,-11.2418,-17.8625,-19.6477,-14.5098
1690535482047,-10.076,-18.4174,-20.2672,-16.8969
1690535482051,-12.6259,-18.3301,-24.0082,-16.3009
1690535482055,-9.458,-16.8172,-18.2863,-16.4477
1690535482059,-6.2257,-17.3162,-22.8342,-13.9442
1690535482063,-4.8596,-8.9468,-13.503,-13.3445
1690535482067,0.7561,-7.9502,-9.9198,-7.708
1690535482071,6.1924,-5.234,-6.4675,-0.09
1690535482075,7.3733,1.8609,-1.965,0.8773
1690535482079,15.9144,9.5183,5.0506,6.1125
1690535482083,19.9133,13.1374,11.1904,10.0938
1690535482087,23.8634,18.213,16.257,15.2471
1690535482091,28.0806,15.8404,18.5444,17.5787
1690535482095,25.0592,22.4184,22.8753,21.6444
1690535482099,26.9533,18.3195,20.4674,20.283
1690535482103,24.5149,19.869,25.3892,17.4002
1690535482107,22.2165,15.9052,19.0729,20.3787
1690535482111,20.6722,11.8685,16.5871,16.408
1690535482115,18.9673,8.663,13.5112,9.6519
1690535482119,12.2439,5.8175,8.9345,1.599
1690535482123,0.3978,0.336,5.502,-0.4535
1690535482127,-1.4723,-7.1402,-3.6162,-7.5625
1690535482131,-6.6786,-6.6516,-7.6239,-11.4523
1690535482135,-10.8904,-15.826,-13.0642,-15.4445
1690535482139,-13.439,-21.2846,-17.1377,-20.4157
1690535482143,-17.8139,-21.4584,-20.656,-23.8458
1690535482147,-20.5918,-22.5389,-24.6308,-27.4425
1690535482151,-22.2342,-23.0036,-23.3151,-25.9778
1690535482155,-23.1079,-22.172,-18.6058,-24.6974
1690535482159,-23.4244,-16.5235,-15.3116,-24.9405
1690535482163,-14.6658,-13.4147,-16.631,-15.8845
1690535482167,-13.0669,-9.7228,-11.4429,-12.2413
1690535482171,-5.4937,-10.8789,-6.6969,-8.9876
1690535482175,-4.1117,1.4689,2.6756,-5.5967
1690535482179,-0.4343,-0.0034,6.6404,2.5013
1690535482183,2.208,10.5248,10.8616,5.9286
1690535482187,11.5935,12.5492,13.985,13.0345
1690535482191,13.5095,12.7599,20.5938,14.9696
1690535482195,14.7416,21.0865,15.9771,19.0265
1690535482199,15.2125,20.6836,20.7624,19.7593
1690535482203,13.5974,23.7846,18.927,11.1532
1690535482207,9.2807,18.1148,17.2626,17.0737
1690535482211,11.2125,13.9766,12.7877,8.7361
1690535482215,7.5126,11.6945,11.5952,3.0463
1690535482219,-1.5046,8.2693,5.0175,0.8932
1690535482223,-5.7995,0.538,1.8929,-6.4953
1690535482227,-8.1916,-3.4487,-4.0994,-6.6733
1690535482231,-18.0525,-8.6016,-8.7561,-10.8493
1690535482235,-21.6084,-11.6441,-10.8365,-16.5859
1690535482239,-26.5903,-16.7112,-17.6251,-23.7552
1690535482243,-24.69,-17.0034,-18.1265,-23.2019
1690535482247,-25.0406,-16.3657,-18.8289,-31.3505
1690535482251,-26.4377,-18.0128,-21.8128,-28.537
1690535482255,-26.3635,-20.6394,-22.32,-26.7884
1690535482259,-25.1929,-12.8132,-14.1163,-20.9765
1690535482263,-22.2863,-7.5822,-14.2093,-20.5168
1690535482267,-20.7828,-10.7334,-13.8949,-9.7674
1690535482271,-10.6656,-0.4399,-5.397,-9.0692
1690535482275,-7.5194,2.7968,1.023,-1.9807
1690535482279,-4.5074,9.0598,2.5911,1.9786
1690535482283,-0.3249,10.9784,10.9043,3.5667
1690535482287,8.2251,19.9503,17.1586,10.8044
1690535482291,12.5512,20.6016,20.2974,7.9862
1690535482295,24.1757,22.6409,20.8039,14.7088
1690535482299,19.1445,24.0611,20.4655,16.5604
1690535482303,20.3034,20.7227,22.497,16.9204
1690535482307,13.9313,19.2885,23.0742,13.6522
1690535482311,11.1735,16.9349,16.6416,9.2116
1690535482315,7.9038,10.7506,12.1918,8.2046
1690535482319,4.9866,9.0906,6.6765,2.8707
1690535482323,-2.089,-0.465,4.6479,-0.4108
1690535482327,-10.7095,-1.4213,-3.3421,-0.3148
1690535482331,-11.5186,-6.3811,-4.8793,-9.5817
1690535482335,-19.1347,-13.8935,-12.5673,-15.0206
1690535482339,-20.5832,-16.6508,-16.2319,-16.514
1690535482343,-25.047,-18.873,-20.0302,-18.4754
1690535482347,-31.2046,-21.1153,-20.6446,-16.8976
1690535482351,-23.8047,-17.0195,-23.252,-13.2331
1690535482355,-25.2954,-17.0947,-17.3936,-13.8784
1690535482359,-21.1302,-15.3067,-16.2898,-11.339
1690535482363,-22.2563,-14.2706,-13.9371,-5.7774
1690535482367,-13.9878,-12.179,-13.5131,-4.1851
1690535482371,-6.9871,-3.6563,-2.5061,0.7311
1690535482375,-3.8907,0.7341,0.7738,4.1836
1690535482379,1.0578,7.0343,4.6515,10.2945
1690535482383,6.1653,7.0129,8.381,17.5739
1690535482387,11.1398,10.9458,14.5572,20.288
1690535482391,14.4376,15.8609,17.4837,20.4543
1690535482395,18.6908,21.8753,18.7882,27.2174
1690535482399,20.6343,20.3081,20.7667,27.5736
1690535482403,22.1773,19.2768,19.5099,28.4194
1690535482407,22.2956,14.4226,14.3366,21.6673
1690535482411,20.5687,11.7083,16.2524,21.5915
1690535482415,16.2258,8.386,10.2565,16.8633
1690535482419,7.8814,1.9594,2.4856,12.8029
1690535482423,6.2012,-2.0806,-0.0155,12.0836
1690535482427,2.4711,-5.0074,0.3013,0.2001
1690535482431,-4.3999,-12.288,-6.8041,0.3699
1690535482435,-14.1039,-17.7229,-11.7073,-2.6652
1690535482439,-15.7783,-16.1501,-15.2879,-5.3165
1690535482443,-15.3143,-18.3707,-18.3703,-12.8754
1690535482447,-21.6986,-15.8481,-21.3854,-13.8505
1690535482451,-23.9592,-21.7727,-20.5667,-13.0207
1690535482455,-19.977,-18.4656,-20.5575,-10.2948
1690535482459,-16.691,-16.0543,-12.6025,-9.8655
1690535482463,-13.3081,-12.0819,-15.6688,-5.9163
1690535482467,-8.658,-9.3906,-6.2815,-6.8693
1690535482471,-5.7759,-0.557,-2.3937,4.6087
1690535482475,0.3834,4.8674,-2.6752,11.1283
1690535482479,3.5489,5.3419,8.1454,11.466
1690535482483,11.1123,11.3719,9.641,18.6897
1690535482487,9.9597,16.7316,16.784,19.8407
1690535482491,16.268,18.9741,16.4505,27.5498
1690535482495,20.3621,21.6623,20.4906,25.7689
1690535482499,16.6356,23.5427,21.9053,26.0773
1690535482503,21.4064,25.5027,19.5038,27.7501
1690535482507,16.7908,19.8145,15.6233,29.0138
1690535482511,14.2725,20.0504,14.0608,19.9896
1690535482515,10.5004,11.2595,8.305,20.3193
1690535482519,8.6761,5.6383,11.1872,12.7215
1690535482523,3.8963,6.1112,3.4746,4.6456
1690535482527,-3.4594,-0.5233,-7.0059,5.7161
1690535482531,-5.8904,-2.7926,-8.9171,-1.5938
1690535482535,-13.9607,-9.0305,-13.675,-6.8867
1690535482539,-19.4173,-14.1804,-16.42,-13.5801
1690535482543,-16.6004,-13.4957,-20.3515,-17.5646
1690535482547,-17.5483,-22.4418,-22.0881,-21.4169
1690535482551,-19.9017,-17.8238,-21.3281,-16.9893
1690535482555,-21.3505,-19.5341,-19.4689,-18.4942
1690535482559,-15.6581,-20.7878,-18.3736,-17.2151
1690535482563,-12.1721,-11.0544,-14.7407,-15.1524
1690535482567,-7.2535,-7.271,-6.4167,-8.0294
1690535482571,-4.95,-8.7984,-3.1413,-2.8981
1690535482575,2.1968,-1.4966,6.671,-3.2431
1690535482579,7.2491,2.3245,7.4049,5.1752
1690535482583,15.0937,6.1142,9.7962,8.6882
1690535482587,19.8228,8.6898,11.7832,11.346
1690535482591,21.7851,15.1293,19.2047,17.7852
1690535482595,19.1934,15.5592,16.4691,13.9603
1690535482599,26.6457,23.345,21.4735,19.6457
1690535482603,20.3128,17.6591,17.7178,17.6313
1690535482607,18.1191,18.9555,19.7968,12.1429
1690535482611,18.8092,17.6934,14.2071,9.3345
1690535482615,21.3062,10.7696,8.427,3.2565
1690535482619,11.0296,4.9014,10.2229,5.3473
1690535482623,8.4841,-1.2603,1.4317,-6.5535
1690535482627,0.6134,-3.2542,-3.0222,-11.661
1690535482631,-2.3701,-11.0202,-5.9989,-15.8822
1690535482635,-7.9602,-12.1192,-14.6354,-23.8565
1690535482639,-11.5361,-20.7066,-15.8782,-24.0056
1690535482643,-11.8306,-23.1158,-17.9796,-24.2116
1690535482647,-14.3746,-23.417,-19.6838,-24.2026
1690535482651,-14.682,-25.7594,-19.5504,-28.427
1690535482655,-14.8804,-24.0437,-17.5799,-23.1018
1690535482659,-12.4601,-16.746,-18.1792,-21.1162
1690535482663,-6.8393,-11.6012,-11.4059,-19.3887
1690535482667,-4.97,-10.6047,-8.9489,-17.6126
1690535482671,-0.3913,-8.3359,-3.4762,-13.6778
1690535482675,4.9858,-3.0936,-0.0157,-5.7425
1690535482679,10.6377,1.7749,2.4554,0.2836
1690535482683,13.6764,11.5063,12.1112,2.5998
1690535482687,16.4169,13.7319,15.3017,9.0532
1690535482691,23.6922,17.3721,17.0039,11.9356
1690535482695,24.9174,19.3944,23.5334,9.8256
1690535482699,27.1158,19.1293,22.4888,13.5862
1690535482703,30.1019,21.3767,21.6062,9.48
1690535482707,23.8852,20.1196,20.366,11.1206
1690535482711,20.3605,14.0964,11.8867,5.2843
1690535482715,19.2002,13.26,9.9417,-0.6756
1690535482719,13.8411,14.4978,3.6368,-2.4234
1690535482723,11.8564,7.2383,-3.0573,-7.5786
1690535482727,6.4419,2.3944,-6.4673,-8.5853
1690535482731,0.3745,-6.0723,-11.3339,-15.5175
1690535482735,-6.8804,-7.7089,-12.2562,-17.2355
1690535482739,-10.6335,-14.8773,-19.5813,-19.1829
1690535482743,-12.1512,-17.2412,-18.3649,-23.8578
1690535482747,-13.579,-19.0583,-21.9481,-27.6403
1690535482751,-10.5203,-16.917,-17.6371,-28.3464
1690535482755,-11.356,-18.5984,-14.1589,-24.7738
1690535482759,-6.8154,-13.5164,-16.8231,-21.2856
1690535482763,-2.8363,-15.497,-13.1299,-14.5089
1690535482767,0.9347,-8.644,-12.0905,-9.7385
1690535482771,2.1425,-3.8871,-4.757,-1.7394
1690535482775,7.7401,4.6772,2.6116,0.7241
1690535482779,10.6323,8.1726,7.9791,4.1968
1690535482783,17.3441,12.6299,13.6112,7.7692
1690535482787,18.0201,12.0757,12.8778,14.6867
1690535482791,21.8274,15.2559,18.9588,15.5244
1690535482795,21.1845,18.3463,21.7292,17.1046
1690535482799,19.173,19.8111,19.3045,14.997
1690535482803,19.2037,18.6424,16.5117,18.4761
1690535482807,14.9357,16.0065,15.5203,20.5291
1690535482811,13.659,15.4536,18.6878,16.5499
1690535482815,6.992,8.1499,7.0127,14.7605
1690535482819,4.9117,2.3436,2.6373,10.3239
1690535482823,-6.0274,0.2653,-3.5721,8.2847
1690535482827,-5.8643,-3.024,-4.8688,-0.2899
1690535482831,-14.0115,-10.0621,-8.3003,-4.0378
1690535482835,-16.6474,-10.9747,-10.7924,-8.0785
1690535482839,-17.1744,-15.4545,-19.7264,-10.9132
1690535482843,-24.0504,-17.171,-21.0619,-14.3201
1690535482847,-28.5588,-19.5711,-20.3855,-16.8055
1690535482851,-23.6899,-18.6945,-26.511,-17.9485
1690535482855,-25.3132,-16.514,-21.8557,-12.0121
1690535482859,-20.0996,-19.9273,-15.1393,-12.5788
1690535482863,-18.032,-16.4675,-9.5278,-6.6244
1690535482867,-10.3263,-13.387,-9.5869,-6.629
1690535482871,-7.3902,-5.2653,-0.4891,0.6208
1690535482875,-6.2527,-1.9416,3.8382,4.7792
1690535482879,5.7652,2.8163,7.9354,9.0208
1690535482883,2.5724,2.7398,10.0821,10.7229
1690535482887,3.7353,11.6223,14.6316,20.7702
1690535482891,9.7104,15.331,14.333,19.8417
1690535482895,10.0893,18.5608,16.691,19.7933
1690535482899,9.7569,20.2213,21.0149,25.8949
1690535482903,8.2303,19.2587,16.9699,21.9267
1690535482907,7.4806,20.1835,17.4105,22.2175
1690535482911,2.588,13.5024,12.5045,19.7362
1690535482915,-2.3226,11.0793,9.685,13.8256
1690535482919,-1.8573,7.2332,6.0338,13.8997
1690535482923,-10.6727,4.2364,6.303,6.3623
1690535482927,-15.9234,1.3981,-4.1456,1.1865
1690535482931,-16.5154,-4.2684,-2.3295,-5.1376
1690535482935,-17.418,-11.3523,-13.9269,-8.6689
1690535482939,-19.4294,-17.602,-18.2944,-13.8753
1690535482943,-23.9192,-16.2731,-20.0425,-16.0096
1690535482947,-30.4624,-15.7121,-18.5016,-16.2332
1690535482951,-25.7916,-18.5666,-18.473,-14.7944
1690535482955,-28.723,-15.6647,-18.2663,-13.4812
1690535482959,-23.1982,-9.3607,-10.3103,-9.4264
1690535482963,-21.1494,-6.5675,-10.3161,-9.4755
1690535482967,-16.3313,-6.1502,-10.3097,-4.5765
1690535482971,-9.3194,1.7919,-4.8941,-0.286
1690535482975,-6.0953,4.8165,-0.6243,6.5158
1690535482979,-1.9222,9.1852,7.7455,11.6988
1690535482983,3.857,7.9811,9.4739,16.5278
1690535482987,8.5602,15.6002,12.9013,19.33
1690535482991,11.0252,17.2137,17.0021,18.6357
1690535482995,9.9329,23.2823,21.4236,24.963
1690535482999,11.929,18.3836,17.7232,22.5726
1690535483003,6.9809,22.9473,20.935,20.5851
1690535483007,4.1242,16.4847,17.7674,20.7216
1690535483011,2.3284,15.7914,13.1717,19.3084
1690535483015,3.427,15.5905,11.2396,15.0731
1690535483019,-0.3712,4.648,8.6179,5.9464
1690535483023,-6.258,-0.1846,0.0499,-1.6618
1690535483027,-10.672,-8.9075,-8.0148,-4.5137
1690535483031,-13.4498,-11.6876,-9.5559,-11.3605
1690535483035,-18.7386,-11.1831,-13.2352,-13.1084
1690535483039,-18.8956,-17.9219,-20.6096,-17.5831
1690535483043,-16.1859,-22.3076,-17.3633,-18.5848
1690535483047,-20.3223,-21.0326,-21.1402,-16.7562
1690535483051,-17.1052,-21.7595,-18.7662,-18.0078
1690535483055,-17.6596,-19.2635,-19.989,-17.9061
1690535483059,-15.1237,-19.4087,-16.2371,-16.5592
1690535483063,-8.4507,-12.6621,-13.1623,-8.7473
1690535483067,-4.7021,-10.6908,-13.036,-9.4941
1690535483071,2.3645,-3.1796,-2.447,-4.9466
1690535483075,4.648,2.4832,5.2021,4.1546
1690535483079,10.0161,6.7216,6.3092,8.5331
1690535483083,18.0764,10.0551,12.0268,9.0292
1690535483087,18.5246,10.3641,13.0174,15.5375
1690535483091,24.8088,15.1348,19.9443,17.8228
1690535483095,28.0399,19.1773,18.1628,19.5384
1690535483099,26.1033,16.5929,22.1454,26.1486
1690535483103,25.5512,17.7392,19.4312,20.3992
1690535483107,20.5285,12.1574,14.1108,19.4214
1690535483111,19.0886,9.9795,12.1696,17.8645
1690535483115,12.7732,6.6416,3.9552,14.1728
1690535483119,7.8407,3.7128,8.2543,7.1379
1690535483123,2.9051,-2.1787,-0.3954,2.3264
1690535483127,0.2374,-7.0474,-2.4565,-3.3653
1690535483131,-2.3743,-8.033,-7.9394,-1.037
1690535483135,-11.7067,-12.7494,-11.9979,-8.6639
1690535483139,-12.8445,-17.1717,-12.4743,-11.0238
1690535483143,-13.4523,-20.8373,-17.088,-14.93
1690535483147,-16.9268,-22.6215,-22.5394,-17.2435
1690535483151,-11.8698,-21.6554,-24.0246,-19.1122
1690535483155,-12.5902,-17.4427,-19.0092,-17.3927
1690535483159,-9.3765,-16.9204,-15.7417,-14.785
1690535483163,-11.363,-13.3671,-9.5727,-12.9173
1690535483167,0.2534,-9.8744,-8.3602,-8.4504
1690535483171,2.3794,-0.6895,-3.6133,-2.4801
1690535483175,6.9727,5.5118,1.3893,1.7799
1690535483179,12.4505,12.5439,11.7373,4.4394
1690535483183,16.4546,15.1399,11.2358,5.9545
1690535483187,17.9631,18.6599,17.0858,10.7463
1690535483191,18.3733,23.0618,18.9806,18.1439
1690535483195,26.427,25.5324,21.4687,14.0716
1690535483199,23.1342,26.1997,18.3066,16.811
1690535483203,24.1648,23.7751,16.3926,13.9075
1690535483207,21.9227,18.7229,19.0873,15.0492
1690535483211,18.8321,17.0428,15.0652,13.8516
1690535483215,18.38,12.4698,11.266,9.0298
1690535483219,11.9833,7.2009,2.6003,6.3618
1690535483223,6.9965,-2.6242,-1.0159,3.4081
1690535483227,5.566,-3.8473,-5.6618,-2.4581
1690535483231,-3.2307,-5.6362,-7.4161,-12.575
1690535483235,-8.2654,-14.8799,-13.6766,-15.3199
1690535483239,-14.4983,-15.7604,-18.0454,-21.5045
1690535483243,-14.9973,-18.4339,-17.9522,-18.5996
1690535483247,-17.1064,-21.3488,-16.5425,-19.7545
1690535483251,-12.5354,-20.1183,-15.5779,-20.3047
1690535483255,-15.6934,-21.3889,-15.6827,-20.6241
1690535483259,-11.1558,-22.4163,-12.3219,-20.5979
1690535483263,-8.8481,-16.4707,-10.5987,-16.4421
1690535483267,-7.1857,-12.9961,-8.8164,-11.1304
1690535483271,-1.3362,-2.1743,-4.1569,-12.8179
1690535483275,4.7591,2.8029,3.5158,-4.3763
1690535483279,7.3756,4.0773,7.2688,2.1986
1690535483283,10.4991,10.7079,10.1874,5.1016
1690535483287,21.8375,17.7959,12.0764,11.6362
1690535483291,15.0979,19.3985,15.7675,15.7087
1690535483295,23.2797,23.22,16.9973,14.0948
1690535483299,23.616,19.418,20.2988,14.2106
1690535483303,20.6436,20.1768,17.5913,12.9893
1690535483307,20.6905,17.9804,17.5213,12.2516
1690535483311,15.2276,17.0235,13.3723,10.4477
1690535483315,12.758,10.1243,8.5112,7.8597
1690535483319,5.4759,4.7767,11.0243,1.9383
1690535483323,4.7851,0.9761,1.5596,-6.3123
1690535483327,-3.1609,-7.0893,-3.1366,-12.7374
1690535483331,-8.3558,-12.325,-10.4259,-18.2051
1690535483335,-12.9092,-15.4565,-10.8839,-23.0471
1690535483339,-12.6329,-19.6989,-14.4897,-23.4358
1690535483343,-17.7989,-18.8668,-16.1044,-24.3035
1690535483347,-21.7933,-21.6648,-18.9829,-28.4597
1690535483351,-21.0515,-23.1179,-19.15,-29.2799
1690535483355,-19.848,-23.9602,-18.6985,-27.4525
1690535483359,-15.1041,-18.8079,-18.7751,-20.3326
1690535483363,-9.0295,-15.9658,-17.4147,-19.8542
1690535483367,-4.8686,-8.7371,-15.4003,-12.8749
1690535483371,-3.266,-5.3633,-2.7707,-13.2141
1690535483375,2.6775,-0.6133,-5.009,-6.2158
1690535483379,11.7733,3.9589,7.4925,-0.7024
1690535483383,15.4675,12.0018,12.476,7.8132
1690535483387,17.6803,14.9029,17.3475,7.0041
1690535483391,22.1291,22.1506,17.6948,16.8467
1690535483395,23.4807,21.1504,21.4994,14.1614
1690535483399,22.4564,24.3585,19.2931,16.5519
1690535483403,23.1782,23.7553,19.3484,18.4656
1690535483407,22.5498,24.853,19.9675,15.8674
1690535483411,18.9419,24.6187,13.2353,16.6565
1690535483415,12.4279,12.9335,11.9032,11.8182
1690535483419,8.2558,10.5136,5.3483,4.5387
1690535483423,3.5571,4.3911,-0.614,0.843
1690535483427,-2.5838,0.088,-3.1502,-6.1754
1690535483431,-9.1621,-5.4447,-6.4926,-11.7342
1690535483435,-9.545,-9.7262,-9.368,-15.941
1690535483439,-12.1071,-18.8941,-13.271,-16.8032
1690535483443,-16.7441,-19.0023,-17.7426,-21.1143
1690535483447,-15.3627,-19.0223,-18.0686,-16.5788
1690535483451,-23.4259,-19.1853,-16.1008,-18.7171
1690535483455,-18.6714,-19.7718,-15.9912,-15.6947
1690535483459,-17.0728,-14.1625,-10.156,-11.3629
1690535483463,-15.4338,-12.4542,-10.3677,-11.8855
1690535483467,-10.5632,-7.1187,-4.5886,-3.1837
1690535483471,-4.1293,-3.8074,-5.5352,-4.0048
1690535483475,-2.18,3.4774,1.1064,3.7088
1690535483479,2.789,4.5464,5.4887,9.2683
1690535483483,9.6158,9.81,13.5846,18.3269
1690535483487,5.4911,13.6437,12.1832,18.9913
1690535483491,13.1945,20.6985,15.9286,22.0523
1690535483495,18.2652,21.6067,16.6778,23.1215
1690535483499,16.1074,20.244,19.2361,25.3111
1690535483503,19.2397,18.0161,16.677,25.9688
1690535483507,15.6606,17.5058,12.9659,23.6956
1690535483511,9.1985,16.8475,14.0405,19.1425
1690535483515,7.5903,12.192,9.1621,14.8842
1690535483519,3.4276,10.0008,6.3301,16.0771
1690535483523,-2.8085,1.6387,3.7807,6.2958
1690535483527,-5.5164,-4.095,-1.6757,7.9977
1690535483531,-11.4664,-8.4066,-9.7637,-3.0283
1690535483535,-16.968,-12.4323,-11.074,-3.5192
1690535483539,-19.7624,-18.2443,-15.3849,-7.4243
1690535483543,-24.0741,-22.376,-17.6646,-5.6986
1690535483547,-21.9982,-25.1695,-19.4742,-11.0195
1690535483551,-24.0912,-22.2283,-19.3017,-8.7818
1690535483555,-22.0426,-21.3953,-16.9563,-8.1982
1690535483559,-18.0523,-21.1929,-16.8129,-6.9667
1690535483563,-17.284,-16.0013,-15.5813,-1.3197
1690535483567,-11.6134,-14.1038,-5.5053,2.3383
1690535483571,-8.5611,-9.4731,-4.5388,5.6623
1690535483575,-4.0749,-2.1729,2.365,9.5656
1690535483579,-2.0194,6.8197,6.2617,15.9412
1690535483583,3.8028,6.4174,14.7116,18.8699
1690535483587,5.3981,14.2769,14.2334,22.5532
1690535483591,8.4448,16.4917,20.1928,27.2048
1690535483595,9.245,16.3101,21.2088,26.2622
1690535483599,8.6359,17.3621,17.2727,27.0492
1690535483603,10.0875,22.679,17.9279,24.4032
1690535483607,9.4932,19.9583,17.3433,22.1025
1690535483611,15.8916,14.5107,11.7488,21.2319
1690535483615,5.1085,16.2075,8.4393,20.033
1690535483619,-0.0719,5.9251,5.1412,13.4888
1690535483623,-7.4504,5.3801,-0.9299,9.6568
1690535483627,-12.9012,0.653,-3.5947,3.3235
1690535483631,-16.306,-5.3848,-9.2528,-2.3627
1690535483635,-23.5523,-9.1504,-12.8913,-4.7385
1690535483639,-24.9682,-14.7744,-13.7652,-11.8019
1690535483643,-27.6364,-15.3827,-20.477,-15.602
1690535483647,-27.867,-19.178,-19.2471,-19.8547
1690535483651,-27.503,-19.1122,-16.5433,-20.44
1690535483655,-27.0224,-14.1036,-18.6863,-19.5141
1690535483659,-24.8819,-15.4357,-13.9531,-17.9254
1690535483663,-22.1129,-8.7525,-12.1853,-9.5383
1690535483667,-18.3235,-9.4427,-11.9693,-9.3104
1690535483671,-9.9116,-4.8472,-4.2978,-4.1728
1690535483675,-5.0344,0.0305,-1.2801,2.3174
1690535483679,0.9408,6.0396,9.1646,5.063
1690535483683,2.0009,9.2212,10.335,8.2849
1690535483687,10.6506,15.2803,13.3167,11.6479
1690535483691,12.3301,19.3155,16.364,16.9236
1690535483695,18.1932,21.4207,17.5227,16.4805
1690535483699,14.9939,18.7825,18.7015,20.1934
1690535483703,16.1409,15.6124,17.6697,18.1962
1690535483707,15.9025,19.7925,15.3907,18.2805
1690535483711,12.5861,14.0777,15.0815,11.3469
1690535483715,12.2304,11.2271,10.8638,6.376
1690535483719,11.8707,9.4438,4.2242,1.8929
1690535483723,5.0453,8.7638,2.2555,0.9237
1690535483727,1.3076,-5.9424,-1.1231,-11.0648
1690535483731,-3.4856,-4.3739,-5.3107,-13.7774
1690535483735,-10.8225,-9.9853,-13.9808,-17.4152
1690535483739,-7.4012,-15.5242,-16.4297,-20.1347
1690535483743,-13.3968,-21.2411,-19.9881,-23.5405
1690535483747,-16.5752,-25.8341,-20.1918,-25.8084
1690535483751,-15.278,-20.896,-23.6121,-30.0524
1690535483755,-14.0946,-23.6383,-18.3974,-24.603
1690535483759,-15.7846,-17.2105,-13.4292,-25.6143
1690535483763,-10.8374,-18.2788,-12.753,-21.1259
1690535483767,-6.7806,-11.2982,-4.8773,-17.0959
1690535483771,1.7954,-5.8926,-6.7842,-14.4314
1690535483775,2.0296,-0.6368,-1.6224,-13.2127
1690535483779,10.1021,5.9725,-0.8229,-2.672
1690535483783,15.7846,5.5743,9.906,-4.0908
1690535483787,23.4361,12.5741,11.6366,5.6253
1690535483791,25.1677,10.4036,19.9898,6.9738
1690535483795,25.1751,13.7564,18.0508,11.145
1690535483799,27.3656,11.8236,25.1773,15.2982
1690535483803,26.0479,19.5302,18.5372,10.999
1690535483807,25.1167,15.7704,17.4769,9.7988
1690535483811,23.1313,13.1771,14.3006,6.5714
1690535483815,16.1303,13.0393,10.1587,1.0556
1690535483819,18.6352,6.3679,5.5834,-2.508
1690535483823,10.5648,1.9367,-0.2242,-5.7827
1690535483827,10.553,-4.5501,-4.8837,-12.1623
1690535483831,2.0286,-6.0718,-9.5861,-16.3329
1690535483835,-5.4106,-13.2307,-15.397,-13.6161
1690535483839,-8.7018,-14.8051,-18.4042,-16.5072
1690535483843,-10.213,-16.2509,-21.7616,-22.8716
1690535483847,-8.6293,-15.7931,-17.0843,-22.3669
1690535483851,-8.9498,-18.6217,-14.7173,-22.873
1690535483855,-11.1279,-19.1521,-16.3793,-20.6
1690535483859,-6.9107,-15.5775,-14.8606,-15.9288
1690535483863,-4.721,-12.3919,-14.595,-13.9045
1690535483867,-3.9051,-0.3502,-8.6135,-10.5681
1690535483871,2.2864,-3.6962,-3.9396,-6.0436
1690535483875,13.4165,5.263,-1.5573,1.9318
1690535483879,20.7961,6.4195,3.6827,5.7836
1690535483883,19.4891,12.2905,6.2125,10.5556
1690535483887,25.2748,17.1795,12.3279,15.8917
1690535483891,25.503,21.646,14.2383,15.127
1690535483895,33.2326,20.2387,18.0981,20.1089
1690535483899,29.1104,22.5927,21.7828,17.2428
1690535483903,26.9214,21.8332,22.3254,18.9953
1690535483907,25.5136,22.6242,17.9441,16.2937
1690535483911,23.1335,16.4519,14.2199,14.5822
1690535483915,16.0439,12.5683,7.2559,10.2566
1690535483919,11.8634,5.0473,6.5017,6.807
1690535483923,4.777,2.1585,-0.5046,1.0962
1690535483927,2.262,-2.9645,-0.5421,-4.2004
1690535483931,-8.5038,-9.1339,-5.1599,-7.5786
1690535483935,-11.708,-10.0281,-11.2319,-5.5733
1690535483939,-14.8996,-17.2666,-14.5875,-17.1017
1690535483943,-17.7974,-18.192,-19.9181,-20.8268
1690535483947,-20.0865,-15.776,-20.9569,-18.2482
1690535483951,-19.8117,-16.1377,-23.5423,-15.0579
1690535483955,-19.2372,-21.162,-21.2213,-13.6291
1690535483959,-16.8722,-14.5606,-15.8863,-12.2799
1690535483963,-10.3354,-15.1485,-16.5335,-11.4302
1690535483967,-9.4194,-10.8718,-10.1262,-9.0202
1690535483971,-9.2285,-8.9577,-1.4539,-2.4592
1690535483975,1.7918,-1.0095,-1.9588,4.3805
1690535483979,5.182,1.8258,4.3536,8.2488
1690535483983,10.0982,8.2405,12.6162,13.1984
1690535483987,12.4664,11.7673,9.9921,15.8376
1690535483991,12.8313,14.9355,20.9444,21.9248
1690535483995,13.8273,14.3811,18.7233,25.5145
1690535483999,17.7746,18.7589,21.6964,26.941
1690535484003,19.0879,15.9623,20.2581,26.2392
1690535484007,14.7799,16.9547,18.5216,18.1106
1690535484011,9.7415,11.6934,12.5286,18.0663
1690535484015,7.7801,8.6664,11.504,19.9591
1690535484019,3.3279,7.1357,5.9067,11.9949
1690535484023,-1.7955,3.4918,4.6007,0.1976
1690535484027,-5.3581,-6.9793,0.4859,4.5934
1690535484031,-9.6424,-8.6744,-5.0216,1.5489
1690535484035,-16.7856,-19.5355,-7.9759,-10.1254
1690535484039,-19.5943,-21.2981,-15.7478,-11.0636
1690535484043,-18.2455,-22.2696,-18.5159,-15.8193
1690535484047,-23.5123,-23.1964,-18.8481,-14.8296
1690535484051,-19.8001,-18.4465,-20.1079,-18.9677
1690535484055,-23.1192,-17.3387,-20.1954,-17.9848
1690535484059,-22.7027,-19.0102,-18.2844,-18.3018
1690535484063,-15.0008,-12.0563,-13.7377,-11.6714
1690535484067,-9.0877,-9.4839,-2.2351,-8.9621
1690535484071,-7.4982,-7.3862,-8.6101,-2.4268
1690535484075,-2.4781,-1.7318,2.3999,0.951
1690535484079,5.2692,2.4277,1.5638,6.2341
1690535484083,8.1243,9.7302,7.4197,11.7665
1690535484087,9.533,14.976,15.4863,16.2996
1690535484091,15.1257,16.9513,15.7195,16.2607
1690535484095,18.3127,22.4079,16.6131,18.143
1690535484099,18.9347,21.9332,20.2578,23.9131
1690535484103,16.0258,21.1288,17.3309,20.5072
1690535484107,8.2611,14.6144,19.828,22.233
1690535484111,9.5714,19.6388,20.415,15.8968
1690535484115,4.4862,13.9002,12.2707,12.037
1690535484119,-0.8994,8.8076,10.1099,10.1584
1690535484123,-6.5331,5.6713,5.2273,5.3465
1690535484127,-9.6887,2.5076,-5.2693,-0.3864
1690535484131,-12.0222,-2.0528,-5.9322,-3.7298
1690535484135,-17.6577,-4.5006,-12.2957,-12.9923
1690535484139,-19.6714,-12.4659,-15.481,-16.3101
1690535484143,-26.3286,-16.4323,-14.9054,-18.1664
1690535484147,-22.127,-17.699,-18.832,-19.5925
1690535484151,-20.9633,-18.2584,-17.528,-22.8838
1690535484155,-18.9588,-19.6761,-19.9188,-18.5598
1690535484159,-20.6443,-18.3647,-20.4019,-11.5564
1690535484163,-15.8602,-11.7037,-13.1098,-9.9199
1690535484167,-11.5652,-7.1575,-11.3836,-3.8219
1690535484171,-7.5989,-5.2808,-1.0739,-2.0274
1690535484175,-0.8153,0.5428,4.6401,2.7901
1690535484179,2.9627,5.323,2.0016,6.3725
1690535484183,12.4399,5.3248,13.5233,15.617
1690535484187,15.1973,12.7914,14.1141,15.2015
1690535484191,17.0497,13.7549,17.8073,24.2917
1690535484195,17.8605,15.3566,17.7902,20.2643
1690535484199,20.6868,15.1542,20.5817,26.4429
1690535484203,17.508,16.4769,21.328,23.6627
1690535484207,17.93,15.346,16.9823,21.8425
1690535484211,14.149,11.0538,13.505,16.3678
1690535484215,9.9578,10.4494,10.511,12.1436
1690535484219,2.521,9.8143,9.6062,7.2691
1690535484223,-1.3332,0.2369,4.1124,5.8234
1690535484227,-4.4795,0.436,-1.8524,-2.2381
1690535484231,-13.7062,-8.3358,-7.0235,-11.2041
1690535484235,-14.5369,-9.9109,-9.3992,-17.6266
1690535484239,-20.5577,-16.2778,-16.4439,-15.3219
1690535484243,-20.4203,-17.7694,-21.3646,-15.9164
1690535484247,-19.8269,-21.9581,-23.3373,-17.2309
1690535484251,-26.705,-19.7929,-20.3073,-19.0514
1690535484255,-20.8958,-20.5862,-14.9923,-19.478
1690535484259,-18.633,-17.555,-16.9493,-15.5805
1690535484263,-16.9161,-14.4036,-14.0013,-13.2834
1690535484267,-14.0133,-18.2598,-5.8617,-9.4419
1690535484271,-9.9114,-7.8892,-5.3099,-4.4196
1690535484275,-8.3373,-2.9862,0.9688,3.027
1690535484279,-1.7627,1.3099,-0.0732,7.9835
1690535484283,2.8885,7.0093,11.4311,9.541
1690535484287,7.1348,12.468,13.4516,13.5059
1690535484291,13.1193,18.3604,20.4951,18.5961
1690535484295,14.5126,20.7197,20.5746,22.6347
1690535484299,17.356,18.1064,19.3034,21.4634
1690535484303,15.6859,19.0771,17.5286,20.8306
1690535484307,10.3175,17.406,20.2192,23.2713
1690535484311,10.1373,14.6631,18.5939,15.8614
1690535484315,4.2337,11.5828,12.9916,9.0697
1690535484319,3.5444,9.3165,9.9911,11.2675
1690535484323,-4.5302,0.1912,1.9904,1.8031
1690535484327,-8.5376,3.904,-1.4101,-1.118
1690535484331,-13.4612,-1.984,-8.8722,-9.1571
1690535484335,-19.0612,-8.9871,-13.841,-13.9413
1690535484339,-20.261,-8.4845,-15.8436,-18.1592
1690535484343,-23.0795,-15.431,-17.2602,-20.5963
1690535484347,-26.7239,-11.2109,-18.2422,-19.5662
1690535484351,-23.8187,-14.2087,-20.8478,-19.8478
1690535484355,-15.289,-17.9555,-18.1894,-20.3799
1690535484359,-17.1691,-14.6574,-14.4608,-19.8069
1690535484363,-12.9839,-8.0262,-18.0429,-20.2083
1690535484367,-6.7739,-8.1783,-10.9076,-13.4453
1690535484371,-3.6435,-4.4877,-7.2346,-9.3797
1690535484375,0.9429,-1.0227,-0.3156,-5.8802
1690535484379,8.3972,7.5557,5.264,-1.4163
1690535484383,15.3463,7.5371,10.6579,4.9432
1690535484387,14.5959,12.6794,15.502,8.8601
1690535484391,16.2017,17.9251,14.7366,10.135
1690535484395,22.3442,14.989,22.4091,13.4081
1690535484399,19.7869,17.4612,21.8541,11.4834
1690535484403,18.9676,20.0345,22.1114,11.9943
1690535484407,22.6759,17.6832,20.8145,5.891
1690535484411,16.3504,11.9257,13.4346,8.0137
1690535484415,10.6166,10.9468,11.0227,1.7357
1690535484419,7.6737,4.9351,5.877,-0.2946
1690535484423,7.0108,4.7574,3.4787,-5.6094
1690535484427,1.9666,-1.7018,-7.1028,-6.77
1690535484431,-2.6749,-7.7211,-5.8503,-15.5755
1690535484435,-7.067,-13.7267,-14.3641,-17.7069
1690535484439,-13.4788,-17.6469,-15.3458,-20.5725
1690535484443,-11.5986,-21.5123,-15.1726,-27.0424
1690535484447,-15.053,-20.087,-18.5593,-24.7558
1690535484451,-17.1729,-22.2381,-21.16,-26.044
1690535484455,-15.702,-18.5045,-20.3038,-24.9397
1690535484459,-16.3132,-8.6366,-15.1772,-25.2419
1690535484463,0.4078,-11.0354,-17.7709,-23.4867
1690535484467,-0.7202,-9.866,-7.8277,-16.6683
1690535484471,2.5595,-8.3125,-6.5195,-6.8528
1690535484475,8.6508,0.4682,-0.2073,-4.9699
1690535484479,15.7532,1.0803,5.7491,0.5797
1690535484483,16.6844,0.8977,12.6611,5.4635
1690535484487,21.2275,9.1044,15.9926,9.8932
1690535484491,22.9337,14.4563,15.7266,11.9302
1690535484495,28.9223,18.0909,19.3282,13.9582
1690535484499,27.5343,17.8098,21.2111,13.5558
1690535484503,27.4751,18.7831,22.4238,15.2293
1690535484507,28.1508,14.1632,18.4966,13.4201
1690535484511,23.5747,12.5729,17.8955,12.5455
1690535484515,19.36,10.6832,9.5097,3.9115
1690535484519,19.5589,2.891,8.0659,7.8883
1690535484523,11.5182,-0.1112,3.6211,-5.5017
1690535484527,8.8278,-5.8413,-2.4721,-3.4545
1690535484531,5.2209,-7.8457,-7.332,-14.0406
1690535484535,-2.4208,-8.5767,-8.7368,-14.9073
1690535484539,-2.4825,-13.9979,-15.1244,-19.984
1690535484543,-11.5491,-19.5086,-17.3272,-20.6734
1690535484547,-7.6549,-18.0409,-25.7287,-19.7661
1690535484551,-7.1639,-16.5111,-17.8672,-21.9891
1690535484555,-6.2035,-18.3961,-21.2002,-20.6295
1690535484559,-7.2719,-14.5814,-22.6408,-13.5475
1690535484563,-6.2183,-9.6979,-14.9491,-17.1498
1690535484567,-0.1492,-5.1169,-7.7805,-9.3868
1690535484571,6.0563,-2.8017,-3.5238,0.9877
1690535484575,8.9444,6.5727,2.8301,1.1903
1690535484579,12.1318,9.3926,7.6981,12.7569
1690535484583,17.4417,14.4603,11.1614,13.2544
1690535484587,20.604,17.4854,15.9169,15.8199
1690535484591,24.4019,17.9899,17.5302,25.9833
1690535484595,21.9534,19.2669,19.9004,25.6662
1690535484599,20.0113,18.957,18.6149,29.2919
1690535484603,23.5208,21.0754,19.7771,27.3002
1690535484607,20.9436,18.7356,16.6202,23.5007
1690535484611,16.6461,12.6422,13.8348,25.7422
1690535484615,12.7912,9.2173,13.5637,15.883
1690535484619,1.6611,5.2417,9.9986,13.8471
1690535484623,2.0215,1.7052,-2.0492,13.463
1690535484627,-6.6121,-1.2425,0.0292,5.2479
1690535484631,-10.6369,-6.9123,-7.2732,-0.7993
1690535484635,-12.8155,-12.1303,-12.5599,-2.5466
1690535484639,-12.6923,-13.8305,-15.1728,-7.1703
1690535484643,-17.7112,-15.4461,-19.5665,-11.4171
1690535484647,-19.8752,-23.3376,-25.0929,-12.9428
1690535484651,-17.7628,-21.7814,-21.802,-14.2262
1690535484655,-17.0457,-19.9041,-21.0123,-7.6883
1690535484659,-14.5161,-17.3749,-15.7352,-6.9142
1690535484663,-14.7732,-12.7234,-12.7466,-4.1211
1690535484667,-10.8879,-6.3274,-11.1841,0.0989
1690535484671,-7.5796,-3.7343,-2.8472,5.3669
1690535484675,-5.4742,2.189,1.2011,8.6576
1690535484679,3.8911,4.2317,7.7646,12.6651
1690535484683,9.9371,6.4732,9.7485,19.1664
1690535484687,9.8404,9.7519,15.442,21.9649
1690535484691,8.6877,16.8978,15.9818,26.7377
1690535484695,14.162,17.6839,21.8791,27.3374
1690535484699,17.1492,16.6048,18.5952,25.7817
1690535484703,12.9316,15.2242,22.4433,21.6091
1690535484707,10.3127,17.3362,19.8001,20.6249
1690535484711,2.4778,9.2211,15.7414,17.4998
1690535484715,3.8773,8.7676,10.1179,15.6743
1690535484719,0.5901,-1.2948,8.5428,12.0339
1690535484723,-3.973,1.8353,1.1679,5.5716
1690535484727,-12.4574,-3.1923,-3.6866,1.0196
1690535484731,-13.2648,-10.7893,-5.802,0.6203
1690535484735,-18.8185,-14.5336,-14.7863,-3.6663
1690535484739,-23.0722,-15.7548,-16.0665,-6.7207
1690535484743,-28.1888,-21.2885,-12.2856,-12.0423
1690535484747,-25.1554,-19.2805,-18.6684,-13.0903
1690535484751,-22.8181,-18.0202,-13.5684,-14.7838
1690535484755,-25.927,-19.5519,-17.5914,-11.8713
1690535484759,-23.2216,-18.2911,-14.7752,-11.5695
1690535484763,-22.713,-16.5383,-14.1153,-11.6111
1690535484767,-15.8415,-9.1623,-9.138,-4.9698
1690535484771,-12.4959,-6.5794,-3.4459,-3.2877
1690535484775,-12.8806,-1.5386,3.5924,0.646
1690535484779,-8.2545,12.9479,5.5146,7.3366
1690535484783,0.8662,13.0722,9.3917,11.1494
1690535484787,2.7153,13.3611,14.9058,16.7464
1690535484791,9.9061,23.7594,18.3015,17.577
1690535484795,12.5802,19.5773,19.9915,15.9104
1690535484799,11.8068,24.729,22.6042,14.8907
1690535484803,9.9732,21.8408,19.1055,14.8354
1690535484807,4.6433,20.6599,19.1418,15.5538
1690535484811,8.2485,21.4328,14.6525,8.7094
1690535484815,1.8716,14.4512,10.2864,8.2373
1690535484819,-1.732,4.1264,3.2818,1.824
1690535484823,-2.2952,3.3034,-1.7108,-2.5239
1690535484827,-8.734,-3.9935,-6.9447,-13.4526
1690535484831,-11.2103,-3.7058,-14.6336,-13.7001
1690535484835,-16.3797,-14.0649,-15.6993,-18.2653
1690535484839,-19.1275,-15.1577,-15.0822,-27.0298
1690535484843,-21.1553,-15.9094,-17.4647,-26.2341
1690535484847,-23.5184,-23.6909,-23.5896,-26.5026
1690535484851,-20.1782,-19.8492,-17.1183,-30.0358
1690535484855,-21.3868,-16.1803,-19.8066,-24.8844
1690535484859,-20.0179,-13.8383,-18.9123,-26.3795
1690535484863,-16.2456,-11.6399,-16.0895,-19.9634
1690535484867,-15.1657,-6.7161,-10.9398,-18.4889
1690535484871,-1.9348,-6.0024,1.6391,-10.9565
1690535484875,0.9311,-2.6851,-0.1692,-6.9486
1690535484879,4.4605,5.4004,9.3766,-7.5967
1690535484883,10.4851,9.9593,10.1925,1.4623
1690535484887,11.8388,15.7809,16.0457,5.1118
1690535484891,19.088,17.1328,18.8746,4.8122
1690535484895,20.6852,17.3326,21.9476,13.458
1690535484899,19.9407,19.8844,21.3784,14.5747
1690535484903,20.7842,18.2971,18.3064,15.9213
1690535484907,17.4458,13.7258,17.7838,13.3232
1690535484911,14.6304,13.1172,13.8572,11.6492
1690535484915,5.17,9.4136,7.579,6.5207
1690535484919,4.2619,6.742,6.3955,-2.0334
1690535484923,-1.363,-0.6358,2.3529,-1.9368
1690535484927,-1.4781,-5.4257,-3.085,-10.1603
1690535484931,-11.6405,-11.5634,-6.0922,-11.8977
1690535484935,-14.7858,-11.7516,-12.3383,-16.8397
1690535484939,-18.8088,-19.4494,-17.4441,-20.6955
1690535484943,-21.1828,-18.5374,-20.1532,-21.1606
1690535484947,-22.041,-21.4718,-19.5893,-23.7249
1690535484951,-24.5779,-23.2956,-16.3336,-25.2012
1690535484955,-17.0415,-20.9492,-15.4598,-26.7351
1690535484959,-14.8819,-20.811,-20.306,-20.7247
1690535484963,-14.8081,-16.59,-14.2606,-20.2229
1690535484967,-6.9595,-12.0596,-9.949,-15.7157
1690535484971,-7.302,-5.5924,-3.7676,-10.3843
1690535484975,0.9617,0.2025,-0.3318,-3.8726
1690535484979,4.2818,8.537,7.6823,3.6837
1690535484983,13.1209,7.6443,9.3655,10.1249
1690535484987,16.8502,12.1138,15.8608,12.1785
1690535484991,18.998,17.2574,18.1996,15.8996
1690535484995,25.5045,19.5351,18.4876,15.1795
1690535484999,25.1691,19.6191,23.3629,17.756
1690535485003,25.3701,18.2149,17.8126,15.4797
1690535485007,23.0899,16.4671,19.9271,14.9266
1690535485011,22.4456,19.3309,18.1655,10.6714
1690535485015,13.6063,12.4355,16.2658,9.8567
1690535485019,6.2237,10.1816,7.2728,6.9291
1690535485023,3.0923,2.4693,2.5205,2.7491
1690535485027,2.1304,-0.8601,-1.4662,-2.6173
1690535485031,-6.8519,-4.0368,-10.1512,-8.3546
1690535485035,-8.6171,-9.2467,-20.4653,-11.5742
1690535485039,-15.8248,-11.7396,-14.9728,-13.3336
1690535485043,-18.9679,-16.4438,-21.7405,-14.9811
1690535485047,-17.704,-21.3409,-22.7822,-16.9808
1690535485051,-18.7754,-18.1717,-25.4522,-13.97
1690535485055,-18.3827,-19.6649,-18.8129,-13.4068
1690535485059,-13.0316,-11.7856,-15.2041,-8.3017
1690535485063,-14.5312,-9.2902,-15.8517,-9.5309
1690535485067,-8.2563,-8.0627,-8.1353,-5.4261
1690535485071,-6.923,-5.0686,0.6514,4.1166
1690535485075,1.1607,0.1986,6.8888,4.8481
1690535485079,5.9919,10.7871,13.0392,12.1501
1690535485083,13.2845,7.7951,13.1194,14.1462
1690535485087,16.051,14.1853,15.7546,15.7881
1690535485091,15.2065,14.6055,17.5639,18.7834
1690535485095,20.1045,17.2939,17.8299,20.6865
1690535485099,20.4097,21.6128,17.9733,20.8949
1690535485103,22.3308,23.4008,14.2498,19.426
1690535485107,21.1764,18.518,16.0555,15.858
1690535485111,15.8112,13.8081,11.0614,18.0806
1690535485115,13.726,13.0285,9.1066,14.4695
1690535485119,13.4302,7.3296,8.3124,6.1187
1690535485123,6.653,-3.1794,1.8963,5.098
1690535485127,-0.7286,-5.9829,-6.3729,-2.3604
1690535485131,-7.2069,-9.0855,-5.9286,-7.7401
1690535485135,-9.0114,-10.0783,-12.494,-10.8234
1690535485139,-13.8254,-18.9936,-17.8694,-13.9392
1690535485143,-15.88,-16.35,-16.6971,-16.6818
1690535485147,-18.3679,-23.0578,-20.1976,-16.2414
1690535485151,-14.5528,-20.0059,-21.6628,-16.8578
1690535485155,-15.4755,-18.8623,-16.8572,-17.1619
1690535485159,-11.1018,-19.0787,-17.207,-15.6418
1690535485163,-9.3918,-17.6978,-13.8616,-15.1877
1690535485167,-4.2339,-9.6012,-9.7901,-4.9447
1690535485171,0.5191,-5.3759,-4.9318,-1.7248
1690535485175,8.2214,0.0401,0.3133,2.1699
1690535485179,15.1828,3.6768,3.3892,11.2401
1690535485183,15.371,8.2631,8.2311,11.834
1690535485187,19.3799,10.2723,18.6248,16.1304
1690535485191,28.2249,14.5063,13.4947,21.9012
1690535485195,25.5406,14.5591,19.9179,25.9496
1690535485199,30.8698,15.4225,19.3195,26.0146
1690535485203,27.568,14.0236,21.7456,22.3746
1690535485207,25.7188,16.7687,19.8891,18.8588
1690535485211,20.4797,10.7674,12.5947,21.8731
1690535485215,23.7284,9.7245,14.2795,12.7097
1690535485219,13.1168,9.9712,7.4898,14.1863
1690535485223,11.3491,4.2186,-2.2001,8.4546
1690535485227,5.7486,-3.853,-6.6042,0.6067
1690535485231,-4.7318,-7.2384,-10.133,-3.1529
1690535485235,-11.3663,-9.3041,-14.1296,-5.1481
1690535485239,-11.0578,-17.507,-17.6257,-12.8238
1690535485243,-17.8318,-13.9484,-24.499,-16.5198
1690535485247,-19.7591,-14.8861,-24.8455,-19.9135
1690535485251,-20.4318,-18.7065,-18.069,-17.6953
1690535485255,-19.7471,-12.6505,-20.1545,-19.6531
1690535485259,-15.0468,-16.8941,-16.1295,-13.0061
1690535485263,-10.1518,-6.9314,-11.4168,-11.0278
1690535485267,-5.8361,-3.3725,-5.5643,-11.1735
1690535485271,-1.4392,1.5256,-3.5134,-2.3016
1690535485275,-0.1635,4.8327,2.3797,-1.0937
1690535485279,8.7165,7.4002,8.9391,8.2014
1690535485283,11.3218,7.4012,11.4645,9.5964
1690535485287,14.5897,12.4587,19.8666,16.2663
1690535485291,16.6925,17.5441,20.8002,18.9448
1690535485295,20.668,16.0925,21.7589,20.1236
1690535485299,21.6284,19.3348,25.7568,22.4316
1690535485303,22.9545,13.5621,21.1372,18.8876
1690535485307,18.0799,15.6584,18.474,19.7419
1690535485311,16.584,10.9782,9.4261,15.8839
1690535485315,8.9351,9.135,8.3129,14.8108
1690535485319,10.5385,6.3784,2.5359,10.9898
1690535485323,4.0768,1.5559,-0.9642,5.2667
1690535485327,1.6827,-0.6484,-6.1705,0.4489
1690535485331,-8.7816,-4.6051,-9.2803,-7.4255
1690535485335,-11.3962,-9.463,-9.8319,-11.4263
1690535485339,-20.1683,-22.2693,-16.0932,-15.2069
1690535485343,-17.5052,-17.3683,-17.2336,-17.2592
1690535485347,-22.2666,-17.5064,-20.7735,-14.7011
1690535485351,-24.619,-18.1705,-19.2572,-15.6008
1690535485355,-21.8054,-18.7586,-20.0699,-14.0554
1690535485359,-19.2629,-13.9689,-15.4234,-10.4611
1690535485363,-20.446,-13.3779,-14.025,-9.0953
1690535485367,-11.5443,-13.0245,-11.4241,-7.0201
1690535485371,-11.4749,-9.0492,-5.0017,1.7025
1690535485375,-5.1164,0.4986,0.1651,3.0797
1690535485379,0.3913,3.8673,6.0605,10.2696
1690535485383,4.2266,6.7247,13.7331,14.0701
1690535485387,7.6273,11.0273,15.7622,19.108
1690535485391,12.0124,14.7341,22.7189,21.1475
1690535485395,9.6858,20.6478,25.4263,21.3479
1690535485399,12.0714,13.374,23.9684,21.9102
1690535485403,9.1322,18.7088,19.3509,19.2394
1690535485407,7.9583,12.3431,18.4367,17.675
1690535485411,2.4543,10.0442,12.4574,16.4751
1690535485415,-0.7001,7.4151,9.1672,13.597
1690535485419,-5.8251,0.7954,7.3865,4.0612
1690535485423,-8.3795,-1.2104,2.2661,0.3906
1690535485427,-11.3544,-6.0654,-9.0082,-5.8027
1690535485431,-19.7516,-10.6692,-12.101,-9.6751
1690535485435,-21.6293,-13.3973,-14.2859,-15.4073
1690535485439,-23.7999,-13.8731,-17.8806,-15.9576
1690535485443,-30.8671,-20.9531,-20.7844,-19.0909
1690535485447,-29.3956,-18.9738,-19.5377,-19.6313
1690535485451,-31.7373,-20.9722,-19.2195,-19.6795
1690535485455,-28.7461,-21.892,-19.1345,-24.7778
1690535485459,-22.942,-12.4922,-15.1384,-23.9042
1690535485463,-22.4194,-11.147,-8.4241,-15.8294
1690535485467,-18.437,-6.3691,-8.4453,-11.203
1690535485471,-13.3398,-3.2408,-0.8586,-7.1763
1690535485475,-4.9693,4.3575,5.09,-1.3712
1690535485479,-4.4804,10.9051,8.3645,3.1659
1690535485483,1.1959,11.9194,10.8712,7.7774
1690535485487,5.9046,19.2246,13.7949,15.0666
1690535485491,10.031,19.5854,16.73,12.0713
1690535485495,11.6203,19.8693,18.0584,13.8066
1690535485499,12.654,22.4275,22.4893,13.6799
1690535485503,15.82,22.105,19.4095,11.4994
1690535485507,15.1803,23.7098,19.2877,8.9301
1690535485511,11.8348,19.7393,16.6249,7.902
1690535485515,7.9692,14.9931,7.0349,5.2158
1690535485519,4.8809,8.7626,3.603,0.131
1690535485523,-0.752,1.7365,2.1009,-4.7733
1690535485527,-3.9954,-3.6306,-1.8135,-14.6794
1690535485531,-8.9503,-8.7396,-1.7879,-14.2257
1690535485535,-10.8712,-8.809,-11.5289,-14.8518
1690535485539,-18.814,-13.0934,-15.4832,-25.0497
1690535485543,-14.3344,-17.91,-19.0409,-23.0352
1690535485547,-18.0506,-16.7252,-20.3604,-28.7666
1690535485551,-19.7593,-15.9665,-16.7008,-27.1629
1690535485555,-19.573,-15.5426,-18.7279,-25.1656
1690535485559,-18.4623,-14.1411,-16.1607,-23.1851
1690535485563,-13.0261,-10.3431,-10.3443,-17.2284
1690535485567,-6.6665,-8.3525,-8.5597,-18.8114
1690535485571,-2.4075,-5.7878,-7.5766,-6.7833
1690535485575,-1.0251,-0.3783,-2.3108,-4.7635
1690535485579,9.8185,4.1048,7.3282,-3.0563
1690535485583,9.395,8.9025,9.3139,-1.4805
1690535485587,10.7141,11.1808,15.507,7.2924
1690535485591,16.1441,15.5013,18.3163,11.8536
1690535485595,16.8149,13.9453,17.3092,10.1968
1690535485599,21.8262,17.233,22.6618,13.4794
1690535485603,16.5341,17.545,17.8603,8.3999
1690535485607,18.6571,12.8414,14.4157,8.4629
1690535485611,15.8982,13.8513,11.2372,7.4496
1690535485615,14.5375,8.8154,9.4046,5.4768
1690535485619,7.8289,8.6678,6.3578,1.984
1690535485623,7.9902,-0.9471,0.1728,-1.3802
1690535485627,0.9564,-2.9007,-7.3021,-10.3275
1690535485631,-4.9784,-10.9745,-8.8312,-9.6183
1690535485635,-5.5666,-14.4267,-11.9864,-15.0169
1690535485639,-8.9796,-21.1373,-15.1008,-16.6502
1690535485643,-10.094,-19.9426,-20.4761,-22.4629
1690535485647,-14.1232,-19.9623,-23.8865,-19.3475
1690535485651,-13.1698,-25.2133,-20.2268,-18.3726
1690535485655,-7.6229,-20.5192,-18.9999,-17.0385
1690535485659,-10.2637,-17.8799,-15.8526,-14.8908
1690535485663,-1.8337,-12.3422,-13.0224,-12.4988
1690535485667,7.6709,-6.6571,-4.3843,-5.6838
1690535485671,1.1996,-0.2475,-1.0344,0.2417
1690535485675,11.6632,1.412,1.9767,0.2521
1690535485679,12.918,3.7175,8.9303,10.9854
1690535485683,19.8617,10.3171,10.7322,14.0586
1690535485687,22.9289,12.0641,16.7632,19.3482
1690535485691,24.3043,19.1172,15.3092,21.1605
1690535485695,22.2281,15.3201,17.6753,22.4959
1690535485699,25.913,19.3669,17.6954,21.9195
1690535485703,17.6542,19.8277,16.5566,21.5743
1690535485707,17.6042,16.4493,10.2217,23.336
1690535485711,15.2432,13.8986,10.083,20.3533
1690535485715,9.3259,11.9926,9.4106,19.2762
1690535485719,7.4722,8.7937,6.0863,12.8795
1690535485723,6.708,4.4198,4.3297,9.1705
1690535485727,-1.9834,4.101,-2.9442,1.9638
1690535485731,-4.6998,-4.7312,-3.7252,-5.7043
1690535485735,-9.456,-8.8984,-12.5174,-4.2726
1690535485739,-8.8218,-11.2637,-12.1315,-6.886
1690535485743,-13.8514,-10.6152,-16.7546,-10.5779
1690535485747,-15.1519,-14.403,-24.0888,-12.2041
1690535485751,-16.1595,-16.074,-19.0376,-12.7223
1690535485755,-15.5845,-12.486,-20.6039,-11.4317
1690535485759,-14.076,-15.8949,-20.3988,-6.3441
1690535485763,-9.3029,-10.2246,-11.6596,-6.9022
1690535485767,-7.3346,-9.5341,-11.646,0.4495
1690535485771,-1.3034,-1.0745,-2.1162,7.4997
1690535485775,-1.3659,2.7919,0.315,8.8817
1690535485779,6.7163,8.0775,10.2559,10.5016
1690535485783,10.4388,9.9738,9.4643,20.3923
1690535485787,16.1606,16.1613,14.1618,23.8978
1690535485791,19.068,18.3787,16.6844,27.8255
1690535485795,21.6485,20.5475,18.4576,31.4747
1690535485799,24.3433,17.3289,19.8247,33.9616
1690535485803,20.0809,19.1174,18.808,31.5904
1690535485807,15.5706,16.4818,19.8677,26.1256
1690535485811,12.1448,12.6303,13.4822,27.2501
1690535485815,11.6087,8.9206,9.0919,17.8153
1690535485819,8.9163,-0.3518,6.0873,11.867
1690535485823,1.5001,0.1386,0.1623,8.6203
1690535485827,-1.4776,-5.1704,-3.5205,4.1942
1690535485831,-9.7189,-9.5236,-9.1097,-3.5234
1690535485835,-11.2312,-6.9158,-14.5255,-4.6152
1690535485839,-10.5066,-16.721,-18.4031,-12.4863
1690535485843,-15.3033,-21.6998,-22.5226,-15.6695
1690535485847,-14.8336,-21.6235,-22.0714,-15.7928
1690535485851,-16.0913,-19.0392,-18.6133,-16.2457
1690535485855,-15.2518,-16.3295,-12.6278,-16.9303
1690535485859,-9.6122,-16.1114,-15.9927,-15.071
1690535485863,-4.7762,-13.0973,-13.3821,-11.4657
1690535485867,-8.0814,-12.1819,-9.4006,-8.0392
1690535485871,-4.0892,-5.0184,-2.506,-3.5854
1690535485875,1.689,-0.4742,2.0079,1.7189
1690535485879,10.5525,2.1131,5.9971,12.1782
1690535485883,6.9408,10.1177,8.7129,12.8698
1690535485887,8.9585,13.0011,8.4116,10.8533
1690535485891,15.6643,13.8096,15.5159,21.135
1690535485895,17.0941,16.5631,20.0908,17.4302
1690535485899,20.5868,17.6072,21.635,17.0166
1690535485903,15.5422,16.5532,18.7324,11.5372
1690535485907,16.7912,13.0007,18.3375,10.4856
1690535485911,13.2106,13.2152,14.9068,11.6883
1690535485915,6.1164,9.0085,12.8372,7.8379
1690535485919,-0.0961,4.4113,9.0566,6.5859
1690535485923,-0.9838,0.6118,1.2141,-0.4048
1690535485927,-7.5504,-5.1148,-6.8699,-8.235
1690535485931,-10.8569,-8.5186,-8.5198,-12.4291
1690535485935,-12.9467,-8.307,-11.7503,-16.8435
1690535485939,-19.897,-10.7582,-12.7455,-17.7753
1690535485943,-16.7126,-12.9326,-13.7728,-21.8001
1690535485947,-20.6798,-10.4951,-15.5416,-24.3288
1690535485951,-17.2015,-16.4183,-13.7439,-21.9558
1690535485955,-16.7998,-12.1041,-13.6122,-24.937
1690535485959,-14.8631,-8.6069,-21.1701,-19.1379
1690535485963,-6.973,-9.5613,-14.7182,-15.9373
1690535485967,-3.4964,-5.3477,-8.3561,-12.6907
1690535485971,-2.3783,-0.8948,-7.7319,-4.0992
1690535485975,3.5599,5.7825,-1.478,-5.3102
1690535485979,6.8318,9.4686,-3.9825,0.7153
1690535485983,7.577,11.4368,8.6538,1.3403
1690535485987,11.9036,16.5925,13.3311,7.4622
1690535485991,20.5178,19.7962,16.464,11.8889
1690535485995,21.2147,18.7598,17.547,14.6947
1690535485999,19.6698,19.6994,20.2657,9.5304
1690535486003,19.5497,15.7578,23.7206,12.2158
1690535486007,17.7107,15.1015,18.8209,12.506
1690535486011,10.8658,12.3563,12.7779,4.7097
1690535486015,11.7441,10.1455,11.5876,8.8596
1690535486019,3.7573,4.9829,4.3713,-2.6589
1690535486023,-3.866,-2.5315,1.2236,-3.8721
1690535486027,-7.9105,-6.6092,-4.1835,-10.6648
1690535486031,-14.5479,-6.5693,-6.3528,-17.6691
1690535486035,-21.2379,-14.9477,-15.9585,-17.9757
1690535486039,-21.938,-12.1771,-15.764,-22.6802
1690535486043,-22.3472,-21.2652,-21.0955,-25.7041
1690535486047,-23.3648,-21.4948,-20.858,-24.1445
1690535486051,-28.4018,-23.27,-20.291,-27.3457
1690535486055,-27.2232,-13.7303,-17.2752,-20.6078
1690535486059,-24.1214,-13.2225,-10.6147,-21.6007
1690535486063,-17.2733,-11.7074,-10.8606,-19.2164
1690535486067,-11.4984,-5.7415,-8.9081,-16.0734
1690535486071,-11.1294,-2.9915,-1.7487,-9.8698
1690535486075,-5.6008,3.9466,-2.3469,-0.5242
1690535486079,-2.2949,6.7033,6.2507,4.0892
1690535486083,3.7084,9.8648,12.7808,6.0885
1690535486087,7.5595,12.7849,15.9957,11.3803
1690535486091,11.2937,16.3705,14.7993,14.6842
1690535486095,7.2371,17.0407,16.9283,19.672
1690535486099,12.2513,13.7575,19.0057,18.8518
1690535486103,11.4806,15.8368,19.6782,24.3834
1690535486107,10.6181,12.587,15.7056,17.8612
1690535486111,6.4382,9.2221,12.5387,17.8585
1690535486115,5.3679,3.5195,5.4459,13.3509
1690535486119,1.657,0.6669,9.3794,5.9273
1690535486123,-5.6762,-2.1448,3.4154,0.0725
1690535486127,-11.9005,-7.7086,-3.7601,-5.9669
1690535486131,-15.661,-13.6011,-10.5315,-9.2217
1690535486135,-22.0942,-16.0837,-8.1443,-13.9238
1690535486139,-24.0497,-21.4899,-15.6732,-16.9891
1690535486143,-27.0837,-22.2857,-17.4628,-21.221
1690535486147,-25.5034,-21.2004,-14.4158,-19.4885
1690535486151,-23.1601,-19.303,-17.0381,-19.5491
1690535486155,-24.1285,-18.333,-18.1721,-22.136
1690535486159,-19.8575,-13.9995,-15.7959,-17.745
1690535486163,-21.2311,-9.2897,-15.5119,-11.6311
1690535486167,-17.7144,-2.5175,-8.2041,-9.1766
1690535486171,-8.9359,-1.0871,-1.2143,-3.8647
1690535486175,-6.9593,5.1939,-0.1193,1.4097
1690535486179,0.6519,10.973,9.8593,4.0259
1690535486183,4.3467,12.7842,9.6131,7.6189
1690535486187,16.7356,20.672,12.9318,12.6303
1690535486191,20.7076,21.6027,14.7016,16.0932
1690535486195,16.8088,24.6199,19.0928,21.1815
1690535486199,16.1091,25.3152,17.328,18.3906
1690535486203,17.0653,23.898,20.8335,24.4869
1690535486207,14.6097,24.5402,12.3751,17.7481
1690535486211,15.6376,16.7292,9.8799,13.338
1690535486215,9.4324,14.3236,15.7903,14.3084
1690535486219,4.2682,9.4541,12.4127,9.4069
1690535486223,0.8979,0.4756,3.9205,2.3557
1690535486227,-5.7622,-6.8553,-0.34,-2.8195
1690535486231,-6.7768,-12.5724,-5.2126,-5.1189
1690535486235,-12.7408,-13.0842,-12.7248,-9.7642
1690535486239,-16.7294,-17.7414,-15.6309,-18.8127
1690535486243,-21.5102,-21.0068,-18.8413,-16.6265
1690535486247,-22.3867,-20.1098,-20.475,-18.1208
1690535486251,-22.1696,-22.6512,-17.7911,-18.5171
1690535486255,-20.6462,-19.8035,-19.2565,-14.8392
1690535486259,-14.5773,-15.8483,-16.2827,-13.8224
1690535486263,-8.953,-12.2628,-18.2283,-10.899
1690535486267,-7.016,-10.3621,-9.9624,-6.3926
1690535486271,-2.6086,-2.3208,-6.8978,-0.0913
1690535486275,1.0066,4.7333,0.1841,3.0094
1690535486279,7.2335,4.6719,6.8384,8.5622
1690535486283,18.3145,10.6964,14.3351,12.7877
1690535486287,23.3662,17.6637,16.8389,16.8466
1690535486291,23.9657,19.2871,17.0458,19.8536
1690535486295,30.0009,19.5119,19.63,25.4461
1690535486299,34.163,20.9418,15.5604,23.6943
1690535486303,31.8042,20.0624,18.5612,18.4321
1690535486307,31.9377,18.3374,17.6887,17.1561
1690535486311,30.6651,10.4504,14.9867,15.8427
1690535486315,24.4875,9.6008,9.2902,10.7184
1690535486319,17.4919,5.7914,7.4027,6.2265
1690535486323,13.7617,1.6464,-1.1198,0.2785
1690535486327,10.4637,-5.9083,-2.1522,-6.3783
1690535486331,1.7038,-10.7162,-7.2283,-9.6686
1690535486335,-3.4547,-16.2002,-14.2417,-8.4874
1690535486339,-9.8455,-17.814,-13.6534,-12.8133
1690535486343,-10.1577,-24.7436,-16.1272,-12.4765
1690535486347,-12.3539,-25.41,-19.3268,-18.1607
1690535486351,-14.4912,-23.0727,-18.1377,-19.1259
1690535486355,-11.3674,-22.378,-15.3964,-18.0638
1690535486359,-9.0164,-18.5994,-15.4563,-15.9767
1690535486363,-6.14,-12.8917,-12.5285,-17.1307
1690535486367,-4.2497,-9.7561,-10.8205,-8.7656
1690535486371,0.763,-1.0093,-1.7185,-1.5985
1690535486375,9.5287,1.548,-1.5988,2.7897
1690535486379,8.8465,7.9315,8.1151,9.6009
1690535486383,17.6082,8.7112,11.4928,13.5265
1690535486387,22.3689,19.0423,11.1329,21.0499
1690535486391,26.326,21.5896,13.8419,21.4802
1690535486395,27.0105,19.6458,17.5848,25.2165
1690535486399,30.4252,23.3856,19.5287,26.8046
1690535486403,25.611,21.2883,17.9861,19.1001
1690535486407,25.8061,20.603,18.2103,22.8298
1690535486411,26.1192,17.5478,15.0526,17.226
1690535486415,18.6206,13.4541,9.2716,12.1513
1690535486419,14.4702,9.3775,8.9776,13.5672
1690535486423,9.9995,2.791,3.3172,9.6337
1690535486427,4.0426,-5.3315,-0.3012,4.8049
1690535486431,-3.5705,-8.1479,-7.7566,-0.2691
1690535486435,-8.0111,-9.7098,-12.3922,-8.8754
1690535486439,-13.5841,-15.1878,-12.06,-12.0631
1690535486443,-19.009,-15.8398,-15.8608,-14.4852
1690535486447,-14.8677,-19.5474,-16.984,-19.2609
1690535486451,-21.0121,-22.9528,-18.9835,-20.2235
1690535486455,-19.1756,-17.7399,-22.077,-14.7975
1690535486459,-15.4375,-18.6965,-15.3671,-16.0404
1690535486463,-16.5908,-13.2796,-14.6891,-9.3175
1690535486467,-9.6845,-8.5141,-9.4763,-7.8295
1690535486471,-6.3436,-2.5314,-9.7065,-2.9822
1690535486475,1.2753,0.8938,-0.3575,1.3687
1690535486479,6.379,4.1597,3.3721,6.7453
1690535486483,9.0906,11.8835,10.2427,11.7785
1690535486487,13.9323,16.5079,16.8356,17.4911
1690535486491,21.4169,20.5613,17.7962,19.9255
1690535486495,22.1337,21.7852,19.2739,22.949
1690535486499,20.8153,27.4137,22.5781,23.1128
1690535486503,20.5567,23.5777,20.8462,21.5402
1690535486507,18.2474,16.5018,20.1239,18.6497
1690535486511,11.2928,12.5371,14.8117,15.7446
1690535486515,10.8818,9.3068,14.8471,13.9501
1690535486519,3.836,6.1945,7.2396,5.9289
1690535486523,2.1549,2.0926,5.4532,1.2102
1690535486527,-7.2772,-7.0505,-5.6021,-1.7371
1690535486531,-11.0472,-4.7757,-10.0446,-11.1106
1690535486535,-13.5304,-14.3848,-11.4046,-13.4723
1690535486539,-20.6767,-20.0345,-16.2706,-18.3245
1690535486543,-25.3025,-20.5111,-15.3438,-16.2508
1690535486547,-25.1536,-22.8553,-20.6142,-20.8744
1690535486551,-22.8359,-21.8212,-16.0856,-19.0543
1690535486555,-27.1592,-23.6079,-17.3037,-15.9431
1690535486559,-22.9076,-17.9184,-15.9214,-13.7088
1690535486563,-25.2526,-16.8185,-13.3997,-14.43
1690535486567,-13.2707,-12.1579,-10.612,-11.5132
1690535486571,-14.2601,-5.2132,-2.6572,-7.3834
1690535486575,-9.5528,-5.008,2.3159,-0.4618
1690535486579,2.1369,6.3406,6.7501,4.9505
1690535486583,1.8419,6.6962,7.6811,10.0058
1690535486587,6.9833,12.7834,14.0284,12.7804
1690535486591,13.4773,13.6762,18.4551,16.2052
1690535486595,16.6343,23.003,16.5649,17.3391
1690535486599,18.9195,22.5709,19.8555,15.9276
1690535486603,16.7222,27.4922,20.9325,15.1357
1690535486607,13.3768,21.356,18.4656,10.1822
1690535486611,10.9488,15.2304,17.4642,4.1117
1690535486615,10.2159,11.2862,12.8981,3.0476
1690535486619,4.1551,4.4971,9.5165,-5.7712
1690535486623,-2.6411,2.8726,2.2743,-11.2603
1690535486627,-5.1672,-1.6481,-0.3778,-14.1011
1690535486631,-6.368,-8.8203,-4.0893,-20.2075
1690535486635,-13.4224,-9.5025,-9.0831,-22.5848
1690535486639,-16.5597,-12.1718,-15.1506,-23.7789
1690535486643,-18.125,-18.3375,-18.4392,-25.8012
1690535486647,-23.9844,-13.5203,-20.5542,-24.1206
1690535486651,-22.9617,-19.2157,-22.1616,-30.8275
1690535486655,-20.9066,-19.6623,-21.1068,-28.7343
1690535486659,-18.8489,-13.391,-12.3486,-24.991
1690535486663,-16.4514,-12.4603,-15.2852,-19.1705
1690535486667,-12.4659,-2.1083,-13.3055,-19.1117
1690535486671,-9.3833,-1.0886,-4.1902,-10.2768
1690535486675,-6.9195,-0.865,-1.2487,-6.2797
1690535486679,2.5511,7.7508,6.9126,-1.9838
1690535486683,4.53,11.6596,8.931,-0.3142
1690535486687,13.3455,18.6687,15.5871,4.5829
1690535486691,11.8019,17.2582,19.2662,8.0529
1690535486695,13.408,16.7464,20.2156,12.1146
1690535486699,18.268,21.8365,22.5615,13.9037
1690535486703,18.4412,20.467,20.2315,17.0074
1690535486707,9.4482,21.9229,16.454,14.9619
1690535486711,11.4768,15.6992,16.8684,8.4394
1690535486715,7.3119,11.5708,11.8488,1.2422
1690535486719,4.6305,7.5515,9.0791,2.2754
1690535486723,-6.1988,3.774,3.5674,-2.166
1690535486727,-10.8796,-4.9993,-0.4977,-8.0337
1690535486731,-11.5302,-12.2957,-6.2698,-8.466
1690535486735,-14.2653,-12.0181,-11.4005,-14.6487
1690535486739,-20.1161,-17.1603,-17.3298,-17.6827
1690535486743,-19.5933,-20.2053,-16.7466,-19.5829
1690535486747,-22.9294,-22.2793,-19.2991,-22.8452
1690535486751,-27.4248,-21.91,-22.1253,-18.5301
1690535486755,-21.9519,-20.8161,-17.7837,-19.5021
1690535486759,-19.5686,-20.3738,-16.2501,-19.6733
1690535486763,-14.7406,-15.1243,-15.6479,-12.9676
1690535486767,-9.9763,-10.9794,-10.6472,-7.8007
1690535486771,-5.4295,-3.3911,-6.2064,-4.1341
1690535486775,-1.3505,0.7261,2.7004,3.7308
1690535486779,-0.0467,3.7646,3.6353,5.6864
1690535486783,6.6244,9.0949,14.1316,11.3962
1690535486787,11.2318,11.5542,12.4004,14.5933
1690535486791,16.2821,18.6365,14.0636,20.0902
1690535486795,16.792,13.543,16.1837,19.8304
1690535486799,18.5278,18.0119,21.2869,20.1975
1690535486803,16.4416,15.9039,19.8508,21.8866
1690535486807,15.3794,16.3459,18.7537,19.6971
1690535486811,8.7646,9.8433,18.0434,18.8428
1690535486815,7.4548,7.5795,13.2823,13.5624
1690535486819,5.0431,6.8266,7.7587,14.7762
1690535486823,-2.4943,0.9711,1.503,8.8847
1690535486827,-6.324,-3.2394,-0.7542,1.072
1690535486831,-10.6349,-8.2408,-6.2787,-0.5296
1690535486835,-12.923,-16.8042,-12.6171,-4.7417
1690535486839,-20.7341,-14.6361,-16.8839,-8.1152
1690535486843,-21.5551,-17.4972,-20.357,-9.928
1690535486847,-21.9261,-18.2878,-23.1517,-7.2731
1690535486851,-22.2704,-19.6171,-22.0867,-10.908
1690535486855,-21.2497,-19.312,-20.4547,-12.3185
1690535486859,-20.8038,-14.3054,-20.719,-8.9495
1690535486863,-14.5508,-13.5416,-17.3992,-5.0364
1690535486867,-9.2127,-5.4001,-6.8804,-0.9686
1690535486871,-4.5377,-1.3417,0.0614,6.2099
1690535486875,0.6007,4.5074,-1.0241,11.9731
1690535486879,2.1326,8.6475,5.7453,14.3581
1690535486883,5.6444,13.9719,7.2657,19.4891
1690535486887,12.3741,17.521,14.9011,22.8954
1690535486891,16.9725,22.0082,17.5914,26.9192
1690535486895,18.8098,22.4936,23.4595,29.2977
1690535486899,21.2027,22.9939,18.5244,26.3857
1690535486903,18.1356,23.6555,17.2288,27.3434
1690535486907,12.0047,15.8425,16.4133,25.6407
1690535486911,11.6049,10.7182,18.236,23.9906
1690535486915,10.712,14.3693,11.0561,18.7045
1690535486919,6.9067,8.9439,9.9014,13.1227
1690535486923,-0.3159,0.1512,-1.0878,7.0787
1690535486927,-2.5586,-1.8104,-7.1399,1.8801
1690535486931,-5.2463,-4.6286,-13.7725,-2.9886
1690535486935,-11.2383,-10.8951,-13.6892,-8.3039
1690535486939,-12.3351,-14.1331,-21.9274,-10.507
1690535486943,-13.216,-17.0912,-18.8388,-14.6907
1690535486947,-12.2025,-19.8802,-15.81,-18.2057
1690535486951,-14.3401,-22.3277,-17.2551,-19.6908
1690535486955,-11.744,-19.5746,-18.7787,-18.2011
1690535486959,-7.8326,-16.4267,-13.5494,-16.1132
1690535486963,-2.9903,-15.0702,-12.1355,-9.0763
1690535486967,2.0619,-7.2701,-5.7597,-6.5109
1690535486971,8.7993,-2.4168,-6.6784,2.7308
1690535486975,13.856,-0.0715,-2.9951,1.2409
1690535486979,15.6538,7.7524,2.7511,8.9926
1690535486983,16.7801,7.3356,12.4001,13.0864
1690535486987,23.238,12.9005,16.2127,18.2268
1690535486991,27.545,14.9398,14.6555,23.5597
1690535486995,29.306,19.3301,21.8021,23.8559
1690535486999,25.7167,22.0464,22.1208,22.8733
1690535487003,27.1878,19.6004,22.2393,21.9543
1690535487007,24.0727,17.9286,16.1956,19.8923
1690535487011,22.2773,10.2199,19.9864,17.7458
1690535487015,13.8652,4.2791,15.693,12.2064
1690535487019,8.9189,4.7628,4.1905,8.4839
1690535487023,3.4871,-0.0586,0.4,-0.4713
1690535487027,-0.3032,-7.8185,-3.4982,-2.9742
1690535487031,-3.0424,-10.4512,-9.7756,-7.7464
1690535487035,-6.4811,-15.3184,-14.4917,-14.6316
1690535487039,-9.288,-20.7103,-17.0484,-20.1821
1690535487043,-11.7163,-23.7993,-21.0305,-21.2088
1690535487047,-11.3139,-22.5411,-18.9632,-24.6463
1690535487051,-11.5675,-22.4489,-19.2578,-23.7761
1690535487055,-7.768,-21.8291,-20.8023,-18.6349
1690535487059,-2.7588,-16.7006,-17.8949,-20.4719
1690535487063,-1.8681,-16.8446,-13.9853,-17.1649
1690535487067,-0.6619,-10.3974,-11.9323,-12.7204
1690535487071,8.1797,-1.9012,-9.5482,-10.972
1690535487075,9.0929,2.3171,-0.9237,-9.4665
1690535487079,16.4698,4.6383,5.809,-2.4901
1690535487083,20.0541,12.0236,10.7032,4.5636
1690535487087,20.4692,18.6064,14.8881,4.2533
1690535487091,23.1215,20.2859,20.8489,11.324
1690535487095,24.4738,19.095,21.2294,14.0306
1690535487099,22.6262,21.8352,23.1064,14.881
1690535487103,23.4191,22.8124,20.7435,10.1682
1690535487107,21.0998,23.8663,18.9518,13.2667
1690535487111,22.8763,20.298,13.973,8.6414
1690535487115,12.741,14.4791,9.1568,3.7814
1690535487119,11.2885,8.8627,5.6149,-2.4974
1690535487123,3.7204,-1.1382,0.8288,-5.9724
1690535487127,-5.0211,-1.8604,-4.7189,-6.0743
1690535487131,-8.9478,-6.7037,-12.9529,-16.9378
1690535487135,-10.6234,-14.238,-11.3078,-13.7202
1690535487139,-13.358,-17.3733,-11.6811,-17.069
1690535487143,-19.3477,-14.5185,-17.0649,-19.7004
1690535487147,-19.3359,-21.1693,-21.0214,-19.3724
1690535487151,-18.8172,-19.7315,-23.2936,-19.9513
1690535487155,-21.3947,-19.0971,-24.4366,-22.2235
1690535487159,-17.7502,-16.3553,-19.7484,-23.5758
1690535487163,-12.8881,-13.652,-11.7979,-16.6786
1690535487167,-6.6169,-12.1396,-7.9531,-11.2195
1690535487171,-3.3548,-2.6725,-4.1444,-6.6856
1690535487175,-1.9442,2.2936,3.5283,-5.8744
1690535487179,6.134,3.8744,7.7481,4.0287
1690535487183,3.7247,8.639,7.112,7.9016
1690535487187,10.9778,9.5427,15.6495,8.1846
1690535487191,9.9945,19.1064,18.5721,17.5615
1690535487195,14.3463,17.4523,16.6227,16.6308
1690535487199,15.5131,18.34,14.7917,17.7924
1690535487203,11.7017,19.1293,20.1433,16.6983
1690535487207,4.7642,16.55,20.4603,16.151
1690535487211,6.3872,10.443,18.1865,9.1759
1690535487215,0.8397,11.8156,14.0738,6.6114
1690535487219,-2.6925,6.9465,10.3073,2.7847
1690535487223,-7.0096,1.927,5.7667,2.5569
1690535487227,-12.2996,-1.5264,-0.3713,-5.698
1690535487231,-16.6295,-7.2329,-6.5795,-6.0838
1690535487235,-22.4662,-17.1362,-17.0287,-15.0775
1690535487239,-26.0511,-20.7478,-18.4121,-15.4311
1690535487243,-30.5655,-16.4308,-25.0707,-17.3087
1690535487247,-29.3283,-22.2989,-21.5028,-24.1567
1690535487251,-29.7772,-24.7645,-24.6591,-19.5901
1690535487255,-26.6895,-19.1003,-23.0217,-20.4741
1690535487259,-23.8243,-19.0398,-15.6826,-15.9831
1690535487263,-22.8145,-13.0916,-11.8493,-10.5128
1690535487267,-11.5156,-8.0167,-6.5302,-8.6815
1690535487271,-8.1562,-7.5645,-0.6516,-4.3771
1690535487275,-2.9159,-1.3512,4.233,0.292
1690535487279,-1.4497,2.898,8.7194,7.0851
1690535487283,4.2666,9.0932,13.2583,9.9825
1690535487287,9.4182,13.4834,13.6322,17.8535
1690535487291,12.2543,16.619,19.2111,21.8274
1690535487295,13.5018,20.137,20.6532,21.5007
1690535487299,15.148,21.6846,20.1221,27.6717
1690535487303,11.9585,19.0854,21.8439,23.3493
1690535487307,12.7669,18.2601,17.3758,22.2316
1690535487311,8.9281,16.4638,15.7995,20.4503
1690535487315,5.4907,8.3009,13.2628,12.7257
1690535487319,3.1111,4.8902,6.3655,7.8928
1690535487323,-5.4094,4.569,4.1316,4.5594
1690535487327,-9.5587,-2.1243,-0.1725,-2.1905
1690535487331,-17.4897,-8.5323,-11.643,-7.7178
1690535487335,-15.0856,-10.6029,-14.8896,-11.2886
1690535487339,-21.3452,-12.2966,-17.0349,-13.6542
1690535487343,-23.9346,-13.8495,-17.1335,-15.946
1690535487347,-23.9323,-17.6345,-16.1529,-18.1521
1690535487351,-26.3712,-14.9096,-18.011,-21.7865
1690535487355,-25.0721,-11.7202,-18.7587,-20.3975
1690535487359,-24.1148,-13.9239,-14.2147,-17.2139
1690535487363,-17.1928,-11.2037,-9.968,-13.7438
1690535487367,-10.6558,-7.1141,-10.2576,-7.7895
1690535487371,-7.7121,-0.9203,-2.3664,-3.3462
1690535487375,1.5137,2.3719,-0.2792,1.0358
1690535487379,1.273,6.7545,6.203,4.5666
1690535487383,8.569,12.1886,9.6779,8.5844
1690535487387,12.7098,14.3772,16.5907,14.0057
1690535487391,14.0712,15.8447,17.4738,17.9365
1690535487395,19.7623,18.2913,18.9597,18.4069
1690535487399,25.0904,19.9907,22.3404,21.7092
1690535487403,17.3091,17.8315,22.2151,20.2786
1690535487407,18.4873,16.303,22.9211,15.0266
1690535487411,15.5272,13.8205,14.4808,14.0626
1690535487415,13.8453,10.7061,13.1093,12.0757
1690535487419,7.4699,8.8054,9.4596,5.3797
1690535487423,3.9099,-3.1701,-1.3041,-0.3547
1690535487427,-0.7958,-3.6965,-6.5417,-1.2686
1690535487431,-4.1953,-10.4541,-6.1322,-6.8329
1690535487435,-10.0785,-12.3328,-16.1536,-14.6484
1690535487439,-12.0229,-20.1683,-15.7281,-12.9616
1690535487443,-14.2856,-20.6435,-18.5643,-12.5875
1690535487447,-16.9124,-23.9104,-17.4103,-15.8629
1690535487451,-14.3151,-18.2487,-19.7406,-9.888
1690535487455,-16.4502,-22.0064,-18.4941,-10.5374
1690535487459,-13.2972,-19.8833,-19.8039,-15.0105
1690535487463,-12.175,-12.4461,-13.6137,-5.4124
1690535487467,-3.2108,-7.5724,-10.8927,-5.0731
1690535487471,-4.2504,-3.9334,-4.7742,-0.3137
1690535487475,2.683,2.324,1.4627,5.3372
1690535487479,8.1231,4.5764,4.8666,11.7379
1690535487483,11.3014,6.8871,11.9091,14.2357
1690535487487,20.0675,16.0928,17.5227,17.6397
1690535487491,20.0647,14.6393,18.1918,24.1147
1690535487495,20.022,20.0185,20.4554,23.1891
1690535487499,23.3481,16.8965,23.3383,20.504
1690535487503,22.0557,17.0927,16.6253,19.8672
1690535487507,19.4256,19.0867,19.3496,17.2896
1690535487511,19.5753,11.1424,11.8697,17.1151
1690535487515,10.5674,6.0368,7.016,15.0203
1690535487519,12.6446,1.9914,0.9183,12.0436
1690535487523,5.2283,-0.3632,-0.3005,2.2875
1690535487527,-1.1449,-5.5291,-4.6228,1.8377
1690535487531,-3.3857,-11.8284,-4.2584,-4.1635
1690535487535,-11.8866,-14.4228,-14.7918,-8.5586
1690535487539,-16.5083,-17.0347,-13.4711,-13.3321
1690535487543,-21.1904,-18.7065,-19.607,-16.4612
1690535487547,-19.5094,-16.8831,-18.1025,-19.2663
1690535487551,-19.6078,-20.9763,-17.4825,-16.9714
1690535487555,-19.744,-16.0289,-16.5458,-18.6499
1690535487559,-12.2927,-15.8732,-17.6824,-12.9172
1690535487563,-12.379,-11.8327,-14.0261,-6.5108
1690535487567,-8.5799,-6.3137,-9.7116,-1.5071
1690535487571,-1.6083,-2.4519,-1.4999,2.1872
1690535487575,1.2733,5.7443,1.7991,6.4972
1690535487579,5.3439,8.0216,9.9341,10.6788
1690535487583,12.3312,11.9243,10.4378,13.913
1690535487587,18.5708,18.9887,18.7159,18.2942
1690535487591,20.3616,24.0629,15.3665,16.4749
1690535487595,21.1176,20.8914,19.6808,21.209
1690535487599,21.886,22.473,16.4886,24.2845
1690535487603,27.5983,20.7686,21.376,25.2602
1690535487607,23.9132,16.2095,15.5692,23.4216
1690535487611,22.4538,18.3356,11.8611,19.9131
1690535487615,18.3339,11.3963,12.0507,16.1943
1690535487619,13.2325,6.1259,7.6102,12.394
1690535487623,13.2289,-1.6537,4.0386,1.1559
1690535487627,3.1591,-5.0036,-3.1529,-1.9086
1690535487631,-1.6064,-9.4057,-9.6305,-8.1457
1690535487635,-5.9305,-15.8637,-13.2516,-12.7068
1690535487639,-10.9029,-20.9177,-16.2856,-16.6682
1690535487643,-13.4451,-22.3369,-20.6556,-14.1937
1690535487647,-15.0261,-17.0642,-17.353,-25.2068
1690535487651,-15.7687,-20.1888,-19.2081,-22.1713
1690535487655,-16.82,-14.1981,-22.8967,-22.6206
1690535487659,-13.615,-20.0809,-16.56,-15.0023
1690535487663,-11.0652,-13.2561,-11.5317,-14.4088
1690535487667,-9.721,-9.9225,-11.8175,-11.4379
1690535487671,-4.9261,-6.0593,-2.1695,-11.422
1690535487675,4.4814,1.0981,-1.1308,-5.6277
1690535487679,4.5446,3.2901,7.0498,-1.3643
1690535487683,11.021,9.4943,11.2261,4.0335
1690535487687,15.2354,15.1318,13.8051,8.7577
1690535487691,22.3032,15.6275,21.2361,10.8757
1690535487695,23.4124,20.6153,20.2366,12.8079
1690535487699,19.4751,21.6276,16.5436,13.3926
1690535487703,24.8745,22.9697,22.2946,12.7817
1690535487707,19.2951,17.1701,18.7012,13.7753
1690535487711,20.9775,12.5842,11.9453,8.8329
1690535487715,19.8978,11.1571,9.5403,3.5526
1690535487719,15.1904,5.422,6.1393,-1.2694
1690535487723,7.5598,-3.8043,2.0211,-7.2729
1690535487727,-1.7557,-5.7435,-1.2404,-10.88
1690535487731,-2.8501,-11.8391,-6.2913,-15.2318
1690535487735,-3.0366,-16.8195,-13.6219,-16.7136
1690535487739,-6.1138,-19.6465,-14.808,-24.645
1690535487743,-11.5353,-22.8014,-16.5085,-23.7444
1690535487747,-13.071,-22.3456,-21.3535,-28.6556
1690535487751,-15.4392,-21.5859,-20.671,-27.7732
1690535487755,-15.3633,-21.951,-16.5807,-26.6049
1690535487759,-10.9018,-19.5456,-15.3957,-24.1971
1690535487763,-10.3254,-12.9993,-11.602,-22.232
1690535487767,-6.672,-11.0276,-9.739,-17.824
1690535487771,-1.0267,-2.8654,-6.2143,-9.2999
1690535487775,3.9186,6.6469,5.6896,-0.0177
1690535487779,5.7344,7.9976,6.3411,-5.536
1690535487783,12.8449,14.7775,13.843,6.6292
1690535487787,14.708,14.9571,12.7183,6.5979
1690535487791,20.9406,20.9191,15.5048,7.8956
1690535487795,22.3371,23.5052,17.7311,9.0658
1690535487799,21.3541,25.043,17.0256,15.19
1690535487803,21.9998,21.2154,15.9197,15.2647
1690535487807,20.4322,24.3405,14.4146,10.6275
1690535487811,17.6367,20.3859,12.6675,10.1711
1690535487815,7.864,15.2493,7.1907,3.3559
1690535487819,7.0332,12.1386,11.6526,-4.2488
1690535487823,2.4031,4.9895,3.6148,-8.5069
1690535487827,0.4466,-6.3166,-7.0288,-8.7676
1690535487831,-8.3841,-9.5718,-8.7917,-13.6416
1690535487835,-16.9399,-11.3766,-13.5142,-18.9803
1690535487839,-18.5944,-19.2653,-15.2152,-17.9115
1690535487843,-22.6752,-22.7165,-24.2429,-24.5585
1690535487847,-24.0007,-21.1064,-24.1052,-25.6531
1690535487851,-26.6403,-23.4259,-22.1487,-21.9518
1690535487855,-21.965,-22.3544,-19.4009,-22.8668
1690535487859,-19.0146,-16.4303,-16.6113,-18.9787
1690535487863,-18.5712,-13.6731,-10.3888,-18.8335
1690535487867,-15.9271,-10.5196,-9.9661,-11.6741
1690535487871,-12.2611,-5.5702,-3.6976,0.5218
1690535487875,-12.072,3.5164,-1.2441,2.5381
1690535487879,-6.7433,4.7853,8.8628,6.5238
1690535487883,-1.5538,10.6148,11.8457,12.9392
1690535487887,9.1675,14.4317,13.2245,14.0051
1690535487891,8.6656,20.3637,15.9692,21.2483
1690535487895,15.136,19.4634,18.7292,24.4937
1690535487899,11.3647,18.5402,21.3372,24.7389
1690535487903,11.8503,22.7228,14.8881,21.0476
1690535487907,12.0797,19.2677,15.5973,20.5314
1690535487911,5.8688,14.4838,16.1708,16.3362
1690535487915,4.1943,13.6915,14.6934,17.101
1690535487919,-1.2101,4.0833,5.9474,14.1627
1690535487923,-5.2603,2.5511,-0.2639,10.0692
1690535487927,-6.9523,-4.2751,-2.644,1.9237
1690535487931,-18.121,-9.743,-10.3542,-4.9193
1690535487935,-20.4641,-14.1635,-13.0652,-3.4251
1690535487939,-24.0944,-19.5995,-13.9823,-8.0212
1690535487943,-27.5819,-18.9372,-16.9764,-10.6144
1690535487947,-28.2279,-21.1951,-20.2853,-12.4516
1690535487951,-28.4451,-24.5332,-19.65,-11.3634
1690535487955,-25.0313,-25.4083,-14.9572,-11.6835
1690535487959,-22.0045,-22.4396,-13.2484,-8.0746
1690535487963,-18.3297,-19.1679,-11.8899,-0.8538
1690535487967,-11.314,-12.5078,-8.677,-2.9783
1690535487971,-9.1368,-11.7531,-4.5853,1.105
1690535487975,-9.8419,-2.8712,2.8448,10.7695
1690535487979,-4.6828,3.6685,5.4416,12.3335
1690535487983,-1.8242,6.786,10.098,17.5873
1690535487987,5.7437,13.6284,11.1235,18.9009
1690535487991,5.1387,23.5336,17.7827,24.3469
1690535487995,9.6131,18.8303,19.9671,26.9898
1690535487999,10.693,20.9485,22.0718,30.8106
1690535488003,9.4781,20.8046,17.1709,29.281
1690535488007,9.6012,18.2049,15.0445,27.2756
1690535488011,10.4838,17.5207,10.5467,22.4523
1690535488015,4.411,15.0168,11.6774,23.1313
1690535488019,0.0263,8.0684,4.0337,17.8834
1690535488023,-4.3092,5.1386,2.4219,9.7574
1690535488027,-11.4027,2.6063,-7.4238,6.5944
1690535488031,-13.4895,-3.3848,-7.2077,-1.1513
1690535488035,-15.3247,-6.6353,-10.3134,-0.5975
1690535488039,-18.1189,-11.106,-11.2597,-7.952
1690535488043,-21.0828,-17.6586,-17.9669,-11.7513
1690535488047,-20.4811,-15.3024,-17.4565,-10.7948
1690535488051,-23.2647,-18.575,-16.3867,-18.321
1690535488055,-17.8869,-16.2507,-18.1483,-10.4983
1690535488059,-14.8753,-16.3122,-9.519,-9.0482
1690535488063,-11.7126,-13.8881,-11.3356,-6.5582
1690535488067,-4.5306,-11.2043,-7.2689,-3.3714
1690535488071,-1.9351,-5.8948,-7.3308,-4.7367
1690535488075,4.7734,-0.4477,2.2438,7.2257
1690535488079,13.9267,0.9324,4.9926,10.113
1690535488083,18.8318,7.8827,13.1362,12.5548
1690535488087,19.1538,12.9945,16.7541,17.4851
1690535488091,22.9217,20.811,15.9516,20.2131
1690535488095,23.2682,19.8881,20.664,17.9634
1690535488099,26.7457,21.6561,25.0737,21.8962
1690535488103,24.0329,20.0935,18.3409,17.5897
1690535488107,20.9834,18.5007,14.2595,18.0189
1690535488111,22.6024,15.6444,14.948,14.4871
1690535488115,14.7884,10.6163,11.2846,11.3598
1690535488119,9.562,5.2872,6.488,3.6057
1690535488123,4.5307,2.2435,1.9176,-3.766
1690535488127,0.3933,0.5948,-3.4603,-7.7104
1690535488131,-0.7815,-7.7355,-11.0082,-13.481
1690535488135,-4.4749,-10.9079,-12.6948,-16.4328
1690535488139,-10.5868,-20.276,-16.7577,-21.2978
1690535488143,-13.8649,-20.6077,-19.3259,-21.8301
1690535488147,-9.4563,-23.8141,-14.7979,-23.3079
1690535488151,-11.5607,-21.286,-21.6376,-24.9818
1690535488155,-10.5096,-17.5218,-17.7009,-23.122
1690535488159,-9.0337,-17.5498,-15.1446,-23.5366
1690535488163,-5.5616,-14.1626,-9.4191,-17.3692
1690535488167,-2.1636,-13.4829,-3.9241,-12.9641
1690535488171,3.2802,-10.7058,-3.4775,-7.3855
1690535488175,5.5257,-2.5697,4.2819,-2.24
1690535488179,15.2272,-0.2856,8.3245,-0.0206
1690535488183,16.4717,6.1425,8.0909,5.5255
1690535488187,21.0437,8.8558,17.2517,10.3324
1690535488191,22.9677,12.2856,11.9521,16.937
1690535488195,28.056,18.3383,19.8031,15.3177
1690535488199,25.025,16.7927,16.4145,19.2522
1690535488203,22.193,19.0092,18.3098,16.0077
1690535488207,19.9829,14.7778,16.7774,13.6819
1690535488211,16.9518,14.4617,12.2199,6.8899
1690535488215,16.0492,18.6435,11.2264,5.8556
1690535488219,11.6182,6.7698,4.8565,-0.7481
1690535488223,5.5534,5.6792,4.757,-4.8137
1690535488227,-1.4742,-5.845,-3.8964,-9.126
1690535488231,-1.0811,-3.8072,-7.1735,-11.7197
1690535488235,-6.7973,-9.0161,-12.8645,-16.8241
1690535488239,-12.0693,-11.3684,-15.3248,-15.8643
1690535488243,-16.2177,-16.9859,-12.0374,-21.2585
1690535488247,-14.0529,-20.0858,-20.7908,-23.8598
1690535488251,-15.7659,-18.5214,-17.5955,-24.5775
1690535488255,-12.2299,-15.7857,-19.5206,-26.6466
1690535488259,-11.0231,-14.3923,-17.0503,-22.867
1690535488263,-7.4373,-8.7983,-8.119,-15.3854
1690535488267,-0.8871,-10.259,-6.7811,-14.4668
1690535488271,3.4485,-0.0008,-5.1438,-3.7889
1690535488275,8.5444,1.2017,0.0697,-5.1523
1690535488279,11.4572,3.0069,0.7984,1.6223
1690535488283,14.8468,11.3333,10.8874,7.2669
1690535488287,21.3056,18.2403,12.2094,9.5521
1690535488291,22.0182,16.8986,16.3844,12.314
1690535488295,24.8445,20.3554,20.5186,16.1547
1690535488299,21.6289,22.0071,18.3386,15.4617
1690535488303,19.6969,16.5431,16.6806,13.135
1690535488307,20.4513,19.5652,15.0259,10.0315
1690535488311,16.4686,17.2122,12.5664,7.613
1690535488315,10.8364,14.5066,10.7413,8.0039
1690535488319,4.7505,9.7277,7.1768,4.3224
1690535488323,-4.1237,5.4268,7.059,-0.2752
1690535488327,-10.6928,-2.8673,-0.578,-5.1126
1690535488331,-9.1372,-7.2827,-4.0368,-11.4635
1690535488335,-17.1274,-12.5623,-14.6333,-13.9282
1690535488339,-20.8519,-14.2021,-20.0438,-14.749
1690535488343,-18.6938,-17.8043,-19.5763,-19.5306
1690535488347,-23.0334,-20.6756,-21.4528,-17.6865
1690535488351,-21.1025,-23.2899,-17.1765,-17.1738
1690535488355,-19.8513,-19.8901,-18.0409,-15.9146
1690535488359,-17.5969,-16.0188,-19.2933,-16.0173
1690535488363,-13.0759,-14.2911,-11.6541,-11.251
1690535488367,-8.2385,-13.3015,-7.5621,-11.2597
1690535488371,-2.8332,-6.8656,2.4254,-1.2584
1690535488375,1.1335,-4.7653,-0.5498,0.8617
1690535488379,3.5976,0.5376,8.9015,3.512
1690535488383,13.5017,9.9875,11.339,8.5534
1690535488387,16.9155,11.9205,12.92,12.9227
1690535488391,20.634,15.7554,17.778,18.6986
1690535488395,16.2416,21.0495,18.7224,20.2597
1690535488399,23.7649,18.1817,17.6474,14.9601
1690535488403,19.6075,20.8762,12.8172,20.6717
1690535488407,19.4228,14.3073,19.7817,15.8499
1690535488411,11.8946,12.6983,12.6708,15.2397
1690535488415,9.6337,10.1568,13.8353,10.0834
1690535488419,7.1338,3.5908,3.4576,3.6351
1690535488423,1.5246,3.4678,2.1421,5.4977
1690535488427,-0.0891,-0.35,-4.0704,-5.7821
1690535488431,-6.713,-3.4256,-5.9311,-2.5465
1690535488435,-12.0623,-11.9752,-10.3166,-17.0923
1690535488439,-14.3853,-16.4464,-13.8733,-19.7384
1690535488443,-17.2543,-18.8387,-14.1001,-18.5882
1690535488447,-18.5319,-18.5943,-18.8893,-18.9498
1690535488451,-20.6802,-17.8872,-16.7103,-22.5436
1690535488455,-18.9244,-17.5123,-19.3955,-24.1574
1690535488459,-19.8203,-14.2274,-15.6477,-16.7072
1690535488463,-14.1753,-10.5444,-17.2077,-15.0553
1690535488467,-10.6261,-9.3085,-12.4355,-6.8873
1690535488471,-2.8121,-4.5708,-4.6975,-5.0417
1690535488475,-1.3257,0.148,-0.3613,0.8945
1690535488479,3.3957,8.7002,3.6148,3.6703
1690535488483,10.7186,13.9169,9.3121,10.806
1690535488487,10.9503,15.3194,14.3996,15.722
1690535488491,15.9197,19.0873,14.5294,15.7456
1690535488495,17.4343,18.4021,19.9867,19.4873
1690535488499,15.0795,21.8537,20.5898,23.445
1690535488503,16.7411,22.4459,22.3318,23.5233
1690535488507,17.3125,21.8285,19.1701,21.5907
1690535488511,8.7078,15.467,12.7885,21.824
1690535488515,7.6457,16.9801,8.7552,17.813
1690535488519,4.3076,8.6798,6.1235,7.348
1690535488523,-3.804,1.2481,1.2391,7.3729
1690535488527,-11.2695,-0.3099,-5.3766,-0.0751
1690535488531,-12.0463,-4.7296,-9.7525,-3.9041
1690535488535,-16.6609,-8.6876,-9.4936,-9.287
1690535488539,-15.2431,-15.7419,-16.0423,-16.2311
1690535488543,-20.0413,-15.4536,-14.8397,-16.6121
1690535488547,-21.2234,-19.3225,-21.6904,-19.3838
1690535488551,-26.7213,-20.1049,-19.4061,-17.519
1690535488555,-21.0136,-15.9344,-15.7775,-16.459
1690535488559,-22.386,-16.1772,-14.6463,-12.9355
1690535488563,-18.4989,-13.006,-14.5757,-11.1666
1690535488567,-16.3857,-9.4562,-9.4714,-4.5002
1690535488571,-7.276,-4.8672,-2.1999,-3.7478
1690535488575,-3.3825,2.4283,2.4816,2.3981
1690535488579,-0.5811,3.4443,10.2956,9.0026
1690535488583,6.9584,6.0547,11.4213,9.136
1690535488587,11.1455,13.8644,16.2148,15.8347
1690535488591,12.6472,13.1423,17.4109,23.0233
1690535488595,16.982,16.9631,18.8804,22.6173
1690535488599,16.2207,18.2077,17.4024,23.0142
1690535488603,11.9772,19.2885,15.8929,22.552
1690535488607,8.3463,17.1722,17.4725,22.8017
1690535488611,8.841,12.3488,11.0756,17.9968
1690535488615,6.7694,9.9682,14.8795,13.2479
1690535488619,-1.4796,5.7172,10.1474,9.0421
1690535488623,-6.8882,-2.2788,1.8557,4.8493
1690535488627,-8.6881,-3.1037,-3.11,5.3295
1690535488631,-12.5325,-8.0753,-4.0993,-1.9177
1690535488635,-22.306,-11.4179,-11.0593,-8.0701
1690535488639,-25.4274,-13.4022,-11.6396,-13.0119
1690535488643,-26.4122,-20.0302,-15.2356,-11.6938
1690535488647,-25.2414,-22.1681,-18.86,-12.0309
1690535488651,-24.5111,-23.8482,-21.1139,-8.3244
1690535488655,-27.4334,-22.0635,-17.8277,-8.1753
1690535488659,-25.9277,-17.1174,-12.8616,-8.0244
1690535488663,-20.7103,-15.1426,-13.3046,-3.6296
1690535488667,-19.5775,-9.3932,-10.3964,2.0275
1690535488671,-13.7346,-7.8414,-5.4018,6.7303
1690535488675,-3.0744,-3.0152,-1.6939,9.8336
1690535488679,-2.4142,4.9485,2.1644,13.474
1690535488683,3.8689,6.8626,9.7322,18.7088
1690535488687,11.6608,12.8614,13.7166,17.393
1690535488691,10.7014,18.2636,18.4761,19.0577
1690535488695,14.4358,18.682,19.937,23.1863
1690535488699,19.8602,20.1762,20.0166,23.0804
1690535488703,19.2784,21.4314,22.686,20.9313
1690535488707,16.975,19.663,19.7613,19.1419
1690535488711,12.26,18.7939,19.4595,15.1804
1690535488715,12.1643,13.9596,15.8934,13.733
1690535488719,5.8225,10.5962,5.7577,11.4538
1690535488723,2.0395,1.8677,4.5592,4.3251
1690535488727,-0.4141,1.0094,-6.6902,-4.3987
1690535488731,-4.6993,-10.3763,-11.222,-5.6512
1690535488735,-13.5345,-7.7503,-14.3909,-14.5542
1690535488739,-12.8526,-8.7887,-14.1816,-17.0423
1690535488743,-18.4398,-10.217,-19.7486,-15.6594
1690535488747,-19.213,-19.4842,-18.8719,-18.1624
1690535488751,-15.4685,-13.7548,-20.8207,-18.807
1690535488755,-13.748,-11.8216,-14.3218,-20.2149
1690535488759,-9.5678,-12.0324,-16.8524,-19.24
1690535488763,-5.5225,-12.2585,-14.7258,-13.4579
1690535488767,0.9719,-7.3572,-7.3281,-11.2052
1690535488771,1.7816,-3.4299,-3.4232,-6.4672
1690535488775,6.1302,4.4243,2.9313,-6.3569
1690535488779,14.1398,7.1223,8.2318,-1.346
1690535488783,11.5997,8.3515,9.8909,5.6937
1690535488787,20.5135,13.7998,14.2556,13.435
1690535488791,23.3299,16.5158,18.1298,12.7788
1690535488795,22.9501,17.8611,13.0706,19.3215
1690535488799,26.56,21.3328,16.9073,14.4445
1690535488803,26.8412,17.213,19.3484,13.1105
1690535488807,22.7276,15.4943,21.1974,14.8302
1690535488811,21.1736,17.2014,15.3848,13.514
1690535488815,18.5987,11.1654,9.3644,6.624
1690535488819,16.91,7.2115,8.7524,0.6089
1690535488823,8.2477,0.721,6.2103,-2.4018
1690535488827,5.0892,-5.0876,0.4092,-8.6768
1690535488831,1.0171,-6.3319,-2.4005,-15.1965
1690535488835,-2.2912,-14.6937,-13.592,-16.0976
1690535488839,-9.1434,-17.7842,-12.6959,-25.6131
1690535488843,-10.1691,-20.8576,-17.4559,-24.0307
1690535488847,-12.4668,-20.7861,-18.7171,-30.2842
1690535488851,-10.8776,-23.9663,-18.5267,-29.0258
1690535488855,-7.9513,-17.2306,-19.9333,-30.8228
1690535488859,-7.9349,-18.1273,-21.1842,-27.0641
1690535488863,-3.8625,-12.8208,-16.5206,-23.4129
1690535488867,3.7503,-7.9108,-10.8191,-22.0482
1690535488871,9.2448,-6.5076,-4.7461,-14.3209
1690535488875,7.8254,2.2527,-1.8003,-7.6578
1690535488879,13.5065,4.1169,5.0498,-7.0029
1690535488883,17.8992,7.4465,8.8526,-1.4602
1690535488887,18.8394,10.8991,16.0969,3.5366
1690535488891,25.5378,9.0605,18.295,6.5388
1690535488895,30.1309,13.3473,21.663,11.6753
1690535488899,30.059,17.5803,23.0186,7.1177
1690535488903,25.8523,16.0844,15.8442,15.1664
1690535488907,32.012,15.1205,19.2807,8.1032
1690535488911,25.0114,16.3686,16.3937,4.172
1690535488915,20.6106,14.496,14.271,5.5878
1690535488919,19.0098,11.7234,6.0334,-2.4672
1690535488923,10.123,4.8333,3.8372,-3.3138
1690535488927,2.6098,0.6821,-2.6729,-10.7973
1690535488931,1.0212,-6.3545,-5.3006,-14.7537
1690535488935,-6.6588,-9.5392,-9.6825,-18.7871
1690535488939,-9.2927,-13.5956,-16.4,-23.3334
1690535488943,-14.1639,-14.5128,-16.5874,-22.9417
1690535488947,-20.2104,-21.4919,-21.408,-26.0537
1690535488951,-20.6303,-20.2883,-21.3698,-23.166
1690535488955,-15.6894,-16.2531,-19.7025,-19.9182
1690535488959,-14.7162,-14.3517,-13.1844,-18.2186
1690535488963,-10.9271,-9.9043,-18.2985,-15.1704
1690535488967,-12.6377,-1.5948,-7.624,-11.3796
1690535488971,-6.2456,0.0571,-4.6226,-4.9214
1690535488975,-2.4681,5.9163,5.0557,-0.3769
1690535488979,3.3118,9.9704,8.057,6.8746
1690535488983,6.9292,12.5442,9.6548,15.79
1690535488987,9.0946,14.4466,17.3271,14.902
1690535488991,14.1475,17.7134,16.7306,18.2077
1690535488995,13.9287,18.9225,13.6414,18.4514
1690535488999,13.1863,19.2667,16.8146,23.5693
1690535489003,14.4876,16.5804,18.3725,23.1672
1690535489007,15.167,16.4787,14.5373,19.5573
1690535489011,13.2294,11.5982,16.1427,20.055
1690535489015,7.1326,11.1607,13.6416,12.943
1690535489019,1.7012,4.7848,9.1297,11.6476
1690535489023,-3.104,1.111,2.3072,7.8358
1690535489027,-8.1596,-5.3074,-1.151,-0.6777
1690535489031,-16.2109,-7.5308,-10.2339,-6.7684
1690535489035,-16.3083,-9.9208,-11.0285,-13.7689
1690535489039,-19.9539,-13.0113,-16.1235,-14.3472
1690535489043,-24.9965,-19.1634,-18.8453,-13.8803
1690535489047,-26.0409,-19.5441,-16.8776,-13.0504
1690535489051,-21.6459,-21.5836,-17.5621,-14.4446
1690535489055,-23.3841,-19.9291,-17.5568,-9.0131
1690535489059,-19.8963,-19.3296,-20.5095,-8.3018
1690535489063,-15.7136,-14.9371,-12.911,-3.9605
1690535489067,-12.3763,-10.4527,-9.0844,-1.9126
1690535489071,-10.6331,-6.7001,-6.3834,7.1038
1690535489075,-3.6714,2.5294,-3.8098,8.6881
1690535489079,0.8547,5.3489,3.3889,15.377
1690535489083,3.873,5.9096,8.9228,16.0797
1690535489087,7.6952,11.8076,12.7277,24.0626
1690535489091,10.9889,10.3771,18.6248,27.5534
1690535489095,14.8943,15.341,17.8577,31.0967
1690535489099,12.9169,16.9274,25.3886,29.7202
1690535489103,13.5583,18.5208,26.1103,28.3276
1690535489107,15.846,15.8454,17.5482,25.8169
1690535489111,9.9714,12.057,16.9522,22.1759
1690535489115,4.9386,9.902,12.2275,18.448
1690535489119,0.4667,2.2187,6.9984,11.3656
1690535489123,-0.1461,-3.2551,-2.2576,11.8023
1690535489127,-8.5841,-8.8382,-5.1817,6.0756
1690535489131,-15.4368,-8.6166,-7.0204,-1.1345
1690535489135,-18.2327,-14.7138,-18.4701,-3.666
1690535489139,-19.8474,-19.3679,-17.7811,-8.1417
1690535489143,-20.9754,-21.696,-18.1049,-9.7076
1690535489147,-24.6857,-19.4211,-21.9396,-10.1013
1690535489151,-27.9752,-16.1642,-17.5995,-16.7891
1690535489155,-23.0084,-16.1876,-14.6216,-12.527
1690535489159,-25.2777,-11.3615,-13.1503,-11.5582
1690535489163,-20.2687,-11.3821,-13.1852,-10.0492
1690535489167,-13.939,-6.2334,-11.1301,-6.4976
1690535489171,-6.6655,-1.8196,-7.7909,-0.543
1690535489175,-4.4377,3.5549,-3.2361,5.2385
1690535489179,-3.4879,9.6958,4.6722,7.5975
1690535489183,5.1999,11.5838,10.4969,11.0042
1690535489187,11.3624,17.2841,16.477,15.2912
1690535489191,16.2126,19.5752,17.0865,20.1296
1690535489195,18.766,19.806,21.3682,17.328
1690535489199,18.8495,24.0812,22.0599,16.3414
1690535489203,20.6204,23.9137,23.1021,20.7313
1690535489207,15.7563,22.8617,18.7541,16.6468
1690535489211,11.8965,19.9173,16.7492,12.9606
1690535489215,13.3941,12.7212,10.4045,12.3255
1690535489219,3.1468,6.6542,6.8273,11.9556
1690535489223,1.8064,2.7842,2.9951,2.0475
1690535489227,-3.8638,-2.2933,-4.3408,-4.1854
1690535489231,-7.6733,-10.8556,-6.975,-6.7935
1690535489235,-13.4679,-14.5547,-14.2709,-10.7095
1690535489239,-11.1915,-18.5877,-14.6129,-18.3513
1690535489243,-25.0423,-19.9782,-17.1387,-16.6609
1690535489247,-21.5425,-16.7978,-19.2208,-23.1091
1690535489251,-23.9418,-21.8756,-22.6837,-21.0822
1690535489255,-23.9322,-19.4714,-21.0397,-20.6064
1690535489259,-17.1472,-16.1788,-17.295,-17.9548
1690535489263,-17.4315,-10.1994,-12.766,-13.4014
1690535489267,-7.4097,-8.2945,-10.5196,-10.4129
1690535489271,-6.4262,-5.1443,-1.3373,-6.8605
1690535489275,-0.0763,-0.2991,-1.0864,-3.7254
1690535489279,3.4196,3.22,5.6144,1.8432
1690535489283,6.8589,12.3772,8.523,6.0373
1690535489287,17.0995,11.8168,10.6514,11.0111
1690535489291,15.3143,16.9427,19.2705,11.9281
1690535489295,23.6341,16.563,19.1647,18.1311
1690535489299,17.6864,18.2126,23.8798,17.5973
1690535489303,15.2416,18.2847,21.4581,18.829
1690535489307,15.515,15.6508,16.9308,15.655
1690535489311,9.2991,17.3384,15.1122,10.3274
1690535489315,4.4449,7.169,8.1998,4.5959
1690535489319,3.033,5.7126,6.2453,0.724
1690535489323,-1.5724,-1.0875,-0.4137,-6.3323
1690535489327,-3.8085,-5.7448,-1.1529,-8.8415
1690535489331,-10.3555,-8.1787,-7.3779,-15.9521
1690535489335,-15.2936,-13.6732,-9.91,-16.5523
1690535489339,-20.8431,-17.4137,-17.6387,-18.5219
1690535489343,-20.5031,-20.4502,-20.3375,-28.0013
1690535489347,-22.9001,-25.6104,-21.4715,-27.9558
1690535489351,-30.6179,-23.4316,-25.7753,-24.7588
1690535489355,-20.4066,-22.2784,-18.5327,-25.0343
1690535489359,-13.7015,-18.0909,-15.6337,-22.5977
1690535489363,-17.1936,-16.4771,-13.8414,-18.449
1690535489367,-7.3997,-10.7032,-6.2268,-13.6588
1690535489371,-2.9969,-1.5171,-3.5134,-5.4354
1690535489375,1.1188,0.4913,2.1524,2.0578
1690535489379,5.4696,6.6083,8.7165,3.6773
1690535489383,7.9865,11.0035,13.8391,12.854
1690535489387,18.6479,14.6182,13.2006,14.6182
1690535489391,25.4779,16.2893,19.2236,18.3918
1690535489395,20.7425,24.7968,20.8879,17.7357
1690535489399,27.0824,24.0197,24.368,18.7238
1690535489403,21.4878,20.156,17.0272,24.5199
1690535489407,21.5286,23.5001,15.7354,18.282
1690535489411,19.6092,18.3393,15.0919,13.3123
1690535489415,10.6078,14.4085,11.4569,12.5312
1690535489419,5.4266,9.9548,11.0352,7.6333
1690535489423,-0.0318,2.3226,6.0686,-2.5972
1690535489427,0.5228,1.2912,-1.6369,-6.1179
1690535489431,-7.1577,-5.7254,-5.0522,-9.7821
1690535489435,-10.2383,-5.1101,-13.9608,-14.377
1690535489439,-12.0674,-10.7328,-19.227,-17.6164
1690535489443,-14.1579,-15.0947,-18.9657,-17.29
1690535489447,-15.4737,-12.8938,-16.954,-21.8371
1690535489451,-13.1888,-19.7274,-22.6668,-20.9933
1690535489455,-15.0751,-14.8291,-20.3519,-23.7518
1690535489459,-12.0176,-18.9117,-18.8522,-18.9621
1690535489463,-9.1795,-16.2927,-13.058,-15.5938
1690535489467,-3.1983,-8.0824,-8.8324,-12.5981
1690535489471,0.4063,-7.3617,-5.8889,-4.2806
1690535489475,8.6308,-1.0107,1.0305,-2.9362
1690535489479,11.0883,4.1837,5.7373,2.1367
1690535489483,15.1786,9.7734,12.1713,5.9983
1690535489487,17.694,13.4914,16.1167,15.3201
1690535489491,22.7487,19.2017,17.5567,14.7178
1690535489495,27.2496,15.492,21.0245,18.6745
1690535489499,28.9306,18.255,23.8725,18.9624
1690535489503,28.7098,17.7928,23.0005,17.726
1690535489507,28.1743,20.5259,17.7839,17.4321
1690535489511,24.1535,15.7024,16.3459,9.6934
1690535489515,22.1415,11.4413,14.2405,9.7929
1690535489519,15.396,5.7977,2.6011,2.6825
1690535489523,6.688,1.0319,6.0215,2.3899
1690535489527,5.2874,-1.2645,-1.5046,-4.3299
1690535489531,-1.1836,-9.2683,-8.6511,-5.7673
1690535489535,-0.8761,-14.0993,-14.4149,-12.5279
1690535489539,-5.2424,-16.2074,-14.9108,-13.9985
1690535489543,-8.2371,-18.6292,-18.5203,-20.1584
1690535489547,-5.412,-23.0418,-15.8665,-17.028
1690535489551,-8.7618,-23.3297,-25.6999,-19.3693
1690535489555,-7.0455,-23.3317,-20.1157,-17.0742
1690535489559,-5.3669,-22.8479,-15.8821,-14.6348
1690535489563,-1.5179,-17.8746,-13.6301,-14.8326
1690535489567,-0.0442,-11.2377,-6.392,-12.0725
1690535489571,8.1122,-9.6233,-3.6661,-5.0183
1690535489575,11.4008,-1.7171,-1.2833,-0.225
1690535489579,14.1074,6.4894,5.6808,4.8284
1690535489583,19.0297,5.1474,8.4727,9.8243
1690535489587,20.2046,11.2283,14.7495,15.3558
1690535489591,25.3384,15.5953,20.6656,14.1819
1690535489595,24.8414,20.9187,19.4194,19.1103
1690535489599,25.765,16.8867,23.5712,21.8641
1690535489603,25.0929,18.1055,20.2087,16.8047
1690535489607,20.2238,17.2414,19.2555,14.4678
1690535489611,14.7678,15.1954,18.8939,13.3694
1690535489615,11.1344,14.1871,8.3513,12.754
1690535489619,9.7597,11.3868,2.064,6.6835
1690535489623,0.7183,5.2145,2.4565,3.5061
1690535489627,-4.4464,-4.086,-6.1371,-4.6088
1690535489631,-8.8666,-1.4128,-12.5827,-12.4365
1690535489635,-15.7549,-9.5828,-14.638,-12.9591
1690535489639,-15.9865,-9.3213,-17.0503,-15.7862
1690535489643,-23.1968,-14.9607,-17.2056,-18.9559
1690535489647,-22.0141,-13.3361,-16.759,-17.0191
1690535489651,-22.356,-13.7002,-19.6372,-15.3218
1690535489655,-16.9999,-13.9297,-18.0643,-19.5414
1690535489659,-15.1751,-11.9119,-17.9218,-19.5535
1690535489663,-15.5804,-10.366,-16.981,-14.1083
1690535489667,-12.4802,-9.129,-9.7581,-6.6969
1690535489671,-10.029,-5.6259,-3.5568,-2.0849
1690535489675,-2.6823,0.6022,1.6704,3.7152
1690535489679,4.3734,3.7208,3.3595,9.9037
1690535489683,5.6604,12.9895,10.9114,18.3783
1690535489687,7.7291,16.4414,14.8677,21.7774
1690535489691,15.39,16.7594,16.5435,24.8744
1690535489695,16.7515,18.9671,19.0651,26.2457
1690535489699,16.5264,19.5711,23.3218,29.7202
1690535489703,14.5094,15.2136,20.8065,27.8983
1690535489707,11.0643,16.6684,17.3754,21.7159
1690535489711,8.3608,15.2334,16.0829,23.18
1690535489715,3.5783,13.3451,13.2626,23.7101
1690535489719,-1.7713,6.6971,3.2364,14.8696
1690535489723,-6.3498,3.8815,-2.4708,11.3386
1690535489727,-12.369,-4.4987,-4.2477,2.1695
1690535489731,-17.7172,-4.2512,-7.9353,0.7796
1690535489735,-18.4449,-11.0638,-13.8821,-6.7332
1690535489739,-23.2593,-13.8924,-14.3074,-6.0431
1690535489743,-26.4658,-15.5411,-16.0731,-9.7418
1690535489747,-28.6253,-17.4932,-23.8109,-12.8687
1690535489751,-29.3381,-23.24,-24.1055,-13.1743
1690535489755,-26.6864,-18.3035,-18.9076,-11.6109
1690535489759,-22.8175,-16.9298,-15.79,-17.2855
1690535489763,-19.097,-12.8732,-12.8404,-6.6024
1690535489767,-16.5458,-8.152,-8.4379,-5.8035
1690535489771,-17.6106,-7.4281,-3.609,0.3038
1690535489775,-10.5546,-2.3776,6.1839,5.4496
1690535489779,-3.2463,1.5432,6.6753,13.5906
1690535489783,-3.1254,4.248,11.4215,18.2761
1690535489787,4.2743,7.3648,18.7697,19.5375
1690535489791,3.2068,12.7103,19.4394,21.3277
1690535489795,8.4732,14.2232,21.6436,26.1927
1690535489799,7.2232,13.0507,19.4765,25.1317
1690535489803,9.4096,16.0788,18.0681,21.0581
1690535489807,6.0094,17.8349,20.4422,16.3187
1690535489811,1.87,12.9007,16.5497,17.9322
1690535489815,3.2565,8.5642,11.3433,13.7593
1690535489819,-5.3816,6.2841,7.5479,11.5432
1690535489823,-7.7875,-0.1874,1.3496,5.6708
1690535489827,-10.9752,-5.469,-2.4752,-3.5967
1690535489831,-21.0996,-6.8288,-9.6384,-6.3723
1690535489835,-16.0785,-12.8702,-12.8972,-7.7307
1690535489839,-19.6175,-16.285,-12.8806,-9.8058
1690535489843,-22.7626,-10.5203,-18.8712,-14.0229
1690535489847,-25.3161,-16.3823,-19.9023,-14.1088
1690535489851,-20.9876,-18.2963,-21.3132,-14.6593
1690535489855,-20.0014,-15.4588,-19.4891,-15.7808
1690535489859,-17.3977,-9.9763,-14.8317,-13.9519
1690535489863,-17.1643,-7.8319,-11.7465,-13.5207
1690535489867,-7.8511,-6.593,-6.4237,-4.8701
1690535489871,-5.2376,-1.17,-1.4617,-1.708
1690535489875,0.6895,2.4638,2.572,0.4688
1690535489879,5.726,11.0058,8.3689,5.4998
1690535489883,8.944,12.8579,13.5998,9.5414
1690535489887,14.2919,16.8964,17.8096,9.8016
1690535489891,19.6843,17.1842,16.1814,14.0161
1690535489895,20.3776,19.2258,12.4444,12.1237
1690535489899,22.3393,19.6782,21.1544,13.6683
1690535489903,21.08,20.1432,15.8403,13.4862
1690535489907,19.6989,15.6097,18.1619,13.2381
1690535489911,11.1687,15.3781,11.4609,5.2885
1690535489915,11.6779,11.4093,12.6426,1.6645
1690535489919,4.9356,8.5996,2.8648,-1.4548
1690535489923,0.3767,1.0317,5.6538,-5.1561
1690535489927,1.7076,0.4214,-1.3352,-10.8895
1690535489931,-6.2459,-7.5306,-7.4238,-15.5062
1690535489935,-13.7453,-10.0748,-12.6354,-22.9082
1690535489939,-13.8527,-14.4031,-16.0802,-24.9007
1690535489943,-18.6182,-21.6129,-19.4687,-30.176
1690535489947,-22.0456,-20.6785,-20.7712,-26.1207
1690535489951,-17.2816,-16.5722,-23.0905,-30.4276
1690535489955,-18.5783,-19.0518,-18.8682,-29.0069
1690535489959,-11.0137,-18.8525,-15.8794,-23.0401
1690535489963,-7.2457,-12.815,-15.2386,-19.0591
1690535489967,-2.7052,-11.1185,-6.7898,-17.4872
1690535489971,-3.6717,-7.8638,-1.6115,-11.4352
1690535489975,7.0057,3.9125,1.3584,-11.5707
1690535489979,6.4307,2.5169,10.2846,-4.1832
1690535489983,12.2618,3.732,11.7887,1.8101
1690535489987,18.3471,13.2282,15.489,6.1706
1690535489991,19.5726,15.8423,16.9408,8.7733
1690535489995,22.1824,15.4873,19.4643,15.6488
1690535489999,20.9578,14.3844,19.853,15.83
1690535490003,24.3894,18.9869,23.1412,12.3006
1690535490007,22.2972,15.6938,14.7612,12.203
1690535490011,16.9115,9.1807,13.7328,8.6488
1690535490015,17.2104,6.9395,7.6583,5.7855
1690535490019,12.0314,10.3978,4.6828,1.4069
1690535490023,5.9528,-0.8648,0.161,-2.4231
1690535490027,-0.468,-4.8811,-5.5686,-6.5123
1690535490031,-2.4884,-9.8603,-9.7948,-9.7923
1690535490035,-7.726,-13.6926,-15.5761,-16.9826
1690535490039,-13.7485,-20.1865,-16.5426,-21.3693
1690535490043,-15.0092,-19.4317,-16.6686,-25.0362
1690535490047,-17.3243,-20.5947,-19.2588,-25.356
1690535490051,-15.7256,-20.8277,-16.6489,-25.3149
1690535490055,-17.2036,-17.5549,-18.8461,-24.6675
1690535490059,-13.1069,-14.3276,-12.5046,-20.757
1690535490063,-12.1326,-12.0881,-12.6269,-18.898
1690535490067,-4.5562,-6.9261,-9.691,-17.7302
1690535490071,1.3278,-3.8306,-4.3102,-9.8162
1690535490075,6.7072,2.0974,3.1586,-4.2879
1690535490079,9.5708,9.7459,3.2617,2.8456
1690535490083,14.2335,12.502,9.8468,9.9139
1690535490087,14.2342,14.7409,13.3103,11.1217
1690535490091,21.2063,23.4938,16.3458,17.1495
1690535490095,22.5784,20.1242,20.0722,21.3635
1690535490099,18.8087,17.8864,20.0174,20.8796
1690535490103,19.5277,18.8898,17.6933,21.6313
1690535490107,17.728,19.1537,16.9945,20.4684
1690535490111,16.9128,15.0469,13.6316,20.2951
1690535490115,11.2574,11.6072,13.8577,13.4274
1690535490119,8.342,6.1643,5.6324,16.3624
1690535490123,1.929,2.8773,3.841,1.494
1690535490127,-3.7616,-0.9036,-6.3223,-1.9378
1690535490131,-4.6422,-1.0822,-9.9484,-2.6931
1690535490135,-9.1915,-7.6658,-10.0821,-8.451
1690535490139,-12.448,-13.8335,-16.7804,-11.4779
1690535490143,-18.6702,-15.2895,-18.1796,-15.8134
1690535490147,-18.2947,-17.4615,-18.1675,-17.5694
1690535490151,-16.8004,-19.068,-23.0926,-13.3688
1690535490155,-12.0662,-19.2557,-17.2356,-9.1459
1690535490159,-14.9625,-15.6252,-19.4936,-3.7378
1690535490163,-12.9558,-10.7455,-10.4945,-6.1112
1690535490167,-3.7021,-10.3375,-8.0214,-0.0415
1690535490171,-1.2942,-7.408,-0.3057,3.1548
1690535490175,2.4122,-1.6918,1.0861,11.8285
1690535490179,10.6828,4.3334,6.339,17.1621
1690535490183,16.6408,12.9038,10.286,23.2667
1690535490187,19.5234,11.3531,14.049,24.1795
1690535490191,26.6234,17.3599,19.7532,27.187
1690535490195,25.7015,19.7047,22.1604,29.7451
1690535490199,28.0857,23.0934,24.9093,30.5593
1690535490203,24.1061,14.5063,24.0172,27.6917
1690535490207,23.3788,12.0979,17.3363,26.1136
1690535490211,19.0807,11.3663,13.6584,22.5135
1690535490215,16.0513,2.2899,8.9452,16.7542
1690535490219,11.3435,2.0736,1.6928,12.8311
1690535490223,6.9174,-2.8125,0.9224,7.4316
1690535490227,4.6922,-6.7855,-5.3084,-0.2612
1690535490231,0.3994,-12.3855,-9.9664,-2.9439
1690535490235,-0.4716,-11.8711,-14.2284,-6.2523
1690535490239,-13.8365,-15.9704,-17.8943,-8.5407
1690535490243,-17.8877,-17.1165,-15.0792,-8.9731
1690535490247,-16.0235,-20.398,-15.45,-12.2316
1690535490251,-22.2683,-20.6539,-14.5375,-17.8252
1690535490255,-15.7799,-16.7301,-16.1759,-16.3591
1690535490259,-14.6826,-16.8298,-12.1938,-11.2324
1690535490263,-12.9349,-16.2944,-7.9325,-7.5124
1690535490267,-8.5947,-9.6863,-8.8794,0.1496
1690535490271,-6.9503,-5.0987,-6.7372,1.3181
1690535490275,-2.305,1.1453,-0.383,7.5044
1690535490279,4.901,4.5809,4.1094,12.7453
1690535490283,8.6504,9.6341,10.2203,17.9585
1690535490287,14.0987,11.2404,11.3888,21.5521
1690535490291,19.4715,13.8332,18.0032,21.1577
1690535490295,18.6276,18.74,16.6473,22.7751
1690535490299,20.0881,19.2662,16.5105,21.2741
1690535490303,20.4891,21.4339,18.6379,16.5031
1690535490307,20.2768,16.0726,14.7971,22.4751
1690535490311,12.9811,12.5109,16.6268,16.8446
1690535490315,8.6092,10.6918,11.5814,11.4755
1690535490319,8.0605,10.833,6.1275,8.3046
1690535490323,2.1394,-0.0267,2.5002,3.3391
1690535490327,-3.7547,-5.419,-2.1848,-2.5841
1690535490331,-6.7945,-6.5905,-8.5976,-6.0559
1690535490335,-11.1596,-11.8727,-8.3392,-12.7431
1690535490339,-18.1206,-11.1448,-14.5554,-16.6617
1690535490343,-19.6539,-14.6901,-14.5752,-19.5351
1690535490347,-25.7825,-13.7899,-19.52,-22.6404
1690535490351,-25.9904,-14.3944,-18.3438,-26.6444
1690535490355,-24.532,-15.4794,-21.2441,-20.3379
1690535490359,-20.2372,-10.4084,-19.7708,-14.5915
1690535490363,-19.2894,-9.7249,-12.892,-12.8977
1690535490367,-15.0336,-2.7168,-8.9695,-14.6772
1690535490371,-9.9908,-2.7007,2.4683,-11.0563
1690535490375,-3.4325,1.6001,4.8398,-1.7059
1690535490379,-0.5718,7.663,9.2154,0.7757
1690535490383,4.5689,10.0218,12.3856,6.6086
1690535490387,3.9323,12.9189,14.1836,10.0525
1690535490391,9.7374,17.2716,14.1115,7.2678
1690535490395,11.2592,19.5972,13.292,13.8836
1690535490399,16.5175,16.8547,16.4793,18.059
1690535490403,14.7655,19.5836,19.0063,12.7409
1690535490407,12.3812,14.5785,15.7829,17.7207
1690535490411,5.7245,10.8369,14.5716,8.1883
1690535490415,0.529,12.7533,12.1344,12.3784
1690535490419,-0.2446,3.8362,6.4018,4.8185
1690535490423,-5.3818,-0.5121,2.8773,1.1709
1690535490427,-12.7515,-6.3687,-1.14,-4.7388
1690535490431,-18.8068,-15.084,-8.2126,-8.0829
1690535490435,-20.9828,-19.6121,-10.939,-18.6987
1690535490439,-25.6723,-17.6729,-17.0106,-15.2253
1690535490443,-28.3597,-19.6991,-18.8533,-20.3194
1690535490447,-33.2187,-19.6928,-20.7086,-24.7012
1690535490451,-36.0248,-20.3452,-19.734,-22.9718
1690535490455,-30.329,-21.2608,-14.7831,-21.441
1690535490459,-32.1059,-15.7547,-14.4304,-15.5655
1690535490463,-25.274,-11.9548,-7.3909,-10.2671
1690535490467,-23.3835,-8.2655,-9.4625,-10.4135
1690535490471,-17.4862,-3.709,-6.8119,-1.4778
1690535490475,-8.1186,0.1869,0.616,-2.3545
1690535490479,-3.7831,7.3193,6.0535,0.316
1690535490483,-3.0951,7.9973,8.377,6.6153
1690535490487,6.102,13.8854,9.0156,13.0836
1690535490491,9.8497,18.5271,12.2771,11.8805
1690535490495,11.5259,19.0941,16.8296,18.1901
1690535490499,17.367,18.1749,20.9499,19.1447
1690535490503,18.2487,18.1458,19.0522,17.7645
1690535490507,13.8853,16.2627,20.0574,13.4665
1690535490511,14.852,13.0422,15.8618,11.8744
1690535490515,8.5492,8.0122,14.1432,6.4714
1690535490519,4.9311,5.5219,10.625,5.1595
1690535490523,-2.1655,3.1855,4.5212,-0.6309
1690535490527,-3.1182,-8.0298,-5.6855,-9.3126
1690535490531,-4.0398,-5.868,-8.7259,-13.7803
1690535490535,-9.1707,-11.8182,-14.8415,-16.1114
1690535490539,-16.1155,-16.8559,-13.1765,-17.8641
1690535490543,-19.9226,-20.9327,-17.9441,-26.1153
1690535490547,-17.7895,-18.4509,-16.9406,-23.0845
1690535490551,-21.4386,-21.7158,-18.7326,-23.8754
1690535490555,-21.4917,-19.7713,-22.523,-20.3282
1690535490559,-15.8138,-11.4202,-12.6217,-15.4959
1690535490563,-13.9376,-7.4932,-16.1527,-12.6977
1690535490567,-10.3426,-5.3202,-9.5203,-10.5514
1690535490571,-7.1343,-1.3592,-9.1948,-7.249
1690535490575,2.0458,6.6596,-3.2036,-0.7974
1690535490579,6.4572,10.4809,4.0997,3.839
1690535490583,10.1565,16.1695,12.0081,7.9781
1690535490587,11.1815,20.8424,15.4604,17.0292
1690535490591,19.2109,21.8744,19.5454,18.3073
1690535490595,21.827,18.1616,19.1911,20.4456
1690535490599,22.1808,23.1221,22.0583,19.2952
1690535490603,24.1181,23.576,18.0256,17.2649
1690535490607,21.7787,18.5847,14.3158,17.2349
1690535490611,23.4817,10.2733,14.325,10.8747
1690535490615,18.5834,8.9055,9.2565,11.2791
1690535490619,9.9063,2.6257,4.9099,4.5242
1690535490623,6.5815,-1.4867,-0.5165,3.9313
1690535490627,1.875,-7.3434,-5.1236,-8.1473
1690535490631,-1.962,-10.8797,-7.1605,-9.6337
1690535490635,-5.805,-12.4927,-13.8532,-14.4048
1690535490639,-9.3124,-20.0819,-13.2841,-18.3417
1690535490643,-11.6762,-21.2151,-12.3902,-18.651
1690535490647,-12.6627,-17.3895,-15.0029,-24.0102
1690535490651,-12.4612,-21.0835,-18.4972,-24.9419
1690535490655,-9.8749,-14.9912,-16.8952,-22.673
1690535490659,-7.7205,-20.5764,-17.116,-19.957
1690535490663,-4.4515,-16.5952,-11.9871,-18.9001
1690535490667,1.7954,-9.4836,-13.2583,-11.7337
1690535490671,6.4786,-6.0508,-6.2481,-8.8141
1690535490675,10.0922,3.6331,-4.6665,-3.3742
1690535490679,13.7872,5.3712,0.9967,3.8728
1690535490683,20.562,14.0659,9.6256,8.5089
1690535490687,23.5426,14.2452,12.1415,12.5384
1690535490691,24.3758,17.836,17.1679,15.6264
1690535490695,28.9158,19.2128,19.7383,14.7251
1690535490699,29.8763,21.4349,18.9407,17.9633
1690535490703,31.3793,19.9178,20.7713,19.0236
1690535490707,27.1316,11.8058,19.5998,16.5495
1690535490711,25.4844,8.3946,14.1927,10.9192
1690535490715,21.5061,6.9437,10.6463,10.0027
1690535490719,14.4188,1.6912,8.0659,4.1499
1690535490723,12.0153,1.3875,2.7558,0.7796
1690535490727,1.1378,-9.692,-1.8659,-1.4487
1690535490731,-2.5676,-11.0267,-7.5032,-5.4397
1690535490735,-5.4033,-14.4165,-11.8103,-11.7479
1690535490739,-12.666,-18.374,-18.5051,-17.0509
1690535490743,-15.8666,-22.1004,-21.52,-16.424
1690535490747,-17.2105,-21.4118,-20.4284,-19.9326
1690535490751,-13.9043,-20.1772,-22.6841,-16.1107
1690535490755,-13.4111,-18.3854,-17.221,-14.2965
1690535490759,-10.3186,-13.3395,-15.2549,-13.5966
1690535490763,-10.3621,-12.2176,-11.0073,-7.7117
1690535490767,-4.868,-9.1017,-9.072,-5.2664
1690535490771,-0.7984,-1.0285,-4.7418,1.5981
1690535490775,1.2702,5.1948,-5.1384,7.2194
1690535490779,8.644,8.0467,7.2414,9.8337
1690535490783,12.1121,15.7464,6.9908,16.5016
1690535490787,13.2335,17.4685,14.303,20.8557
1690535490791,16.8449,20.7557,18.0737,17.669
1690535490795,16.9454,21.8939,19.6664,21.9821
1690535490799,21.6206,22.6215,20.3255,22.5102
1690535490803,18.6093,22.5113,17.622,22.4248
1690535490807,16.3721,21.1865,17.4842,25.0584
1690535490811,10.6641,16.4401,13.0148,24.961
1690535490815,7.2529,17.689,9.6807,16.4142
1690535490819,11.4605,8.1324,6.7864,13.117
1690535490823,5.4586,3.0518,4.9276,2.132
1690535490827,-0.7859,0.6322,-7.6115,2.9225
1690535490831,-8.6899,-11.175,-7.9406,-4.7132
1690535490835,-9.4478,-13.1159,-6.9871,-7.1251
1690535490839,-16.5858,-16.0806,-15.6433,-10.0402
1690535490843,-14.8752,-18.3634,-20.1791,-13.5456
1690535490847,-17.1125,-18.29,-20.0816,-15.9944
1690535490851,-21.4934,-20.3401,-20.0576,-13.1163
1690535490855,-15.9857,-21.6597,-19.9513,-13.1554
1690535490859,-13.051,-18.0132,-13.9083,-7.9424
1690535490863,-10.4976,-15.1812,-10.5073,-3.8703
1690535490867,-6.3571,-6.6202,-9.4496,1.9333
1690535490871,-1.4979,-2.8197,-5.6786,5.4945
1690535490875,4.5255,2.7122,-3.5913,8.0648
1690535490879,9.6403,6.355,4.8101,11.6178
1690535490883,7.0659,10.6916,8.4161,16.739
1690535490887,15.2931,15.2787,9.9186,20.7758
1690535490891,13.3639,20.0311,14.4873,23.6929
1690535490895,17.3285,21.6466,19.7893,30.009
1690535490899,16.8418,20.4625,21.811,26.9423
1690535490903,15.1986,18.6784,19.1586,30.1434
1690535490907,12.2298,20.0299,17.1388,31.1634
1690535490911,7.4813,13.5271,13.619,20.4048
1690535490915,0.9243,9.1745,14.2062,19.3405
1690535490919,0.0749,2.6584,6.4289,14.8358
1690535490923,-2.5699,-0.901,5.5916,6.3813
1690535490927,-8.0761,-9.6059,-5.8485,0.5265
1690535490931,-9.8099,-12.0558,-7.4418,-1.5225
1690535490935,-14.33,-14.0186,-12.8646,-8.6284
1690535490939,-18.2239,-20.1602,-16.9121,-11.9925
1690535490943,-23.8337,-22.8754,-19.4821,-15.1197
1690535490947,-23.6534,-26.8063,-21.5333,-17.1855
1690535490951,-24.2649,-25.1301,-20.5901,-18.6677
1690535490955,-19.8296,-24.5043,-17.872,-16.3923
1690535490959,-18.4303,-20.3825,-19.2982,-13.8768
1690535490963,-12.194,-17.1017,-11.6308,-11.594
1690535490967,-4.9786,-9.3665,-10.0954,-10.8046
1690535490971,-3.9462,-6.4444,-4.9262,-6.4273
1690535490975,1.6318,2.9188,2.9864,2.1246
1690535490979,5.4452,8.2205,6.1126,1.2904
1690535490983,10.6742,8.7428,6.5202,6.364
1690535490987,14.14,12.2521,13.7254,9.2248
1690535490991,17.0297,18.6012,18.5509,11.8685
1690535490995,18.3398,20.3259,18.3436,18.1121
1690535490999,16.4078,26.2262,16.8742,15.4072
1690535491003,19.3488,24.3511,15.8654,12.4669
1690535491007,16.7073,21.7377,17.1511,12.2249
1690535491011,12.9771,19.6054,16.2754,9.6125
1690535491015,3.3022,14.2076,11.4678,5.0817
1690535491019,0.1054,9.6916,6.8326,-2.5869
1690535491023,-6.8808,5.6428,6.689,-3.9841
1690535491027,-3.6221,1.4974,-0.8611,-11.8669
1690535491031,-10.6581,-4.5089,-5.7457,-14.834
1690535491035,-16.7439,-8.8926,-8.1978,-17.6065
1690535491039,-18.0726,-13.7402,-15.4425,-26.975
1690535491043,-22.9694,-16.2075,-20.3582,-24.3203
1690535491047,-23.147,-17.9076,-19.8809,-24.3612
1690535491051,-26.1728,-19.0666,-20.3091,-23.2864
1690535491055,-18.6733,-13.3826,-19.5311,-27.4672
1690535491059,-16.112,-14.3174,-14.2143,-24.8509
1690535491063,-17.3867,-10.3016,-11.7146,-18.0317
1690535491067,-10.466,-8.0862,-12.4699,-19.0255
1690535491071,-6.2614,-1.8031,-4.5636,-11.6055
1690535491075,-4.5265,3.7457,-1.7623,-4.1687
1690535491079,1.4601,4.1176,7.1227,-4.0525
1690535491083,7.3008,10.2239,8.3914,5.8797
1690535491087,9.7438,14.116,14.2371,5.3832
1690535491091,13.2761,17.3263,21.2502,5.3028
1690535491095,13.4935,18.7734,20.3721,12.7708
1690535491099,12.976,20.292,20.2306,11.8492
1690535491103,9.7671,17.5875,21.765,6.945
1690535491107,8.251,22.5392,17.6988,3.6251
1690535491111,8.1514,17.3191,16.6956,3.3269
1690535491115,2.6749,12.3906,6.2074,-0.5856
1690535491119,-5.3525,3.911,3.3788,-6.8761
1690535491123,-11.7725,-0.6112,4.7224,-5.2228
1690535491127,-11.4288,-8.0845,-0.3856,-14.9378
1690535491131,-17.4632,-6.4569,-7.0844,-17.0542
1690535491135,-20.4901,-14.882,-11.6536,-19.3625
1690535491139,-25.6801,-15.3604,-14.3155,-22.5927
1690535491143,-25.3564,-19.7834,-20.4226,-25.2926
1690535491147,-25.7357,-24.4988,-22.4528,-25.1035
1690535491151,-25.8089,-23.3628,-18.8104,-27.263
1690535491155,-22.9108,-26.6333,-16.7858,-21.7748
1690535491159,-19.3662,-23.2209,-20.6592,-20.9948
1690535491163,-12.7982,-19.204,-13.4766,-16.9134
1690535491167,-9.8526,-12.021,-10.1843,-9.9665
1690535491171,-0.1309,-10.3256,-5.77,-11.0912
1690535491175,0.7584,0.0288,-2.1245,-3.9743
1690535491179,3.4645,3.4148,6.6041,6.5469
1690535491183,9.2476,10.264,7.2941,10.4863
1690535491187,12.1984,10.529,14.568,11.1333
1690535491191,17.4027,14.0091,17.4948,16.9813
1690535491195,15.1501,13.536,17.6996,19.8328
1690535491199,17.5252,18.7105,19.0863,18.0723
1690535491203,20.3123,17.6712,21.8777,15.6231
1690535491207,15.9697,17.8872,15.7494,19.2229
1690535491211,12.0823,12.4882,12.3821,13.5725
1690535491215,9.2374,13.2296,10.3123,14.9154
1690535491219,3.8941,5.8968,3.4369,17.014
1690535491223,-2.8481,1.05,1.29,9.7014
1690535491227,-3.7353,-2.153,-3.7735,0.3346
1690535491231,-12.831,-8.3009,-9.0912,-5.9678
1690535491235,-12.3395,-11.3588,-11.5741,-5.9896
1690535491239,-13.8801,-11.2722,-14.4215,-13.5075
1690535491243,-20.5311,-20.8072,-20.2675,-14.2646
1690535491247,-17.7307,-16.4852,-22.0279,-16.3378
1690535491251,-16.9654,-16.9176,-18.7938,-15.9766
1690535491255,-17.9332,-16.6892,-16.6009,-15.853
1690535491259,-15.9828,-14.6001,-18.3892,-13.0788
1690535491263,-9.3666,-12.0452,-14.7828,-7.9243
1690535491267,-5.7929,-5.5066,-9.4934,-3.2953
1690535491271,0.8592,-1.4862,-1.9656,0.8852
1690535491275,7.3243,3.628,0.5431,7.8114
1690535491279,11.2956,6.0933,4.6566,13.4031
1690535491283,16.87,12.5216,8.8866,11.9558
1690535491287,21.5402,15.4662,9.9739,19.9126
1690535491291,27.7801,18.8547,16.4349,23.4419
1690535491295,32.1812,19.2659,20.7709,25.813
1690535491299,32.0584,24.4659,17.4082,28.9829
1690535491303,28.3438,24.011,21.4172,23.7392
1690535491307,25.2381,20.7358,21.6125,25.4533
1690535491311,21.3086,14.1944,14.2236,23.1094
1690535491315,18.6783,10.9979,12.7331,19.2043
1690535491319,12.1644,4.7168,5.2891,16.0239
1690535491323,10.4844,2.0435,1.8259,4.8233
1690535491327,6.055,-4.6977,-5.3837,1.7972
1690535491331,2.9506,-12.0238,-7.5359,0.8566
1690535491335,-5.3527,-13.3183,-13.3045,-4.0942
1690535491339,-5.0312,-18.5124,-12.3128,-8.1539
1690535491343,-8.919,-21.0948,-16.445,-10.9486
1690535491347,-10.5294,-18.7469,-15.6539,-10.4806
1690535491351,-10.3618,-20.6854,-20.0203,-10.582
1690535491355,-9.1415,-20.3229,-17.329,-10.3401
1690535491359,-4.1731,-15.4715,-18.0357,-12.7044
1690535491363,-4.0542,-13.856,-17.3892,-8.029
1690535491367,0.3986,-10.6399,-6.1229,-3.76
1690535491371,2.2796,-4.6126,-6.0648,3.3554
1690535491375,10.7241,-4.3461,0.4991,10.2722
1690535491379,15.205,5.3719,7.3615,12.8091
1690535491383,20.7513,11.4043,9.6072,18.8959
1690535491387,23.3954,11.2409,17.3247,22.9201
1690535491391,25.6767,14.8389,13.6116,25.0719
1690535491395,25.628,14.3384,20.9609,21.5806
1690535491399,30.5145,17.1355,20.6466,23.6744
1690535491403,27.6321,18.9213,21.9597,22.9973
1690535491407,31.1341,16.4298,16.6499,19.6307
1690535491411,26.3621,14.5527,17.636,17.4589
1690535491415,15.4255,8.6664,11.8246,9.7043
1690535491419,9.9549,3.9024,5.576,2.7933
1690535491423,6.4861,0.0589,1.1363,-0.389
1690535491427,-0.4095,-8.1824,-5.7669,-1.6904
1690535491431,-6.8746,-10.8496,-11.6888,-5.7048
1690535491435,-6.0767,-15.1046,-12.4673,-12.6843
1690535491439,-12.9294,-17.7206,-18.4465,-17.3785
1690535491443,-17.0579,-17.2125,-18.1026,-17.7896
1690535491447,-17.8758,-21.1417,-19.3456,-23.7242
1690535491451,-16.0686,-16.3747,-19.922,-20.3479
1690535491455,-15.0954,-18.1359,-24.7977,-21.6338
1690535491459,-17.1825,-14.4188,-19.6391,-16.5612
1690535491463,-14.6177,-12.9776,-15.1514,-12.3162
1690535491467,-6.671,-4.7167,-12.1538,-7.4754
1690535491471,-4.5016,0.9371,-3.8832,-3.2085
1690535491475,-0.3074,4.2948,1.6416,1.6698
1690535491479,6.4107,9.9239,8.6093,2.9516
1690535491483,7.7232,13.4474,13.973,12.3883
1690535491487,14.8226,16.146,15.8629,11.9093
1690535491491,16.629,19.8339,14.773,15.1562
1690535491495,21.1491,21.4678,22.6027,18.4692
1690535491499,18.2204,19.9057,20.368,17.2791
1690535491503,23.1116,26.6479,19.5646,17.9552
1690535491507,23.6351,21.7881,15.6782,17.7468
1690535491511,14.6356,14.6435,10.9561,11.4761
1690535491515,12.2735,11.5207,13.5309,8.51
1690535491519,5.5779,5.1602,7.8376,5.8507
1690535491523,2.23,6.1753,0.4216,0.2476
1690535491527,-6.0593,-2.7809,-3.8311,-4.1092
1690535491531,-12.639,-7.136,-6.5624,-10.5519
1690535491535,-13.7981,-9.5793,-12.7314,-11.3684
1690535491539,-21.9872,-14.3533,-19.3894,-19.3616
1690535491543,-24.7185,-18.2194,-19.3861,-25.4779
1690535491547,-26.1312,-20.9943,-24.2916,-21.6318
1690535491551,-27.5599,-19.8736,-21.4419,-21.0723
1690535491555,-26.2618,-17.5832,-20.3683,-21.8345
1690535491559,-26.4447,-14.6163,-18.5047,-19.7681
1690535491563,-23.4356,-10.7172,-17.3198,-17.6843
1690535491567,-19.3676,-8.6005,-9.2688,-11.0015
1690535491571,-16.0788,-6.9672,-3.6514,-7.4576
1690535491575,-9.2761,4.7735,-0.7769,-3.9378
1690535491579,-4.8275,8.0732,7.7552,3.1456
1690535491583,0.9866,12.3894,9.7112,5.0962
1690535491587,5.2734,13.2182,14.6843,9.8801
1690535491591,6.6276,15.6747,15.5337,16.0225
1690535491595,8.4792,18.5788,21.0693,16.2213
1690535491599,11.7571,16.1784,20.5199,19.9947
1690535491603,14.5003,15.148,22.0936,17.8879
1690535491607,12.9745,15.9308,20.705,17.7591
1690535491611,12.931,14.0161,17.3665,10.7073
1690535491615,7.8354,8.2679,14.6733,12.8827
1690535491619,6.3515,4.3211,6.9116,5.2838
1690535491623,-5.2086,-1.0121,-0.08,2.8368
1690535491627,-6.2066,-0.0549,-6.757,-7.0954
1690535491631,-10.6788,-7.937,-6.2075,-8.4765
1690535491635,-15.4362,-16.5046,-16.9985,-13.1032
1690535491639,-18.3754,-17.2336,-22.094,-15.4853
1690535491643,-19.8687,-21.3547,-19.9561,-15.8978
1690535491647,-22.654,-22.5325,-16.356,-19.5207
1690535491651,-21.1624,-21.1324,-17.2127,-17.8618
1690535491655,-19.5321,-16.6326,-17.1295,-23.699
1690535491659,-19.1206,-15.5414,-17.8798,-18.0535
1690535491663,-18.8,-12.3238,-12.2808,-12.8491
1690535491667,-10.6874,-12.877,-7.4773,-12.5912
1690535491671,-9.944,-1.9121,-2.4987,-8.3705
1690535491675,-1.5402,2.4092,1.423,-2.9129
1690535491679,1.6351,8.7472,8.8203,5.876
1690535491683,8.1951,13.1391,14.3876,11.9029
1690535491687,10.4033,18.8372,15.6167,14.7683
1690535491691,14.0027,21.0536,15.9341,13.0099
1690535491695,17.9699,23.1426,21.3532,16.6338
1690535491699,18.0241,19.8442,20.097,16.6672
1690535491703,14.2806,22.6858,20.6784,17.8419
1690535491707,14.9106,19.6244,15.821,15.7955
1690535491711,12.0215,16.8972,11.464,5.5523
1690535491715,10.3518,12.9435,10.9008,10.751
1690535491719,9.0038,8.7026,6.2053,0.9431
1690535491723,2.8115,4.4742,1.1534,1.5759
1690535491727,-3.3338,-2.3303,-4.5224,-5.8732
1690535491731,-8.362,-3.5735,-7.329,-10.0593
1690535491735,-10.4309,-9.5581,-12.0249,-17.9561
1690535491739,-19.3145,-12.9134,-15.5192,-22.273
1690535491743,-20.755,-18.1369,-14.3429,-25.7901
1690535491747,-19.3481,-18.6595,-18.7873,-23.8162
1690535491751,-19.8658,-15.0633,-19.2655,-26.226
1690535491755,-22.1903,-17.6598,-18.5671,-22.7193
1690535491759,-18.1533,-16.4634,-14.9891,-16.9144
1690535491763,-17.6412,-16.0584,-14.3322,-14.3528
1690535491767,-15.8674,-10.1177,-9.5264,-11.2805
1690535491771,-10.8724,-8.2207,-7.004,-7.7887
1690535491775,0.0264,-1.3862,-0.9702,-0.9035
1690535491779,1.7487,6.3298,8.5328,3.4855
1690535491783,5.1478,11.3467,8.2501,4.6376
1690535491787,12.6117,14.8532,13.2599,12.6015
1690535491791,15.8969,17.7629,23.0247,12.6747
1690535491795,18.5328,18.2317,21.7046,17.8664
1690535491799,17.9868,21.2288,24.2107,22.2047
1690535491803,22.4938,18.7964,24.8429,14.7332
1690535491807,20.1575,17.2923,20.6419,18.3431
1690535491811,12.4952,13.5124,12.0841,16.0942
1690535491815,10.9031,10.0524,7.7954,12.1829
1690535491819,6.4824,4.5867,7.4375,7.1127
1690535491823,4.3385,1.3894,-2.1021,-2.8667
1690535491827,1.2691,-4.1286,1.0531,-4.731
1690535491831,-5.674,-13.9287,-11.3245,-9.0331
1690535491835,-12.6525,-14.0088,-14.6597,-15.7635
1690535491839,-16.2711,-17.2111,-20.1229,-13.6824
1690535491843,-14.917,-23.4783,-20.0842,-18.6344
1690535491847,-17.2934,-21.0361,-21.2968,-17.4404
1690535491851,-19.2897,-23.2541,-15.3779,-20.1785
1690535491855,-17.9906,-21.6097,-19.2191,-18.5331
1690535491859,-18.4278,-18.4978,-17.5693,-13.0453
1690535491863,-10.5338,-17.974,-13.286,-14.0752
1690535491867,-8.8329,-12.6026,-9.3519,-5.416
1690535491871,-5.5282,-7.5497,-1.3718,-2.3951
1690535491875,-2.9413,0.62,2.1441,4.5573
1690535491879,4.8452,4.3068,8.6419,5.0578
1690535491883,5.8898,6.1462,15.9728,12.661
1690535491887,11.6965,15.9653,17.8753,17.3388
1690535491891,14.9076,12.3259,17.2734,17.4404
1690535491895,20.2477,16.5166,18.6084,22.9648
1690535491899,15.0855,17.3053,19.5072,22.6072
1690535491903,18.5157,19.0369,16.6577,20.6504
1690535491907,15.7048,19.8295,15.475,16.896
1690535491911,12.7116,15.1464,16.5628,21.166
1690535491915,13.8786,11.3372,10.6491,14.802
1690535491919,2.2194,6.0476,3.5409,10.4917
1690535491923,5.8098,5.567,-0.7355,11.217
1690535491927,3.4208,-9.0553,-0.2934,7.4888
1690535491931,-5.5732,-9.459,-8.3928,1.0033
1690535491935,-7.4563,-13.5547,-10.222,-5.5511
1690535491939,-12.549,-16.8409,-18.673,-6.9089
1690535491943,-14.7296,-15.2308,-14.1875,-8.7058
1690535491947,-16.9653,-16.9616,-16.2888,-13.7307
1690535491951,-14.1183,-20.8046,-21.2167,-11.7773
1690535491955,-13.9359,-15.9071,-20.4172,-10.2775
1690535491959,-13.4222,-16.3592,-16.1507,-2.2115
1690535491963,-6.957,-9.7687,-15.07,-6.879
1690535491967,2.0778,-6.8778,-9.5559,-3.7546
1690535491971,3.5972,-3.6428,-2.1661,6.9455
1690535491975,10.4833,4.6207,-0.9252,10.2058
1690535491979,11.8005,6.2137,7.9528,14.3697
1690535491983,14.9392,14.7324,8.2429,16.1852
1690535491987,21.4186,17.1395,12.7867,20.6609
1690535491991,24.8028,22.5962,19.1895,21.9742
1690535491995,23.2004,20.1474,18.6856,26.7859
1690535491999,25.9545,19.2166,23.3653,28.4382
1690535492003,27.2886,20.2461,18.9035,25.1099
1690535492007,23.9344,19.1308,20.7621,26.3936
1690535492011,20.2969,14.2218,15.1823,20.4796
1690535492015,17.471,12.3915,14.2474,15.6904
1690535492019,11.0759,0.9836,5.1019,10.9398
1690535492023,7.8083,4.7964,1.1918,8.3613
1690535492027,3.4665,-4.2669,-5.3981,-2.0938
1690535492031,-0.291,-9.2977,-8.4465,-4.2726
1690535492035,-2.0394,-18.6749,-16.6696,-8.0013
1690535492039,-6.0523,-18.7078,-13.8446,-10.7766
1690535492043,-8.0124,-18.1734,-21.2049,-10.7881
1690535492047,-15.7279,-22.1189,-19.8378,-17.2561
1690535492051,-14.3457,-20.8894,-20.3683,-16.5131
1690535492055,-11.6648,-22.4656,-20.0313,-16.626
1690535492059,-8.3319,-16.1087,-17.0853,-14.494
1690535492063,-6.1619,-13.0169,-11.5042,-13.7799
1690535492067,-1.9533,-10.0553,-7.2011,-8.1294
1690535492071,2.9483,-5.3072,-0.1827,-4.3077
1690535492075,7.9152,1.1285,5.4694,-0.5972
1690535492079,14.681,4.4199,8.5732,7.9311
1690535492083,13.0811,11.4771,11.2366,12.4736
1690535492087,17.2248,11.8726,15.3693,11.6703
1690535492091,25.4561,17.121,19.0616,16.5269
1690535492095,23.0139,17.4181,19.1284,20.0822
1690535492099,26.9987,23.0531,19.6124,19.7111
1690535492103,24.5275,14.4544,18.9813,17.5792
1690535492107,20.5309,16.6718,13.9704,18.9175
1690535492111,16.1293,10.8615,13.1192,11.8021
1690535492115,15.036,9.6009,6.6543,6.1104
1690535492119,3.8303,3.5248,7.3884,3.0736
1690535492123,1.6949,-0.9035,0.957,-0.9879
1690535492127,-3.4101,-4.3505,0.0249,-8.4006
1690535492131,-4.8643,-10.0041,-8.7831,-14.704
1690535492135,-12.8916,-16.5707,-12.5925,-18.2718
1690535492139,-14.992,-19.0903,-18.1515,-25.6934
1690535492143,-12.0367,-26.1986,-19.1065,-30.5622
1690535492147,-17.2184,-25.5883,-23.56,-26.5561
1690535492151,-19.8995,-17.5737,-16.9195,-31.3532
1690535492155,-13.7042,-20.6844,-18.7702,-25.4843
1690535492159,-16.9153,-16.9712,-19.1133,-24.1235
1690535492163,-14.054,-12.7227,-10.5281,-20.573
1690535492167,-8.1066,-4.86,-11.1767,-20.6615
1690535492171,-5.2615,-3.4993,-3.2243,-13.4224
1690535492175,0.9534,4.2605,0.4818,-11.3586
1690535492179,2.5153,8.6729,8.63,-7.2314
1690535492183,7.9213,12.5383,10.1993,-0.7757
1690535492187,13.2834,18.6463,11.5261,4.1457
1690535492191,15.3168,22.2647,19.9209,10.5782
1690535492195,12.4782,23.6114,20.2806,5.2196
1690535492199,14.2059,26.397,21.8047,8.1386
1690535492203,11.9089,23.0583,20.8862,9.1898
1690535492207,8.8101,25.068,18.2639,7.7503
1690535492211,5.9092,19.1633,17.2835,5.2197
1690535492215,-1.2548,12.14,10.1281,1.1744
1690535492219,-6.1062,4.5397,3.0609,-2.9762
1690535492223,-9.5399,1.8487,2.1591,-9.1182
1690535492227,-18.0096,-2.6001,-5.2548,-12.5065
1690535492231,-22.282,-5.7547,-11.3038,-18.2932
1690535492235,-30.3692,-16.0892,-15.0426,-21.8633
1690535492239,-30.7242,-16.6414,-17.526,-20.5196
1690535492243,-29.2963,-19.4961,-17.5417,-20.658
1690535492247,-33.9132,-23.2978,-20.6087,-25.3159
1690535492251,-28.7551,-22.6197,-16.8379,-23.8009
1690535492255,-26.0611,-21.6213,-16.5327,-22.0523
1690535492259,-25.4523,-19.1867,-11.3783,-23.0288
1690535492263,-21.2655,-16.3344,-9.8947,-16.8709
1690535492267,-18.7215,-12.0984,-7.7288,-14.1494
1690535492271,-9.7299,-6.3359,-3.9629,-5.9093
1690535492275,-7.1559,1.8942,2.6066,-5.7935
1690535492279,-2.2095,7.9487,3.2501,3.294
1690535492283,1.0112,12.036,12.9969,8.8477
1690535492287,10.302,16.1617,11.0139,13.3694
1690535492291,11.9377,15.8066,15.1697,10.9564
1690535492295,14.2465,20.8687,20.9889,17.5611
1690535492299,11.1326,20.4553,20.8757,14.7264
1690535492303,13.4254,18.5335,15.1226,19.1333
1690535492307,13.8182,17.1792,18.3345,18.8391
1690535492311,4.3231,13.109,13.9588,16.2632
1690535492315,4.113,10.2991,11.4319,12.3708
1690535492319,0.6263,4.6233,3.8014,4.2468
1690535492323,-7.0559,-0.5035,0.7488,3.0569
1690535492327,-17.3769,-5.2659,-4.7631,-3.5478
1690535492331,-17.0876,-13.6366,-8.4468,-7.8763
1690535492335,-16.997,-16.8826,-11.9878,-7.6122
1690535492339,-24.2182,-21.2642,-16.6565,-15.2513
1690535492343,-25.7767,-22.3635,-17.8437,-19.8271
1690535492347,-22.0058,-25.6623,-19.3726,-16.1584
1690535492351,-24.836,-24.4073,-13.4835,-21.0391
1690535492355,-21.36,-17.2212,-18.4384,-15.6832
1690535492359,-16.8914,-22.1444,-16.5061,-11.603
1690535492363,-16.6528,-11.8862,-11.5475,-7.745
1690535492367,-12.1655,-14.5591,-9.9071,-1.936
1690535492371,-7.2933,-10.2273,-4.504,1.1345
1690535492375,4.2745,-1.7041,2.8399,6.817
1690535492379,7.228,2.9596,3.1689,9.4673
1690535492383,11.3708,9.4763,14.0381,18.291
1690535492387,13.6269,19.0666,12.5357,20.8473
1690535492391,15.9365,22.8244,18.4567,22.4238
1690535492395,20.7457,24.0792,19.0129,26.8727
1690535492399,22.7122,27.1245,22.741,27.2659
1690535492403,21.5057,24.1846,18.8476,29.523
1690535492407,21.9869,20.1026,16.6645,30.7698
1690535492411,13.5904,21.5001,15.3694,24.1907
1690535492415,14.0606,14.2413,8.8009,19.8959
1690535492419,6.6439,13.1571,2.9058,17.7447
1690535492423,0.895,6.6119,0.1732,6.8303
1690535492427,-5.7141,-1.5808,-6.4724,1.4723
1690535492431,-4.4246,-5.1941,-4.9199,-0.9596
1690535492435,-8.3661,-10.7345,-12.2929,-4.1433
1690535492439,-13.0074,-11.1918,-17.4163,-8.413
1690535492443,-17.4095,-15.8394,-15.0875,-13.8642
1690535492447,-17.6542,-17.9587,-16.7244,-15.2648
1690535492451,-17.6497,-21.6277,-20.7817,-14.8008
1690535492455,-15.1064,-19.4027,-19.861,-15.3861
1690535492459,-12.084,-17.3897,-14.7715,-10.862
1690535492463,-6.7727,-13.7123,-11.8227,-9.0447
1690535492467,2.9201,-12.0986,-2.8148,-6.3346
1690535492471,4.6,-6.6201,-2.6379,-1.7525
1690535492475,9.4853,0.3808,-0.67,1.5348
1690535492479,15.6198,3.7392,9.2655,8.2995
1690535492483,18.0151,5.9939,7.9086,12.3611
1690535492487,20.372,9.8668,15.9425,19.2355
1690535492491,25.8141,17.3011,17.1556,22.7276
1690535492495,30.1898,20.9747,17.3449,21.2047
1690535492499,29.3392,20.2095,16.5768,25.119
1690535492503,23.9467,23.2925,18.3478,20.2089
1690535492507,25.031,19.6551,14.1523,19.6943
1690535492511,18.7083,17.5777,12.3401,16.0416
1690535492515,17.4875,13.7383,9.1341,10.882
1690535492519,10.7644,9.8298,6.516,6.6907
1690535492523,4.9619,3.961,1.0525,1.5136
1690535492527,5.8827,-0.2974,-3.1555,1.5612
1690535492531,-5.7803,-7.396,-7.5725,-4.5005
1690535492535,-9.3069,-13.4102,-8.8599,-13.4587
1690535492539,-13.0395,-16.9159,-17.4662,-14.7641
1690535492543,-17.6277,-20.5885,-16.7558,-14.0001
1690535492547,-20.7244,-20.6306,-25.7018,-19.6639
1690535492551,-15.9291,-25.0763,-19.3617,-20.4635
1690535492555,-20.8037,-22.1737,-19.9082,-16.1275
1690535492559,-15.3721,-16.4929,-19.3083,-15.781
1690535492563,-14.8466,-15.759,-7.6306,-14.2767
1690535492567,-7.9136,-9.6365,-6.7869,-7.2486
1690535492571,0.3306,-7.2322,-3.4935,-2.0162
1690535492575,4.5132,0.3655,6.3204,0.6702
1690535492579,9.3819,-0.0008,4.9747,8.8092
1690535492583,16.438,3.9815,10.1832,12.8279
1690535492587,15.0506,9.2224,16.6457,19.0555
1690535492591,17.1864,11.1465,16.5708,16.352
1690535492595,22.5452,15.8224,16.4745,17.3232
1690535492599,27.5537,22.2821,19.0416,18.1002
1690535492603,25.6523,18.8449,20.5841,15.736
1690535492607,19.9161,16.6699,18.3853,13.3211
1690535492611,17.0163,19.9247,15.6289,10.3678
1690535492615,14.5406,14.6257,11.6253,9.5816
1690535492619,10.3492,8.6831,6.2819,1.2897
1690535492623,5.3928,10.1653,0.1522,-1.2475
1690535492627,3.4812,0.5001,-5.4927,-2.8359
1690535492631,-2.0959,-3.904,-10.4308,-11.8723
1690535492635,-6.7293,-7.5418,-13.6413,-16.1917
1690535492639,-12.1402,-13.4187,-15.2116,-18.7916
1690535492643,-13.3345,-18.5975,-16.4566,-21.6115
1690535492647,-12.1203,-12.9894,-20.6655,-21.9749
1690535492651,-19.5845,-19.8979,-22.0679,-21.4247
1690535492655,-15.9098,-19.1249,-18.3764,-22.8219
1690535492659,-14.6976,-14.3584,-14.3845,-19.2192
1690535492663,-9.2539,-12.5193,-8.7133,-16.0609
1690535492667,-7.6,-4.4897,-6.3458,-9.1709
1690535492671,-2.4419,1.1062,-2.8071,-2.4882
1690535492675,5.3092,1.3299,2.1754,1.9694
1690535492679,6.8926,6.2965,7.6877,5.6068
1690535492683,11.0293,9.7364,10.9944,6.5272
1690535492687,15.9667,16.088,14.6307,16.1728
1690535492691,17.6064,17.1389,12.2667,14.689
1690535492695,17.7253,17.6282,18.7319,17.7541
1690535492699,17.8633,20.4132,20.2112,18.3244
1690535492703,23.1417,17.5083,20.1912,20.8146
1690535492707,19.2393,19.9385,16.4483,20.7298
1690535492711,14.2306,14.5493,18.086,14.236
1690535492715,15.0983,12.4357,11.3658,9.8159
1690535492719,8.7536,6.7088,3.98,8.0643
1690535492723,8.0291,4.0805,3.987,2.2159
1690535492727,-1.4531,-2.7407,-6.893,-6.481
1690535492731,-6.4257,-4.5557,-7.8481,-7.1019
1690535492735,-8.6933,-12.062,-13.844,-10.8413
1690535492739,-12.0749,-13.5884,-13.4094,-19.2557
1690535492743,-12.5033,-19.6579,-20.4847,-21.9987
1690535492747,-16.1252,-21.9188,-21.0384,-19.58
1690535492751,-14.3601,-21.7238,-16.942,-19.7621
1690535492755,-17.9652,-19.9773,-15.9444,-21.7764
1690535492759,-14.3045,-15.4967,-16.9084,-17.3502
1690535492763,-10.7952,-15.3879,-10.9914,-14.9485
1690535492767,-8.4737,-10.9239,-9.1412,-13.1328
1690535492771,-3.7395,-8.7616,-1.515,-7.6986
1690535492775,3.2901,-2.1891,4.0584,-1.7702
1690535492779,6.0124,1.0423,2.6449,1.6839
1690535492783,11.7521,5.1204,10.4536,7.1065
1690535492787,16.0266,11.9482,12.4478,12.9169
1690535492791,19.1498,16.4875,15.2994,15.7962
1690535492795,15.4885,18.8841,20.8214,17.0673
1690535492799,25.7167,19.8813,24.0815,16.0368
1690535492803,20.4235,19.2238,19.8748,13.1797
1690535492807,19.7272,17.6096,16.8172,13.5141
1690535492811,13.6849,10.8357,11.2009,10.5706
1690535492815,13.8091,4.9172,8.627,7.6541
1690535492819,8.1934,3.7602,6.6713,4.3037
1690535492823,8.6409,0.1907,0.0005,2.2295
1690535492827,-3.4446,-0.9256,-5.9861,-9.334
1690535492831,-9.186,-8.2096,-9.2408,-9.2272
1690535492835,-13.1498,-11.4221,-10.3593,-11.8362
1690535492839,-17.5146,-14.2352,-12.2668,-20.3136
1690535492843,-16.3243,-14.8407,-12.8865,-21.9463
1690535492847,-26.2737,-17.2822,-16.9085,-21.3316
1690535492851,-25.4894,-13.3754,-18.2168,-27.3125
1690535492855,-25.8919,-16.2438,-16.0804,-20.7857
1690535492859,-20.8218,-14.0835,-13.1317,-22.2761
1690535492863,-20.0904,-10.5791,-13.6405,-15.7663
1690535492867,-16.4248,-5.9236,-11.6964,-11.1678
1690535492871,-12.3213,-2.5833,-9.4141,-1.5413
1690535492875,-7.8579,0.7331,-0.6488,-1.5112
1690535492879,-4.8757,11.6262,4.5078,2.6653
1690535492883,2.8947,10.7364,9.6868,4.3588
1690535492887,5.0342,17.717,16.1244,12.8496
1690535492891,9.2491,19.3944,15.0894,13.2946
1690535492895,9.2423,20.7541,20.6916,17.8043
1690535492899,8.4906,21.0924,21.798,20.2556
1690535492903,6.921,18.8536,17.6959,20.6717
1690535492907,8.6678,19.886,14.5994,18.2742
1690535492911,3.1411,16.8489,13.178,11.9025
1690535492915,2.3043,19.7599,9.2495,5.4807
1690535492919,1.6751,5.2999,1.6839,2.5311
1690535492923,-3.7057,2.7769,-0.935,-7.9693
1690535492927,-10.4976,-0.3449,-2.5329,-9.2356
1690535492931,-14.2999,-1.9759,-7.6953,-16.5604
1690535492935,-18.6122,-12.113,-10.0336,-20.2332
1690535492939,-24.0092,-19.0622,-15.7865,-19.0942
1690535492943,-23.7204,-19.2229,-19.5082,-19.0929
1690535492947,-24.8484,-18.9386,-20.8855,-18.306
1690535492951,-29.1443,-21.5912,-17.4789,-19.4316
1690535492955,-26.1529,-14.7354,-20.3947,-15.7402
1690535492959,-22.5172,-15.1017,-17.3088,-17.9651
1690535492963,-22.7539,-9.9285,-12.8555,-16.0074
1690535492967,-19.5859,-7.4632,-9.5896,-6.6749
1690535492971,-13.5716,-3.4756,-4.166,-6.3229
1690535492975,-9.5552,1.9297,-0.3489,4.9169
1690535492979,-2.6124,4.663,5.2755,10.206
1690535492983,-0.5033,3.9613,12.1152,17.0824
1690535492987,2.7584,8.8829,13.9878,20.5732
1690535492991,12.6297,16.5532,15.7429,25.8552
1690535492995,14.7615,15.7797,16.8449,28.4409
1690535492999,14.92,19.1608,14.7917,28.2891
1690535493003,13.8535,18.0757,19.0226,28.6097
1690535493007,11.0373,14.3019,12.5301,22.9938
1690535493011,8.6653,9.9037,12.4785,17.4345
1690535493015,1.3222,9.1436,13.6393,14.7386
1690535493019,1.5611,3.2247,10.1022,14.9842
1690535493023,-4.9924,-0.0724,5.3448,6.1003
1690535493027,-8.0046,-5.9063,0.8664,3.9431
1690535493031,-12.5432,-10.3466,-8.9996,-1.8632
1690535493035,-18.8818,-13.5481,-14.4527,-1.2117
1690535493039,-14.0332,-16.3441,-17.9727,-8.5387
1690535493043,-20.3631,-19.6721,-21.3266,-9.8167
1690535493047,-17.7601,-22.2546,-21.4593,-9.454
1690535493051,-22.2188,-18.3165,-18.8073,-12.6032
1690535493055,-18.0937,-22.2257,-16.4527,-12.466
1690535493059,-17.831,-18.0145,-20.4525,-7.4284
1690535493063,-16.2718,-14.7699,-14.056,-1.2221
1690535493067,-9.8299,-9.1707,-4.6619,1.9112
1690535493071,-5.2885,-2.9803,-1.7305,3.4772
1690535493075,5.3969,3.9849,2.9381,10.2421
1690535493079,5.8275,5.4923,11.0945,16.3247
1690535493083,10.8801,13.7277,10.6336,19.0708
1690535493087,16.3621,13.2813,14.5561,21.4587
1690535493091,17.652,17.6669,14.1761,22.6782
1690535493095,22.7672,19.9742,14.6533,23.2249
1690535493099,24.1688,21.7367,21.1396,22.9189
1690535493103,26.7258,18.0798,19.2708,27.5096
1690535493107,24.5881,23.5135,20.68,21.2974
1690535493111,22.4822,20.3831,11.8476,18.4374
1690535493115,19.2469,13.1389,13.9404,15.5188
1690535493119,11.4529,11.1676,5.4659,12.9313
1690535493123,9.4675,4.7462,-0.191,9.8572
1690535493127,4.1997,0.0244,-1.0729,5.4362
1690535493131,2.8293,-4.8674,-8.0003,-1.2566
1690535493135,-5.791,-8.2984,-9.4692,-2.6386
1690535493139,-6.5703,-11.8128,-15.7835,-10.8428
1690535493143,-8.5707,-13.211,-17.3351,-15.1628
1690535493147,-7.8966,-17.8677,-19.9436,-13.707
1690535493151,-9.0154,-18.345,-20.0051,-13.6956
1690535493155,-6.7658,-12.7662,-17.3215,-12.1741
1690535493159,-10.199,-14.9045,-17.4001,-9.7964
1690535493163,-4.1545,-10.9721,-15.002,-2.3996
1690535493167,-1.5895,-10.408,-9.9572,-6.0801
1690535493171,3.9867,-9.0308,-7.782,-1.0728
1690535493175,4.9925,-1.1308,-5.4777,2.3339
1690535493179,13.5409,2.185,5.5958,3.8846
1690535493183,16.185,10.9965,8.0232,10.6776
1690535493187,18.7773,11.7769,16.1472,13.546
1690535493191,20.0405,17.8645,16.4193,16.9555
1690535493195,25.7953,14.9423,16.218,19.7963
1690535493199,26.1876,17.4938,20.2996,20.4513
1690535493203,22.8258,16.8074,13.8653,16.3404
1690535493207,24.3567,16.5369,16.3419,18.1156
1690535493211,21.0044,13.9736,17.4401,10.6164
1690535493215,15.894,12.7043,8.9271,9.3747
1690535493219,13.3937,7.4038,6.6082,4.6693
1690535493223,7.1998,-0.1456,4.0561,-4.8687
1690535493227,4.8048,-3.7792,-2.3474,-10.1047
1690535493231,-5.711,-12.5574,-8.2004,-20.4682
1690535493235,-8.5201,-12.8472,-8.767,-22.2178
1690535493239,-10.1446,-16.1666,-12.5087,-23.8076
1690535493243,-13.493,-18.0381,-12.4654,-26.688
1690535493247,-11.7739,-23.2174,-19.6971,-26.0369
1690535493251,-13.7725,-20.18,-21.5943,-24.5736
1690535493255,-10.9237,-19.7219,-23.069,-28.8585
1690535493259,-8.275,-18.4931,-20.9527,-23.4664
1690535493263,-3.3116,-14.6582,-18.6181,-23.802
1690535493267,-5.1754,-12.1351,-9.0831,-17.3786
1690535493271,5.4247,-8.2252,-8.6058,-12.3135
1690535493275,8.5951,-2.1383,4.8479,-5.5821
1690535493279,11.0476,2.6802,6.5877,-2.4535
1690535493283,17.9019,6.7659,12.1145,1.3404
1690535493287,21.0225,13.3379,16.8981,6.5455
1690535493291,22.3508,15.8684,19.6678,7.8662
1690535493295,25.4945,14.0957,20.6654,9.4255
1690535493299,23.7508,18.3049,20.8728,15.4401
1690535493303,20.0021,18.0021,15.6213,16.5443
1690535493307,22.2487,20.7663,17.8903,10.1184
1690535493311,15.9813,13.8349,15.5179,9.4732
1690535493315,11.1129,12.8128,10.4918,2.0301
1690535493319,4.4037,8.3497,6.9393,-1.8826
1690535493323,0.9405,3.981,-0.5095,-4.8786
1690535493327,-6.4231,4.694,-3.4549,-10.1884
1690535493331,-11.6741,-6.3631,-8.1126,-18.2335
1690535493335,-13.9061,-9.0763,-17.2519,-18.6864
1690535493339,-19.7414,-14.0174,-15.0711,-23.9926
1690535493343,-15.2239,-15.128,-19.5939,-23.7537
1690535493347,-24.1571,-19.952,-15.4543,-31.8066
1690535493351,-23.8948,-14.7221,-20.4117,-25.8607
1690535493355,-22.3552,-11.7241,-17.9464,-29.0624
1690535493359,-19.0008,-11.6404,-17.3928,-24.5374
1690535493363,-16.0665,-10.4393,-13.5421,-20.805
1690535493367,-12.7113,-6.3322,-13.5911,-19.4645
1690535493371,-1.7289,-1.7383,-3.2338,-10.572
1690535493375,2.1801,1.6697,0.1582,-5.4461
1690535493379,2.7653,8.8905,6.26,4.4257
1690535493383,7.2109,10.2189,6.9585,4.2137
1690535493387,11.3171,12.2946,13.8355,11.7095
1690535493391,12.8378,13.6653,17.1196,13.0865
1690535493395,15.0562,18.7133,17.5816,17.9037
1690535493399,18.9207,22.3238,20.385,16.6642
1690535493403,20.8002,21.1599,19.8253,20.4988
1690535493407,16.6514,16.1137,17.7609,14.3253
1690535493411,10.693,12.975,16.7905,13.3113
1690535493415,6.4212,8.1477,13.9528,11.0257
1690535493419,3.4324,2.8517,8.0347,3.3169
1690535493423,-2.3122,4.2239,0.2561,-0.105
1690535493427,-5.8593,-6.7271,-1.7072,0.6339
1690535493431,-11.5132,-10.9253,-8.3503,-5.0735
1690535493435,-16.1075,-11.9904,-11.8669,-9.2011
1690535493439,-16.6567,-16.388,-18.0386,-12.928
1690535493443,-24.6613,-18.3003,-19.7859,-15.1222
1690535493447,-21.7092,-22.4536,-19.9819,-16.8555
1690535493451,-21.0388,-17.8417,-19.4785,-14.3932
1690535493455,-21.5382,-20.5956,-18.0754,-13.2418
1690535493459,-16.9865,-17.9436,-15.1821,-10.5805
1690535493463,-12.2041,-14.4695,-16.045,-3.4782
1690535493467,-9.3774,-13.1997,-10.1767,-1.7403
1690535493471,-2.5852,-6.3373,-7.8959,0.7936
1690535493475,0.7742,-1.5144,0.7399,6.6829
1690535493479,3.8674,3.8793,3.9683,11.5283
1690535493483,8.5725,9.7489,8.4091,21.0552
1690535493487,11.6349,10.2008,13.3316,18.7975
1690535493491,14.1242,11.0234,17.7447,21.1197
1690535493495,15.9832,15.3182,19.3781,22.3247
1690535493499,22.4026,15.6095,20.1566,25.5416
1690535493503,15.2007,14.762,18.7365,26.1802
1690535493507,17.2806,17.7342,20.0121,19.9732
1690535493511,12.8294,16.4909,15.3127,16.5166
1690535493515,6.9026,10.1471,8.3526,15.5772
1690535493519,1.5773,7.1914,5.4552,9.6872
1690535493523,-1.6365,3.33,3.2839,4.7068
1690535493527,-8.4784,-4.5447,-2.7174,3.1629
1690535493531,-15.3368,-9.3544,-14.1433,-2.9509
1690535493535,-17.2692,-9.4156,-9.2481,-5.389
1690535493539,-20.4348,-15.4155,-17.3965,-8.4825
1690535493543,-23.4517,-17.9208,-17.8033,-11.8672
1690535493547,-29.5837,-20.8121,-20.1191,-18.8786
1690535493551,-28.5232,-17.2139,-17.8118,-13.7185
1690535493555,-23.1127,-12.203,-16.9052,-13.1208
1690535493559,-20.8954,-13.8658,-14.0956,-12.5543
1690535493563,-18.3294,-11.0705,-12.6443,-7.1293
1690535493567,-10.3036,-5.8029,-5.9274,-3.8715
1690535493571,-1.5636,-3.8694,-2.9307,4.0207
1690535493575,3.0312,4.9759,-1.2864,6.1615
1690535493579,4.4571,4.5839,8.8323,10.0822
1690535493583,6.4976,13.0752,9.8641,14.1492
1690535493587,11.1524,15.4436,14.6586,15.5162
1690535493591,13.5027,18.21,14.404,22.0379
1690535493595,11.4215,22.9666,19.9642,28.2865
1690535493599,18.2479,21.0397,22.2376,25.443
1690535493603,18.604,22.4841,16.5106,19.6095
1690535493607,16.5202,19.4859,20.4938,25.889
1690535493611,11.8603,15.9894,13.6849,20.8595
1690535493615,7.3284,14.5759,10.1806,16.1164
1690535493619,6.3923,6.8446,9.0249,12.5498
1690535493623,-0.3424,-0.1959,5.0892,3.5085
1690535493627,-9.7313,-2.6037,-0.6871,-3.08
1690535493631,-13.6173,-8.273,-8.2529,-2.8538
1690535493635,-14.7478,-14.6447,-11.5453,-10.5386
1690535493639,-21.3015,-17.0008,-16.5005,-14.5724
1690535493643,-23.4143,-18.185,-19.6237,-18.3685
1690535493647,-25.6075,-20.8332,-22.3878,-19.7777
1690535493651,-23.7003,-19.8606,-23.2239,-20.2805
1690535493655,-25.1305,-18.6391,-24.1692,-20.0485
1690535493659,-21.3971,-19.7334,-14.6616,-17.7979
1690535493663,-16.3371,-12.5858,-16.3269,-15.3232
1690535493667,-13.9416,-8.6255,-6.2416,-8.4246
1690535493671,-6.498,-4.9539,-4.3791,-4.5337
1690535493675,-3.8516,0.3918,5.5987,1.7062
1690535493679,1.1464,3.1435,6.0246,5.673
1690535493683,9.4016,7.5244,11.0915,7.1115
1690535493687,12.5677,12.4991,16.2821,12.482
1690535493691,11.3942,20.101,17.8371,15.0909
1690535493695,15.9228,16.3064,21.7624,21.6942
1690535493699,14.8538,18.1686,19.2251,20.928
1690535493703,12.676,14.0084,18.8578,16.9501
1690535493707,10.8643,11.6528,20.1251,15.0763
1690535493711,15.5547,13.129,15.9469,15.6126
1690535493715,9.017,9.3475,11.6595,10.9681
1690535493719,9.052,5.3904,4.904,7.2091
1690535493723,-1.0573,1.0689,-0.8857,1.7507
1690535493727,-6.5741,-4.9058,-3.6905,-3.7816
1690535493731,-8.5265,-8.3519,-7.4843,-5.0711
1690535493735,-11.57,-15.8799,-12.0073,-13.5874
1690535493739,-15.3309,-19.5548,-10.8591,-14.9423
1690535493743,-14.3777,-15.9713,-18.3791,-23.358
1690535493747,-18.9605,-22.4244,-18.2331,-16.9166
1690535493751,-17.124,-19.8636,-20.5571,-18.1251
1690535493755,-16.1374,-23.9895,-16.9747,-15.9757
1690535493759,-11.894,-17.4584,-16.3726,-13.6539
1690535493763,-6.4774,-10.8856,-17.0641,-14.3172
1690535493767,-1.9968,-7.9743,-12.0935,-3.8105
1690535493771,0.8922,-1.5158,-3.4196,-3.9796
1690535493775,5.0507,3.1724,-3.576,2.4138
1690535493779,17.76,6.5956,1.9402,3.2609
1690535493783,18.6955,14.0884,10.1883,12.0016
1690535493787,19.9613,16.0788,17.1655,13.9586
1690535493791,25.2665,18.4014,21.1315,18.1062
1690535493795,27.2575,21.4549,20.1676,16.2935
1690535493799,28.5135,24.0037,17.5579,19.1438
1690535493803,28.1294,18.1784,21.2518,15.2235
1690535493807,25.0903,22.2793,22.8326,18.6945
1690535493811,20.71,19.2159,17.0899,11.146
1690535493815,20.7864,18.644,13.5822,4.8629
1690535493819,12.917,11.2235,4.4413,6.5157
1690535493823,10.1929,6.4713,4.9681,0.6339
1690535493827,0.8171,-1.0464,0.0026,-8.5183
1690535493831,-1.9896,-3.2046,-8.7369,-14.3916
1690535493835,-5.1298,-10.3674,-12.7376,-14.0434
1690535493839,-8.9563,-9.9943,-21.0977,-19.8005
1690535493843,-10.2188,-17.0408,-20.1924,-20.059
1690535493847,-11.824,-19.9496,-20.9782,-21.6169
1690535493851,-10.3455,-18.892,-17.419,-19.2635
1690535493855,-10.5973,-21.6991,-22.3734,-19.4771
1690535493859,-4.1253,-19.8427,-18.9508,-17.6522
1690535493863,-2.4657,-15.127,-12.3721,-15.0481
1690535493867,-0.4167,-12.7319,-8.5032,-14.239
1690535493871,2.4461,-6.8685,-2.696,-4.0453
1690535493875,7.178,-3.1907,2.2078,-1.8356
1690535493879,15.8766,5.3263,6.8358,1.8818
1690535493883,19.2067,9.9501,7.5538,6.7242
1690535493887,22.6477,17.2113,11.7115,17.736
1690535493891,25.6452,17.2261,18.8921,17.5976
1690535493895,28.5829,18.1821,23.3466,19.5835
1690535493899,29.4655,20.4072,24.0879,17.628
1690535493903,24.543,17.3664,18.4631,16.5914
1690535493907,19.389,18.0627,21.0636,10.734
1690535493911,25.2688,15.8471,12.4129,12.4542
1690535493915,18.9077,10.0401,9.4087,5.78
1690535493919,9.9296,1.9723,2.9434,1.7237
1690535493923,13.2152,-0.7712,-2.8176,-2.2058
1690535493927,4.3699,-4.666,-5.3289,-4.6682
1690535493931,-3.326,-8.1058,-10.0331,-9.5394
1690535493935,-2.7794,-14.3831,-7.3758,-13.3131
1690535493939,-9.5589,-20.0175,-18.214,-20.7627
1690535493943,-10.3577,-18.5042,-15.4894,-22.1669
1690535493947,-15.3515,-21.7044,-17.9617,-30.976
1690535493951,-13.4015,-21.8763,-18.3798,-27.1924
1690535493955,-14.1259,-22.8923,-17.3885,-24.7057
1690535493959,-11.6238,-19.6885,-13.7851,-18.4054
1690535493963,-11.6865,-17.9855,-13.5517,-17.9008
1690535493967,-2.6819,-13.882,-5.2162,-18.491
1690535493971,-0.1432,-7.2429,-5.0327,-9.8846
1690535493975,0.8308,-2.0645,1.0819,-4.2443
1690535493979,1.9598,3.0857,5.6646,0.8744
1690535493983,6.604,7.1235,12.1453,1.0875
1690535493987,8.8512,12.2236,13.8818,6.813
1690535493991,16.8942,14.7847,17.8524,10.8319
1690535493995,13.0481,19.0516,20.566,12.1078
1690535493999,13.3868,20.1558,21.2877,14.6123
1690535494003,14.6633,22.9991,18.782,15.4448
1690535494007,13.1187,21.138,22.3779,11.7025
1690535494011,8.6603,16.8813,16.2281,9.8519
1690535494015,5.6281,16.0715,15.504,6.4997
1690535494019,-1.3003,9.9198,11.7873,5.8221
1690535494023,-6.3546,2.2669,-1.9839,2.4585
1690535494027,-9.3377,-1.5138,-5.022,-8.0243
1690535494031,-10.3615,-5.3515,-11.7302,-10.9742
1690535494035,-12.9043,-9.7699,-12.8484,-13.6536
1690535494039,-16.539,-12.0842,-16.3512,-15.9995
1690535494043,-26.5861,-14.9026,-18.9714,-20.3272
1690535494047,-23.1926,-15.4436,-23.0303,-19.7082
1690535494051,-24.0292,-17.1812,-21.8623,-21.5205
1690535494055,-26.4918,-15.0402,-19.0234,-18.6028
1690535494059,-24.7928,-16.1124,-17.4949,-16.6397
1690535494063,-18.7618,-12.4638,-15.0344,-15.2836
1690535494067,-16.1133,-4.0466,-4.8446,-6.62
1690535494071,-9.2137,-7.0901,-1.9415,-4.2855
1690535494075,-9.6724,1.8693,4.3808,1.3186
1690535494079,-3.697,3.3667,8.2086,7.8478
1690535494083,2.2764,7.6536,15.2284,14.3495
1690535494087,6.0535,10.0921,16.9104,18.9076
1690535494091,9.2567,16.1526,16.9846,21.2637
1690535494095,13.7633,15.3014,16.9876,21.4919
1690535494099,12.165,19.3693,23.0507,26.0523
1690535494103,13.2806,16.0934,23.8942,23.1657
1690535494107,14.7574,16.2555,19.4377,20.7644
1690535494111,6.941,12.1324,18.8487,19.5983
1690535494115,5.2356,11.3763,10.2287,13.7691
1690535494119,-0.566,4.681,5.9703,7.6473
1690535494123,-3.828,2.4428,1.282,2.3285
1690535494127,-10.5751,-4.4836,-0.1175,0.247
1690535494131,-17.2988,-3.6831,-9.6136,-6.9654
1690535494135,-20.6921,-9.1158,-12.0157,-5.6221
1690535494139,-18.4692,-16.9144,-13.8342,-5.9489
1690535494143,-20.2607,-19.7956,-19.1233,-15.4329
1690535494147,-24.0254,-19.9792,-20.9447,-13.3485
1690535494151,-22.2723,-21.529,-20.7037,-15.1332
1690535494155,-25.3581,-18.7822,-17.5451,-12.3816
1690535494159,-24.1617,-21.6562,-18.3177,-8.5973
1690535494163,-20.6307,-12.363,-12.9971,-5.3477
1690535494167,-15.9346,-10.5913,-11.0407,-0.0468
1690535494171,-12.4214,-4.2818,-4.5398,6.7571
1690535494175,-8.4132,-2.2881,3.8135,9.7737
1690535494179,-3.5564,1.0472,8.1222,20.127
1690535494183,4.3698,4.8983,8.1242,16.4687
1690535494187,8.7079,9.7714,13.9876,25.3243
1690535494191,9.4774,13.4687,17.9089,26.3718
1690535494195,18.0917,16.5723,17.6481,29.3986
1690535494199,14.9633,12.5339,21.1314,27.9978
1690535494203,15.6054,15.8162,18.9137,26.5082
1690535494207,16.2791,9.923,21.2547,22.8293
1690535494211,13.0353,14.9944,16.7886,24.2842
1690535494215,11.0525,8.1526,8.8742,15.051
1690535494219,4.5332,8.6651,10.4327,14.6517
1690535494223,0.8931,3.4675,3.8305,9.0251
1690535494227,-0.1049,-2.3916,-1.6081,4.2912
1690535494231,-6.2624,-4.1682,-8.8588,0.991
1690535494235,-14.8872,-8.6852,-13.5033,-9.0727
1690535494239,-11.462,-13.8541,-14.4967,-10.205
1690535494243,-20.1369,-13.2027,-18.1341,-15.6819
1690535494247,-18.7623,-14.7621,-18.646,-13.0895
1690535494251,-18.8276,-16.3013,-24.3778,-15.6365
1690535494255,-16.4623,-12.3866,-18.2675,-14.2801
1690535494259,-12.0264,-11.9755,-16.3063,-7.7706
1690535494263,-11.6582,-11.6391,-11.0689,-9.6658
1690535494267,-7.8893,-6.811,-9.6188,-5.0208
1690535494271,-4.1257,-2.5763,-2.2501,-3.9271
1690535494275,3.1688,-0.3299,-0.6519,4.3192
1690535494279,4.0393,9.8643,8.2587,5.0109
1690535494283,8.6767,12.1883,10.4516,7.1401
1690535494287,16.192,15.5526,16.5203,13.2208
1690535494291,14.1619,21.0684,19.3576,15.0635
1690535494295,18.3939,20.4415,20.5333,16.8883
1690535494299,23.3819,16.5352,17.8912,15.595
1690535494303,14.9776,20.3207,22.1049,16.6943
1690535494307,18.5632,17.9453,14.9914,14.4464
1690535494311,16.0221,12.6773,14.9987,10.2522
1690535494315,16.6711,12.6535,7.9347,10.5649
1690535494319,4.3464,5.3188,6.7697,4.7697
1690535494323,2.8738,-0.194,2.9097,-0.0332
1690535494327,-1.0862,-1.9812,-9.8084,-10.2905
1690535494331,-5.4923,-6.2096,-11.1947,-9.672
1690535494335,-12.1155,-6.4344,-13.2527,-15.7356
1690535494339,-17.1385,-15.643,-16.5645,-20.1316
1690535494343,-20.959,-19.1294,-18.0387,-22.8867
1690535494347,-22.8412,-15.9211,-16.1961,-24.5509
1690535494351,-25.3044,-18.2673,-18.0202,-23.0518
1690535494355,-18.4834,-15.6615,-21.2872,-23.2205
1690535494359,-16.1579,-13.3433,-18.9037,-19.1178
1690535494363,-12.9231,-14.1175,-14.1777,-17.9975
1690535494367,-8.8427,-8.0256,-11.7997,-18.7248
1690535494371,-1.8521,-7.3279,-6.1499,-13.856
1690535494375,1.4861,-1.1159,-1.3628,-4.9999
1690535494379,7.5888,4.6865,6.952,-5.4641
1690535494383,11.8226,7.2856,8.7566,5.7924
1690535494387,17.0513,11.7073,16.4355,5.8792
1690535494391,18.4128,16.9004,19.7572,6.7324
1690535494395,22.2173,13.5132,21.6926,10.7701
1690535494399,22.7514,15.1995,21.8027,11.2568
1690535494403,23.5724,14.2144,21.8106,12.4137
1690535494407,17.3658,12.5097,21.3394,7.2468
1690535494411,18.4659,9.9799,14.2564,6.7006
1690535494415,17.4131,10.3643,9.5297,-0.3596
1690535494419,12.2174,2.0852,5.3296,-2.7658
1690535494423,7.3691,-0.8945,-3.198,-7.6513
1690535494427,3.6493,-5.0648,-3.7962,-10.1228
1690535494431,-2.7337,-9.8493,-13.4939,-18.5133
1690535494435,-7.9865,-16.8041,-12.7979,-18.4114
1690535494439,-13.8518,-19.1352,-14.6718,-23.1182
1690535494443,-17.252,-19.5045,-21.5842,-29.1945
1690535494447,-19.4347,-17.5405,-19.0892,-28.6055
1690535494451,-16.7183,-16.103,-15.6091,-28.9722
1690535494455,-19.5239,-19.6018,-19.2835,-28.9691
1690535494459,-11.4548,-15.1227,-13.5147,-27.4404
1690535494463,-6.791,-8.4898,-10.9242,-22.1725
1690535494467,-6.286,-4.6857,-9.7856,-12.5896
1690535494471,0.9483,0.0317,-5.7217,-8.6968
1690535494475,6.6923,4.5107,0.4531,-3.7944
1690535494479,11.5877,7.3045,7.3583,4.3771
1690535494483,15.302,12.1384,10.2147,5.1844
1690535494487,19.1469,15.4107,15.8582,9.601
1690535494491,23.1674,20.628,14.6928,14.0375
1690535494495,18.6076,19.7751,18.2266,20.6726
1690535494499,22.1722,23.3373,23.2228,17.2599
1690535494503,24.2509,19.2531,19.607,19.723
1690535494507,21.9536,17.204,19.5988,16.5308
1690535494511,23.3491,16.0393,13.4951,16.4781
1690535494515,18.9694,8.6231,10.9422,10.1814
1690535494519,13.8173,7.6917,3.5731,7.4898
1690535494523,9.0299,2.86,1.2421,3.2496
1690535494527,-1.2662,0.1434,-5.3339,-7.7099
1690535494531,0.488,-4.7276,-9.8295,-8.3572
1690535494535,-6.6045,-6.2984,-13.0413,-10.4973
1690535494539,-5.2506,-14.1119,-15.1177,-15.627
1690535494543,-7.8033,-17.741,-18.4639,-16.7569
1690535494547,-12.7111,-16.3941,-17.7153,-20.5601
1690535494551,-15.5109,-20.2219,-20.7118,-19.2805
1690535494555,-11.5519,-16.9501,-17.4266,-15.9938
1690535494559,-11.2003,-13.4185,-12.9615,-16.8138
1690535494563,-6.763,-11.4447,-14.6813,-7.2579
1690535494567,-0.6872,-9.3402,-7.9303,-5.9881
1690535494571,4.8754,-5.4402,-6.2891,-0.101
1690535494575,7.6855,2.8989,3.4563,4.5011
1690535494579,10.3646,9.0795,2.5541,8.7435
1690535494583,16.8879,12.8848,13.0372,13.639
1690535494587,21.0043,12.2459,12.9213,20.3871
1690535494591,24.6703,12.0632,15.6535,22.3498
1690535494595,28.6663,14.8453,18.5203,22.8204
1690535494599,26.1975,16.9624,17.0486,21.3113
1690535494603,26.7453,14.8459,13.8247,25.3138
1690535494607,24.358,12.0659,16.3127,21.8662
1690535494611,16.7033,11.5257,16.1878,17.8967
1690535494615,20.9876,5.6416,9.6722,15.7899
1690535494619,10.8736,4.3214,4.7145,7.7766
1690535494623,2.7469,-2.5651,0.5856,4.6961
1690535494627,-3.9512,-3.8646,-4.0664,4.9858
1690535494631,-4.987,-8.437,-10.4507,-1.0598
1690535494635,-13.3445,-16.7703,-8.9887,-5.0268
1690535494639,-16.7761,-19.7772,-16.7712,-8.793
1690535494643,-19.3353,-20.5461,-17.8943,-11.0161
1690535494647,-24.663,-23.54,-22.8782,-14.8684
1690535494651,-25.637,-22.2119,-23.8553,-13.897
1690535494655,-20.6993,-19.4394,-19.6195,-12.0197
1690535494659,-24.2461,-17.4456,-16.7355,-9.7965
1690535494663,-15.6748,-14.9109,-13.8658,-6.1128
1690535494667,-13.7761,-7.3209,-10.3982,-0.6528
1690535494671,-9.6144,-3.0721,-2.7213,3.4658
1690535494675,-2.6075,0.7133,0.2227,7.3029
1690535494679,2.1372,6.4724,7.5362,9.6639
1690535494683,3.8938,6.3397,12.8293,14.9732
1690535494687,9.1488,10.0876,16.5817,15.6451
1690535494691,13.2521,16.0604,18.3111,22.7714
1690535494695,14.4798,19.8148,17.9552,23.0933
1690535494699,13.3653,21.0646,13.611,19.8046
1690535494703,12.8488,16.7748,17.4093,20.1671
1690535494707,12.4929,21.4052,16.9017,23.5118
1690535494711,9.3619,17.6058,12.217,20.7196
1690535494715,5.2054,13.2648,9.2875,10.924
1690535494719,0.5373,9.364,8.4502,10.1913
1690535494723,-5.85,2.0016,1.2334,0.8167
1690535494727,-9.556,-0.5103,-5.8826,-3.9811
1690535494731,-16.9117,-5.0766,-7.4357,-8.3844
1690535494735,-16.5306,-9.67,-13.8004,-11.9369
1690535494739,-23.5795,-12.1667,-20.936,-13.6596
1690535494743,-26.7746,-18.0421,-21.8608,-13.7245
1690535494747,-27.4988,-17.2754,-21.4902,-19.0624
1690535494751,-28.8976,-17.0215,-27.6855,-17.8279
1690535494755,-27.6377,-14.4894,-21.0051,-16.418
1690535494759,-23.5243,-12.7739,-13.9864,-11.8588
1690535494763,-23.961,-5.5411,-15.1413,-7.7704
1690535494767,-15.7484,-5.1359,-5.5417,-6.8205
1690535494771,-14.9742,-0.4507,-3.177,-0.2299
1690535494775,-8.337,5.5571,2.7586,-2.7294
1690535494779,-1.9426,7.5068,8.6424,8.6483
1690535494783,0.8547,11.7184,13.8214,10.5688
1690535494787,4.2573,14.7357,12.2272,16.0481
1690535494791,10.8685,19.0598,14.9401,23.6525
1690535494795,6.4588,21.3888,15.9148,23.3005
1690535494799,8.0853,18.5935,17.2891,22.8629
1690535494803,11.0296,14.0486,17.1578,23.0866
1690535494807,8.2691,14.881,17.2238,19.5913
1690535494811,4.3671,11.0306,17.3917,17.8457
1690535494815,-0.8146,11.8001,12.1542,10.9386
1690535494819,-5.6272,5.9358,5.9967,11.6859
1690535494823,-7.7269,2.6134,4.3057,2.574
1690535494827,-11.5933,-4.7507,-6.8164,1.3469
1690535494831,-14.1625,-8.2154,-7.2973,-7.8794
1690535494835,-20.5492,-14.4388,-13.8889,-11.1301
1690535494839,-24.6663,-17.2272,-17.3561,-16.0154
1690535494843,-24.4819,-23.5706,-16.9711,-18.0023
1690535494847,-29.0072,-24.6816,-14.8281,-18.606
1690535494851,-25.648,-20.1567,-14.2879,-21.9715
1690535494855,-25.8104,-19.7282,-21.3784,-21.847
1690535494859,-24.5171,-18.3259,-12.5374,-19.6849
1690535494863,-16.115,-11.3136,-12.2709,-15.1127
1690535494867,-10.9062,-8.9,-8.7366,-8.957
1690535494871,-7.769,-5.3753,-4.9237,-7.4002
1690535494875,0.647,0.1345,0.0258,-1.6094
1690535494879,7.3488,5.1894,3.6609,4.2229
1690535494883,11.0573,7.4313,7.5022,15.4278
1690535494887,17.9629,8.4161,10.9018,19.7372
1690535494891,19.3905,18.5919,17.087,15.3152
1690535494895,18.3325,21.8436,23.3449,21.6376
1690535494899,21.6364,19.1835,22.6498,21.748
1690535494903,24.0323,17.5354,21.7228,22.2331
1690535494907,20.5631,16.2088,18.3763,21.9937
1690535494911,15.9881,9.6726,13.3979,12.7969
1690535494915,11.1549,5.552,13.0733,9.5786
1690535494919,4.7976,3.3193,9.2079,7.1924
1690535494923,0.5858,3.8567,1.0454,2.875
1690535494927,-2.9337,2.7291,-4.9671,-1.107
1690535494931,-6.2528,-4.1389,-11.7498,-8.7141
1690535494935,-8.6568,-9.6218,-13.5794,-15.0784
1690535494939,-13.7008,-11.9688,-18.9396,-13.387
1690535494943,-10.6073,-17.0839,-19.8947,-18.7735
1690535494947,-13.1736,-17.166,-14.7384,-20.0817
1690535494951,-16.7403,-14.3108,-17.2373,-20.6288
1690535494955,-16.6502,-11.9067,-16.088,-18.7874
1690535494959,-12.4011,-13.8918,-17.9048,-19.0006
1690535494963,-8.661,-10.948,-13.786,-13.7579
1690535494967,-4.6247,-8.8055,-13.2431,-10.1102
1690535494971,-0.865,-1.1551,-4.9928,-4.6936
1690535494975,1.9465,5.294,-0.4594,-2.2542
1690535494979,8.5822,11.872,5.1809,9.8668
1690535494983,14.7494,15.5644,10.6339,7.1252
1690535494987,19.1219,16.9554,15.5617,13.3546
1690535494991,25.1367,19.3904,18.3118,16.7761
1690535494995,26.1589,19.3121,18.263,17.0429
1690535494999,29.2574,20.532,19.3061,17.8822
1690535495003,22.563,17.5493,17.1479,12.3595
1690535495007,23.9588,17.6375,17.433,10.2391
1690535495011,18.2998,16.5351,14.3609,11.2208
1690535495015,15.873,12.7548,9.3322,1.7249
1690535495019,7.9085,4.9845,4.1206,0.1155
1690535495023,4.1581,0.3267,3.7821,-6.6949
1690535495027,1.0876,-4.8951,-0.5719,-8.931
1690535495031,-2.1874,-10.181,-5.4485,-16.6979
1690535495035,-11.3497,-12.7224,-11.974,-23.3095
1690535495039,-8.2822,-15.4477,-14.2937,-21.6218
1690535495043,-11.0433,-17.8022,-14.5959,-21.3706
1690535495047,-12.0993,-21.7343,-16.5546,-27.1917
1690535495051,-14.7079,-22.3568,-19.3358,-26.7758
1690535495055,-14.2135,-18.6327,-20.013,-27.9076
1690535495059,-7.7671,-18.0243,-15.2028,-24.8109
1690535495063,-9.1755,-8.7326,-13.785,-20.1436
1690535495067,-1.1021,-8.3908,-12.2563,-14.9332
1690535495071,3.3501,-1.1814,-3.2505,-6.5705
1690535495075,8.1781,-0.3716,0.2163,-1.6511
1690535495079,14.6786,2.9381,3.5515,3.8475
1690535495083,16.4428,9.8095,14.2695,2.8833
1690535495087,16.1676,8.2769,16.4509,10.6504
1690535495091,21.5034,16.6638,18.2728,13.7295
1690535495095,21.2521,15.8644,16.5829,12.6069
1690535495099,27.5337,16.5846,19.0564,16.1564
1690535495103,25.0267,19.4992,19.641,18.8043
1690535495107,24.7563,17.5787,14.0486,11.7526
1690535495111,18.0257,13.263,14.1291,11.6662
1690535495115,10.2184,9.6045,12.8027,5.2682
1690535495119,7.1722,-1.2536,5.38,4.245
1690535495123,0.9544,-0.7205,2.6662,-3.897
1690535495127,-5.8838,-8.8046,1.5464,-6.8421
1690535495131,-10.3586,-10.4573,-11.6508,-11.9283
1690535495135,-13.9667,-16.094,-14.179,-15.9525
1690535495139,-16.4838,-19.1476,-19.9793,-21.6051
1690535495143,-18.8651,-19.6235,-21.2675,-20.8939
1690535495147,-20.4455,-19.5073,-23.8205,-26.0321
1690535495151,-18.7419,-14.5956,-21.3647,-23.5169
1690535495155,-18.4035,-19.4355,-18.048,-19.8496
1690535495159,-13.676,-13.0432,-15.1468,-18.3802
1690535495163,-7.6451,-10.4703,-11.7762,-14.3728
1690535495167,-6.8508,-4.4711,-8.3739,-10.0515
1690535495171,-0.8595,-1.8196,-1.2659,-11.5317
1690535495175,4.5023,9.4823,1.4142,-3.7872
1690535495179,5.2751,11.6891,4.7333,3.337
1690535495183,11.6522,11.9322,12.4603,4.7526
1690535495187,14.0125,16.8618,14.1767,12.4804
1690535495191,19.9584,22.2506,11.1394,18.1187
1690535495195,21.4219,22.5992,19.0019,22.0335
1690535495199,21.5769,24.192,18.425,21.0539
1690535495203,23.4638,23.7708,16.3696,23.7172
1690535495207,18.6097,20.1231,15.5847,20.6456
1690535495211,17.0661,16.3772,13.6942,18.0521
1690535495215,11.7618,11.7456,10.3808,15.2788
1690535495219,9.4273,8.4999,7.865,9.1013
1690535495223,5.9098,4.8935,7.7237,8.9527
1690535495227,-3.2923,-5.9549,-2.811,4.5446
1690535495231,-9.9014,-12.2076,-5.1125,1.8644
1690535495235,-7.386,-14.2161,-9.5115,-5.4249
1690535495239,-15.4671,-15.6559,-15.5706,-7.2563
1690535495243,-18.4605,-21.9203,-15.272,-8.968
1690535495247,-20.0992,-21.1102,-18.7043,-11.0905
1690535495251,-15.7341,-21.256,-18.5626,-10.437
1690535495255,-16.9269,-24.0542,-20.9502,-10.2
1690535495259,-14.5191,-14.2518,-17.0932,-7.6238
1690535495263,-11.9642,-11.6835,-14.6657,-5.1979
1690535495267,-5.3399,-7.827,-8.5567,-0.6838
1690535495271,-2.7462,-3.2437,-6.1659,2.9229
1690535495275,5.081,3.3724,-1.8013,6.0125
1690535495279,9.8053,2.364,6.5738,16.6819
1690535495283,13.4461,7.3494,7.9742,24.5791
1690535495287,12.0419,12.1425,10.5152,28.2187
1690535495291,14.7695,16.3009,19.161,26.8814
1690535495295,17.2126,18.0228,18.7235,29.6376
1690535495299,18.693,20.341,21.3359,29.118
1690535495303,16.2983,21.6821,20.406,25.8866
1690535495307,14.6896,14.1604,18.8657,29.1081
1690535495311,10.9984,10.3754,13.2959,20.5951
1690535495315,7.8788,8.5125,8.852,15.586
1690535495319,2.6013,5.6787,4.3524,13.3837
1690535495323,-4.8338,-6.7644,-3.2445,7.5529
1690535495327,-6.1566,-5.0688,-5.1049,2.6076
1690535495331,-8.9061,-9.5502,-9.2051,-3.9964
1690535495335,-17.7637,-14.4447,-14.2858,-3.3983
1690535495339,-20.4728,-18.5949,-19.1385,-7.8628
1690535495343,-23.6934,-23.2358,-22.2827,-11.9393
1690535495347,-23.9715,-20.427,-23.1433,-12.3583
1690535495351,-27.2906,-25.2827,-20.7576,-13.8494
1690535495355,-20.7445,-27.249,-17.201,-16.9468
1690535495359,-18.2224,-21.3022,-15.8977,-10.4018
1690535495363,-16.0863,-15.64,-11.6102,-5.8188
1690535495367,-10.6071,-7.5544,-8.6127,-4.5669
1690535495371,-6.928,-4.9152,-6.7341,1.4016
1690535495375,-2.9611,0.1638,2.5044,8.8394
1690535495379,4.7305,6.2979,7.7672,12.9839
1690535495383,7.2367,9.7489,10.168,15.7703
1690535495387,11.6194,17.9534,11.6322,21.3469
1690535495391,13.0774,19.2546,15.5617,20.9733
1690535495395,12.7956,22.8948,17.5519,25.6517
1690535495399,14.7451,25.96,18.3247,20.0887
1690535495403,16.1155,26.5923,17.221,19.0465
1690535495407,13.558,19.9356,18.1007,18.9804
1690535495411,5.5567,14.5348,12.1023,15.6183
1690535495415,4.8565,13.8627,9.3569,9.8526
1690535495419,-3.0301,7.3949,6.2424,5.072
1690535495423,-4.6447,0.6193,5.1517,6.2897
1690535495427,-10.7897,-3.8248,-5.5663,-8.5658
1690535495431,-20.2537,-4.5386,-0.0122,-11.695
1690535495435,-24.0207,-10.8566,-13.6394,-15.9582
1690535495439,-21.2293,-11.9195,-11.2978,-23.4581
1690535495443,-27.4323,-17.8908,-18.9176,-24.8221
1690535495447,-30.3221,-12.9242,-15.3423,-28.2981
1690535495451,-32.3019,-19.4433,-20.3594,-23.3651
1690535495455,-26.5941,-20.0972,-22.2172,-23.4539
1690535495459,-26.9862,-17.8166,-16.7116,-23.7341
1690535495463,-26.1372,-11.0093,-17.372,-17.7687
1690535495467,-19.0268,-9.0978,-13.3004,-14.8155
1690535495471,-14.2548,-2.6735,-7.1319,-14.1404
1690535495475,-10.3074,-2.1686,0.1036,-4.8833
1690535495479,-5.3063,5.7861,2.5771,-0.4583
1690535495483,-1.5526,12.7359,12.1888,3.8763
1690535495487,5.7792,15.3161,12.5303,5.5161
1690535495491,8.0223,16.0005,15.9743,10.6368
1690535495495,9.8284,19.2069,20.6091,7.663
1690535495499,10.9585,23.6399,19.1073,11.3998
1690535495503,10.8695,20.1579,19.7918,8.8168
1690535495507,11.3594,15.5065,18.6857,8.68
1690535495511,8.6293,15.7577,12.5181,6.9959
1690535495515,9.5235,9.2122,7.2737,1.237
1690535495519,3.6115,6.2691,3.0561,0.6964
1690535495523,1.782,3.0256,-1.3417,-6.9468
1690535495527,-3.9661,-3.1582,-3.2121,-11.6064
1690535495531,-12.5905,-11.1655,-6.9463,-17.3134
1690535495535,-14.4223,-13.685,-12.8099,-20.0978
1690535495539,-12.8028,-19.6096,-15.7457,-21.8546
1690535495543,-19.9391,-22.6979,-20.3911,-20.9848
1690535495547,-21.6879,-21.1347,-17.9812,-26.1567
1690535495551,-18.437,-22.0584,-18.229,-28.5507
1690535495555,-21.6645,-20.5075,-17.3504,-23.3408
1690535495559,-15.9064,-19.7318,-15.4466,-23.9895
1690535495563,-14.8327,-14.5177,-12.5264,-20.2583
1690535495567,-7.5951,-11.7338,-7.1493,-13.5626
1690535495571,-2.335,-9.3458,-4.6482,-7.1616
1690535495575,6.1946,-5.7549,2.7605,-3.4885
1690535495579,9.2723,1.9784,3.0825,2.3598
1690535495583,12.5217,7.9652,9.9257,6.4792
1690535495587,15.3428,7.1363,14.1425,9.2754
1690535495591,19.85,14.2413,16.8902,11.7809
1690535495595,19.4911,21.0188,18.466,13.4356
1690535495599,25.8441,20.3396,20.3388,14.0227
1690535495603,24.591,18.9354,17.7687,16.5903
1690535495607,20.3225,19.9274,16.058,13.2993
1690535495611,18.0408,17.5116,15.1139,14.836
1690535495615,18.6897,12.0223,10.1655,7.2542
1690535495619,14.5421,11.4116,7.9324,6.0125
1690535495623,9.1342,1.6727,0.7706,0.9934
1690535495627,6.2351,1.375,-1.7349,-10.1672
1690535495631,-0.9349,-5.7307,-7.5828,-11.8121
1690535495635,-4.0565,-10.5855,-12.135,-13.244
1690535495639,-5.7557,-10.9804,-13.4074,-19.8863
1690535495643,-8.0583,-18.2595,-24.6351,-24.459
1690535495647,-11.4888,-17.0219,-22.1989,-21.7601
1690535495651,-9.3887,-17.4859,-23.2991,-21.5963
1690535495655,-15.0791,-16.3704,-18.5972,-17.6387
1690535495659,-10.2679,-15.7963,-20.0011,-14.8418
1690535495663,-9.5533,-11.0894,-13.993,-10.4821
1690535495667,-6.2883,-4.6773,-10.5998,-9.8926
1690535495671,3.581,-0.3348,-5.0969,-3.1682
1690535495675,6.3816,3.7937,-0.7475,-0.5734
1690535495679,15.4,7.7579,8.0665,5.8261
1690535495683,23.9036,8.1681,11.392,16.1393
1690535495687,24.0995,14.825,13.1609,16.8227
1690535495691,27.8304,18.8731,17.1614,24.4477
1690535495695,28.0946,19.592,18.9328,27.2734
1690535495699,28.2016,22.9658,23.5463,27.259
1690535495703,30.5167,18.2218,20.1541,27.3175
1690535495707,26.8083,17.8309,18.344,25.6324
1690535495711,26.6433,17.5979,17.3542,21.8887
1690535495715,22.3255,7.9899,11.0845,15.2442
1690535495719,19.8684,7.2163,6.084,8.1093
1690535495723,10.8096,3.2808,2.1699,4.9174
1690535495727,10.7449,-3.9296,-6.542,1.3467
1690535495731,2.3448,-10.95,-8.434,-3.5487
1690535495735,-1.8515,-14.5539,-14.9093,-9.7494
1690535495739,-8.2598,-16.3669,-20.3468,-9.4582
1690535495743,-12.1744,-20.3886,-17.6384,-12.7556
1690535495747,-9.9279,-24.0507,-21.3555,-15.2297
1690535495751,-10.4148,-17.1163,-21.8225,-14.3797
1690535495755,-16.3735,-15.8786,-19.607,-17.4774
1690535495759,-12.1534,-18.2436,-16.3045,-14.3921
1690535495763,-10.18,-12.5756,-14.5602,-11.9124
1690535495767,-6.5468,-10.6364,-7.1949,-8.5942
1690535495771,-4.6656,-4.9071,-3.894,-3.0158
1690535495775,-2.3084,-0.4598,3.3504,4.6984
1690535495779,3.4376,3.5419,7.3711,6.3083
1690535495783,5.7406,6.4443,10.8066,11.4598
1690535495787,9.3371,14.0067,8.8341,18.964
1690535495791,18.1343,13.4212,16.0438,20.3567
1690535495795,15.6865,16.1395,18.7998,22.4933
1690535495799,18.4636,14.6848,17.8557,23.3471
1690535495803,21.7809,17.2509,18.5513,23.3374
1690535495807,14.8021,20.6454,19.1667,16.9824
1690535495811,13.6931,11.5596,17.051,13.6357
1690535495815,10.2496,8.3458,10.7878,14.6489
1690535495819,3.0726,5.0015,6.8322,10.1418
1690535495823,-0.0363,-1.8961,3.3852,4.9792
1690535495827,-5.0695,-7.2866,-0.9896,0.5577
1690535495831,-8.6793,-10.8922,-5.4631,-9.3786
1690535495835,-11.6514,-13.0828,-10.1741,-7.9395
1690535495839,-14.9237,-13.9849,-19.8998,-15.5974
1690535495843,-20.3533,-15.5296,-17.1262,-16.3107
1690535495847,-16.9642,-19.2179,-22.4233,-16.9406
1690535495851,-25.1632,-16.8608,-18.8469,-17.3152
1690535495855,-21.273,-17.3863,-21.5661,-16.1012
1690535495859,-17.8393,-14.191,-18.4224,-11.7331
1690535495863,-17.9576,-4.9607,-16.4142,-8.8278
1690535495867,-11.0686,-2.3008,-8.2656,-4.275
1690535495871,-10.1803,3.9371,-6.4904,0.6118
1690535495875,-6.6477,6.131,0.1836,3.7507
1690535495879,3.7978,13.0198,3.0763,9.356
1690535495883,4.3958,13.3884,10.3756,12.3628
1690535495887,9.7461,19.4046,12.5725,16.724
1690535495891,14.3085,19.953,15.2553,20.2073
1690535495895,14.3405,19.6371,18.9544,16.3756
1690535495899,18.288,18.7643,21.0442,17.0762
1690535495903,17.9116,24.0024,19.8243,18.8898
1690535495907,15.7453,20.0085,16.6113,19.0287
1690535495911,10.943,15.216,17.9944,14.3511
1690535495915,8.9001,14.0117,13.3375,13.8393
1690535495919,4.47,5.1559,4.9938,7.5959
1690535495923,-3.7574,5.2566,1.4756,0.2234
1690535495927,-4.9936,-5.0545,-2.9698,-4.2874
1690535495931,-10.4169,-8.3417,-7.6315,-5.9194
1690535495935,-15.9191,-14.3288,-11.9839,-11.7244
1690535495939,-19.8723,-16.8629,-11.2886,-12.7112
1690535495943,-23.3962,-16.7931,-21.2501,-20.7136
1690535495947,-24.803,-18.338,-20.4479,-19.4688
1690535495951,-27.4677,-18.7084,-20.0857,-18.2768
1690535495955,-23.8652,-19.9591,-21.5464,-19.4652
1690535495959,-19.3449,-16.2201,-19.4499,-15.3776
1690535495963,-19.7042,-12.376,-12.8443,-13.2108
1690535495967,-13.8627,-9.6603,-7.7929,-4.1551
1690535495971,-8.2706,-7.2944,-5.139,0.2798
1690535495975,-0.3433,1.7219,0.8309,1.1877
1690535495979,2.5367,3.4066,6.0331,12.8301
1690535495983,7.0966,11.0352,12.4447,9.4937
1690535495987,7.1442,14.567,10.3582,14.243
1690535495991,13.1217,16.7332,18.6644,16.7182
1690535495995,13.4949,21.324,18.8978,22.0925
1690535495999,13.3548,20.1904,23.4862,22.5992
1690535496003,14.9604,16.2619,20.1021,21.3553
1690535496007,12.7784,15.6474,19.1587,23.0389
1690535496011,11.569,12.5205,16.5234,17.0933
1690535496015,7.067,8.996,9.4086,14.6132
1690535496019,2.3842,6.9589,6.4291,8.67
1690535496023,-4.1951,-1.0095,2.353,3.1185
1690535496027,-7.6255,-5.0723,-4.9543,-5.4385
1690535496031,-14.0113,-15.6665,-9.7648,-6.6089
1690535496035,-16.966,-19.1422,-12.607,-14.9665
1690535496039,-14.312,-18.8716,-14.6762,-15.705
1690535496043,-16.3331,-21.5708,-19.7365,-18.5396
1690535496047,-19.2641,-22.7997,-19.2344,-19.8014
1690535496051,-19.6638,-19.2791,-18.2291,-18.6543
1690535496055,-16.6472,-20.2381,-17.5082,-20.1043
1690535496059,-19.5974,-17.0684,-17.6781,-16.6429
1690535496063,-19.7081,-13.2472,-12.2853,-17.2578
1690535496067,-11.9748,-9.9998,-10.5128,-12.7346
1690535496071,-3.8588,-1.4654,-11.8222,-6.7843
1690535496075,3.1488,4.8663,2.193,-1.9704
1690535496079,5.7346,6.8506,5.6378,2.5531
1690535496083,9.204,12.923,12.8857,5.6147
1690535496087,10.5848,19.3168,16.9862,8.828
1690535496091,14.3814,23.3048,17.5968,15.9509
1690535496095,13.2794,20.892,17.7782,15.996
1690535496099,14.9599,22.5055,21.8698,18.4683
1690535496103,12.827,19.5793,20.2969,16.8578
1690535496107,12.9284,20.6872,18.6977,15.9594
1690535496111,10.4604,17.6474,15.958,9.9672
1690535496115,3.8008,13.3386,10.2517,9.6975
1690535496119,-3.7347,10.3915,8.7702,0.8123
1690535496123,-3.5587,5.5177,5.4386,-5.5279
1690535496127,-14.2039,-5.5071,-2.893,-7.6142
1690535496131,-11.2943,-5.4683,-9.8682,-13.8233
1690535496135,-19.133,-12.5597,-11.9819,-15.3813
1690535496139,-20.4211,-15.2481,-16.4991,-21.0097
1690535496143,-22.0004,-15.8264,-16.9981,-24.9798
1690535496147,-24.6728,-17.7532,-19.486,-26.5312
1690535496151,-24.0267,-21.6633,-21.0435,-24.0663
1690535496155,-19.0416,-16.1148,-22.5599,-24.9548
1690535496159,-22.2755,-14.5146,-17.317,-27.41
1690535496163,-17.7437,-8.888,-19.4664,-18.6305
1690535496167,-12.3108,-8.6631,-10.0251,-13.8802
1690535496171,-4.3656,-4.4709,-5.279,-8.2149
1690535496175,-1.1416,2.6207,2.3038,-0.3336
1690535496179,4.4651,4.0032,3.4883,0.1464
1690535496183,7.5361,8.4414,12.565,2.9518
1690535496187,13.3391,15.9928,13.7315,13.4858
1690535496191,19.3284,17.0582,16.9331,11.4388
1690535496195,20.9879,17.2242,19.8538,15.4513
1690535496199,21.1159,22.9912,13.7461,15.4873
1690535496203,16.0635,17.2094,19.3021,15.5367
1690535496207,18.8383,18.1808,15.4715,9.2849
1690535496211,12.0754,16.3668,16.0641,5.2133
1690535496215,11.7898,10.7824,15.0803,3.4371
1690535496219,6.5282,4.9104,9.8794,-2.5237
1690535496223,-0.3074,-3.795,5.6756,-7.7031
1690535496227,-4.4393,-10.2919,-1.5608,-11.4161
1690535496231,-8.2504,-10.6194,-9.3926,-15.7538
1690535496235,-16.3738,-16.5437,-14.7374,-19.9359
1690535496239,-16.429,-20.5926,-18.1379,-23.8905
1690535496243,-20.828,-20.2569,-20.7883,-21.5603
1690535496247,-21.9773,-22.1605,-23.5208,-23.1475
1690535496251,-17.2693,-19.9061,-19.1719,-20.1171
1690535496255,-19.2519,-22.683,-18.5814,-25.267
1690535496259,-13.5787,-18.9968,-18.697,-15.9118
1690535496263,-8.5845,-13.9406,-13.496,-13.1426
1690535496267,-0.3681,-6.9203,-6.1646,-9.2762
1690535496271,-1.7924,-4.1108,-5.7333,-3.7325
1690535496275,4.3686,2.5401,0.2043,2.1384
1690535496279,14.0898,5.1151,7.5335,6.6297
1690535496283,19.2394,15.8043,10.4071,9.1545
1690535496287,15.9878,14.68,12.7895,18.9901
1690535496291,25.1859,19.1382,14.8498,20.5022
1690535496295,22.6767,19.7937,18.546,20.5813
1690535496299,21.3487,16.9343,13.7789,23.7011
1690535496303,25.1131,19.969,18.9872,20.3602
1690535496307,25.1788,17.5532,19.1993,22.3895
1690535496311,20.4859,13.3033,17.5261,17.7494
1690535496315,16.1591,12.997,8.4789,15.765
1690535496319,11.4957,9.7586,10.3333,10.7106
1690535496323,5.3,3.8339,-0.8723,7.3892
1690535496327,4.9794,-0.3831,-2.2451,2.7469
1690535496331,-1.4557,-6.572,-5.8582,0.9085
1690535496335,-1.263,-12.52,-14.9618,-7.0579
1690535496339,-9.0771,-17.025,-17.43,-11.8981
1690535496343,-9.7252,-17.6658,-22.563,-12.4036
1690535496347,-9.4614,-17.707,-23.6496,-13.5761
1690535496351,-7.0751,-19.2832,-20.0733,-10.5798
1690535496355,-7.1336,-18.3305,-20.9322,-13.1429
1690535496359,-5.9164,-13.755,-15.4545,-11.5526
1690535496363,1.997,-11.9529,-13.4621,-5.6947
1690535496367,5.9727,-5.9553,-10.5123,-3.4919
1690535496371,9.123,0.3118,-8.5671,5.1003
1690535496375,20.194,5.655,-0.0793,5.0697
1690535496379,16.5739,6.8992,9.4137,8.6763
1690535496383,25.3166,16.8288,15.8686,14.9089
1690535496387,26.6035,15.604,18.4034,21.9009
1690535496391,28.4625,20.8862,23.1764,27.2905
1690535496395,32.2326,21.2061,21.8587,29.5925
1690535496399,31.8549,24.0043,23.3461,28.1815
1690535496403,25.6864,18.9518,18.5206,30.4782
1690535496407,23.7431,17.105,18.456,28.0146
1690535496411,21.3954,15.1557,10.0698,23.7339
1690535496415,16.1371,13.2746,9.3668,20.7841
1690535496419,14.0012,4.4383,5.6204,17.471
1690535496423,6.9914,-1.0968,1.705,12.3174
1690535496427,-2.2108,-3.2885,-3.5677,6.9973
1690535496431,-3.5964,-10.3649,-8.7029,2.4368
1690535496435,-9.9228,-14.3183,-9.2188,-5.0359
1690535496439,-11.649,-15.0827,-17.0993,-8.2303
1690535496443,-18.6881,-20.1051,-17.1301,-7.8635
1690535496447,-19.5088,-25.9808,-18.723,-9.881
1690535496451,-22.0843,-23.2002,-18.6854,-12.5284
1690535496455,-24.3947,-24.561,-21.1026,-13.6598
1690535496459,-15.0244,-22.4796,-16.1071,-12.7433
1690535496463,-13.9828,-18.146,-13.1328,-9.1701
1690535496467,-7.9599,-11.9669,-7.1798,-4.0496
1690535496471,0.6786,-4.2274,-8.6473,3.4014
1690535496475,3.4729,-1.861,0.076,8.6273
1690535496479,7.1176,2.4036,6.9253,9.3492
1690535496483,14.0009,8.3302,10.0775,18.4267
1690535496487,13.6678,13.5597,17.1869,18.8583
1690535496491,16.1105,18.0177,18.3962,20.4154
1690535496495,20.7897,21.4214,18.6626,22.726
1690535496499,21.7385,21.8159,18.6166,19.0324
1690535496503,16.3716,20.983,20.5339,18.9418
1690535496507,17.5753,15.2026,18.7859,17.8978
1690535496511,12.1176,13.6341,15.2949,18.527
1690535496515,11.1613,11.81,9.4133,10.7842
1690535496519,3.2092,7.3127,8.2173,3.5462
1690535496523,-3.0562,3.4339,3.6981,0.884
1690535496527,-6.923,-5.2061,-4.5615,-7.5191
1690535496531,-13.1661,-9.2933,-7.7878,-12.3212
1690535496535,-18.9711,-14.6523,-13.2843,-15.2917
1690535496539,-20.9581,-18.4322,-17.4064,-21.2558
1690535496543,-26.7901,-19.4456,-18.5444,-23.374
1690535496547,-24.3811,-19.4369,-19.5973,-21.1278
1690535496551,-25.6441,-18.5213,-20.5305,-24.3005
1690535496555,-30.9294,-14.9814,-19.9725,-20.5461
1690535496559,-28.347,-13.9933,-20.408,-22.1769
1690535496563,-23.507,-11.3205,-10.6535,-16.2248
1690535496567,-20.7258,-7.0311,-8.7585,-11.2654
1690535496571,-13.4114,-2.8811,-2.3976,-6.2702
1690535496575,-3.594,2.4202,6.0017,-2.9604
1690535496579,-3.5367,9.0716,7.7609,0.0533
1690535496583,2.6191,13.3247,10.409,2.5781
1690535496587,5.5229,18.0381,13.7989,5.8967
1690535496591,10.6505,17.9858,17.5601,8.9645
1690535496595,9.546,21.3423,20.5254,13.659
1690535496599,13.5957,23.0736,19.5919,10.1511
1690535496603,12.8782,23.9498,20.097,13.7586
1690535496607,10.7782,24.1167,18.5019,13.0069
1690535496611,6.4362,18.0821,17.6158,6.4918
1690535496615,6.5237,14.6903,9.4665,1.991
1690535496619,2.4763,11.2165,2.8324,-4.3479
1690535496623,-8.1098,-1.6173,1.431,-7.6435
1690535496627,-10.8895,-5.7017,-4.4827,-14.0458
1690535496631,-18.7217,-8.5201,-5.8431,-13.5747
1690535496635,-22.0029,-15.6719,-15.7776,-21.708
1690535496639,-19.96,-16.5225,-19.7008,-22.163
1690535496643,-25.0042,-19.265,-20.9685,-24.9266
1690535496647,-27.8873,-18.3365,-21.8578,-25.9728
1690535496651,-27.1606,-20.4914,-20.4254,-28.2955
1690535496655,-24.6812,-19.4373,-17.7055,-27.8366
1690535496659,-22.4586,-19.878,-10.9152,-24.9181
1690535496663,-23.3368,-13.7968,-11.0552,-22.9027
1690535496667,-15.581,-7.9049,-4.7802,-16.96
1690535496671,-9.0737,-5.7943,-4.9195,-9.3924
1690535496675,-3.9444,-0.1827,1.9339,-6.2781
1690535496679,2.6754,4.9654,4.1722,1.9903
1690535496683,8.846,8.8994,8.4333,5.3683
1690535496687,12.9546,13.8902,12.5546,9.354
1690535496691,14.2205,15.6071,20.6454,10.6859
1690535496695,16.2282,20.4562,21.2506,15.7601
1690535496699,17.0927,18.4179,23.549,12.893
1690535496703,20.3468,14.2832,19.9429,13.0783
1690535496707,19.5098,20.2117,16.8831,12.8529
1690535496711,20.0189,13.4148,11.667,10.0271
1690535496715,10.669,12.619,15.9155,4.7868
1690535496719,6.9397,6.7977,7.0215,5.661
1690535496723,4.5267,3.4542,2.8671,0.7941
1690535496727,-4.5471,-6.8508,-2.0162,-1.7265
1690535496731,-8.1426,-12.2071,-9.7523,-10.8974
1690535496735,-11.2391,-14.4759,-16.2095,-9.7315
1690535496739,-14.7162,-21.8254,-17.7135,-15.5444
1690535496743,-17.5548,-24.6359,-20.3581,-15.2455
1690535496747,-20.8755,-23.4415,-16.2078,-19.4297
1690535496751,-18.6995,-26.9765,-16.6237,-20.5352
1690535496755,-20.4599,-20.8634,-17.5744,-17.7621
1690535496759,-14.3209,-18.1225,-17.7098,-16.182
1690535496763,-14.9026,-11.3967,-15.8062,-11.9642
1690535496767,-12.9428,-8.7314,-9.05,-9.0962
1690535496771,-6.2461,-3.4662,-3.2407,0.9356
1690535496775,-4.4692,1.6943,5.8226,3.9721
1690535496779,3.3728,6.3758,12.72,9.0158
1690535496783,5.2425,14.7231,15.2371,9.9318
1690535496787,9.9842,15.9251,17.563,15.9828
1690535496791,17.3565,19.6747,16.2152,16.8053
1690535496795,16.553,23.8599,23.5628,21.0627
1690535496799,18.222,25.5941,20.3363,20.9782
1690535496803,18.6104,24.3869,21.1291,25.5632
1690535496807,19.3973,21.4112,16.6965,20.3613
1690535496811,15.9834,17.8334,14.0494,17.1188
1690535496815,14.4604,14.1412,10.2885,14.4531
1690535496819,13.4466,12.5917,2.5813,9.1476
1690535496823,4.1858,8.2101,-2.5898,5.6514
1690535496827,0.6499,2.4909,-4.0434,-2.0918
1690535496831,-4.8382,-5.8482,-6.561,-7.0249
1690535496835,-10.3598,-14.1107,-8.0495,-11.4811
1690535496839,-12.0973,-20.1314,-12.2972,-13.8051
1690535496843,-9.7931,-19.9237,-15.4042,-14.737
1690535496847,-15.4529,-17.4926,-19.8103,-17.6727
1690535496851,-10.9314,-19.8322,-24.9565,-17.9894
1690535496855,-16.2202,-22.3902,-16.9865,-16.1099
1690535496859,-12.8311,-21.7054,-16.0106,-14.1092
1690535496863,-13.4223,-17.101,-14.6082,-9.5593
1690535496867,-4.4648,-12.124,-8.1984,-5.014
1690535496871,-3.581,-7.4093,-6.4059,-4.183
1690535496875,3.5761,-2.0102,2.2145,3.8791
1690535496879,6.4014,5.856,7.3438,11.2885
1690535496883,10.7801,10.7348,10.6049,14.9874
1690535496887,15.1225,17.504,13.5019,20.662
1690535496891,18.979,16.4544,14.7638,25.7458
1690535496895,18.413,19.3308,19.9511,26.0162
1690535496899,20.6149,22.6094,18.9946,24.3922
1690535496903,23.6174,18.9732,18.9267,23.1411
1690535496907,18.8446,21.5211,16.9299,20.5911
1690535496911,19.8702,13.4579,14.7178,20.7531
1690535496915,13.8833,9.6818,13.2085,14.8861
1690535496919,9.5267,10.253,8.1673,9.14
1690535496923,4.748,4.4084,2.1177,5.8511
1690535496927,-0.1783,-6.1943,-0.0537,-2.2323
1690535496931,-4.5126,-4.0514,-6.5672,-4.112
1690535496935,-9.7445,-13.0485,-12.1929,-11.4334
1690535496939,-14.5025,-15.9616,-13.8032,-11.769
1690535496943,-9.0736,-18.9205,-19.2863,-17.1253
1690535496947,-11.3523,-23.5777,-23.3002,-17.6941
1690535496951,-20.8813,-25.0461,-16.1337,-21.8356
1690535496955,-12.5239,-25.7083,-18.5304,-16.0976
1690535496959,-13.6957,-20.637,-19.4027,-15.526
1690535496963,-12.3853,-13.7016,-16.0212,-11.2702
1690535496967,-9.7695,-13.2961,-4.2826,-8.7143
1690535496971,-0.8276,-4.8395,1.4502,-2.5157
1690535496975,3.1845,-4.2821,0.6816,3.7431
1690535496979,5.8507,5.827,4.7853,9.0051
1690535496983,13.383,5.33,9.1202,8.7478
1690535496987,16.2559,10.5288,13.3939,14.9855
1690535496991,19.5472,14.7209,18.1413,19.1169
1690535496995,20.2354,22.0387,20.3647,18.6318
1690535496999,22.5682,21.8914,21.4737,19.6432
1690535497003,28.396,23.6812,17.0797,22.3382
1690535497007,22.0035,22.2092,14.4323,18.8315
1690535497011,22.9352,19.6448,9.8253,19.2053
1690535497015,15.8819,16.022,10.2272,10.5882
1690535497019,12.9681,6.3477,8.3959,10.2832
1690535497023,11.6075,7.2382,-3.5964,2.7067
1690535497027,4.1506,0.2895,-5.8289,0.5295
1690535497031,0.4757,-6.3695,-10.5535,-7.9115
1690535497035,-2.4945,-8.1032,-15.3394,-9.4417
1690535497039,-6.675,-12.2813,-13.5419,-15.5474
1690535497043,-9.9087,-10.898,-15.1365,-16.8392
1690535497047,-8.4935,-20.0983,-15.3154,-16.349
1690535497051,-6.0718,-18.796,-15.3783,-11.1239
1690535497055,-12.1658,-19.4293,-16.213,-12.448
1690535497059,-6.7403,-20.0092,-14.9038,-11.2951
1690535497063,-7.4693,-9.7145,-11.9981,-3.3573
1690535497067,-5.6045,-11.1818,-6.7061,-3.9075
1690535497071,-0.0671,-9.3091,-3.9477,-2.1277
1690535497075,6.7098,-0.2116,1.6867,6.2595
1690535497079,10.877,5.2642,5.6115,6.7404
1690535497083,12.034,8.6278,7.8427,11.3153
1690535497087,13.4034,15.2481,12.7934,16.2067
1690535497091,14.363,21.2759,18.2467,18.5708
1690535497095,17.0125,23.208,19.5625,20.2768
1690535497099,16.8099,20.4579,21.6813,20.2609
1690535497103,23.8286,16.5544,23.0547,19.6363
1690535497107,17.4178,16.9162,19.693,18.1482
1690535497111,18.2834,14.1276,15.7387,19.9335
1690535497115,12.7933,10.0228,12.3994,11.8598
1690535497119,9.2403,7.757,3.6583,6.421
1690535497123,2.926,5.9836,0.551,1.6346
1690535497127,0.3383,-4.0922,-6.2347,-3.7335
1690535497131,-5.1208,-5.0196,-11.563,-7.6915
1690535497135,-13.483,-10.8192,-17.1993,-14.0098
1690535497139,-12.8645,-14.8539,-12.9553,-17.812
1690535497143,-19.2117,-15.9877,-16.1391,-18.3468
1690535497147,-14.8397,-21.4879,-20.6805,-18.8395
1690535497151,-19.1548,-18.2043,-18.9463,-18.8044
1690535497155,-18.312,-18.4837,-17.5047,-20.9411
1690535497159,-11.7484,-18.3847,-15.3312,-18.4602
1690535497163,-9.6895,-18.803,-9.594,-13.575
1690535497167,-11.105,-15.138,-6.3261,-12.0054
1690535497171,-4.6009,-9.505,-2.1806,-6.4129
1690535497175,1.1847,-3.2722,1.9279,4.4362
1690535497179,6.4138,-0.9227,4.9683,7.0526
1690535497183,8.4657,7.1218,10.2773,7.2011
1690535497187,8.4882,11.8037,18.1087,13.248
1690535497191,11.4558,12.2766,17.9561,18.0913
1690535497195,11.3955,13.4072,21.7474,18.3115
1690535497199,15.752,18.204,18.8489,21.3327
1690535497203,10.606,15.5431,16.2486,18.6322
1690535497207,9.1879,22.1706,12.8533,16.468
1690535497211,5.7422,18.5509,12.6031,10.6452
1690535497215,4.0486,10.4746,7.4387,10.8013
1690535497219,-2.1277,4.9656,0.2601,1.1932
1690535497223,-8.7157,1.5056,-0.3519,-2.5834
1690535497227,-12.982,-2.7595,-5.4951,-6.4437
1690535497231,-17.7692,-4.3496,-4.4159,-9.1768
1690535497235,-22.0988,-8.0718,-10.7409,-16.873
1690535497239,-27.3695,-12.3193,-11.0261,-23.0932
1690535497243,-27.1899,-14.9323,-14.602,-23.9581
1690535497247,-31.1044,-16.0573,-15.8218,-26.744
1690535497251,-29.7519,-16.2894,-22.4545,-25.1773
1690535497255,-25.8866,-14.8601,-18.5066,-26.9247
1690535497259,-27.2118,-6.8793,-16.6683,-24.1628
1690535497263,-24.6185,-10.6392,-15.7961,-18.3192
1690535497267,-21.1221,-5.8664,-6.1807,-18.9858
1690535497271,-15.3077,-4.5285,-2.015,-12.9025
1690535497275,-6.2894,1.6639,1.098,-10.1673
1690535497279,-0.5061,5.188,3.5314,-3.1197
1690535497283,1.3201,9.1672,8.8425,1.3065
1690535497287,5.45,14.3626,13.2891,6.5039
1690535497291,6.717,18.4114,15.2218,12.102
1690535497295,9.5567,19.2194,16.1682,11.9318
1690535497299,12.2239,21.619,19.5672,16.4953
1690535497303,8.7377,22.7483,17.1949,9.9099
1690535497307,9.0261,17.9904,18.196,7.6608
1690535497311,3.1831,16.6298,14.2708,4.772
1690535497315,3.1702,16.0187,9.1806,4.175
1690535497319,0.0749,4.0187,10.3097,-0.988
1690535497323,-7.1745,-0.7013,5.0453,-2.1641
1690535497327,-10.0186,-3.7432,-1.3869,-12.2052
1690535497331,-13.8138,-0.9283,-8.9554,-13.1885
1690535497335,-16.9565,-10.9396,-11.1319,-15.5333
1690535497339,-21.4973,-17.2216,-17.3443,-21.628
1690535497343,-23.7833,-21.1369,-18.3166,-22.9747
1690535497347,-23.8146,-20.6526,-23.1812,-26.7315
1690535497351,-24.2326,-18.1755,-21.1627,-20.464
1690535497355,-21.7477,-19.8918,-19.8637,-21.1304
1690535497359,-19.2772,-18.6833,-15.6592,-20.1762
1690535497363,-16.6168,-13.1765,-9.5569,-13.2026
1690535497367,-9.2857,-8.7683,-5.9202,-10.2375
1690535497371,-4.7286,-1.9237,-1.5809,-4.1374
1690535497375,1.9276,2.055,0.5938,4.3991
1690535497379,6.5667,3.6428,7.0014,4.9028
1690535497383,8.3494,8.9374,12.606,10.9902
1690535497387,14.1101,10.4365,16.9981,14.9222
1690535497391,20.6336,9.868,16.5209,19.3506
1690535497395,19.6971,14.523,15.1117,13.1679
1690535497399,23.02,12.7133,17.3395,15.6469
1690535497403,19.2157,16.6763,16.6212,21.1355
1690535497407,18.998,16.0638,20.4281,14.1248
1690535497411,11.9709,10.675,12.3807,18.2909
1690535497415,9.821,11.3534,13.0227,12.6669
1690535497419,4.7625,7.7639,4.8602,10.5714
1690535497423,3.5263,-1.217,4.1032,4.9988
1690535497427,-3.7526,-3.8049,-0.9467,0.0051
1690535497431,-8.2032,-8.5316,-8.4573,-5.528
1690535497435,-13.2632,-11.6757,-10.0739,-9.0641
1690535497439,-13.015,-14.213,-13.3057,-11.6254
1690535497443,-15.8631,-17.128,-19.0465,-16.0914
1690535497447,-16.1036,-18.439,-19.9324,-13.7129
1690535497451,-13.7319,-23.2662,-17.3309,-14.8003
1690535497455,-14.2778,-19.7082,-20.2852,-10.0689
1690535497459,-11.504,-17.0371,-16.0179,-2.0712
1690535497463,-3.8185,-13.7571,-11.4204,-1.6419
1690535497467,1.3164,-6.1281,-8.3635,-2.1407
1690535497471,5.2402,1.1328,-6.3523,5.6109
1690535497475,9.8842,2.1667,-0.4753,11.7689
1690535497479,19.5787,8.2226,2.1632,16.196
1690535497483,23.1189,12.4021,6.3247,17.058
1690535497487,23.8887,19.75,10.6975,20.7799
1690535497491,29.7018,23.6103,15.2609,23.6159
1690535497495,29.8317,22.2337,19.0945,33.3324
1690535497499,26.9845,25.5069,17.6995,28.8001
1690535497503,29.1914,19.9103,19.3863,30.5407
1690535497507,29.7311,18.5327,18.4922,24.4876
1690535497511,24.4532,14.06,17.3108,25.3987
1690535497515,16.2932,10.5746,16.131,21.801
1690535497519,13.9965,2.3781,4.9543,17.5956
1690535497523,7.9625,5.2586,-1.4383,13.3282
1690535497527,4.747,-4.1672,-5.2266,8.0378
1690535497531,-5.3414,-1.8489,-8.4616,-2.7415
1690535497535,-8.3737,-12.0723,-12.1359,-2.9134
1690535497539,-12.318,-16.1712,-13.5592,-4.5281
1690535497543,-12.8032,-15.4205,-15.8675,-9.5635
1690535497547,-19.9984,-20.0914,-19.053,-9.7878
1690535497551,-20.2685,-17.8964,-21.1487,-9.9638
1690535497555,-15.2465,-19.0014,-17.0488,-11.4364
1690535497559,-13.7435,-19.0633,-15.2572,-12.3384
1690535497563,-6.2433,-13.3086,-16.1386,-10.0151
1690535497567,-2.1124,-7.5467,-13.3482,-6.6793
1690535497571,0.5136,-5.7491,-3.8603,-0.5289
1690535497575,3.7026,0.0478,-0.8788,4.3239
1690535497579,12.7291,8.9437,9.4331,8.5585
1690535497583,17.0712,11.6725,10.7249,15.4151
1690535497587,21.5474,13.8064,16.4022,20.798
1690535497591,23.0216,16.6345,17.8849,22.401
1690535497595,22.3733,21.5048,16.355,23.9982
1690535497599,23.1381,21.9565,18.4306,23.3701
1690535497603,18.3342,15.7418,17.7198,23.8556
1690535497607,16.8672,15.0771,14.7745,19.8408
1690535497611,17.2505,16.07,11.6012,18.6594
1690535497615,8.2096,10.9147,10.9924,16.9772
1690535497619,9.2637,2.8429,5.8005,7.9292
1690535497623,2.5212,1.4736,0.3044,2.7778
1690535497627,-3.9177,-7.3462,-4.3139,-3.1155
1690535497631,-8.2524,-14.8024,-9.597,-9.4668
1690535497635,-7.6256,-18.2212,-11.1039,-15.5649
1690535497639,-15.293,-21.0418,-16.7935,-17.4835
1690535497643,-17.2652,-20.7598,-17.677,-20.6259
1690535497647,-19.7347,-22.3082,-21.7863,-19.2044
1690535497651,-22.7887,-23.6925,-16.3538,-24.0359
1690535497655,-20.1706,-20.8336,-17.7372,-18.0212
1690535497659,-13.8765,-17.3198,-17.0348,-19.7341
1690535497663,-16.15,-14.5403,-13.6092,-13.9108
1690535497667,-8.028,-12.4957,-9.3373,-13.6082
1690535497671,-0.7411,-8.7153,-4.0134,-11.0189
1690535497675,3.1551,-1.3642,-1.2184,-5.5504
1690535497679,6.735,1.5254,4.4514,-0.546
1690535497683,11.4184,8.0756,9.9699,4.8942
1690535497687,17.4349,14.3598,13.0868,12.3059
1690535497691,21.0311,21.714,13.2936,13.4613
1690535497695,18.726,17.4279,17.8564,12.9715
1690535497699,21.3201,23.0215,19.0693,11.7744
1690535497703,21.9641,22.4259,19.4091,13.9361
1690535497707,16.9386,20.5921,15.9714,11.7055
1690535497711,15.0132,13.9227,16.9897,7.412
1690535497715,11.7818,14.3636,10.4011,2.1921
1690535497719,4.3482,7.2737,7.7052,-5.7288
1690535497723,0.4322,0.2984,6.049,-10.7976
1690535497727,-5.7839,-0.1496,-2.4108,-14.985
1690535497731,-9.776,-6.6562,-3.099,-13.6894
1690535497735,-15.1555,-11.2759,-13.0683,-24.2988
1690535497739,-17.0615,-9.2404,-15.3408,-25.0965
1690535497743,-17.2699,-15.2535,-18.3484,-23.4937
1690535497747,-19.978,-16.4478,-17.9231,-26.6602
1690535497751,-20.1802,-16.1264,-23.9074,-26.6675
1690535497755,-21.4558,-16.1871,-18.7322,-27.65
1690535497759,-16.505,-18.1187,-17.4696,-23.03
1690535497763,-15.8388,-15.7312,-11.7485,-20.4755
1690535497767,-9.635,-6.1752,-7.2528,-13.7915
1690535497771,-3.5194,-2.3299,-5.7746,-9.9643
1690535497775,-1.6492,1.8821,-0.1049,0.2647
1690535497779,3.4322,5.6533,6.6385,4.4089
1690535497783,9.5191,15.2612,8.5688,7.4564
1690535497787,17.479,14.4893,15.4655,9.6718
1690535497791,17.6796,15.5851,13.0571,13.8596
1690535497795,17.8847,20.2979,24.7861,17.0219
1690535497799,24.8323,17.3336,18.8887,14.6985
1690535497803,21.9499,19.1349,18.7745,16.3357
1690535497807,17.2309,17.8726,16.8977,15.3053
1690535497811,18.8085,17.018,11.976,11.6874
1690535497815,12.2607,11.759,13.391,6.7438
1690535497819,7.6233,7.7874,11.9927,4.4889
1690535497823,1.6777,6.8366,7.1152,1.0575
1690535497827,-1.334,-6.74,-0.4731,-3.0426
1690535497831,-12.4981,-8.5416,-6.7411,-12.59
1690535497835,-16.6851,-12.9096,-15.1718,-14.6934
1690535497839,-16.0707,-18.7032,-15.7334,-19.5876
1690535497843,-18.4225,-21.1364,-15.7687,-23.2373
1690535497847,-21.4505,-24.4581,-20.5609,-21.9328
1690535497851,-27.0162,-19.5752,-19.4868,-19.9973
1690535497855,-18.915,-19.6601,-17.303,-22.1078
1690535497859,-18.1139,-21.5188,-14.5795,-15.8628
1690535497863,-20.1449,-15.8053,-13.5839,-14.3548
1690535497867,-10.9353,-9.3523,-11.0378,-6.8864
1690535497871,-4.7326,-10.5069,-4.5393,-3.807
1690535497875,-5.5176,-0.6044,0.0162,-1.6632
1690535497879,0.3578,5.0213,3.7092,5.6957
1690535497883,5.3177,11.2489,12.0034,5.383
1690535497887,6.6518,10.9251,16.1817,13.7621
1690535497891,4.6738,16.5608,17.6228,20.0433
1690535497895,10.347,14.8866,17.8067,22.3141
1690535497899,13.8219,17.2498,17.7016,18.694
1690535497903,14.6783,16.4371,17.6385,18.9886
1690535497907,11.7767,15.9535,19.0146,19.0052
1690535497911,8.8488,16.0787,14.453,14.8229
1690535497915,3.5924,10.7094,9.205,14.5333
1690535497919,-1.9483,8.4202,10.0121,12.539
1690535497923,-10.0601,0.6132,3.736,6.2188
1690535497927,-10.4771,-1.0554,-5.1488,-1.0155
1690535497931,-10.0578,-9.0168,0.4219,-5.5054
1690535497935,-19.7594,-10.0064,-14.5298,-13.0787
1690535497939,-20.5373,-10.649,-14.6675,-14.2287
1690535497943,-24.8519,-13.5404,-16.3695,-16.513
1690535497947,-29.094,-16.9668,-17.634,-16.3859
1690535497951,-26.4511,-15.9014,-18.7525,-13.8229
1690535497955,-27.8942,-14.2992,-19.6058,-13.3964
1690535497959,-26.0504,-16.8843,-17.9889,-12.7915
1690535497963,-20.0761,-9.5445,-11.2086,-8.9605
1690535497967,-11.6817,-5.6387,-8.2637,-4.6395
1690535497971,-12.1562,-2.7455,-4.2478,-0.8279
1690535497975,-4.2175,5.3711,-1.2224,6.2012
1690535497979,-1.1568,7.6775,6.2114,6.5646
1690535497983,2.3795,13.524,8.058,11.4155
1690535497987,8.8709,18.4022,9.9206,16.4169
1690535497991,8.8257,20.8283,16.552,17.096
1690535497995,10.2729,20.5767,19.7032,18.6178
1690535497999,10.1672,22.4905,22.1552,25.6777
1690535498003,11.541,19.3657,19.3746,23.2713
1690535498007,12.7573,16.0772,17.689,23.0148
1690535498011,9.6765,14.6691,14.5031,14.6326
1690535498015,7.5097,9.862,10.0236,10.4031
1690535498019,5.6632,3.9722,6.5166,10.0289
1690535498023,-0.452,-0.0063,-0.2187,-0.0649
1690535498027,-5.883,-3.9688,-4.6891,-8.3406
1690535498031,-9.2889,-8.0612,-7.687,-9.5504
1690535498035,-14.0727,-10.0172,-16.1532,-11.4343
1690535498039,-19.6314,-15.7229,-16.6717,-16.4652
1690535498043,-19.2536,-19.3556,-20.8992,-15.6889
1690535498047,-16.8156,-21.4942,-21.7875,-18.9437
1690535498051,-26.7357,-20.2133,-19.0671,-16.6248
1690535498055,-23.1,-20.2749,-19.8858,-21.9652
1690535498059,-20.6134,-23.002,-15.0656,-16.2124
1690535498063,-14.4611,-11.9428,-10.3054,-13.3048
1690535498067,-10.6966,-9.5062,-10.55,-10.3789
1690535498071,-2.6077,-4.0032,-5.7005,-1.4233
1690535498075,0.2765,-8.1806,-1.2765,0.2423
1690535498079,7.077,3.636,3.0539,8.2546
1690535498083,5.2695,7.4846,12.125,16.3209
1690535498087,14.875,13.7181,15.3498,19.4969
1690535498091,21.2613,15.1145,17.9946,23.3518
1690535498095,18.4087,21.4315,19.9445,25.2994
1690535498099,20.4009,14.1764,18.3794,23.8551
1690535498103,18.9474,16.2947,17.6557,23.6818
1690535498107,23.2795,10.4316,16.2338,19.6166
1690535498111,21.6193,10.3928,16.2918,15.844
1690535498115,18.6311,6.5467,12.5211,12.1089
1690535498119,13.5583,6.3494,3.693,8.7056
1690535498123,9.3164,2.1323,0.3548,5.3095
1690535498127,4.8538,-4.0433,-3.7932,1.2111
1690535498131,2.2541,-11.9585,-10.6607,-4.5311
1690535498135,-0.0292,-13.2385,-11.0273,-8.2262
1690535498139,-2.6742,-15.8313,-13.195,-14.1066
1690535498143,-7.2437,-17.7826,-16.024,-13.211
1690535498147,-4.1615,-17.6699,-18.7175,-18.4194
1690535498151,-4.8465,-16.891,-16.9792,-16.0855
1690535498155,-3.1492,-19.1881,-19.7687,-19.1162
1690535498159,-2.6669,-16.9426,-19.5962,-15.8914
1690535498163,-3.3717,-11.8518,-15.176,-9.5412
1690535498167,3.957,-7.9465,-12.2249,-8.5174
1690535498171,6.1866,-1.3089,-5.7735,1.375
1690535498175,10.0021,3.0871,-0.3356,2.2258
1690535498179,16.374,7.7718,0.8335,10.3595
1690535498183,19.5191,14.3992,9.649,14.8605
1690535498187,23.286,16.0504,15.1085,14.4276
1690535498191,22.8939,15.8698,19.7295,21.4189
1690535498195,26.7798,20.8792,21.9859,19.5871
1690535498199,22.2065,23.4233,18.1261,23.4842
1690535498203,22.2184,18.4974,19.7653,25.1437
1690535498207,24.7847,19.6573,20.6943,22.8011
1690535498211,21.7385,17.3767,13.6682,16.429
1690535498215,20.0307,12.9278,11.6394,9.5735
1690535498219,15.3321,9.9038,8.6643,8.9443
1690535498223,7.5365,4.024,2.5645,5.4343
1690535498227,-1.5561,-1.2498,-7.23,-0.859
1690535498231,-4.1299,-7.396,-6.9463,-4.9529
1690535498235,-6.4715,-12.7964,-13.7147,-10.9337
1690535498239,-6.9053,-17.2591,-13.7351,-10.3752
1690535498243,-6.7534,-19.6827,-18.0499,-17.24
1690535498247,-12.5216,-17.8133,-21.7266,-16.9352
1690535498251,-13.6304,-21.8391,-21.0336,-14.6553
1690535498255,-11.6154,-18.1454,-18.9918,-17.4197
1690535498259,-12.9733,-14.0539,-17.3809,-11.3886
1690535498263,-6.035,-17.8796,-11.3767,-5.7355
1690535498267,-3.5171,-9.2617,-9.4639,-9.022
1690535498271,0.4174,-6.8759,-2.9395,-0.9244
1690535498275,6.9026,-2.6786,2.8882,1.5026
1690535498279,11.3224,0.8965,4.304,2.7304
1690535498283,8.6786,12.2198,10.8092,9.0116
1690535498287,14.458,16.7748,13.1832,12.0146
1690535498291,17.9073,19.8683,18.354,16.4621
1690535498295,20.5603,16.8206,17.9942,15.4579
1690535498299,19.663,17.8946,17.8776,12.9371
1690535498303,17.9916,18.3281,15.0062,15.6909
1690535498307,20.4767,15.9073,15.0637,14.5142
1690535498311,12.2656,16.0854,13.8656,9.6157
1690535498315,11.4252,9.0377,6.525,8.131
1690535498319,7.6777,8.3855,11.5012,1.4941
1690535498323,2.6195,1.213,7.4571,-2.6983
1690535498327,-0.9758,-3.6792,0.1903,-8.9396
1690535498331,-7.7215,-11.717,-5.5108,-16.7992
1690535498335,-13.5609,-17.2049,-13.7976,-22.6141
1690535498339,-20.6238,-19.1051,-15.305,-25.2655
1690535498343,-20.8696,-20.2622,-17.9234,-26.3763
1690535498347,-25.6411,-23.3589,-20.2929,-25.9828
1690535498351,-23.1166,-25.6332,-24.0348,-26.2328
1690535498355,-22.2149,-20.8096,-20.9215,-25.4032
1690535498359,-21.0625,-18.5052,-18.5437,-19.614
1690535498363,-18.0771,-18.349,-14.1047,-20.7597
1690535498367,-10.2106,-11.3186,-9.5128,-16.5696
1690535498371,-10.3497,-7.7996,-6.1854,-8.9082
1690535498375,-4.1631,1.4262,-0.6396,-8.1918
1690535498379,-1.2696,3.3473,6.0265,-3.0747
1690535498383,3.835,10.1605,10.5921,-0.2516
1690535498387,6.0258,16.3633,13.7117,4.5883
1690535498391,9.9051,18.212,18.8466,8.2061
1690535498395,7.4936,17.6762,20.707,9.124
1690535498399,12.1194,19.0421,23.1548,15.7393
1690535498403,13.9099,19.7667,20.0801,18.1162
1690535498407,5.351,22.0309,19.7849,16.3985
1690535498411,6.7337,19.0056,16.78,9.4376
1690535498415,3.502,14.783,11.0166,7.9547
1690535498419,-2.4484,10.6706,3.9832,-0.1341
1690535498423,-4.7503,7.5695,1.2713,-5.8495
1690535498427,-6.1475,2.1237,-4.6551,-9.7376
1690535498431,-10.9843,-5.9654,-10.3601,-13.8499
1690535498435,-10.8548,-13.261,-16.9302,-17.522
1690535498439,-18.3891,-12.2923,-20.6515,-23.4994
1690535498443,-23.9003,-15.9819,-23.9175,-27.6402
1690535498447,-22.9853,-17.5978,-23.5152,-27.7899
1690535498451,-21.6486,-22.3408,-22.7197,-28.9245
1690535498455,-24.6732,-21.1927,-20.067,-20.6903
1690535498459,-21.1425,-14.4088,-14.877,-23.6014
1690535498463,-14.0964,-12.3825,-7.2068,-18.2988
1690535498467,-12.2268,-6.5657,-8.4038,-14.2232
1690535498471,-5.8765,-7.6154,-0.4967,-6.0297
1690535498475,-0.378,-4.2053,3.8249,-5.3371
1690535498479,4.4628,0.6957,9.31,3.4748
1690535498483,8.3888,8.6425,14.4413,5.0032
1690535498487,13.4718,12.5668,15.7689,13.8065
1690535498491,13.1292,13.6047,17.9283,15.1833
1690535498495,19.5927,15.2286,20.363,16.3999
1690535498499,19.9002,19.9075,19.6018,23.0661
1690535498503,20.618,19.3491,16.7799,20.2578
1690535498507,13.0989,17.4448,20.093,18.1183
1690535498511,9.9846,15.9296,14.4723,15.3021
1690535498515,10.3414,15.1912,8.772,10.974
1690535498519,2.8852,10.3748,2.7957,10.3545
1690535498523,-2.1849,4.206,-1.7226,6.2228
1690535498527,-8.43,-3.969,-1.536,-0.0197
1690535498531,-14.3825,-5.0561,-7.5537,-6.5459
1690535498535,-12.6338,-11.3488,-12.4734,-10.9122
1690535498539,-20.7975,-16.308,-14.6503,-9.0027
1690535498543,-23.1649,-18.457,-18.0914,-17.2202
1690535498547,-24.5977,-19.1073,-19.1627,-13.0969
1690535498551,-20.3442,-18.8677,-20.4935,-10.6393
1690535498555,-24.4669,-24.2168,-17.3752,-10.1917
1690535498559,-19.0246,-21.6177,-18.4876,-9.3985
1690535498563,-18.711,-16.6132,-15.837,-6.7184
1690535498567,-11.5948,-15.8694,-12.7093,-0.543
1690535498571,-10.8909,-6.48,-4.3717,3.0111
1690535498575,-0.9527,-3.9483,3.6717,13.6729
1690535498579,4.0717,2.9521,11.3006,16.9949
1690535498583,11.5313,8.7616,16.4531,14.9571
1690535498587,13.7575,15.9759,13.5187,23.514
1690535498591,14.5191,14.4333,16.293,25.474
1690535498595,17.855,14.7771,24.5911,29.8581
1690535498599,22.0647,17.153,23.3152,30.2427
1690535498603,15.5073,19.9128,22.1286,26.9717
1690535498607,17.4363,17.8385,16.1044,27.9881
1690535498611,10.7221,15.0498,15.3523,20.9713
1690535498615,10.0703,10.173,11.1138,15.5371
1690535498619,2.4122,9.1133,8.5941,12.4911
1690535498623,0.2693,3.9255,-1.6916,8.8929
1690535498627,-5.3256,1.9254,-8.7054,0.8623
1690535498631,-17.4457,-5.4469,-12.1278,0.7084
1690535498635,-17.4331,-6.6722,-15.9657,-4.0916
1690535498639,-18.1593,-11.726,-17.3294,-7.7312
1690535498643,-20.249,-11.4523,-19.2738,-9.2353
1690535498647,-21.33,-12.4498,-24.6048,-11.8831
1690535498651,-21.9585,-17.454,-21.8441,-9.7795
1690535498655,-21.2989,-17.0826,-18.5862,-9.7625
1690535498659,-20.2231,-10.7782,-16.6805,-12.5322
1690535498663,-15.5257,-5.7872,-12.3635,-5.6514
1690535498667,-8.4436,-4.4855,-5.8852,0.5816
1690535498671,-5.7861,-6.0381,-6.2491,3.6941
1690535498675,0.2546,0.1261,6.0578,11.3382
1690535498679,5.4852,6.3672,8.7127,16.9581
1690535498683,10.3089,11.663,11.2688,16.8643
1690535498687,8.8207,12.7343,19.2786,21.0369
1690535498691,15.3184,16.8535,16.6222,23.3865
1690535498695,15.9879,15.9762,18.1467,23.1266
1690535498699,15.7899,20.9724,19.0326,23.1466
1690535498703,19.1959,17.9259,16.8175,26.9586
1690535498707,20.7408,16.8088,18.9245,18.0382
1690535498711,14.4689,14.8971,17.5858,18.6971
1690535498715,7.0606,10.8519,8.7219,13.1392
1690535498719,4.6765,8.6695,5.7049,10.2061
1690535498723,1.1414,-0.3227,-0.4591,2.501
1690535498727,-0.8396,-5.3634,-2.5316,-2.3558
1690535498731,-11.7255,-7.47,-8.9479,-3.2072
1690535498735,-16.4632,-9.1753,-14.6586,-14.04
1690535498739,-18.6678,-16.254,-16.7948,-15.6136
1690535498743,-25.1674,-14.9255,-19.5713,-19.9917
1690535498747,-19.3782,-17.6053,-19.2074,-21.9794
1690535498751,-18.6212,-16.4558,-21.7633,-21.9865
1690535498755,-18.8174,-12.1907,-21.2118,-18.236
1690535498759,-17.5378,-14.1988,-20.5967,-20.0278
1690535498763,-8.3923,-13.3534,-13.2443,-16.7644
1690535498767,-2.9564,-14.5327,-7.8146,-14.3614
1690535498771,-3.6557,-6.6317,-7.9123,-10.119
1690535498775,0.5029,-5.196,0.4642,-8.3934
1690535498779,11.7598,-2.1419,6.9347,0.472
1690535498783,20.1166,7.1067,11.3734,1.4256
1690535498787,21.885,6.1186,12.9812,9.1288
1690535498791,26.7782,12.0501,19.3679,13.6992
1690535498795,23.2825,10.6315,20.5314,13.8502
1690535498799,28.417,16.6984,19.6591,14.4079
1690535498803,28.3714,14.7682,22.8266,16.6803
1690535498807,25.3986,18.1698,20.5409,11.358
1690535498811,25.5266,9.2338,15.5952,13.634
1690535498815,18.4138,6.8658,13.9068,3.633
1690535498819,12.8294,1.8768,7.5327,-1.7297
1690535498823,10.7049,2.4571,0.4501,1.156
1690535498827,4.4634,-4.1629,-1.9699,-10.5056
1690535498831,0.5483,-2.7293,-11.8734,-11.4771
1690535498835,-2.1433,-9.8912,-13.0634,-17.7592
1690535498839,-10.0432,-13.6754,-17.4548,-18.6393
1690535498843,-13.6363,-15.7947,-23.982,-25.3028
1690535498847,-17.0151,-21.7914,-21.5507,-28.6826
1690535498851,-19.1584,-16.5922,-20.3339,-24.4325
1690535498855,-13.5186,-12.8636,-19.6517,-25.9773
1690535498859,-8.0745,-10.969,-12.9159,-16.408
1690535498863,-9.9854,-6.3184,-15.7075,-18.5491
1690535498867,-4.8718,-3.4838,-4.7912,-14.0831
1690535498871,1.8996,0.1036,1.098,-8.8273
1690535498875,10.3926,4.2057,2.151,-3.2345
1690535498879,12.5428,7.1582,8.5387,3.0322
1690535498883,17.7913,8.2404,11.2383,4.9558
1690535498887,22.6341,18.8112,15.391,11.7932
1690535498891,22.5269,19.5743,16.8427,12.0189
1690535498895,29.4535,19.0664,17.8417,14.2774
1690535498899,27.5919,22.2632,18.1886,15.0109
1690535498903,27.9639,20.5995,18.8045,13.4439
1690535498907,27.9152,19.6187,18.2456,13.9981
1690535498911,25.8817,13.0352,14.6338,6.8158
1690535498915,24.5221,10.2568,12.56,5.2981
1690535498919,11.2626,7.5765,5.2914,1.1909
1690535498923,10.5077,1.6354,7.3947,-3.4673
1690535498927,1.9863,-2.4466,-2.1563,-4.2558
1690535498931,-0.0191,-6.659,-9.3707,-13.0575
1690535498935,-8.3227,-9.4146,-12.5695,-20.0381
1690535498939,-9.1092,-13.6136,-18.5614,-20.2278
1690535498943,-15.6846,-16.7025,-23.8119,-22.749
1690535498947,-16.3396,-17.6067,-22.8655,-21.1505
1690535498951,-14.2062,-16.6668,-20.2161,-23.5115
1690535498955,-11.9888,-19.914,-21.361,-21.6789
1690535498959,-17.314,-17.1908,-18.284,-14.0758
1690535498963,-9.6699,-12.9183,-14.7227,-10.7957
1690535498967,-7.891,-8.0449,-9.5189,-6.9998
1690535498971,-4.1875,2.114,-3.7956,-1.8
1690535498975,0.1332,3.5788,1.9564,3.9402
1690535498979,8.069,3.1108,7.6776,12.5752
1690535498983,12.7813,9.7197,12.9225,17.3258
1690535498987,10.363,15.8599,18.7384,16.7068
1690535498991,16.2713,15.089,18.0533,18.2478
1690535498995,15.6843,17.6119,22.3767,19.0033
1690535498999,16.1137,18.1679,20.4789,21.3095
1690535499003,15.1149,15.2597,20.6475,20.5477
1690535499007,15.1586,9.6661,19.6667,17.7827
1690535499011,12.6748,8.5112,12.8143,13.694
1690535499015,7.6025,4.6705,10.5118,14.2219
1690535499019,0.4154,4.6571,-0.0165,9.8007
1690535499023,-9.06,-0.6046,-1.9576,4.5105
1690535499027,-10.0777,-10.9187,-5.8879,-2.2857
1690535499031,-20.5537,-9.1571,-11.4064,-9.9494
1690535499035,-19.9804,-13.3023,-13.4523,-11.048
1690535499039,-24.3135,-14.1891,-18.7101,-19.5455
1690535499043,-26.7361,-18.5128,-17.9399,-16.3994
1690535499047,-28.6753,-22.4123,-20.4269,-21.7398
1690535499051,-30.0493,-21.7182,-20.5634,-18.3255
1690535499055,-26.6603,-18.6298,-22.0779,-19.0133
1690535499059,-25.4075,-15.3555,-15.8097,-15.7929
1690535499063,-27.8845,-13.6729,-13.4241,-9.1848
1690535499067,-17.7067,-6.2486,-4.0496,-5.7024
1690535499071,-13.2994,-1.8005,1.2975,1.4084
1690535499075,-8.9599,3.4352,2.114,-0.7051
1690535499079,-2.7912,6.5539,8.0236,4.6034
1690535499083,2.7199,10.7824,10.6002,9.3517
1690535499087,2.4624,13.2413,14.4784,13.7668
1690535499091,4.6215,22.1997,19.0288,12.2929
1690535499095,10.5294,24.3653,16.9929,14.5509
1690535499099,13.0469,22.2719,18.451,21.8854
1690535499103,11.1067,21.0259,18.9117,24.4901
1690535499107,9.8589,20.697,17.9871,22.0563
1690535499111,7.3478,18.25,12.6225,20.6151
1690535499115,7.1045,8.1882,11.1944,11.8617
1690535499119,-2.4125,6.5535,6.0929,9.0121
1690535499123,-5.0478,5.2385,5.3767,1.7639
1690535499127,-7.365,-0.2332,-4.9177,-2.8887
1690535499131,-18.0621,-5.6463,-9.8443,-4.5183
1690535499135,-20.065,-11.9694,-14.7737,-11.0024
1690535499139,-22.2417,-12.2898,-18.2186,-16.5251
1690535499143,-25.2309,-16.1818,-19.8944,-16.606
1690535499147,-25.334,-18.0277,-20.9094,-17.5324
1690535499151,-27.5346,-17.0884,-22.0023,-11.0815
1690535499155,-24.2292,-15.6323,-17.1659,-15.6005
1690535499159,-21.0899,-14.4335,-16.4998,-15.499
1690535499163,-19.108,-10.7362,-12.1603,-13.6375
1690535499167,-15.8402,-7.1565,-12.1986,-10.5596
1690535499171,-9.6385,-0.0524,-3.3474,-3.2114
1690535499175,-1.6747,5.1501,2.3884,0.8124
1690535499179,3.3257,4.7267,4.9885,10.0122
1690535499183,9.458,8.3802,12.5183,16.7866
1690535499187,10.1665,17.3097,19.3478,16.7745
1690535499191,9.6792,15.0458,16.1684,18.9442
1690535499195,12.7143,19.0595,17.8189,24.7546
1690535499199,14.8817,22.1882,22.1669,22.0431
1690535499203,12.4646,17.7679,18.199,19.0077
1690535499207,8.9113,15.9592,19.167,19.186
1690535499211,12.4164,13.3956,16.3651,15.1514
1690535499215,6.6409,9.2366,11.3341,10.1182
1690535499219,6.0623,4.7665,1.1701,8.0221
1690535499223,-3.304,-2.2026,-1.1481,2.4255
1690535499227,-7.0113,-4.3792,-8.0977,-1.3032
1690535499231,-9.4949,-12.0477,-11.5002,-5.9486
1690535499235,-9.5129,-15.0704,-11.7961,-4.7509
1690535499239,-12.3246,-18.5804,-18.4169,-11.9502
1690535499243,-15.2243,-23.4065,-20.0729,-17.8569
1690535499247,-17.8715,-24.8499,-19.7086,-17.5837
1690535499251,-17.8023,-23.9035,-18.346,-18.4974
1690535499255,-16.7547,-21.7174,-14.4724,-20.6799
1690535499259,-12.8374,-18.7649,-16.895,-16.0219
1690535499263,-7.8968,-14.1289,-10.7498,-9.1124
1690535499267,-5.4577,-7.8859,-8.9615,-4.2472
1690535499271,-0.0392,-4.191,-5.3749,1.8889
1690535499275,4.741,2.4492,2.3644,8.7793
1690535499279,11.2134,6.5493,6.6009,15.6926
1690535499283,16.2644,9.1727,6.8442,16.9419
1690535499287,20.4256,10.6195,16.312,17.1152
1690535499291,22.215,19.9708,19.6373,24.2358
1690535499295,22.6739,21.1105,19.7905,25.1946
1690535499299,20.3359,18.2852,20.0249,27.2744
1690535499303,23.8829,17.4744,19.8632,26.1494
1690535499307,19.695,23.6392,17.3718,20.6111
1690535499311,15.0463,15.6755,12.3172,19.8549
1690535499315,11.7707,13.8502,8.7507,16.2836
1690535499319,8.0425,6.4759,5.8536,10.7843
1690535499323,6.8056,2.6332,1.7113,6.0346
1690535499327,1.5545,-2.0113,-6.9669,2.095
1690535499331,-0.21,-9.6684,-6.6841,-4.7836
1690535499335,-9.6449,-12.2092,-14.3888,-11.4294
1690535499339,-12.8999,-14.2722,-16.7059,-17.3402
1690535499343,-13.8747,-12.2328,-17.3728,-19.8137
1690535499347,-16.1308,-17.0222,-23.8432,-15.0164
1690535499351,-18.0296,-18.085,-21.5522,-16.7189
1690535499355,-15.9499,-11.6929,-18.237,-18.6453
1690535499359,-13.5714,-15.5583,-16.6226,-17.3256
1690535499363,-13.459,-8.5826,-14.6682,-9.2907
1690535499367,-6.828,-8.0489,-8.3602,-6.5224
1690535499371,-8.9958,0.7951,-5.1688,-3.5809
1690535499375,5.0707,6.733,-0.321,-1.906
1690535499379,8.6398,9.1634,8.007,6.3137
1690535499383,11.5811,13.1911,12.2828,9.6823
1690535499387,13.9743,17.7777,17.3802,13.0005
1690535499391,20.101,20.3216,20.3089,18.6106
1690535499395,21.9243,14.4586,18.8664,18.2746
1690535499399,22.4709,17.194,16.183,14.0935
1690535499403,23.168,16.6604,18.6857,15.0469
1690535499407,20.3593,19.5067,19.7608,16.6664
1690535499411,19.41,12.3302,12.2517,9.2385
1690535499415,13.6929,8.6896,10.003,7.499
1690535499419,7.3732,7.6923,7.4778,-1.3623
1690535499423,3.6374,1.0146,4.9893,-4.2052
1690535499427,2.1675,-6.4727,-6.064,-7.181
1690535499431,-5.3652,-8.2795,-6.1611,-12.5022
1690535499435,-7.16,-12.1306,-10.6715,-22.3568
1690535499439,-10.186,-18.5126,-17.1655,-19.746
1690535499443,-13.2062,-21.2765,-17.7114,-21.2911
1690535499447,-15.4509,-19.8238,-19.7915,-23.5466
1690535499451,-15.1987,-18.8285,-19.0803,-25.1499
1690535499455,-10.8742,-20.7514,-20.8717,-21.7972
1690535499459,-6.5041,-16.5741,-19.1104,-22.3522
1690535499463,-10.5871,-16.9087,-12.1505,-18.4031
1690535499467,-3.4485,-10.6217,-9.4636,-10.821
1690535499471,-0.8829,-5.4466,-2.9304,-9.3652
1690535499475,4.0421,-1.7056,4.8418,-7.0444
1690535499479,9.0408,4.9516,3.7911,-0.9318
1690535499483,11.4764,11.1826,7.8691,3.0358
1690535499487,20.3553,13.618,17.3926,5.8518
1690535499491,22.3747,16.9515,13.4731,8.1317
1690535499495,21.5819,14.1256,12.3762,9.0326
1690535499499,24.6735,15.3199,16.1816,8.7808
1690535499503,21.972,13.4293,18.6974,7.9668
1690535499507,20.9074,17.7253,13.6944,8.7707
1690535499511,16.2031,17.5883,11.6857,7.3874
1690535499515,15.1949,9.6801,12.7526,2.189
1690535499519,11.5497,7.9787,6.1362,-2.9375
1690535499523,1.4555,3.0323,2.1963,-9.3293
1690535499527,0.4177,-5.4985,-1.8313,-15.2252
1690535499531,-3.205,-6.7355,-6.3958,-14.9429
1690535499535,-5.6595,-10.9783,-12.0651,-20.9088
1690535499539,-14.0496,-15.3132,-20.107,-23.8081
1690535499543,-10.9263,-16.5748,-18.6792,-26.6153
1690535499547,-17.1466,-17.6951,-17.2543,-25.4416
1690535499551,-17.0017,-19.1821,-20.0371,-27.2772
1690535499555,-16.8186,-15.3843,-15.4541,-24.0299
1690535499559,-10.3199,-13.1392,-13.5219,-22.4857
1690535499563,-7.8263,-9.9384,-8.8233,-22.2542
1690535499567,-3.8687,-2.4689,-7.7771,-15.4481
1690535499571,1.9179,-0.2084,-2.98,-11.1123
1690535499575,3.1821,8.4595,1.3285,-4.5377
1690535499579,11.0622,8.517,5.7518,3.4148
1690535499583,16.1295,11.1432,7.7571,5.9697
1690535499587,18.4256,17.0887,14.6567,15.3194
1690535499591,20.6577,21.7473,18.4569,17.1967
1690535499595,22.9934,23.3859,18.4206,16.2968
1690535499599,25.3275,21.8941,19.7695,23.3714
1690535499603,21.7736,19.9988,18.8302,21.7212
1690535499607,24.3528,15.2266,16.1063,23.5384
1690535499611,25.8413,12.2133,12.9409,15.109
1690535499615,17.9958,7.0807,10.98,10.6761
1690535499619,10.407,6.0521,4.2846,8.2681
1690535499623,7.81,-0.1103,2.1178,6.2753
1690535499627,-2.6599,-8.6153,-7.9064,0.0998
1690535499631,-4.7873,-8.3817,-9.4981,-6.976
1690535499635,-8.3113,-10.4845,-13.4969,-8.5276
1690535499639,-13.1553,-16.6243,-16.7159,-12.1285
1690535499643,-17.2607,-23.1366,-16.816,-15.5782
1690535499647,-21.1261,-18.8212,-17.6012,-14.0521
1690535499651,-17.5685,-21.4537,-19.6404,-15.2219
1690535499655,-22.512,-21.3793,-16.7346,-14.4548
1690535499659,-21.7293,-18.6884,-16.3477,-12.1038
1690535499663,-18.8436,-13.1118,-14.3125,-8.7165
1690535499667,-14.3648,-10.8133,-8.4312,-5.9885
1690535499671,-8.9929,-4.9553,-8.102,2.522
1690535499675,-7.3202,-0.6994,0.3615,8.5415
1690535499679,3.5861,4.9794,5.8753,11.2528
1690535499683,3.7371,11.0889,9.4962,15.797
1690535499687,8.6801,15.619,19.5004,25.0054
1690535499691,12.5323,18.2909,16.1284,26.8726
1690535499695,13.2082,18.8069,17.6348,28.9257
1690535499699,13.3653,13.2128,20.4323,25.5965
1690535499703,13.0637,17.1044,20.7523,29.337
1690535499707,9.8276,13.1254,16.5281,26.6091
1690535499711,7.4037,11.3298,14.3201,20.2563
1690535499715,5.9698,6.4925,9.2679,21.9933
1690535499719,-0.3822,1.1138,6.0681,14.8216
1690535499723,-3.9001,-0.1418,0.8896,14.4018
1690535499727,-11.9221,-9.9769,-2.9564,7.0146
1690535499731,-13.5314,-9.8634,-9.4058,2.5934
1690535499735,-21.2189,-14.3551,-11.5773,-1.1606
1690535499739,-23.0107,-19.0041,-16.2772,-5.9053
1690535499743,-27.8273,-22.001,-15.6409,-6.7652
1690535499747,-28.2038,-18.9897,-15.3398,-12.1726
1690535499751,-26.9084,-23.2195,-16.6893,-9.8659
1690535499755,-24.4666,-20.6323,-16.4519,-8.8873
1690535499759,-21.4803,-15.7814,-14.2579,-10.3491
1690535499763,-22.4228,-14.7343,-14.9406,-3.6807
1690535499767,-11.8357,-11.768,-7.1448,-0.343
1690535499771,-16.4999,-1.6381,-5.5045,3.0803
1690535499775,-10.9578,5.4963,1.0898,10.0366
1690535499779,-0.732,8.9532,5.5308,13.6203
1690535499783,-0.1868,13.906,6.4248,16.8565
1690535499787,4.7099,17.3561,12.0463,17.5907
1690535499791,6.7927,18.4243,16.4644,20.3811
1690535499795,10.3807,24.911,19.0663,20.0426
1690535499799,13.8946,25.7513,17.2083,23.3475
1690535499803,10.7118,24.9856,20.0205,23.196
1690535499807,7.6741,20.8809,17.347,16.1903
1690535499811,9.7295,18.0582,16.1891,17.6934
1690535499815,0.7883,12.6735,11.9507,14.9811
1690535499819,-0.7613,6.3384,6.1809,6.1984
1690535499823,-5.5455,-0.3417,3.6717,2.1124
1690535499827,-13.0478,-6.485,-4.9774,-1.9955
1690535499831,-15.3666,-8.8334,-7.3777,-9.1798
1690535499835,-17.1945,-10.7392,-16.1901,-11.2634
1690535499839,-25.4537,-15.4535,-15.5665,-16.1526
1690535499843,-26.651,-19.0766,-16.3858,-18.625
1690535499847,-27.1597,-16.4929,-21.388,-21.2946
1690535499851,-30.2565,-16.4014,-19.6102,-19.6593
1690535499855,-26.7496,-19.0944,-17.2377,-17.4026
1690535499859,-18.6383,-13.2109,-16.1553,-17.0945
1690535499863,-18.2253,-12.1251,-9.3119,-11.8989
1690535499867,-10.0204,-8.7295,-7.9038,-8.1962
1690535499871,-5.9683,-7.7918,-4.1332,-2.9212
1690535499875,-5.3786,0.2261,0.1727,-3.5286
1690535499879,0.3197,6.0277,6.2025,2.9
1690535499883,7.376,13.8631,15.0438,4.7733
1690535499887,9.1077,14.2443,10.9565,10.6055
1690535499891,16.7959,18.3706,17.7508,11.201
1690535499895,20.7222,17.985,18.4079,15.1849
1690535499899,16.2718,18.1697,21.1655,19.0672
1690535499903,20.6843,16.7632,20.6177,19.3712
1690535499907,19.2487,15.5924,18.0246,13.3462
1690535499911,14.9902,16.8694,14.7556,10.3219
1690535499915,14.614,12.8665,9.9194,8.5134
1690535499919,12.6883,7.353,7.7801,4.041
1690535499923,10.1583,-3.3919,-0.1105,-0.9386
1690535499927,5.0711,-8.1402,-1.8846,-4.6441
1690535499931,-2.1903,-9.2908,-9.2825,-12.4323
1690535499935,-8.0817,-18.1241,-9.3219,-19.9929
1690535499939,-7.5924,-20.3027,-14.5843,-24.46
1690535499943,-11.1205,-23.2002,-13.7519,-24.3228
1690535499947,-10.7986,-24.4018,-21.1319,-21.2946
1690535499951,-12.7648,-22.5058,-16.3901,-23.2013
1690535499955,-12.0894,-18.374,-14.3246,-24.4103
1690535499959,-13.2129,-16.5921,-17.1477,-20.4621
1690535499963,-5.0659,-14.3361,-13.4948,-17.2431
1690535499967,-1.9111,-7.4604,-5.9989,-15.6033
1690535499971,2.8768,-6.7831,-3.8723,-11.4309
1690535499975,11.1448,-3.6806,1.8213,-10.449
1690535499979,14.335,4.4924,7.209,0.5043
1690535499983,16.7119,10.1084,8.7496,4.6116
1690535499987,19.4383,13.4914,10.744,12.025
1690535499991,21.5388,18.9393,16.1594,12.5838
1690535499995,23.8493,19.6871,15.8717,14.0893
1690535499999,24.4119,18.7983,20.1988,15.38
1690535500003,27.5425,22.2984,16.0296,12.9362
1690535500007,22.2503,18.5105,19.2466,11.5325
1690535500011,17.0787,17.5681,16.3818,12.8352
1690535500015,15.3496,16.1263,12.096,5.1168
1690535500019,11.6044,9.919,8.0626,4.3031
1690535500023,6.1131,6.6848,6.0342,1.8417
1690535500027,1.4917,0.9834,-1.2499,-4.4772
1690535500031,-0.6525,-6.2001,-5.734,-13.0225
1690535500035,-7.0045,-7.1283,-14.1113,-18.4847
1690535500039,-8.444,-13.0282,-15.1809,-17.6
1690535500043,-15.6473,-15.4439,-18.2945,-16.7994
1690535500047,-14.1499,-16.9987,-21.2858,-17.5887
1690535500051,-15.5519,-19.0782,-19.5251,-23.1497
1690535500055,-11.6551,-21.263,-22.4302,-19.7186
1690535500059,-13.0863,-16.085,-14.4265,-19.1615
1690535500063,-6.1764,-13.535,-14.6224,-14.3747
1690535500067,-1.5871,-9.3143,-9.4193,-9.9518
1690535500071,3.8537,-2.1897,-0.6889,-1.3617
1690535500075,6.1355,4.2212,1.3914,2.5648
1690535500079,11.9594,10.2273,8.7653,4.2221
1690535500083,18.9247,8.2318,8.8479,9.4625
1690535500087,13.7487,13.977,18.733,14.6632
1690535500091,25.4069,19.5571,14.0729,18.3716
1690535500095,20.3193,19.9801,21.6953,16.534
1690535500099,25.4325,18.0727,17.0889,20.9477
1690535500103,26.4388,18.173,18.2503,16.7097
1690535500107,19.1208,18.1305,16.7456,18.8786
1690535500111,16.451,9.3419,14.8228,14.0391
1690535500115,14.9136,9.3389,12.2158,6.5546
1690535500119,11.4387,3.2273,6.6705,4.8132
1690535500123,1.1551,0.7314,2.5785,-2.3886
1690535500127,-3.5474,-3.7937,-3.1262,-3.339
1690535500131,-7.852,-8.5748,-10.1338,-9.0248
1690535500135,-13.1365,-9.6952,-11.1105,-11.8826
1690535500139,-16.1094,-13.7036,-14.4041,-15.2096
1690535500143,-13.6775,-17.8435,-19.4237,-19.7628
1690535500147,-20.6396,-19.7917,-20.4725,-21.4489
1690535500151,-19.073,-22.4066,-18.1867,-22.2685
1690535500155,-18.9981,-20.0859,-18.8578,-19.6036
1690535500159,-20.6239,-19.6258,-15.3654,-21.4537
1690535500163,-12.8123,-16.3521,-11.9767,-11.9594
1690535500167,-8.0109,-11.2811,-8.2004,-4.0331
1690535500171,-3.8984,-3.7493,-5.9472,-0.1072
1690535500175,3.0654,0.214,-0.2467,5.033
1690535500179,3.7652,4.426,0.2335,10.6972
1690535500183,14.3185,9.1153,5.1663,12.4839
1690535500187,14.5866,12.9953,9.2834,15.3472
1690535500191,19.3147,13.0016,16.3611,17.5164
1690535500195,18.1578,14.3787,20.4763,17.0753
1690535500199,18.018,19.7573,23.6039,22.4214
1690535500203,19.8811,18.0117,22.2357,23.8284
1690535500207,12.9606,13.2797,19.9207,20.2866
1690535500211,16.356,15.158,15.4203,14.8011
1690535500215,9.4255,7.179,13.6175,9.7627
1690535500219,8.1796,4.188,10.0891,5.2341
1690535500223,-3.7075,2.5602,2.5144,0.7698
1690535500227,-6.7555,-3.6983,-1.5412,-3.915
1690535500231,-9.7122,-8.5372,-8.8551,-8.4639
1690535500235,-16.7595,-12.1493,-13.3871,-13.676
1690535500239,-14.116,-11.1064,-14.8216,-17.2896
1690535500243,-21.4312,-16.5616,-22.9413,-18.0661
1690535500247,-18.3203,-14.7325,-19.9023,-18.4387
1690535500251,-18.774,-13.9591,-22.0491,-17.8688
1690535500255,-19.2167,-15.8545,-16.8229,-18.2481
1690535500259,-16.9135,-9.791,-18.3109,-13.5153
1690535500263,-11.0181,-12.0071,-16.7334,-10.927
1690535500267,-7.5169,-7.3399,-10.5137,-5.2205
1690535500271,-1.5268,-2.4912,-7.6382,-2.8405
1690535500275,3.9166,3.1617,-0.4977,-0.3002
1690535500279,10.5263,8.595,8.1824,8.2807
1690535500283,15.9378,13.9462,13.8208,12.4951
1690535500287,14.602,15.8502,17.2982,16.89
1690535500291,18.3833,18.6538,15.7971,17.9943
1690535500295,20.6849,21.1323,20.7571,20.8457
1690535500299,21.3882,17.6669,20.9836,25.5789
1690535500303,14.3164,19.5685,19.4009,22.1093
1690535500307,17.5547,18.9788,17.4158,18.4087
1690535500311,11.691,15.917,15.7442,16.6326
1690535500315,9.4427,9.5007,10.6934,13.4047
1690535500319,5.0078,3.9926,4.3766,11.9809
1690535500323,-3.5939,2.3239,2.7483,7.2591
1690535500327,-6.7708,-7.7533,-1.1951,2.5615
1690535500331,-16.4101,-9.1727,-8.0682,-1.5291
1690535500335,-20.6237,-13.5825,-10.6911,-5.8288
1690535500339,-24.155,-15.6968,-16.1819,-9.0945
1690535500343,-23.4739,-16.49,-15.6481,-10.2062
1690535500347,-27.0996,-18.8341,-17.8989,-11.6064
1690535500351,-27.7582,-20.1344,-17.1272,-12.3573
1690535500355,-22.6412,-16.6064,-18.054,-15.1741
1690535500359,-21.1388,-15.8499,-16.3384,-10.9554
1690535500363,-14.3786,-10.9158,-15.4112,-10.9534
1690535500367,-10.898,-6.7493,-11.1699,-5.8601
1690535500371,-5.7695,-3.9181,-4.0769,2.4657
1690535500375,0.6602,-0.6379,-1.2096,8.6467
1690535500379,7.44,6.7907,2.5729,8.1667
1690535500383,7.9625,9.7347,7.7697,14.5305
1690535500387,16.0181,14.7412,11.3498,16.9025
1690535500391,16.9028,13.903,17.6428,21.5494
1690535500395,14.7033,18.6519,19.0181,24.9511
1690535500399,18.0453,16.0952,18.9289,29.1559
1690535500403,19.6596,15.5758,23.4687,26.4189
1690535500407,16.8583,11.5668,18.6507,23.4282
1690535500411,9.8724,9.3883,17.654,20.4898
1690535500415,3.2982,5.8901,11.6971,14.6962
1690535500419,-4.3607,3.7386,6.8714,14.408
1690535500423,-5.9543,-2.9368,4.8656,3.2984
1690535500427,-9.1879,0.3677,-0.0453,-1.3596
1690535500431,-10.9216,-13.3191,-6.8093,-2.7622
1690535500435,-19.214,-17.3897,-10.1697,-7.4818
1690535500439,-22.1523,-18.7426,-17.8112,-13.1914
1690535500443,-23.8729,-21.2607,-20.2142,-12.3548
1690535500447,-28.6472,-18.1281,-22.1002,-18.7443
1690535500451,-27.416,-20.2958,-22.5152,-16.676
1690535500455,-24.591,-17.1305,-19.6303,-16.4203
1690535500459,-23.8184,-13.3907,-17.9723,-13.2641
1690535500463,-21.4702,-11.2935,-13.7693,-9.1325
1690535500467,-16.8225,-7.2189,-10.4131,-5.6528
1690535500471,-13.9486,1.0472,-4.4923,-1.1785
1690535500475,-6.5334,7.1994,2.1904,4.051
1690535500479,0.8914,13.0061,6.4725,5.2673
1690535500483,5.7521,12.9998,11.0563,14.8244
1690535500487,10.014,19.6844,19.965,17.8526
1690535500491,12.4641,22.6557,15.0681,16.5282
1690535500495,11.0544,21.3167,18.7212,21.6102
1690535500499,14.3892,21.7157,16.1556,18.8608
1690535500503,14.7768,20.9659,14.3937,20.5875
1690535500507,13.8342,18.9981,16.4223,16.1699
1690535500511,12.0558,16.8087,17.5428,13.5014
1690535500515,3.6482,9.8203,11.8528,6.0553
1690535500519,-3.7375,9.5992,7.0618,1.6184
1690535500523,-6.0369,4.9856,0.0278,-3.882
1690535500527,-11.0726,-0.3045,-2.8681,-5.6578
1690535500531,-14.0904,-8.9507,-8.2414,-13.3427
1690535500535,-15.3721,-13.6205,-13.4476,-17.5484
1690535500539,-17.255,-16.0084,-14.1234,-22.2096
1690535500543,-20.6271,-17.9359,-18.4921,-26.9417
1690535500547,-20.3098,-19.0918,-25.237,-29.1258
1690535500551,-21.1564,-18.4281,-15.9748,-27.2738
1690535500555,-18.8524,-20.3394,-20.3282,-27.5435
1690535500559,-14.5084,-14.677,-19.0153,-22.5347
1690535500563,-11.5627,-14.2327,-15.7011,-24.4148
1690535500567,-6.455,-8.0628,-7.878,-15.0697
1690535500571,1.7694,-0.2887,-0.5282,-12.3339
1690535500575,0.5655,0.7775,2.158,-6.155
1690535500579,10.7043,8.7319,3.4857,-0.5621
1690535500583,15.1545,11.6988,10.1837,4.8306
1690535500587,16.3562,12.1531,12.847,6.7614
1690535500591,24.8323,17.159,13.8097,11.3904
1690535500595,24.861,15.5618,18.4629,8.1878
1690535500599,24.9724,19.8731,19.9489,6.9327
1690535500603,22.3623,20.8032,21.8682,6.2556
1690535500607,25.1853,18.9795,20.1846,10.8077
1690535500611,23.1351,14.1469,17.8681,4.6106
1690535500615,21.0878,4.8566,14.4213,1.7394
1690535500619,14.0108,7.1164,6.3762,-3.1678
1690535500623,5.0065,-0.2799,0.5112,-7.0747
1690535500627,1.284,-8.9296,-7.9709,-9.2936
1690535500631,-4.1908,-11.5253,-10.5191,-13.4727
1690535500635,-4.8284,-15.6183,-11.5691,-18.105
1690535500639,-10.3033,-21.8384,-21.1446,-20.098
1690535500643,-13.2852,-22.8593,-22.9578,-23.3051
1690535500647,-14.5605,-26.9801,-21.2882,-22.1323
1690535500651,-8.3391,-24.2744,-22.324,-24.9815
1690535500655,-10.3652,-20.4117,-18.5549,-26.4863
1690535500659,-6.9278,-18.4934,-15.5673,-20.7943
1690535500663,-4.0098,-18.1445,-15.1452,-19.6261
1690535500667,-0.5002,-8.1725,-12.2626,-11.0992
1690535500671,3.1772,-4.2298,-2.8326,-3.9439
1690535500675,8.6689,2.1428,0.8659,-0.5734
1690535500679,11.5133,5.5974,6.8886,2.6532
1690535500683,17.3646,14.41,14.3738,2.6553
1690535500687,22.9838,12.3189,14.6436,9.584
1690535500691,26.4842,21.2244,12.6652,10.6341
1690535500695,27.1817,19.3714,23.8897,11.1496
1690535500699,28.0223,20.4035,22.7132,15.2394
1690535500703,27.3176,21.983,24.8617,15.7466
1690535500707,29.7238,18.5358,22.1602,14.4109
1690535500711,23.9263,20.1811,15.0476,13.9003
1690535500715,25.8745,11.6683,10.7976,8.3772
1690535500719,18.8758,2.1133,4.2585,7.7804
1690535500723,15.6296,2.728,0.4331,1.0799
1690535500727,9.4815,-2.8392,-2.8128,-3.6025
1690535500731,1.9394,-7.5368,-6.8508,-8.8453
1690535500735,-4.9571,-13.2869,-11.7212,-13.9442
1690535500739,-5.1223,-14.2623,-16.7239,-15.6765
1690535500743,-10.254,-19.4453,-15.5068,-15.2864
1690535500747,-9.526,-20.1299,-18.4275,-15.9966
1690535500751,-16.6499,-19.6766,-18.3396,-13.6503
1690535500755,-11.3384,-18.8588,-19.0771,-12.4391
1690535500759,-7.4917,-15.3979,-18.269,-11.2422
1690535500763,-6.9238,-11.3862,-14.6856,-9.5571
1690535500767,-2.5768,-6.524,-16.23,-0.6669
1690535500771,-1.5042,-4.8422,-9.3889,2.7765
1690535500775,10.2325,5.774,-4.7113,2.7573
1690535500779,9.727,7.9354,3.1857,11.8279
1690535500783,17.9998,10.5811,11.9715,15.95
1690535500787,12.1425,17.5763,14.5049,24.0321
1690535500791,21.6483,20.3014,21.1008,31.112
1690535500795,21.9572,19.629,21.5022,32.2976
1690535500799,20.1241,23.5165,22.574,28.3454
1690535500803,19.7921,20.0527,23.3099,31.8655
1690535500807,18.3161,17.6723,19.9764,27.3566
1690535500811,15.502,11.9175,13.1176,21.5232
1690535500815,8.8703,11.1477,7.6028,21.4765
1690535500819,9.4334,6.4297,8.227,14.9381
1690535500823,2.5445,-1.0127,0.1623,13.5011
1690535500827,-3.5176,-2.8948,-4.5697,5.285
1690535500831,-8.2133,-10.4502,-8.0715,-1.1089
1690535500835,-14.7181,-12.6911,-12.4488,-2.243
1690535500839,-20.4401,-17.6406,-16.0638,-9.6317
1690535500843,-21.6406,-19.9972,-18.3174,-14.0328
1690535500847,-21.3341,-23.2485,-21.4779,-12.83
1690535500851,-24.5733,-22.383,-24.2041,-16.7945
1690535500855,-22.3141,-21.1792,-20.9472,-14.1817
1690535500859,-21.9953,-21.4779,-19.6651,-8.4461
1690535500863,-18.6811,-17.4074,-10.7858,-9.7462
1690535500867,-15.05,-9.607,-9.3411,-2.7034
1690535500871,-10.7949,-5.5201,-1.4703,3.8114
1690535500875,-7.8668,-3.419,0.1576,6.5582
1690535500879,0.6706,3.3183,6.4325,11.6561
1690535500883,1.674,9.8596,12.4361,14.5867
1690535500887,9.2469,12.4108,16.3354,18.4816
1690535500891,11.7154,17.5264,17.3188,27.4331
1690535500895,11.4514,18.923,19.1998,27.1206
1690535500899,12.8624,24.6153,18.225,24.4622
1690535500903,10.0338,20.3592,20.1859,22.0463
1690535500907,14.9083,16.0625,16.0348,21.7461
1690535500911,8.8474,13.5252,12.955,17.6437
1690535500915,12.6669,12.3686,11.0435,15.8907
1690535500919,4.1325,5.6934,5.7583,9.3715
1690535500923,-5.9266,0.7986,0.1918,3.8018
1690535500927,-5.7087,-1.4935,-5.1826,1.8599
1690535500931,-13.2105,-7.2633,-10.5211,-2.5354
1690535500935,-15.2145,-11.2496,-15.2897,-8.8192
1690535500939,-23.4172,-15.0759,-17.5416,-18.4851
1690535500943,-21.5516,-14.5005,-20.0316,-21.1718
1690535500947,-21.5552,-21.9448,-20.8707,-19.6632
1690535500951,-25.9423,-20.1328,-25.1856,-21.0488
1690535500955,-24.551,-17.5265,-15.6112,-14.8707
1690535500959,-21.96,-12.0335,-15.7226,-12.0382
1690535500963,-19.2812,-8.0774,-12.4366,-9.9314
1690535500967,-18.1945,-5.8528,-10.277,-6.4451
1690535500971,-15.1878,-2.4003,-0.5205,-2.8123
1690535500975,-6.1425,3.9908,2.1168,-1.2515
1690535500979,-2.3384,4.7423,5.3562,2.4657
1690535500983,4.0597,13.3591,13.695,9.199
1690535500987,6.5063,14.5769,13.1172,12.0423
1690535500991,6.7618,17.4674,18.7447,10.5522
1690535500995,9.7975,18.9071,21.6768,16.3972
1690535500999,12.0082,20.6845,21.1051,12.8386
1690535501003,16.4181,19.8065,17.8534,13.9257
1690535501007,14.7858,18.0803,14.9446,10.4947
1690535501011,9.9868,17.3792,14.224,7.6046
1690535501015,12.2193,12.703,12.5094,5.5347
1690535501019,3.3657,6.4943,8.4715,0.8404
1690535501023,-0.7892,1.4954,3.0148,-5.97
1690535501027,0.6924,-3.0939,-4.2583,-8.6401
1690535501031,-7.4795,-5.7473,-5.7276,-17.5049
1690535501035,-11.4429,-15.5864,-11.6566,-18.2132
1690535501039,-13.7583,-20.8689,-18.6524,-22.1312
1690535501043,-18.2841,-22.8794,-21.0376,-21.9439
1690535501047,-20.7113,-24.8916,-16.6766,-25.1935
1690535501051,-16.4166,-21.5837,-22.1812,-22.195
1690535501055,-18.994,-24.7318,-18.0618,-27.0124
1690535501059,-13.5582,-18.0184,-15.7169,-22.8833
1690535501063,-14.8397,-16.2579,-9.4634,-18.6565
1690535501067,-10.5526,-11.9379,-7.0294,-12.3565
1690535501071,-8.7313,-1.5195,-1.3594,-7.2105
1690535501075,1.6626,-1.6851,2.8002,-0.0916
1690535501079,5.2402,5.4045,8.943,3.0298
1690535501083,11.0971,7.9573,12.9154,8.0454
1690535501087,10.259,12.9721,15.3319,7.9511
1690535501091,14.13,17.4545,15.7907,15.7111
1690535501095,12.8162,20.9304,20.5014,16.6769
1690535501099,19.2701,19.4054,20.425,15.4139
1690535501103,14.0455,19.15,21.5971,18.78
1690535501107,15.6316,19.8916,15.864,11.4413
1690535501111,13.2418,15.6238,17.0185,11.0992
1690535501115,8.1602,9.199,9.7491,8.8698
1690535501119,5.4916,6.1351,9.2419,3.2687
1690535501123,1.9476,1.4912,3.1837,0.5581
1690535501127,-4.6358,-3.4917,-3.2847,-4.6668
1690535501131,-10.7046,-6.7688,-11.0125,-11.1317
1690535501135,-19.8344,-11.8019,-11.621,-14.1591
1690535501139,-15.1832,-17.4155,-19.2069,-20.5649
1690535501143,-20.4803,-20.2548,-21.7511,-23.1118
1690535501147,-18.6744,-23.4238,-20.8484,-22.6691
1690535501151,-17.6153,-21.5563,-18.6967,-24.001
1690535501155,-21.7336,-25.0224,-24.2292,-21.9985
1690535501159,-17.8279,-14.7992,-18.7926,-18.5894
1690535501163,-15.6912,-13.0169,-15.8176,-18.1896
1690535501167,-9.3702,-8.0147,-9.8667,-13.0445
1690535501171,-6.5374,-1.656,-0.5506,-8.3316
1690535501175,0.3724,4.2863,0.9467,-2.5342
1690535501179,1.8992,12.3882,8.1573,0.6148
1690535501183,9.1464,15.2491,13.3764,6.8364
1690535501187,13.0706,17.2281,13.7106,11.6013
1690535501191,14.6107,18.6111,19.8746,15.3348
1690535501195,14.3083,27.886,19.734,19.3752
1690535501199,17.1098,23.0916,19.4968,20.0918
1690535501203,15.8692,22.925,21.7677,18.1144
1690535501207,14.0161,23.5722,15.3111,16.5293
1690535501211,10.1752,15.4913,14.6913,15.9374
1690535501215,10.3025,14.0504,7.0179,7.3356
1690535501219,6.9615,9.7285,5.6284,5.8628
1690535501223,1.8044,5.8968,-1.177,2.7676
1690535501227,-2.6444,-0.3261,-10.3087,-7.3826
1690535501231,-7.8501,-6.0196,-7.7642,-9.3699
1690535501235,-10.4907,-13.8341,-14.9713,-13.6717
1690535501239,-14.8197,-14.2872,-13.3184,-15.1036
1690535501243,-12.5972,-21.6136,-20.6973,-19.2507
1690535501247,-13.8821,-22.0586,-22.308,-20.3407
1690535501251,-17.3737,-23.4373,-21.2504,-21.446
1690535501255,-17.3075,-23.3133,-20.5142,-16.8976
1690535501259,-13.2324,-16.6922,-18.9749,-17.5776
1690535501263,-9.0429,-14.7559,-10.3811,-12.3054
1690535501267,-4.5702,-11.0252,-8.3795,-6.0368
1690535501271,-3.1284,-2.5355,-2.0271,-5.9235
1690535501275,2.9878,-0.9422,-1.4777,0.3979
1690535501279,9.7913,3.0569,2.1055,8.8645
1690535501283,9.263,7.6156,8.6987,9.0051
1690535501287,20.75,14.1592,18.4501,11.0788
1690535501291,18.709,17.9625,14.5744,18.1402
1690535501295,21.827,18.9595,21.3824,16.2422
1690535501299,24.0372,23.0866,17.0392,17.1369
1690535501303,22.178,24.3711,20.7828,17.3398
1690535501307,22.4116,20.0625,19.3762,17.263
1690535501311,17.209,14.8377,12.9176,14.3915
1690535501315,17.2311,9.9775,14.1923,9.179
1690535501319,11.7884,3.3893,6.4701,3.2054
1690535501323,2.86,1.3606,-1.0417,-4.0175
1690535501327,3.1745,-5.5721,-5.8516,-4.1814
1690535501331,-0.5587,-12.6076,-7.9002,-10.6538
1690535501335,-3.7082,-13.3654,-13.0477,-13.6077
1690535501339,-7.8332,-17.3557,-17.1691,-18.0956
1690535501343,-10.3255,-22.6245,-22.1139,-20.6832
1690535501347,-10.4484,-23.0742,-16.7797,-19.9558
1690535501351,-10.3187,-24.1558,-19.0737,-20.3633
1690535501355,-10.471,-25.2623,-18.3336,-17.7368
1690535501359,-4.824,-22.1292,-20.2271,-16.4091
1690535501363,-5.0927,-16.3233,-16.8227,-9.7706
1690535501367,1.4161,-10.0229,-8.4024,-7.7199
1690535501371,5.7958,-4.1743,-1.8006,-1.7688
1690535501375,12.2133,-0.1736,2.3803,3.2601
1690535501379,18.0309,6.3841,7.6077,9.4991
1690535501383,22.3384,13.1023,12.8663,14.159
1690535501387,28.7382,14.7908,14.2617,20.0068
1690535501391,28.5447,16.137,16.272,18.3115
1690535501395,29.9172,22.013,16.6709,23.8959
1690535501399,32.7289,23.1936,16.7923,23.5654
1690535501403,29.1924,26.4285,20.8291,22.8245
1690535501407,25.3751,27.2061,15.5405,22.6728
1690535501411,22.558,21.8451,12.0012,18.9675
1690535501415,17.6498,15.7865,10.3558,11.6049
1690535501419,10.817,11.7751,5.5924,10.8393
1690535501423,3.2801,10.5015,-2.6992,4.2225
1690535501427,-1.9332,1.0747,-6.7239,0.7089
1690535501431,-1.9586,-4.2516,-9.2394,-6.5807
1690535501435,-9.9873,-8.8058,-10.0928,-8.3022
1690535501439,-19.5557,-17.0661,-14.8366,-7.7777
1690535501443,-17.6073,-22.1277,-13.7622,-15.7872
1690535501447,-18.0016,-23.5355,-19.9793,-15.5888
1690535501451,-20.3069,-17.6072,-15.8077,-13.4608
1690535501455,-17.2683,-18.5595,-20.7145,-10.7957
1690535501459,-11.4899,-18.9264,-16.3742,-12.2589
1690535501463,-14.1147,-9.8903,-12.1586,-8.0808
1690535501467,-11.8671,-11.6065,-8.1957,-3.2318
1690535501471,-0.6701,-7.5251,-3.8656,-0.1413
1690535501475,-0.1025,-2.6749,4.9777,6.1959
1690535501479,7.8936,2.0002,6.3719,11.1129
1690535501483,12.4149,7.8494,7.3815,15.0325
1690535501487,17.7252,12.4935,11.9368,20.7875
1690535501491,16.7349,19.12,14.6633,21.0598
1690535501495,19.9143,22.4902,17.9619,23.5566
1690535501499,19.8418,19.7145,20.7905,24.8951
1690535501503,19.5278,21.7787,18.7015,25.6109
1690535501507,16.0259,21.2761,17.7038,26.343
1690535501511,11.8165,17.7851,16.5823,19.9315
1690535501515,6.1258,14.208,12.9704,17.3588
1690535501519,0.2951,5.9438,9.4006,12.187
1690535501523,-3.0057,4.5245,3.0828,9.7671
1690535501527,-10.912,-4.7172,-5.0918,3.9636
1690535501531,-12.7482,-7.4384,-10.5499,-0.1796
1690535501535,-17.4871,-12.5164,-8.5616,-9.9294
1690535501539,-22.8901,-17.4952,-19.6825,-7.2705
1690535501543,-27.1406,-21.4951,-19.1212,-13.9214
1690535501547,-26.4327,-21.1421,-19.9758,-11.8565
1690535501551,-25.9543,-24.9799,-22.4512,-16.8284
1690535501555,-25.6462,-23.0861,-17.9875,-14.2134
1690535501559,-21.6005,-23.345,-14.6368,-10.5329
1690535501563,-19.5137,-14.516,-8.4568,-6.0799
1690535501567,-17.6303,-14.4746,-6.3069,-6.5885
1690535501571,-9.2423,-8.0311,0.0041,-1.2576
1690535501575,-4.998,-5.277,1.2922,3.3656
1690535501579,2.3839,4.4017,9.1469,5.2983
1690535501583,2.75,9.3529,12.3692,11.7369
1690535501587,7.4928,13.744,13.58,17.2992
1690535501591,12.3899,12.7184,14.3531,18.8793
1690535501595,10.9228,16.9603,17.7358,15.7317
1690535501599,11.3483,16.2372,19.3823,19.6323
1690535501603,15.1498,18.5795,17.134,17.1947
1690535501607,6.1853,18.9972,16.0662,14.1131
1690535501611,4.0652,20.5137,14.8378,12.2586
1690535501615,2.6248,13.9705,10.1149,7.0841
1690535501619,-5.2011,5.0098,9.4227,4.2931
1690535501623,-11.3884,7.3825,-1.4223,0.6077
1690535501627,-13.7079,-0.0272,-5.517,-9.6226
1690535501631,-19.9221,-4.3231,-9.1829,-15.0309
1690535501635,-23.1315,-10.0226,-10.9468,-19.802
1690535501639,-28.3202,-12.9874,-14.0333,-22.4942
1690535501643,-32.3046,-15.1343,-17.1182,-22.4965
1690535501647,-27.3583,-15.964,-21.0586,-28.152
1690535501651,-26.0576,-19.4972,-18.8233,-25.5717
1690535501655,-26.6159,-15.5203,-20.9222,-25.6338
1690535501659,-26.8481,-12.5265,-21.4714,-20.785
1690535501663,-20.9181,-9.5191,-11.0383,-19.5524
1690535501667,-16.6939,-6.1054,-12.9779,-19.2688
1690535501671,-10.9918,-4.9265,-6.1565,-13.6509
1690535501675,1.2951,-0.3966,3.9814,-4.4296
1690535501679,4.2155,5.5178,5.9992,0.8627
1690535501683,5.8036,9.4676,9.9235,3.6819
1690535501687,13.3294,15.3905,16.6468,7.0602
1690535501691,18.8943,19.3244,14.6046,14.3758
1690535501695,22.2232,18.1896,20.287,11.1747
1690535501699,23.2883,23.1156,20.2599,15.6853
1690535501703,22.6795,20.9391,17.9831,12.5202
1690535501707,18.1412,16.4114,14.8484,6.9572
1690535501711,14.4396,13.2793,14.1051,8.0229
1690535501715,13.1066,11.9736,9.002,-1.7021
1690535501719,8.6574,3.9569,3.2109,-2.9085
1690535501723,3.624,0.3007,0.7156,-9.3124
1690535501727,-3.6515,-2.15,-3.0107,-12.3861
1690535501731,-9.3707,-6.142,-9.5061,-18.3382
1690535501735,-14.2157,-15.3287,-10.4538,-20.4161
1690535501739,-19.5624,-14.5952,-15.8257,-26.7071
1690535501743,-21.2498,-19.5272,-18.8022,-30.7826
1690535501747,-23.686,-20.053,-18.0683,-31.2339
1690535501751,-20.4189,-18.2163,-19.6282,-31.9776
1690535501755,-18.5064,-21.8907,-19.1745,-28.8372
1690535501759,-14.8436,-16.951,-17.2539,-20.7276
1690535501763,-13.5378,-17.5956,-10.7495,-20.4045
1690535501767,-13.0005,-9.2727,-5.1894,-11.1223
1690535501771,-3.2509,-4.7302,-2.9267,-8.1662
1690535501775,1.5859,-1.2394,2.4901,-0.823
1690535501779,5.3442,3.4835,9.3961,-0.9395
1690535501783,15.3088,7.6861,6.2244,4.8743
1690535501787,16.8518,10.4044,12.8424,7.4773
1690535501791,21.8175,12.4116,13.4899,10.4207
1690535501795,19.6706,11.8417,17.7623,13.6841
1690535501799,23.6774,14.6323,19.2977,15.8897
1690535501803,24.0686,16.0014,15.7177,15.3911
1690535501807,20.24,14.647,16.6937,13.2869
1690535501811,16.6198,13.7021,13.0292,13.6134
1690535501815,18.5998,6.6521,10.1087,11.4944
1690535501819,7.5042,5.5024,7.7733,8.6257
1690535501823,0.8556,-0.4174,2.5393,3.6895
1690535501827,4.978,-4.9905,-1.0047,-3.5002
1690535501831,-2.9617,-9.7529,-8.568,-9.6147
1690535501835,-9.3916,-13.1538,-13.2269,-12.0665
1690535501839,-11.6314,-15.274,-16.0051,-17.4545
1690535501843,-15.5011,-17.5915,-13.0029,-15.2973
1690535501847,-18.1974,-16.8424,-17.5993,-16.0258
1690535501851,-18.3462,-19.709,-13.7968,-13.541
1690535501855,-15.7127,-18.1185,-16.3189,-11.8934
1690535501859,-12.997,-12.22,-14.0015,-7.9724
1690535501863,-9.4938,-9.4583,-15.1099,-4.1725
1690535501867,-4.7791,-11.0101,-13.1068,0.6834
1690535501871,0.2659,0.2935,-6.6174,1.733
1690535501875,1.7012,5.7577,-1.9761,8.0092
1690535501879,11.5833,11.0042,5.2997,10.5502
1690535501883,17.5771,10.7991,7.5012,13.1577
1690535501887,21.7255,14.9109,13.3875,19.1427
1690535501891,24.7177,23.9304,15.5905,25.3838
1690535501895,21.5094,23.8396,16.5908,26.9232
1690535501899,22.7286,19.783,18.8554,26.3671
1690535501903,25.4245,23.5481,17.5819,25.1857
1690535501907,20.4294,19.3033,16.5,24.1848
1690535501911,25.08,16.9164,13.5631,20.7899
1690535501915,20.2904,12.7804,8.0808,17.2595
1690535501919,9.0475,9.7615,5.9275,11.2098
1690535501923,5.47,1.2292,-3.9275,8.9236
1690535501927,1.1976,-2.3835,-8.4698,1.7225
1690535501931,-3.8606,-7.1603,-9.6443,-1.3649
1690535501935,-9.3021,-12.9418,-13.3642,-4.4979
1690535501939,-9.4576,-17.4062,-17.7345,-6.5453
1690535501943,-13.9282,-19.1183,-19.1556,-8.5834
1690535501947,-18.2842,-14.2604,-19.3787,-6.9672
1690535501951,-21.8056,-18.73,-13.8198,-15.0759
1690535501955,-19.3201,-16.0135,-14.8045,-11.9847
1690535501959,-15.6876,-17.2362,-12.2772,-10.8445
1690535501963,-12.8873,-15.9859,-10.8074,-5.7604
1690535501967,-9.9284,-6.8306,-8.3759,-1.2973
1690535501971,-3.4787,-4.5096,1.1733,5.3406
1690535501975,3.4637,-0.4289,1.2478,5.7086
1690535501979,8.1926,0.4206,2.9276,14.2607
1690535501983,10.4584,9.1121,6.7972,20.5176
1690535501987,11.6889,13.9123,6.947,26.8791
1690535501991,16.2202,16.9053,15.7256,25.8729
1690535501995,18.2848,19.1532,15.5526,24.7849
1690535501999,23.9233,19.7245,17.6589,27.9881
1690535502003,18.801,17.4136,19.2048,23.7609
1690535502007,21.8729,15.2535,14.7673,21.4074
1690535502011,16.7706,13.9925,13.2888,19.4338
1690535502015,15.0046,8.152,9.9279,18.1814
1690535502019,8.9908,5.153,10.3884,14.8697
1690535502023,8.1353,-3.3814,6.1449,3.6655
1690535502027,4.7918,-9.4764,-2.2119,2.3875
1690535502031,-2.4081,-15.5781,-1.7872,-5.288
1690535502035,-5.4732,-16.8358,-14.6051,-10.3104
1690535502039,-7.356,-16.8996,-21.4348,-13.5222
1690535502043,-10.4179,-21.6148,-16.9152,-20.5498
1690535502047,-11.806,-21.0139,-22.9196,-20.7115
1690535502051,-12.6982,-18.6448,-17.7759,-21.3757
1690535502055,-12.4832,-20.4667,-14.9861,-21.0879
1690535502059,-12.1947,-16.997,-15.5459,-20.7308
1690535502063,-6.2748,-14.4848,-14.5148,-16.1239
1690535502067,-7.9599,-9.1542,-10.3403,-8.3675
1690535502071,-1.0574,-2.708,-7.5711,-4.065
1690535502075,4.0471,1.54,2.6613,-0.0475
1690535502079,12.0983,7.0724,7.6584,4.9846
1690535502083,11.5568,12.0747,9.5824,12.3823
1690535502087,16.285,14.2033,14.2227,15.9565
1690535502091,17.248,16.9569,18.4347,15.4503
1690535502095,17.3436,16.5352,19.9585,15.6559
1690535502099,20.8374,21.8018,21.9417,18.8127
1690535502103,23.0946,24.3385,17.1287,13.4517
1690535502107,18.0759,24.4382,18.8621,14.0801
1690535502111,15.2171,17.5136,15.3682,14.0053
1690535502115,12.475,15.4535,10.8648,10.2692
1690535502119,6.6346,6.4463,8.8592,4.26
1690535502123,1.0728,5.1381,-2.7711,-2.1433
1690535502127,-2.8074,-2.4796,-4.0171,-6.0711
1690535502131,-5.6577,-6.0579,-6.3094,-12.5162
1690535502135,-8.6456,-7.7296,-12.4293,-12.5761
1690535502139,-10.032,-17.99,-16.6575,-18.1979
1690535502143,-17.3167,-16.9458,-21.1275,-26.17
1690535502147,-12.2716,-18.9732,-17.6193,-25.4848
1690535502151,-12.6405,-20.3502,-12.7643,-24.3242
1690535502155,-18.4016,-14.1791,-16.5103,-19.6029
1690535502159,-14.1172,-17.4535,-12.4283,-17.7364
1690535502163,-15.0136,-16.1832,-12.6587,-15.5276
1690535502167,-11.5093,-8.0105,-8.4047,-11.9393
1690535502171,-5.9692,-4.7163,-5.039,-5.3885
1690535502175,-4.7197,0.5779,1.0713,-3.6583
1690535502179,2.7624,6.1967,-0.2479,0.9117
1690535502183,3.3454,12.3088,7.4376,8.9796
1690535502187,13.3427,13.5205,12.1662,13.4683
1690535502191,11.1083,15.6366,15.9413,9.6805
1690535502195,12.4375,19.385,18.3079,11.9241
1690535502199,13.0425,18.0554,15.4246,13.2384
1690535502203,12.774,15.2556,19.7213,11.0892
1690535502207,13.9033,15.9971,14.8811,11.6171
1690535502211,9.769,13.6575,16.0579,11.3735
1690535502215,7.4864,10.6563,13.5217,7.8667
1690535502219,0.9938,6.3674,6.9398,-2.038
1690535502223,-5.5182,0.1832,3.9678,-1.5865
1690535502227,-12.6796,-3.3719,2.1485,-8.8511
1690535502231,-15.5713,-10.4755,-7.3017,-11.7467
1690535502235,-18.4641,-17.4495,-9.3297,-16.5104
1690535502239,-22.4448,-19.4496,-12.2313,-20.9209
1690535502243,-21.7149,-21.7407,-17.2555,-19.5852
1690535502247,-23.5992,-24.9884,-22.6572,-23.4165
1690535502251,-23.2365,-26.8512,-22.5629,-21.3017
1690535502255,-23.2103,-26.2036,-22.9352,-20.4073
1690535502259,-24.5256,-20.1517,-18.7966,-17.5897
1690535502263,-18.6705,-17.3116,-18.0175,-10.2764
1690535502267,-16.1146,-13.5857,-9.3588,-9.9698
1690535502271,-15.2655,-3.2568,-5.4921,-0.4742
1690535502275,-12.1597,-0.5371,-0.0903,2.4179
1690535502279,-6.2792,8.6862,5.1555,2.566
1690535502283,1.0952,8.7643,14.1571,12.0665
1690535502287,-0.083,15.1448,20.4709,15.3941
1690535502291,3.7881,16.9224,20.1636,14.4409
1690535502295,3.284,15.0125,20.9021,18.0481
1690535502299,8.8487,20.7076,18.909,22.1342
1690535502303,6.9137,14.954,18.7048,15.6374
1690535502307,4.053,15.5855,14.9934,18.3062
1690535502311,3.6267,15.3345,17.6692,12.9321
1690535502315,1.6037,14.953,12.049,10.6318
1690535502319,-0.1494,7.065,7.1636,1.7553
1690535502323,-4.5334,7.9393,1.5768,-3.2081
1690535502327,-11.1005,0.4575,-2.6666,-3.9264
1690535502331,-13.7909,-1.7857,-6.5323,-8.8245
1690535502335,-17.9706,-9.6609,-10.9145,-18.6066
1690535502339,-16.6009,-12.4996,-13.6554,-18.2389
1690535502343,-22.3724,-16.5816,-17.7164,-22.9446
1690535502347,-18.5804,-14.7797,-22.3331,-16.6605
1690535502351,-21.4992,-18.7573,-22.757,-23.307
1690535502355,-20.1806,-18.8415,-19.2044,-22.0964
1690535502359,-17.9288,-16.4237,-14.717,-19.6742
1690535502363,-12.3147,-14.1615,-13.436,-17.1365
1690535502367,-6.9324,-8.3333,-10.0342,-12.2411
1690535502371,-4.8445,-8.619,-3.8195,-8.1858
1690535502375,1.6259,2.5071,-2.644,-4.1608
1690535502379,-1.4383,4.2051,3.777,1.2912
1690535502383,6.0729,12.9797,7.1811,7.2335
1690535502387,15.0834,13.8764,9.6712,8.7582
1690535502391,14.3153,19.5347,15.3253,10.3473
1690535502395,14.7312,23.1502,17.2623,22.496
1690535502399,18.4926,23.0414,20.7664,17.5289
1690535502403,17.3339,20.1504,20.7371,20.7043
1690535502407,17.8745,14.9389,16.34,16.5791
1690535502411,12.7532,14.9151,16.3487,14.7675
1690535502415,11.3295,11.2799,13.9529,10.7769
1690535502419,9.5484,6.5763,8.5841,9.5554
1690535502423,1.4696,3.6948,2.7069,-1.9548
1690535502427,-1.7806,-0.942,-2.0888,-2.9049
1690535502431,-7.7617,-7.5435,-11.3619,-10.1938
1690535502435,-7.0023,-14.151,-12.2684,-9.888
1690535502439,-12.6873,-19.6217,-19.5603,-14.3949
1690535502443,-13.0752,-19.1192,-15.4415,-18.9883
1690535502447,-18.0428,-20.853,-15.6361,-17.5323
1690535502451,-17.327,-23.3616,-18.8615,-19.5198
1690535502455,-13.9973,-20.5349,-18.9552,-17.727
1690535502459,-14.4921,-20.9024,-12.6894,-12.5953
1690535502463,-5.2865,-13.3304,-16.8136,-12.6444
1690535502467,-2.8313,-9.5221,-11.5553,-11.9334
1690535502471,5.6687,-8.2119,-7.9096,-2.8094
1690535502475,7.0084,-1.275,-0.0375,2.4564
1690535502479,15.0132,1.2659,6.2572,7.9056
1690535502483,20.1043,7.051,13.7737,12.4875
1690535502487,19.9473,9.6478,15.5115,17.4408
1690535502491,27.9381,11.0736,14.937,17.172
1690535502495,29.1726,14.6712,24.4488,18.987
1690535502499,33.8612,15.9929,24.3339,20.9361
1690535502503,30.9325,21.0494,17.5814,19.4603
1690535502507,26.9481,19.7334,18.1275,18.0211
1690535502511,24.1944,14.8767,16.278,19.0145
1690535502515,22.2199,15.2102,13.1542,12.7132
1690535502519,15.205,6.1134,5.2426,6.4506
1690535502523,10.833,-1.5123,3.2089,2.9572
1690535502527,3.1817,-2.7476,-1.1844,0.1269
1690535502531,0.4869,-6.1607,-5.5565,-6.0688
1690535502535,-4.2963,-9.5005,-10.8743,-6.9483
1690535502539,-10.2792,-14.5184,-11.5843,-14.8437
1690535502543,-11.0266,-20.789,-17.5767,-15.013
1690535502547,-8.1673,-20.6172,-18.6055,-15.0789
1690535502551,-9.1859,-21.0724,-15.9691,-15.0629
1690535502555,-10.4826,-16.2901,-17.1201,-12.4266
1690535502559,-9.3224,-12.7044,-18.1597,-11.0939
1690535502563,-6.9705,-9.2613,-14.6309,-5.7849
1690535502567,-0.8012,-5.4725,-10.8711,2.6032
1690535502571,1.5713,4.2356,-3.8533,8.3061
1690535502575,8.8321,2.7816,2.2995,7.5577
1690535502579,8.8964,2.2333,6.0371,15.6423
1690535502583,13.4652,13.5165,6.7331,16.3938
1690535502587,17.9864,16.5498,11.3403,25.425
1690535502591,23.19,19.5365,15.0762,26.5339
1690535502595,22.1226,23.9275,17.9819,28.5891
1690535502599,25.1057,23.6502,15.5958,30.201
1690535502603,23.7745,22.4494,18.4922,27.9995
1690535502607,22.9297,16.0258,18.1671,26.2762
1690535502611,19.4207,14.7184,11.628,23.4883
1690535502615,13.7894,12.7351,14.7909,18.747
1690535502619,9.0959,9.6194,6.6898,10.8215
1690535502623,2.509,3.7619,5.8023,6.124
1690535502627,-8.3696,-0.09,3.2057,1.6903
1690535502631,-13.037,-7.7002,-3.2376,1.9794
1690535502635,-15.8824,-9.9587,-10.6881,-5.9403
1690535502639,-20.5852,-13.5942,-12.5179,-8.0701
1690535502643,-20.9754,-17.446,-16.8794,-14.0571
1690535502647,-20.7606,-21.2374,-26.1197,-11.4149
1690535502651,-19.3868,-20.3808,-23.8666,-14.6294
1690535502655,-21.4079,-23.9988,-20.0314,-15.0767
1690535502659,-14.7488,-19.6167,-18.6316,-13.3171
1690535502663,-11.1262,-15.2583,-13.2417,-8.1903
1690535502667,-9.7844,-7.6494,-7.3178,-7.9181
1690535502671,-4.8127,-9.0798,-5.2329,-2.3744
1690535502675,2.6946,0.2633,-0.5762,6.7874
1690535502679,11.5034,7.9193,5.8845,6.9408
1690535502683,15.1197,10.0655,9.1749,8.8553
1690535502687,13.8868,13.2012,13.6536,15.3831
1690535502691,18.77,17.4477,15.1851,15.1699
1690535502695,18.7332,19.9539,19.2883,17.5602
1690535502699,20.348,19.1392,19.2368,16.8058
1690535502703,20.2967,18.176,20.3003,18.9659
1690535502707,16.7268,17.7654,21.6632,17.1183
1690535502711,14.883,10.5595,18.7642,14.4645
1690535502715,14.5858,7.391,13.7905,12.0275
1690535502719,8.8033,3.5407,8.2819,6.7783
1690535502723,-0.0182,-0.6132,2.0243,3.684
1690535502727,-8.0802,-6.5053,1.2449,-5.3072
1690535502731,-10.7462,-6.4655,-6.4127,-9.1471
1690535502735,-17.9616,-14.6483,-11.6924,-13.9531
1690535502739,-21.0949,-16.5799,-17.4011,-22.1978
1690535502743,-25.768,-21.5564,-19.8283,-20.5594
1690535502747,-25.6117,-19.9138,-19.5683,-20.7742
1690535502751,-28.0841,-22.6662,-19.1221,-20.9046
1690535502755,-19.865,-18.5282,-18.9247,-23.2775
1690535502759,-20.1027,-19.3415,-13.6497,-18.828
1690535502763,-19.7494,-16.8934,-12.2418,-21.3393
1690535502767,-12.4827,-6.7764,-11.2731,-20.6447
1690535502771,-11.2388,-1.7076,-5.1379,-11.3208
1690535502775,-3.8222,-0.8887,-0.2532,-7.0153
1690535502779,7.171,5.5882,4.3553,-3.5368
1690535502783,9.9981,14.8883,6.8809,2.8367
1690535502787,18.2486,19.1821,15.8551,10.9087
1690535502791,20.1222,23.7515,14.7192,9.9516
1690535502795,19.2978,25.7359,19.4107,12.9264
1690535502799,16.4235,22.9448,22.3377,14.0307
1690535502803,18.0538,24.6232,24.4111,12.593
1690535502807,15.2969,18.8484,18.8205,14.4742
1690535502811,16.4534,16.8448,16.1446,6.1595
1690535502815,11.0318,13.4611,12.3758,-0.2
1690535502819,10.0718,13.9668,3.8052,-7.2598
1690535502823,0.3358,4.7574,0.9568,-10.7297
1690535502827,-8.8148,0.3896,-5.1293,-15.7748
1690535502831,-9.1229,-7.0738,-5.9098,-19.3738
1690535502835,-13.4066,-10.9013,-10.316,-23.3111
1690535502839,-16.3367,-16.9036,-17.2865,-26.1953
1690535502843,-20.0827,-15.1663,-17.74,-28.6456
1690535502847,-20.8203,-18.2831,-18.51,-28.2193
1690535502851,-24.3479,-18.3509,-20.9269,-30.5498
1690535502855,-21.5644,-22.5227,-16.3661,-32.4502
1690535502859,-18.571,-10.829,-16.552,-27.5348
1690535502863,-15.756,-12.0749,-14.783,-23.695
1690535502867,-10.779,-10.9233,-15.3837,-13.7577
1690535502871,-5.0659,-4.7341,-7.2697,-11.5181
1690535502875,-4.1262,0.2074,-0.5321,-5.946
1690535502879,2.8749,4.9355,3.3312,-0.525
1690535502883,6.489,8.1279,6.9102,6.7388
1690535502887,14.5661,13.1476,15.2614,10.3867
1690535502891,14.4796,16.2953,18.8568,14.8991
1690535502895,16.1848,15.7394,19.2007,18.8171
1690535502899,13.593,19.9799,23.1727,17.7444
1690535502903,14.7835,19.0974,22.9689,14.9668
1690535502907,12.6986,19.8173,17.4271,14.7519
1690535502911,12.0891,14.3493,10.3982,10.7942
1690535502915,3.3633,10.2544,11.3573,10.7645
1690535502919,1.1153,8.1118,9.976,4.9242
1690535502923,-7.0612,-1.7857,3.0795,0.8163
1690535502927,-9.1783,-4.367,-6.4036,-5.0278
1690535502931,-17.0444,-9.0622,-5.6854,-9.4547
1690535502935,-18.7538,-13.2437,-11.5016,-13.6816
1690535502939,-27.0712,-18.4233,-15.868,-17.6271
1690535502943,-26.1974,-20.8108,-16.6993,-18.8689
1690535502947,-31.551,-24.5385,-21.1287,-24.1732
1690535502951,-30.098,-22.3518,-16.6564,-18.4917
1690535502955,-28.8121,-22.1478,-18.5089,-15.2816
1690535502959,-24.6335,-19.4225,-19.7901,-11.9553
1690535502963,-19.8476,-15.0003,-14.8424,-8.8982
1690535502967,-15.1229,-13.486,-11.5107,-8.4739
1690535502971,-11.1261,-6.0031,-8.3215,1.0624
1690535502975,-7.0834,-1.5005,-1.4875,3.0382
1690535502979,1.319,-3.5862,2.1762,10.1588
1690535502983,6.1903,6.4482,10.4287,16.3277
1690535502987,11.9992,13.6089,17.5993,16.0918
1690535502991,12.0526,19.4725,16.2565,21.0204
1690535502995,18.9247,17.0057,18.8651,25.8154
1690535502999,15.5952,21.3759,21.0419,26.272
1690535503003,21.1327,18.2459,21.9886,21.6654
1690535503007,18.6017,17.3113,16.6801,19.5635
1690535503011,13.2246,15.6754,16.1974,20.7167
1690535503015,6.5692,14.7108,10.0947,14.9489
1690535503019,2.3015,7.9879,6.2456,18.1852
1690535503023,-2.9996,6.8693,-1.6054,9.9145
1690535503027,-5.7514,-1.3041,-5.6014,8.551
1690535503031,-8.1193,-7.4595,-12.575,0.7855
1690535503035,-14.5764,-5.1694,-16.5979,-9.2539
1690535503039,-17.7183,-7.3706,-12.0357,-6.9795
1690535503043,-17.9717,-10.8055,-13.7129,-9.8873
1690535503047,-19.9749,-13.4784,-21.5597,-12.9986
1690535503051,-22.6747,-15.023,-20.7711,-10.8965
1690535503055,-21.2989,-18.7336,-21.1511,-7.9807
1690535503059,-19.4555,-15.8548,-18.5788,-4.1032
1690535503063,-16.6685,-13.7169,-13.9711,-2.1309
1690535503067,-11.4314,-12.4638,-7.2631,0.8024
1690535503071,-1.4766,-4.9851,-3.5765,1.023
1690535503075,1.5783,3.814,0.9271,9.1012
1690535503079,6.199,5.2714,5.6089,12.5363
1690535503083,10.1139,10.8124,11.8642,13.3185
1690535503087,14.2601,12.244,13.9179,17.2035
1690535503091,14.2422,14.0955,16.893,18.8613
1690535503095,19.0518,17.5541,17.4148,23.9664
1690535503099,22.1812,13.5775,22.6365,22.8234
1690535503103,22.0193,18.203,22.2158,21.9887
1690535503107,21.591,16.0642,20.4114,20.7991
1690535503111,19.0726,14.0024,16.1148,17.452
1690535503115,14.7058,9.4968,15.231,12.602
1690535503119,10.5999,9.1127,8.3404,8.2922
1690535503123,12.212,1.6995,1.9441,7.535
1690535503127,3.0479,-6.4249,-0.8382,0.3101
1690535503131,-1.6869,-1.9093,-7.4017,-4.9398
1690535503135,-3.3384,-8.1612,-15.6087,-10.5427
1690535503139,-5.85,-15.3172,-18.0192,-14.4054
1690535503143,-9.3462,-18.7158,-21.5504,-14.587
1690535503147,-9.3159,-14.4344,-22.0657,-14.1424
1690535503151,-8.4757,-21.5144,-19.5544,-20.322
1690535503155,-8.9334,-16.6773,-23.6616,-16.3026
1690535503159,-6.9831,-18.9198,-15.2966,-16.8619
1690535503163,-0.2712,-10.9397,-12.4268,-9.8743
1690535503167,1.624,-13.6793,-10.1028,-8.1359
1690535503171,7.1639,-7.7241,-4.5499,-4.5531
1690535503175,13.2064,-1.2227,-0.3751,-1.0518
1690535503179,17.886,-2.754,8.6439,6.0555
1690535503183,17.5687,3.3935,14.6893,12.4939
1690535503187,23.7173,6.1661,18.1494,13.8932
1690535503191,26.5945,11.2819,17.037,16.0386
1690535503195,27.1218,13.5929,14.9047,16.3204
1690535503199,29.7849,15.959,17.0041,17.9912
1690535503203,30.2749,17.8531,20.6482,22.5239
1690535503207,27.0502,14.2499,16.6832,18.0529
1690535503211,25.6063,11.0904,14.3294,13.7975
1690535503215,17.7755,6.5897,12.4907,10.8428
1690535503219,15.8645,3.1558,5.7904,3.8243
1690535503223,8.74,2.969,1.5095,-1.3294
1690535503227,4.9072,0.9862,-4.7902,-4.2669
1690535503231,-0.2518,-2.1333,-9.425,-11.7287
1690535503235,-9.2859,-8.4426,-15.908,-17.7123
1690535503239,-7.1881,-12.5453,-17.1194,-18.9352
1690535503243,-9.3796,-15.4499,-14.6531,-23.8516
1690535503247,-12.7473,-15.9933,-19.6005,-23.8974
1690535503251,-8.3798,-15.356,-19.2801,-21.3458
1690535503255,-12.1686,-13.1163,-19.5409,-25.5588
1690535503259,-9.6524,-11.9378,-17.7751,-21.9514
1690535503263,-10.6862,-10.4931,-17.4339,-18.0901
1690535503267,-7.6085,-5.701,-3.6414,-11.3934
1690535503271,-0.9932,0.0962,-3.5281,-8.6042
1690535503275,-1.1551,3.8862,3.1531,-0.8242
1690535503279,5.8417,5.8018,3.4063,-1.0614
1690535503283,13.2928,10.2593,10.4334,7.2026
1690535503287,15.9421,17.7734,16.9363,14.8512
1690535503291,18.4274,19.015,16.7134,16.7257
1690535503295,16.8485,14.0741,17.6091,18.7334
1690535503299,26.1109,17.0282,23.9261,17.6956
1690535503303,15.012,14.7081,20.5221,17.9947
1690535503307,17.9752,17.2944,24.2166,14.2941
1690535503311,17.7439,14.5424,14.505,13.9257
1690535503315,14.2249,10.997,15.2657,3.5884
1690535503319,5.5228,3.201,9.0132,7.8304
1690535503323,1.4318,0.7112,4.41,-3.7189
1690535503327,-0.1385,-3.3947,-2.9725,-5.9212
1690535503331,-7.5691,-5.2621,-8.2387,-14.3594
1690535503335,-13.3943,-10.6332,-12.327,-14.2172
1690535503339,-15.7883,-17.4016,-12.7307,-12.8849
1690535503343,-15.6753,-13.8953,-19.7242,-21.0175
1690535503347,-22.0453,-18.9973,-19.7206,-21.6204
1690535503351,-23.6114,-19.9229,-19.1583,-23.8508
1690535503355,-22.7619,-16.9618,-13.8879,-22.8178
1690535503359,-17.3787,-12.9122,-12.5221,-17.694
1690535503363,-14.4628,-9.9517,-15.4677,-15.2847
1690535503367,-9.6857,-8.199,-10.6814,-6.7571
1690535503371,-8.5089,-4.2959,-6.1203,-3.5636
1690535503375,-4.285,1.8522,2.4673,-2.3073
1690535503379,-0.046,4.4118,9.7979,7.8727
1690535503383,2.0459,6.692,12.0633,11.0377
1690535503387,2.3499,11.4705,15.3979,9.7519
1690535503391,9.1444,15.3581,20.7759,14.2959
1690535503395,13.2885,13.4723,19.7267,15.5256
1690535503399,8.564,12.6047,24.2691,18.1307
1690535503403,8.7772,14.2162,16.7408,13.5721
1690535503407,6.5835,8.8346,15.4598,13.9345
1690535503411,6.0912,9.3993,11.8455,4.9812
1690535503415,2.914,4.2381,8.0604,6.7626
1690535503419,-0.3724,2.3274,5.3498,4.0395
1690535503423,-8.1652,-1.4303,-2.2619,-0.0304
1690535503427,-13.8789,-5.4362,-3.9676,-7.2374
1690535503431,-14.596,-9.0606,-9.0627,-12.6573
1690535503435,-14.8542,-15.6831,-12.5983,-16.3874
1690535503439,-23.647,-17.6698,-18.994,-17.1856
1690535503443,-26.5323,-18.7919,-19.5141,-23.6857
1690535503447,-24.2416,-15.856,-18.4564,-25.5309
1690535503451,-17.8777,-16.1172,-21.1926,-21.5813
1690535503455,-19.7288,-14.0864,-18.8364,-22.0916
1690535503459,-17.4048,-11.7517,-16.2096,-16.0337
1690535503463,-14.5456,-10.8008,-11.8769,-12.0829
1690535503467,-11.1916,-9.3971,-10.0672,-7.0505
1690535503471,-5.4162,-0.7767,-5.7453,-3.4954
1690535503475,0.1349,-0.1356,0.4029,-0.2809
1690535503479,1.5606,8.7983,3.9614,5.0943
1690535503483,7.1069,10.7954,8.515,7.8756
1690535503487,8.4429,16.5141,16.4881,10.0203
1690535503491,13.9974,23.3872,18.9299,12.1691
1690535503495,13.5599,19.9802,18.1615,18.0299
1690535503499,13.4841,23.2219,23.5112,18.6932
1690535503503,15.0421,19.7314,17.2752,22.4527
1690535503507,13.6596,15.4945,17.2117,16.9702
1690535503511,15.7075,12.8392,11.7282,14.1302
1690535503515,9.0333,9.9282,11.6898,9.0652
1690535503519,4.6566,10.4602,8.6206,3.3717
1690535503523,1.0552,-0.2182,3.8993,-4.9482
1690535503527,-6.4451,-4.5931,-6.292,-2.7199
1690535503531,-9.2666,-8.8398,-8.2437,-11.1348
1690535503535,-14.5998,-14.6847,-13.7803,-8.996
1690535503539,-18.0543,-18.3171,-19.5571,-17.3494
1690535503543,-22.4969,-16.1895,-20.1204,-20.4446
1690535503547,-19.1886,-17.6572,-23.1305,-24.6087
1690535503551,-23.8979,-17.884,-19.29,-21.4028
1690535503555,-18.8312,-15.3325,-18.2912,-19.355
1690535503559,-19.389,-10.4187,-17.8572,-20.6158
1690535503563,-14.0399,-11.2858,-15.2839,-16.5287
1690535503567,-8.1094,-7.2011,-6.8735,-10.8747
1690535503571,-5.5605,3.1001,-0.4999,-7.34
1690535503575,-0.3418,1.497,-0.701,-3.8235
1690535503579,4.9436,7.0948,8.8764,2.1825
1690535503583,8.9706,6.2273,13.2999,10.0052
1690535503587,11.6652,12.984,14.4795,13.9045
1690535503591,16.3523,15.8362,19.9672,17.8535
1690535503595,15.8053,18.2095,20.0187,24.6897
1690535503599,15.5372,16.8162,16.2731,20.2655
1690535503603,12.2942,17.8139,21.1092,22.0101
1690535503607,12.2856,16.1946,14.8522,23.8719
1690535503611,13.5616,13.1141,10.1639,20.0267
1690535503615,8.8132,8.8877,13.058,15.2894
1690535503619,6.1036,2.7286,5.0392,13.7547
1690535503623,-0.3142,-2.8739,-0.6623,8.0962
1690535503627,-6.9008,-9.4536,-7.1833,2.5496
1690535503631,-7.3808,-12.8257,-10.0546,-3.2608
1690535503635,-14.3903,-12.8308,-13.459,-11.8446
1690535503639,-15.1068,-18.3912,-14.0072,-9.737
1690535503643,-16.4386,-24.7243,-18.3343,-12.8058
1690535503647,-17.2025,-22.6598,-17.8436,-14.1163
1690535503651,-20.6222,-24.031,-19.8159,-17.8734
1690535503655,-17.8826,-21.3307,-18.2024,-13.2697
1690535503659,-14.5103,-17.6141,-15.9324,-11.1627
1690535503663,-10.9259,-15.6061,-13.2435,-10.1776
1690535503667,-10.67,-7.4253,-6.3892,2.019
1690535503671,-2.5275,-2.5376,-2.3922,2.0757
1690535503675,1.8365,1.451,-2.6359,8.7147
1690535503679,6.0315,12.961,5.038,14.3189
1690535503683,14.7601,13.0447,12.3275,20.6027
1690535503687,12.4033,16.7989,14.557,22.9207
1690535503691,16.1626,16.9442,17.2743,21.6292
1690535503695,20.3583,18.6877,19.0991,24.3699
1690535503699,20.2666,25.1862,18.3356,26.8995
1690535503703,16.7457,22.762,18.6992,26.5986
1690535503707,16.0495,18.1745,16.6116,27.4704
1690535503711,10.1218,21.4045,13.333,20.597
1690535503715,10.1212,16.1502,13.4496,20.7686
1690535503719,6.5694,6.9782,10.2363,12.7568
1690535503723,3.1107,2.0835,1.054,8.33
1690535503727,-3.1648,-1.9761,-3.5842,2.8837
1690535503731,-12.2806,-6.5919,-8.1351,-0.9904
1690535503735,-16.3477,-6.8721,-15.9579,-5.1511
1690535503739,-14.305,-11.0155,-17.0595,-10.7232
1690535503743,-18.4303,-17.462,-20.9751,-11.0923
1690535503747,-19.4565,-20.5354,-23.4466,-14.891
1690535503751,-15.9285,-18.0871,-22.8542,-13.5026
1690535503755,-14.3222,-18.9724,-20.3176,-9.9705
1690535503759,-16.2907,-17.3234,-16.4807,-10.0838
1690535503763,-11.8166,-13.2859,-12.321,-4.0328
1690535503767,-6.8237,-6.9873,-4.3959,-2.7565
1690535503771,-4.4725,-0.0709,-2.5291,3.4441
1690535503775,2.9144,5.5096,2.4832,5.1716
1690535503779,10.5453,7.0184,12.0773,13.6325
1690535503783,17.6273,13.0626,11.8152,16.8164
1690535503787,20.0265,15.6853,18.471,20.2462
1690535503791,22.3383,17.0498,18.6986,19.6922
1690535503795,25.1772,18.2842,19.3639,22.3432
1690535503799,28.7259,17.0207,18.0319,21.1207
1690535503803,22.7156,18.5891,15.9221,25.2611
1690535503807,22.0676,15.2791,16.2971,15.4829
1690535503811,18.3262,13.5047,12.2451,15.4031
1690535503815,20.6964,10.4521,11.1762,14.0016
1690535503819,16.0234,6.6998,4.7829,4.5864
1690535503823,11.0941,1.1023,-0.3731,-1.5457
1690535503827,9.5477,-4.9937,-4.7573,-3.4055
1690535503831,0.4782,-11.5792,-10.2438,-5.7419
1690535503835,-6.285,-13.8046,-12.8107,-17.3803
1690535503839,-11.7783,-15.3996,-15.9853,-19.7677
1690535503843,-11.0544,-18.5271,-21.4914,-17.1767
1690535503847,-11.5265,-18.7575,-13.7343,-24.0501
1690535503851,-11.075,-20.916,-17.8031,-23.6788
1690535503855,-9.9152,-19.4509,-15.6539,-22.6616
1690535503859,-6.7829,-19.323,-12.4922,-20.689
1690535503863,-2.7484,-13.9801,-10.5021,-18.1917
1690535503867,-0.8984,-12.563,-9.0623,-16.8848
1690535503871,2.8277,-6.8963,-4.2317,-11.2662
1690535503875,7.4778,-0.7976,-2.7748,-5.8519
1690535503879,12.0732,7.8113,8.1427,-1.1011
1690535503883,19.4533,10.5653,10.6047,2.6405
1690535503887,20.0077,7.9521,16.4526,2.9477
1690535503891,19.0226,15.6766,17.5467,8.7789
1690535503895,24.4154,19.5781,19.1828,10.1603
1690535503899,27.2666,16.6895,19.0018,11.4995
1690535503903,28.1178,15.2565,23.6645,12.5485
1690535503907,25.3475,15.4827,22.4659,9.2121
1690535503911,21.0547,15.7558,16.1065,7.1816
1690535503915,14.4054,6.912,10.8196,-1.1446
1690535503919,14.4768,7.2705,3.073,0.6955
1690535503923,7.8861,0.0456,1.0854,-7.4947
1690535503927,5.2242,-1.0732,-5.1192,-13.6785
1690535503931,-3.9325,-9.8543,-6.5174,-15.6489
1690535503935,-5.5569,-11.6604,-14.82,-21.2972
1690535503939,-9.6137,-13.4896,-10.9587,-22.8237
1690535503943,-15.8296,-15.5308,-17.1974,-25.9498
1690535503947,-19.4742,-16.2999,-17.3252,-25.8231
1690535503951,-14.9671,-19.0009,-19.8437,-28.9011
1690535503955,-16.818,-15.1574,-14.7116,-22.9009
1690535503959,-18.2345,-11.9605,-11.0797,-27.3755
1690535503963,-11.4634,-6.4642,-9.9075,-21.2004
1690535503967,-13.2071,-8.135,-4.6032,-19.703
1690535503971,-0.5887,-2.119,-5.5425,-11.4719
1690535503975,2.6742,6.5463,3.1223,-6.1179
1690535503979,8.4891,7.4528,5.793,-3.8876
1690535503983,13.2984,10.381,15.0029,0.8848
1690535503987,18.5972,13.1716,16.7051,8.5025
1690535503991,20.4687,17.6285,20.139,10.7613
1690535503995,21.1004,20.5177,19.2324,15.8653
1690535503999,19.4509,19.6913,20.8734,12.5745
1690535504003,20.1747,22.0474,14.5486,11.885
1690535504007,15.1203,18.7841,15.4033,6.3671
1690535504011,15.4919,14.5205,11.0753,8.9096
1690535504015,5.2103,10.2965,9.6233,7.1945
1690535504019,2.2059,5.7052,5.5619,1.5018
1690535504023,-1.3258,-1.6695,1.542,-1.6188
1690535504027,-10.2249,-3.3355,-4.5158,-5.9961
1690535504031,-16.1425,-12.112,-8.2223,-13.9916
1690535504035,-23.8582,-12.8999,-12.0335,-17.5088
1690535504039,-21.1548,-17.1974,-11.7876,-20.3485
1690535504043,-28.3231,-18.6814,-15.9314,-21.6169
1690535504047,-31.7793,-20.023,-17.7432,-19.7705
1690535504051,-32.9661,-20.6228,-18.3941,-19.9876
1690535504055,-29.8536,-17.6828,-17.5306,-19.0089
1690535504059,-28.6203,-16.5538,-16.476,-12.7978
1690535504063,-26.5715,-12.5983,-9.4838,-11.2933
1690535504067,-17.8616,-7.1639,-9.8818,-5.0222
1690535504071,-13.7584,-1.3856,-1.2244,-0.4291
1690535504075,-11.5096,-1.045,-0.8,5.2088
1690535504079,-3.1379,5.0189,10.8195,12.1198
1690535504083,1.4897,7.3496,12.2312,11.7108
1690535504087,3.0399,11.3106,15.6477,18.9781
1690535504091,9.3688,17.0738,13.938,24.2918
1690535504095,11.6681,19.157,15.2404,26.4638
1690535504099,14.9683,14.4567,17.4519,25.7026
1690535504103,13.8913,19.0127,18.9597,26.5497
1690535504107,7.1258,14.3625,18.8512,23.9676
1690535504111,10.2372,13.8516,17.6768,20.3516
1690535504115,2.9501,13.5383,13.3401,16.9663
1690535504119,-1.2906,5.5589,4.7207,15.0585
1690535504123,-4.9581,-3.0907,-1.8241,10.1809
1690535504127,-14.4989,-7.3323,-2.1174,2.1841
1690535504131,-20.2563,-6.3401,-12.5085,-2.6189
1690535504135,-22.6116,-14.4458,-16.7691,-4.41
1690535504139,-22.6475,-13.2375,-13.3255,-14.5523
1690535504143,-23.8212,-14.9714,-18.0612,-15.7336
1690535504147,-28.6172,-20.8972,-20.029,-11.4477
1690535504151,-28.0995,-23.9021,-20.0614,-11.5606
1690535504155,-21.9014,-21.4244,-19.2074,-10.8554
1690535504159,-21.6334,-10.3679,-12.3844,-10.6094
1690535504163,-18.9621,-11.5042,-8.348,-5.3893
1690535504167,-14.3154,-7.4598,-4.4424,-3.7865
1690535504171,-12.6129,-4.4882,-2.1866,4.5948
1690535504175,-7.9221,4.4327,3.2511,5.898
1690535504179,-3.8623,10.6427,3.7357,11.3662
1690535504183,5.8313,14.0363,12.1333,14.9188
1690535504187,9.9939,18.6317,13.6472,18.6656
1690535504191,14.8632,20.8595,16.7255,21.093
1690535504195,20.5691,23.5045,16.2437,23.15
1690535504199,16.3003,21.0901,18.8937,23.6513
1690535504203,17.1341,20.3913,19.3972,24.3324
1690535504207,16.9012,20.9824,17.1939,23.3063
1690535504211,14.0551,18.7633,10.0178,19.2583
1690535504215,9.7886,14.3471,9.5559,17.2087
1690535504219,5.1434,6.915,2.8996,9.8611
1690535504223,2.4077,0.8653,2.0354,3.9039
1690535504227,-9.2475,-2.0453,-5.15,3.3493
1690535504231,-9.714,-9.9112,-8.5549,-2.7421
1690535504235,-14.1823,-9.4468,-14.3211,-10.8755
1690535504239,-16.4864,-15.4464,-15.1856,-11.8661
1690535504243,-15.4266,-18.208,-17.6114,-11.8022
1690535504247,-21.153,-19.639,-17.6482,-17.264
1690535504251,-14.6801,-17.5196,-19.1264,-13.1917
1690535504255,-18.1168,-21.7151,-15.1038,-16.2108
1690535504259,-15.8718,-17.3871,-10.795,-13.3352
1690535504263,-10.8131,-11.2283,-10.7866,-9.2084
1690535504267,-8.2015,-10.1351,-9.4475,-8.2351
1690535504271,0.2888,-1.599,-5.816,-8.4869
1690535504275,6.5327,-0.8651,0.6521,3.7947
1690535504279,10.0892,9.2863,3.2119,6.6847
1690535504283,18.132,10.8742,8.4582,12.683
1690535504287,20.2688,12.0489,15.4076,12.9452
1690535504291,18.5463,16.0727,16.0382,16.3551
1690535504295,25.7458,18.4885,16.938,16.7167
1690535504299,25.3462,19.5231,21.6105,15.6443
1690535504303,26.0521,19.9236,16.6453,17.365
1690535504307,25.4232,17.208,17.8148,13.1904
1690535504311,21.258,12.7074,10.5719,18.1341
1690535504315,20.6636,12.101,15.95,8.1652
1690535504319,17.3436,3.131,5.9745,4.5721
1690535504323,9.2015,2.6889,0.6019,-2.1037
1690535504327,4.6384,-3.5423,-4.6793,-5.9171
1690535504331,-1.7817,-12.9034,-9.5475,-10.6199
1690535504335,-10.012,-15.2773,-11.4938,-12.2002
1690535504339,-11.7433,-21.019,-13.4782,-16.9702
1690535504343,-17.3387,-23.4451,-16.7802,-18.2977
1690535504347,-18.1975,-20.2198,-19.9753,-25.4054
1690535504351,-17.4387,-19.025,-21.1968,-23.7039
1690535504355,-13.7367,-24.1843,-19.4164,-19.3617
1690535504359,-10.9869,-16.8669,-14.7363,-19.2283
1690535504363,-8.6088,-13.3928,-12.5583,-14.7667
1690535504367,-3.3175,-9.7867,-8.7173,-7.8195
1690535504371,0.4797,-7.7716,-1.3045,-6.1102
1690535504375,4.2663,1.431,1.6664,-0.7788
1690535504379,12.4112,6.2431,8.9122,2.6191
1690535504383,16.4294,14.7346,8.9923,7.1619
1690535504387,17.5088,15.3742,13.0675,8.9611
1690535504391,23.3761,18.0621,16.9169,19.1922
1690535504395,23.4171,22.5768,15.9695,18.2899
1690535504399,26.8002,22.9501,22.8717,24.7079
1690535504403,22.7762,22.3306,18.8912,19.8895
1690535504407,16.5641,18.6493,18.0738,19.4109
1690535504411,13.7739,15.9215,12.3291,14.1223
1690535504415,12.322,13.8662,9.3837,8.5703
1690535504419,5.275,11.2213,7.3788,5.9444
1690535504423,5.7253,6.4701,0.8563,-2.1332
1690535504427,-3.5676,-0.516,-5.1204,-4.6512
1690535504431,-5.3855,-2.9556,-9.0911,-7.8227
1690535504435,-9.4561,-7.5181,-10.2287,-14.5524
1690535504439,-12.1534,-10.4658,-13.1304,-16.1593
1690535504443,-19.3215,-15.4281,-16.2403,-21.2565
1690535504447,-18.9277,-15.6815,-15.8775,-24.4578
1690535504451,-14.7102,-21.9258,-18.6383,-23.7677
1690535504455,-17.7273,-18.9919,-19.6465,-22.7938
1690535504459,-12.9959,-13.3442,-17.9794,-22.5144
1690535504463,-10.1417,-10.6908,-12.4322,-14.9083
1690535504467,-3.6009,-10.4195,-9.2425,-12.4147
1690535504471,0.2081,-3.8938,-6.2768,-7.3849
1690535504475,6.5716,5.3713,-3.3345,-2.5436
1690535504479,11.2699,8.622,4.6895,0.7361
1690535504483,15.753,10.6758,7.1735,10.7579
1690535504487,16.8561,18.7875,14.8994,8.8178
1690535504491,21.6188,17.1425,13.8837,13.5839
1690535504495,21.1644,19.2823,17.1359,20.2001
1690535504499,24.9528,22.2817,19.0168,19.2126
1690535504503,18.7723,21.1117,19.905,14.3842
1690535504507,19.3839,18.9369,16.5434,12.3971
1690535504511,13.4345,15.038,16.0964,11.6509
1690535504515,11.4405,6.1079,10.4661,7.0095
1690535504519,4.7506,1.1958,7.7053,5.3237
1690535504523,0.9878,2.5855,1.364,1.5949
1690535504527,-5.064,-7.0335,-4.0712,-4.7652
1690535504531,-9.1424,-10.2971,-7.6145,-11.913
1690535504535,-10.8949,-11.2036,-10.4391,-12.6104
1690535504539,-13.4893,-16.3357,-12.3543,-20.604
1690535504543,-16.4459,-19.5281,-18.2602,-21.9511
1690535504547,-15.6415,-20.7073,-19.3036,-26.9015
1690535504551,-18.4368,-16.9065,-20.5911,-23.3536
1690535504555,-15.642,-21.8118,-15.4295,-21.7669
1690535504559,-17.8917,-18.7319,-17.8772,-17.9227
1690535504563,-11.7136,-16.6057,-15.6013,-14.932
1690535504567,-5.4562,-10.8961,-10.6694,-9.0501
1690535504571,-3.0464,-6.7011,-5.1789,-4.1648
1690535504575,3.9213,0.8695,1.9824,2.7981
1690535504579,5.2863,2.9109,5.0845,2.106
1690535504583,10.6456,6.8593,9.0964,7.7354
1690535504587,14.18,10.3696,12.497,8.1015
1690535504591,20.9624,15.5079,14.6962,13.827
1690535504595,19.9244,16.7579,20.6088,11.2472
1690535504599,23.1756,14.4947,18.9201,12.7052
1690535504603,22.8818,20.4651,16.6821,15.8212
1690535504607,19.5724,15.9556,20.5895,15.6514
1690535504611,16.4401,15.2742,16.831,15.4576
1690535504615,14.1156,8.8087,11.5364,3.8556
1690535504619,6.3362,8.1574,6.5899,3.0358
1690535504623,4.381,5.5469,1.6154,-4.4242
1690535504627,-1.1436,-1.5147,-3.9992,-12.7766
1690535504631,-8.0404,-8.4657,-12.2594,-15.9063
1690535504635,-10.7572,-12.8926,-12.8062,-13.643
1690535504639,-15.6829,-15.2098,-13.5084,-21.8337
1690535504643,-15.1873,-16.2111,-18.5781,-21.5938
1690535504647,-20.4844,-14.3874,-20.8323,-23.9374
1690535504651,-17.4436,-13.8803,-18.4696,-21.2575
1690535504655,-17.2845,-13.8461,-18.4551,-17.7148
1690535504659,-16.0651,-7.7791,-16.4828,-13.0749
1690535504663,-17.1077,-7.6617,-13.4148,-12.2276
1690535504667,-10.8445,-4.9933,-8.6596,-8.8734
1690535504671,-1.7465,-1.54,0.3954,-6.8183
1690535504675,-0.6363,-0.6433,1.974,-0.6174
1690535504679,3.314,10.8801,7.7128,6.2873
1690535504683,4.8271,11.2193,11.038,11.6496
1690535504687,9.7553,13.6496,11.959,13.9394
1690535504691,13.7158,17.0773,14.9809,19.7553
1690535504695,9.9445,18.0675,20.6632,24.6883
1690535504699,11.5186,19.8762,16.9415,20.0803
1690535504703,11.0519,20.3922,21.1014,21.3633
1690535504707,8.7803,16.807,16.0807,21.6083
1690535504711,7.4692,10.9989,18.0251,19.1492
1690535504715,6.5295,7.2478,10.7331,9.5928
1690535504719,-5.6449,10.5253,4.0516,13.265
1690535504723,-5.6805,4.0275,6.7996,1.4402
1690535504727,-11.6656,-5.1357,-3.2957,-0.392
1690535504731,-13.3962,-6.562,-6.2436,-5.3433
1690535504735,-17.3856,-14.6909,-12.5635,-5.2258
1690535504739,-25.4568,-17.5814,-15.3461,-12.8125
1690535504743,-23.1046,-16.3197,-15.9134,-10.3825
1690535504747,-26.4214,-22.3401,-20.2437,-16.748
1690535504751,-31.0754,-20.0557,-21.5114,-17.963
1690535504755,-28.3217,-18.4414,-20.6152,-14.3443
1690535504759,-20.2489,-15.2733,-19.0478,-15.3387
1690535504763,-21.4374,-14.9259,-15.6764,-8.1756
1690535504767,-13.8073,-6.9756,-8.1819,-2.5379
1690535504771,-13.1764,-6.8931,-7.0235,2.5745
1690535504775,-6.5379,0.3742,1.7401,6.4993
1690535504779,-1.4416,6.2849,2.9311,11.4433
1690535504783,7.9836,7.1239,7.6851,19.4073
1690535504787,9.0903,14.5068,14.4464,21.9297
1690535504791,13.417,13.885,20.3983,27.6884
1690535504795,9.2211,15.169,13.1838,26.7303
1690535504799,15.6408,13.551,17.9883,30.1924
1690535504803,9.7318,13.4033,21.2323,23.2201
1690535504807,10.7273,18.1224,18.9586,26.3148
1690535504811,3.7819,10.4372,14.5216,27.0795
1690535504815,0.925,8.2973,14.5273,20.3679
1690535504819,0.9062,5.2835,8.5883,15.3583
1690535504823,-4.9696,0.2765,1.9572,9.6974
1690535504827,-5.3386,-7.1214,-2.7772,6.7239
1690535504831,-13.3426,-8.9582,-7.1018,3.4276
1690535504835,-17.167,-14.2409,-15.6337,-1.0758
1690535504839,-19.2643,-14.6582,-16.4835,-6.7644
1690535504843,-23.7996,-19.9768,-17.4945,-6.6984
1690535504847,-22.2515,-24.7805,-19.4229,-10.5386
1690535504851,-23.611,-17.2097,-20.1023,-12.0015
1690535504855,-21.9154,-14.7894,-17.7789,-10.1942
1690535504859,-25.4737,-15.1968,-18.1332,-10.1065
1690535504863,-19.4954,-5.5151,-10.7935,-0.8098
1690535504867,-13.4184,-2.999,-8.5808,-2.2641
1690535504871,-11.2598,2.1394,-4.9578,2.814
1690535504875,-2.6894,6.0973,0.3344,10.2416
1690535504879,-0.2053,6.2495,3.8006,11.1169
1690535504883,7.5914,16.8958,8.937,18.3155
1690535504887,10.7433,19.3064,12.1513,20.978
1690535504891,13.7584,19.3485,17.5395,22.7908
1690535504895,19.5426,22.5333,17.7238,20.851
1690535504899,17.5802,23.745,18.4157,20.4969
1690535504903,19.8561,17.7427,16.2629,20.2493
1690535504907,23.1745,16.908,18.484,18.7615
1690535504911,14.0654,14.1058,13.7937,12.7558
1690535504915,12.7536,7.2138,11.737,12.2323
1690535504919,11.4426,5.889,9.5058,2.6537
1690535504923,2.4334,1.8515,2.9401,-1.9547
1690535504927,1.6632,-5.6221,-4.4832,-6.2168
1690535504931,-1.5537,-9.9754,-7.3082,-12.2367
1690535504935,-2.9235,-10.8555,-11.3812,-15.8073
1690535504939,-7.0964,-15.1249,-15.886,-19.179
1690535504943,-12.7209,-18.8031,-16.928,-22.2949
1690535504947,-10.34,-19.0888,-23.616,-23.076
1690535504951,-11.0664,-17.645,-20.5088,-26.752
1690535504955,-10.5875,-19.1913,-19.1463,-21.778
1690535504959,-8.6669,-15.3987,-16.6935,-21.748
1690535504963,-5.0821,-13.5102,-12.1839,-16.5545
1690535504967,1.1698,-8.0637,-8.9013,-10.2818
1690535504971,7.7502,-1.3765,-4.9002,-3.2754
1690535504975,7.3236,-0.2822,-1.7901,-2.0237
1690535504979,13.8393,7.1778,2.1364,3.1725
1690535504983,17.4219,12.741,7.3265,2.9779
1690535504987,23.7849,17.3953,15.6751,11.1898
1690535504991,27.0459,17.1761,15.8632,11.7574
1690535504995,27.5816,17.7291,25.4763,11.6217
1690535504999,26.4792,21.1241,23.8713,16.8485
1690535505003,29.0396,18.937,19.1412,14.8666
1690535505007,25.2681,16.6055,18.1708,11.4958
1690535505011,23.6805,10.9321,15.5464,4.7199
1690535505015,23.3501,6.5533,9.7057,4.8955
1690535505019,16.5633,2.6557,4.4194,-1.551
1690535505023,9.2123,-3.4771,-2.1499,-6.2716
1690535505027,6.4798,-8.5286,-6.9289,-12.6714
1690535505031,-2.6686,-16.136,-8.8048,-19.6358
1690535505035,-7.5399,-18.8822,-8.916,-19.0352
1690535505039,-9.5135,-21.4956,-15.4377,-24.3741
1690535505043,-9.8926,-20.2935,-16.2944,-25.6847
1690535505047,-9.4133,-21.1833,-19.5947,-30.6912
1690535505051,-11.4694,-24.3864,-17.4495,-30.3246
1690535505055,-9.9361,-18.2839,-17.5132,-26.7986
1690535505059,-8.6868,-18.4271,-9.5967,-22.3783
1690535505063,-7.0938,-10.9589,-12.7578,-21.3543
1690535505067,-3.9731,-6.6806,-10.6376,-18.6138
1690535505071,4.3795,0.947,-6.3633,-12.602
1690535505075,7.7305,0.9081,-3.7133,-5.7084
1690535505079,9.9365,9.5294,0.7573,-5.6739
1690535505083,11.8377,11.3441,7.9174,2.6523
1690535505087,20.5508,17.9879,11.2888,5.1161
1690535505091,24.4376,18.4066,19.8197,7.6249
1690535505095,23.5158,23.1547,19.505,12.4928
1690535505099,25.5861,24.3621,21.5602,14.5807
1690535505103,24.4901,25.0981,20.5446,14.4667
1690535505107,20.7736,22.8709,18.4401,12.5632
1690535505111,21.867,15.3155,10.3102,11.1839
1690535505115,13.4717,15.0526,5.6015,7.7702
1690535505119,14.2776,5.1205,8.6414,6.4204
1690535505123,6.1933,3.3217,1.6849,-0.5889
1690535505127,-2.2211,-0.7689,-3.5733,-5.2229
1690535505131,-1.6306,-7.8896,-10.1308,-9.5975
1690535505135,-7.0894,-11.7836,-16.282,-15.0131
1690535505139,-14.0376,-13.8446,-17.1271,-13.129
1690535505143,-15.5995,-23.6613,-19.9963,-20.8716
1690535505147,-17.1661,-19.3182,-20.6648,-17.9051
1690535505151,-19.3264,-20.671,-18.1494,-16.2513
1690535505155,-14.9471,-19.167,-23.2361,-15.6777
1690535505159,-13.6622,-18.005,-19.0677,-13.698
1690535505163,-14.9379,-12.9519,-16.2153,-15.4867
1690535505167,-7.3942,-5.0178,-11.0934,-7.8389
1690535505171,-4.7477,-4.0942,-8.3958,-3.5095
1690535505175,-2.9028,-1.5181,1.1209,-0.9474
1690535505179,1.4349,9.206,8.9687,10.9155
1690535505183,7.1856,15.7451,10.5231,13.7559
1690535505187,10.3165,15.9433,15.3159,17.4456
1690535505191,13.8267,17.9784,17.6501,19.8063
1690535505195,14.2483,21.6113,21.0353,24.0415
1690535505199,13.6219,23.8239,19.52,23.3913
1690535505203,12.2093,20.1521,21.3093,21.9128
1690535505207,11.8557,19.8238,17.4789,24.4007
1690535505211,11.3139,11.0502,12.5193,20.9921
1690535505215,7.4763,10.5447,13.5779,16.5489
1690535505219,2.6603,5.6752,5.5174,8.8611
1690535505223,-3.2045,-0.6595,3.2983,6.1701
1690535505227,-10.0704,-6.3375,-2.2518,3.3701
1690535505231,-10.0387,-11.9438,-5.6201,0.4036
1690535505235,-14.3319,-12.0969,-15.4681,-9.2075
1690535505239,-17.5377,-19.7703,-19.2807,-9.3702
1690535505243,-24.9293,-24.0886,-23.7944,-16.11
1690535505247,-24.3894,-23.154,-19.7942,-13.4453
1690535505251,-19.5652,-26.6006,-17.1233,-11.7599
1690535505255,-18.3729,-22.0008,-17.6816,-15.2226
1690535505259,-17.8663,-21.6571,-19.8314,-12.3411
1690535505263,-14.7969,-16.6304,-12.9926,-7.2167
1690535505267,-10.6881,-11.1011,-6.4953,-4.0823
1690535505271,-7.371,-5.2495,-3.5156,2.9073
1690535505275,0.1827,-0.7186,2.5621,6.9975
1690535505279,1.6105,5.6276,5.1275,14.0095
1690535505283,9.4313,8.9889,12.6574,17.4395
1690535505287,11.4895,13.1821,14.772,25.7613
1690535505291,18.4236,19.6462,13.5576,25.1892
1690535505295,20.3402,20.3883,19.3058,26.4066
1690535505299,18.7898,24.5214,19.7053,25.6647
1690535505303,16.1326,26.9119,19.9269,23.3833
1690535505307,15.7478,24.9061,19.0638,23.3658
1690535505311,10.786,16.5656,20.7505,21.4634
1690535505315,8.955,11.7838,13.0247,13.4506
1690535505319,5.1485,6.3965,8.4274,11.862
1690535505323,-1.6549,0.5942,6.4833,1.8195
1690535505327,-10.8209,-0.2333,-3.5724,-0.9455
1690535505331,-16.7533,-3.0463,-7.0285,-6.7533
1690535505335,-17.7194,-12.9834,-12.2142,-8.4433
1690535505339,-20.4966,-17.5887,-16.751,-11.6973
1690535505343,-24.3605,-17.2205,-23.5935,-13.8259
1690535505347,-23.6255,-18.2601,-22.4632,-19.4034
1690535505351,-21.7053,-21.4465,-23.1379,-22.4422
1690535505355,-22.0456,-18.1404,-19.5696,-18.0013
1690535505359,-19.7222,-16.6944,-20.3525,-16.7412
1690535505363,-15.0408,-13.6858,-9.2223,-13.2633
1690535505367,-11.4457,-6.6528,-10.5995,-8.107
1690535505371,-9.0067,-3.2349,-6.3211,-3.1461
1690535505375,-5.0751,2.5473,-1.1146,3.7986
1690535505379,1.0064,9.0752,5.4267,7.0966
1690535505383,6.4775,11.5776,12.5698,10.1692
1690535505387,13.1837,21.4296,16.6848,15.5176
1690535505391,13.599,21.289,19.9901,16.1712
1690535505395,14.0538,21.976,23.5487,21.8433
1690535505399,16.3097,23.4719,18.9674,19.7778
1690535505403,19.0065,24.1504,23.684,19.0509
1690535505407,14.2117,17.7314,20.6578,14.2134
1690535505411,11.9015,16.3527,15.1746,10.9772
1690535505415,7.8339,12.6911,10.9976,10.7522
1690535505419,4.3396,7.0794,4.599,9.5791
1690535505423,-0.7598,1.1851,-0.5967,2.4438
1690535505427,-5.716,-3.9477,-8.6796,-5.3924
1690535505431,-11.6889,-9.3159,-9.9193,-1.0459
1690535505435,-17.7943,-19.6384,-12.8381,-11.3752
1690535505439,-23.7043,-20.7286,-17.7112,-16.4995
1690535505443,-23.1981,-22.1263,-19.4419,-18.6259
1690535505447,-26.9666,-26.7921,-15.1441,-20.7172
1690535505451,-26.0262,-23.049,-19.3814,-19.7135
1690535505455,-20.5703,-18.6959,-20.7404,-14.2431
1690535505459,-23.7899,-18.7251,-15.8541,-15.305
1690535505463,-16.5752,-15.1564,-7.9342,-11.6666
1690535505467,-10.2257,-14.3394,-9.1241,-7.1253
1690535505471,-7.7466,-4.6419,-6.0387,-1.3916
1690535505475,-2.4365,1.2676,3.4099,-2.5692
1690535505479,-0.8033,1.5824,7.0228,2.7821
1690535505483,9.952,10.3453,8.2088,7.452
1690535505487,10.0626,12.0386,18.8408,8.044
1690535505491,13.8919,11.7608,18.6063,12.9285
1690535505495,13.109,19.9363,21.917,13.5992
1690535505499,13.2374,21.1898,21.3672,19.5442
1690535505503,12.8329,20.5659,19.3103,17.3773
1690535505507,13.1184,15.4298,18.2071,20.3215
1690535505511,8.9476,11.7861,11.7968,14.7256
1690535505515,5.3263,10.6169,9.2115,12.1184
1690535505519,1.7733,4.2692,3.1901,4.7818
1690535505523,-2.5486,0.9372,-1.4591,-0.2509
1690535505527,-6.7495,-2.4855,-5.6851,-8.3629
1690535505531,-13.1805,-7.9865,-9.0784,-14.1932
1690535505535,-19.4791,-9.8201,-8.3931,-11.4979
1690535505539,-19.2394,-14.7964,-16.6183,-15.3707
1690535505543,-24.4747,-15.3715,-24.2266,-19.018
1690535505547,-27.2946,-20.2616,-21.4948,-21.4241
1690535505551,-23.2336,-18.9912,-19.5997,-21.1391
1690535505555,-19.9547,-23.2648,-18.1746,-21.0019
1690535505559,-19.7711,-15.7442,-20.7142,-19.354
1690535505563,-12.3985,-13.289,-14.4019,-12.5774
1690535505567,-9.812,-4.4592,-8.2075,-8.6871
1690535505571,-0.6831,-0.6036,-5.7124,-6.9087
1690535505575,2.5785,3.6131,-0.4359,1.3996
1690535505579,15.06,2.0635,3.6399,6.8607
1690535505583,17.228,13.7095,14.9853,11.735
1690535505587,20.9566,20.8049,16.4837,13.3826
1690535505591,25.3252,21.1611,21.5397,23.0046
1690535505595,27.8604,25.6244,22.6924,18.9411
1690535505599,27.484,24.4928,23.0417,24.8221
1690535505603,24.2783,20.5462,17.0891,17.4455
1690535505607,24.8709,17.1221,18.0176,16.6497
1690535505611,19.3852,17.7217,17.6743,13.7642
1690535505615,20.3864,14.5308,10.1104,10.2063
1690535505619,12.7773,5.5423,4.4418,1.6682
1690535505623,11.3016,4.5858,-1.5218,-0.411
1690535505627,6.226,-3.0858,-3.4349,-2.9845
1690535505631,-4.1229,-10.1982,-9.6897,-10.6453
1690535505635,-6.448,-12.4752,-16.1965,-19.0859
1690535505639,-10.9568,-14.3893,-15.1515,-22.901
1690535505643,-14.154,-19.7574,-19.1071,-30.1467
1690535505647,-12.5121,-23.9644,-17.8169,-27.6838
1690535505651,-13.4495,-23.9314,-20.9174,-24.175
1690535505655,-13.2291,-22.62,-20.6229,-25.7958
1690535505659,-11.7112,-18.5419,-12.9111,-24.6328
1690535505663,-8.4332,-16.5906,-13.2049,-22.7653
1690535505667,-6.1241,-7.902,-11.5151,-14.4519
1690535505671,3.7252,-7.031,-3.8862,-10.8543
1690535505675,6.9467,0.8645,-1.648,-0.3372
1690535505679,16.4936,1.7477,6.1794,0.141
1690535505683,23.0655,11.2022,9.9566,1.5709
1690535505687,26.6432,13.0894,15.4513,10.1582
1690535505691,29.8753,15.5844,18.0713,10.4165
1690535505695,30.8994,18.0876,24.063,14.9292
1690535505699,30.8738,22.0112,20.3882,16.1457
1690535505703,28.5551,23.9493,20.1601,8.5182
1690535505707,28.4843,18.0753,21.1838,11.0527
1690535505711,24.0841,13.6379,14.2266,11.4929
1690535505715,18.4727,13.7415,11.2957,8.9765
1690535505719,13.5669,4.7107,8.94,3.4844
1690535505723,7.3523,-1.6842,1.6391,-1.1889
1690535505727,0.2982,-8.3743,-1.0229,-8.831
1690535505731,-0.6626,-16.2019,-10.367,-10.706
1690535505735,-6.2452,-14.9872,-13.9032,-17.9189
1690535505739,-9.5765,-16.2247,-13.3845,-18.9045
1690535505743,-11.8321,-22.272,-21.08,-20.8161
1690535505747,-12.0248,-17.3853,-23.6522,-24.022
1690535505751,-13.5348,-20.8404,-22.4021,-21.8106
1690535505755,-7.8417,-18.7492,-20.2645,-17.0464
1690535505759,-9.6519,-16.3021,-21.2639,-17.5609
1690535505763,-8.4902,-14.6265,-14.5451,-17.242
1690535505767,-5.4972,-9.0349,-6.6888,-9.3351
1690535505771,1.0485,0.0718,-3.7315,-7.5774
1690535505775,7.014,-0.5354,1.9627,0.2774
1690535505779,9.7898,5.7212,6.7945,4.71
1690535505783,11.7864,9.3445,9.8439,10.5629
1690535505787,19.6468,16.0352,13.486,14.8726
1690535505791,22.6995,18.3895,21.93,14.5158
1690535505795,20.5345,19.1221,17.7429,17.6803
1690535505799,22.4763,22.7781,18.0299,20.1506
1690535505803,21.743,24.5138,17.4681,15.4425
1690535505807,21.3468,21.7712,15.2116,18.2359
1690535505811,16.051,19.9823,9.8237,15.3755
1690535505815,11.5393,14.6068,11.9487,11.4316
1690535505819,4.7321,9.1648,5.6144,8.9658
1690535505823,1.9671,6.6559,-0.1145,-1.5334
1690535505827,-7.1321,-0.497,-4.1246,-4.8869
1690535505831,-15.65,-6.9867,-7.5757,-4.0365
1690535505835,-19.8195,-11.7514,-12.0026,-10.7149
1690535505839,-19.0229,-18.4449,-15.5444,-14.0617
1690535505843,-24.8851,-16.2764,-20.0842,-11.7448
1690535505847,-27.8007,-23.7284,-22.6233,-11.5735
1690535505851,-25.1321,-19.4833,-18.4436,-11.0394
1690535505855,-22.9746,-22.5043,-19.2919,-8.2867
1690535505859,-24.0266,-18.8239,-14.8926,-11.351
1690535505863,-17.387,-18.0878,-10.2074,-4.6788
1690535505867,-14.0842,-7.7128,-5.2175,-5.008
1690535505871,-9.4906,-4.6565,-0.7444,1.9903
1690535505875,-9.8438,2.9148,5.5079,5.8636
1690535505879,-0.5542,5.8015,7.0748,16.4327
1690535505883,1.1576,12.3193,11.0754,17.9365
1690535505887,8.8579,11.011,14.2401,25.0545
1690535505891,8.5772,12.5933,17.2806,27.8476
1690535505895,11.3883,18.5716,15.8763,29.5464
1690535505899,14.8061,19.9396,15.3515,31.6156
1690535505903,11.9937,21.6258,17.7253,27.4469
1690535505907,9.6033,15.8613,15.7579,25.1011
1690535505911,8.5993,13.3327,13.9469,21.7092
1690535505915,2.5498,9.6801,14.3689,20.3692
1690535505919,3.5064,6.5108,4.2132,16.4492
1690535505923,-3.516,1.998,1.634,11.3533
1690535505927,-11.0336,-1.8654,-3.5169,7.8929
1690535505931,-14.3256,-10.5006,-13.5928,0.1581
1690535505935,-18.7976,-7.8362,-16.2211,-2.0431
1690535505939,-25.029,-17.4762,-15.5255,-6.3446
1690535505943,-24.0815,-21.3746,-16.8383,-8.6842
1690535505947,-24.7205,-25.6847,-20.5574,-18.3816
1690535505951,-23.4034,-23.5833,-18.6389,-14.3006
1690535505955,-26.1269,-23.2988,-20.2622,-13.0378
1690535505959,-21.7775,-20.5006,-15.8883,-8.5349
1690535505963,-21.041,-18.7767,-13.6755,-9.3287
1690535505967,-18.2321,-13.7002,-5.1439,-5.0015
1690535505971,-13.092,-7.3977,-2.2341,1.1371
1690535505975,-4.0301,-5.0082,4.8844,5.2217
1690535505979,0.858,6.2752,5.6207,10.8308
1690535505983,2.9247,13.175,11.7952,11.8853
1690535505987,5.4735,18.3512,15.2092,18.0416
1690535505991,7.0978,18.7779,23.1841,21.8552
1690535505995,12.8033,18.8981,17.0109,22.7943
1690535505999,15.5843,21.9378,22.7721,23.6309
1690535506003,14.8468,20.8524,17.9553,22.9755
1690535506007,9.9937,21.8924,18.2197,20.8137
1690535506011,9.7953,19.865,12.911,19.9175
1690535506015,4.3236,14.787,10.1469,15.3348
1690535506019,1.3129,10.1611,4.4339,12.4245
1690535506023,-2.9009,1.4388,-2.7031,4.9252
1690535506027,-10.636,4.5434,-8.9389,-3.7683
1690535506031,-12.7366,-4.6433,-7.148,-8.7778
1690535506035,-12.8324,-9.0649,-14.1358,-11.8965
1690535506039,-14.8318,-14.3597,-16.1953,-13.1528
1690535506043,-17.0585,-13.1468,-18.343,-25.0957
1690535506047,-18.3386,-17.9961,-15.404,-21.4917
1690535506051,-17.3883,-17.906,-17.8738,-21.2533
1690535506055,-16.2188,-17.5753,-17.2417,-20.2836
1690535506059,-15.2947,-13.9426,-12.6151,-16.2256
1690535506063,-14.7733,-13.9766,-10.4244,-13.4113
1690535506067,-11.2671,-11.7294,-9.1034,-13.3352
1690535506071,-3.6508,-2.6752,-5.3749,-9.1522
1690535506075,1.9748,-5.1206,-0.2358,-3.6025
1690535506079,5.7765,6.9676,9.2353,2.4911
1690535506083,8.1693,7.6086,12.0858,6.7347
1690535506087,14.8253,14.6364,14.9113,6.7359
1690535506091,19.8998,17.3198,18.1426,7.5552
1690535506095,18.3723,17.5043,22.4915,16.1379
1690535506099,20.1709,22.1483,20.7754,9.7469
1690535506103,19.8124,18.999,16.963,8.7877
1690535506107,20.312,18.4886,18.8146,6.2522
1690535506111,17.838,16.4193,15.7044,5.7728
1690535506115,12.5136,9.1345,7.8072,-1.8919
1690535506119,12.7794,6.8862,4.9362,-3.7802
1690535506123,2.9901,-4.0979,-0.7808,-10.7751
1690535506127,-2.0035,-1.757,-3.9805,-12.0213
1690535506131,-4.4588,-12.0064,-8.0851,-14.6632
1690535506135,-8.0194,-10.5345,-15.0861,-23.5114
1690535506139,-14.5504,-16.7357,-16.5467,-25.7096
1690535506143,-14.4917,-17.616,-15.2183,-30.4577
1690535506147,-16.568,-17.5346,-22.211,-28.2125
1690535506151,-20.4992,-20.3987,-17.3884,-25.9726
1690535506155,-18.5138,-18.9855,-18.0122,-26.6441
1690535506159,-14.8569,-14.4033,-17.5513,-23.4578
1690535506163,-11.6812,-15.7816,-12.557,-18.9766
1690535506167,-10.0886,-11.8888,-5.1136,-12.2574
1690535506171,-6.29,-6.2162,-2.4567,-6.1316
1690535506175,-5.4238,-5.1585,3.3719,-0.9661
1690535506179,2.167,2.1499,7.4663,0.8268
1690535506183,8.8363,7.8688,10.9305,5.3471
1690535506187,11.8517,9.7183,12.6452,8.0366
1690535506191,16.3019,13.0388,17.2815,11.3178
1690535506195,14.7604,15.0553,18.3623,13.1038
1690535506199,19.4764,15.8548,18.0449,16.651
1690535506203,16.1176,16.9448,20.4584,16.3173
1690535506207,19.3509,16.1638,14.1772,13.2402
1690535506211,15.5931,14.1118,15.8192,9.9991
1690535506215,17.4909,10.8303,12.4995,8.4456
1690535506219,9.5763,7.125,3.0344,1.1427
1690535506223,3.4128,4.8288,2.3712,-2.8676
1690535506227,0.4702,-1.7857,-9.0066,-9.2979
1690535506231,-7.1519,-6.203,-10.7168,-14.1157
1690535506235,-7.5751,-12.6503,-12.2944,-18.6609
1690535506239,-12.2424,-15.397,-17.8082,-19.79
1690535506243,-15.0466,-16.8954,-16.4852,-21.4248
1690535506247,-13.737,-18.3882,-20.512,-18.5246
1690535506251,-13.2489,-17.6692,-17.515,-20.861
1690535506255,-13.6268,-14.7455,-19.5634,-19.5776
1690535506259,-13.2377,-12.8424,-17.0456,-16.0779
1690535506263,-6.4403,-11.5956,-10.6339,-14.7257
1690535506267,-4.6998,-9.8803,-8.6119,-10.442
1690535506271,1.7242,1.2674,-3.0501,-4.0012
1690535506275,8.3125,4.4961,0.8996,0.2549
1690535506279,12.2342,7.9513,8.6068,8.5915
1690535506283,14.8731,15.4956,7.668,11.0116
1690535506287,16.5492,14.1437,16.1256,18.5
1690535506291,17.3868,13.3109,19.3329,17.921
1690535506295,18.8098,19.0641,14.0921,24.1253
1690535506299,24.5456,17.6112,19.4919,19.3021
1690535506303,20.6532,15.6972,15.0569,18.965
1690535506307,18.289,18.482,13.4732,20.8937
1690535506311,15.8364,13.264,16.9957,14.4889
1690535506315,14.0847,12.6667,11.9959,20.8079
1690535506319,9.371,9.2821,7.4879,13.1671
1690535506323,9.2296,2.0183,1.8434,9.4467
1690535506327,2.5663,-2.4258,-2.159,4.7895
1690535506331,-0.9203,-6.5667,-10.1641,0.4994
1690535506335,-5.0919,-15.4719,-10.3251,-5.738
1690535506339,-9.9423,-17.5786,-15.6594,-4.2463
1690535506343,-10.6901,-17.1062,-22.2283,-12.7301
1690535506347,-12.2195,-20.4499,-23.1867,-12.6507
1690535506351,-10.8435,-17.9812,-19.0579,-15.8842
1690535506355,-13.1365,-21.4201,-17.5521,-11.7536
1690535506359,-10.6014,-15.2728,-14.5781,-12.8399
1690535506363,-2.3263,-15.0421,-8.3595,-9.1071
1690535506367,2.5957,-9.4526,-5.8782,-1.9077
1690535506371,3.6971,-2.9506,-0.1974,4.7094
1690535506375,4.6204,1.0834,0.5145,6.6159
1690535506379,13.7584,5.5874,6.0504,10.0457
1690535506383,19.474,4.8804,7.027,14.0823
1690535506387,23.4314,13.6491,13.2625,21.1587
1690535506391,21.4755,20.6511,14.387,17.6619
1690535506395,28.2623,16.3543,16.9981,23.8533
1690535506399,27.6024,19.0965,18.1702,23.9969
1690535506403,23.6123,20.5706,20.6218,24.5805
1690535506407,20.3252,8.3508,16.3237,23.9496
1690535506411,16.1821,12.1138,12.0676,20.0657
1690535506415,17.0469,5.4901,12.2185,17.2716
1690535506419,15.8288,4.8399,6.8386,7.0807
1690535506423,8.8187,-4.8106,4.0459,3.6116
1690535506427,2.5134,-2.9296,-2.0516,-2.8192
1690535506431,2.6805,-8.2238,-6.6313,-2.6428
1690535506435,-4.9753,-11.9982,-13.4743,-9.9124
1690535506439,-9.4942,-18.1535,-17.6526,-14.7269
1690535506443,-14.8636,-17.5225,-16.5197,-18.6232
1690535506447,-13.9433,-19.8953,-18.16,-17.2591
1690535506451,-14.3833,-19.4653,-19.8552,-13.7876
1690535506455,-13.5455,-19.0402,-15.9852,-16.6986
1690535506459,-11.873,-14.6787,-16.1254,-13.2267
1690535506463,-15.7307,-13.3028,-13.2504,-6.0419
1690535506467,-6.81,-6.7403,-9.1252,-1.5095
1690535506471,1.3321,-3.0308,-7.0899,1.6912
1690535506475,2.0092,4.7036,1.5269,3.437
1690535506479,8.6732,13.1208,3.5273,10.193
1690535506483,9.439,12.4131,9.7619,17.4012
1690535506487,9.0334,17.6408,17.7103,17.9616
1690535506491,15.5496,21.3526,14.7446,20.0071
1690535506495,20.1002,19.6349,26.3301,19.8678
1690535506499,19.6848,24.2964,17.6541,21.803
1690535506503,17.6496,19.6183,20.6684,20.8796
1690535506507,14.0888,19.3266,12.4296,15.7628
1690535506511,6.7283,17.6594,14.0836,10.8722
1690535506515,3.0241,13.2228,3.221,11.3403
1690535506519,-0.5503,9.5495,4.4923,6.28
1690535506523,-7.9452,7.739,-0.6023,0.1295
1690535506527,-7.7495,-0.2242,-5.7243,-2.3008
1690535506531,-12.4181,-6.0891,-8.8268,-9.2847
1690535506535,-18.2671,-12.3966,-13.8693,-11.4794
1690535506539,-20.4665,-15.6347,-14.3979,-18.2567
1690535506543,-22.8633,-21.2138,-13.9881,-19.9565
1690535506547,-23.058,-18.6221,-17.9583,-24.3264
1690535506551,-27.8186,-15.4289,-17.7199,-21.7481
1690535506555,-24.2643,-20.1741,-15.6584,-17.9989
1690535506559,-19.904,-15.7539,-15.4013,-15.1527
1690535506563,-17.9903,-13.9841,-15.5415,-13.4056
1690535506567,-17.1011,-9.4662,-4.2957,-9.7148
1690535506571,-10.8669,-1.4573,-5.7191,-3.9473
1690535506575,-3.7286,0.2192,-1.4043,2.5886
1690535506579,3.7182,7.0075,3.4395,6.1571
1690535506583,4.1387,12.9264,7.3177,7.5197
1690535506587,7.7905,13.591,11.3851,15.5671
1690535506591,9.713,16.5721,16.1635,16.8524
1690535506595,14.1695,17.5467,22.8794,14.8143
1690535506599,13.8763,19.5131,18.9806,20.1075
1690535506603,12.2892,21.315,22.1521,19.7898
1690535506607,7.9647,15.4767,14.5091,17.7279
1690535506611,7.5131,13.6622,15.237,17.3603
1690535506615,-1.3637,8.8153,10.2222,7.2057
1690535506619,-5.0848,2.9882,8.0883,8.4533
1690535506623,-11.1241,-2.3172,4.8771,4.722
1690535506627,-17.832,-6.409,-2.2928,-4.0941
1690535506631,-20.6832,-9.1106,-6.3144,-8.1307
1690535506635,-26.6087,-15.0975,-14.4276,-15.3221
1690535506639,-29.2192,-16.594,-13.7322,-16.2746
1690535506643,-29.7702,-20.9401,-18.6563,-15.3385
1690535506647,-33.399,-25.1241,-19.0826,-15.8718
1690535506651,-30.4136,-19.7908,-22.6396,-16.4428
1690535506655,-31.4717,-24.3667,-17.2004,-15.5497
1690535506659,-24.5244,-21.0948,-16.7875,-12.9024
1690535506663,-19.6228,-16.2035,-9.8309,-9.9837
1690535506667,-17.6236,-14.6969,-5.8316,-7.7058
1690535506671,-13.6249,-7.39,-3.3733,-4.5165
1690535506675,-4.9882,-3.4917,-3.1905,-8.1465
1690535506679,3.8555,5.1969,4.0054,4.9066
1690535506683,6.468,11.132,9.378,7.374
1690535506687,10.9879,16.1749,11.5734,15.5217
1690535506691,16.6785,20.8914,14.1269,13.8102
1690535506695,16.5372,23.7071,17.6145,17.7456
1690535506699,20.1604,23.412,17.1251,20.3786
1690535506703,15.6402,24.1529,15.7883,16.5306
1690535506707,19.846,18.7014,13.6367,13.0515
1690535506711,16.4437,16.4257,10.9896,8.2774
1690535506715,11.4194,11.7381,10.3513,4.4607
1690535506719,8.11,7.4473,9.3037,2.6735
1690535506723,2.9283,3.7021,-0.8339,-3.1819
1690535506727,-3.0341,0.8013,-2.3937,-5.3086
1690535506731,-10.0653,-4.6369,-6.7229,-9.4468
1690535506735,-9.2778,-8.6945,-13.1097,-13.1027
1690535506739,-15.639,-15.0621,-14.0069,-19.1855
1690535506743,-16.6703,-16.7761,-18.5396,-24.779
1690535506747,-16.8303,-19.0616,-18.1098,-24.2736
1690535506751,-19.0975,-16.0802,-18.0264,-30.4455
1690535506755,-15.5548,-19.1267,-17.1139,-26.3853
1690535506759,-12.9525,-12.6256,-14.2048,-22.1975
1690535506763,-13.8293,-12.3799,-11.29,-20.2067
1690535506767,-8.0185,-9.876,-6.8885,-14.5487
1690535506771,-0.8788,-4.6192,-4.5178,-9.188
1690535506775,6.8787,0.7146,0.4355,-2.6936
1690535506779,9.7912,4.9918,4.7606,3.3683
1690535506783,18.1297,11.9568,4.3937,8.3475
1690535506787,20.0786,14.6156,16.2216,8.2474
1690535506791,27.3285,23.2371,12.4589,17.7488
1690535506795,28.3562,17.1152,20.2374,16.3082
1690535506799,27.161,22.7804,20.6401,17.7334
1690535506803,28.898,17.8673,21.1353,10.9208
1690535506807,21.3959,19.0906,19.1679,10.8099
1690535506811,19.5591,15.8183,18.6612,8.1938
1690535506815,17.6755,13.4647,15.3579,6.8076
1690535506819,10.6353,7.1065,6.7137,7.3922
1690535506823,5.7214,-0.2106,1.5102,-2.5819
1690535506827,3.0988,-3.6579,-5.065,-8.5044
1690535506831,-4.971,-8.4974,-6.4463,-14.3362
1690535506835,-8.9878,-13.315,-12.7807,-21.6037
1690535506839,-15.7515,-18.8017,-15.4707,-27.8925
1690535506843,-14.4549,-15.8199,-17.723,-24.4475
1690535506847,-19.0587,-22.4146,-20.9162,-27.666
1690535506851,-12.7765,-25.8464,-20.4298,-28.9057
1690535506855,-14.7637,-25.1378,-16.7655,-26.7098
1690535506859,-11.2767,-23.5798,-14.2612,-20.0085
1690535506863,-9.3227,-16.2335,-11.7947,-19.1732
1690535506867,-4.0222,-15.0087,-9.8847,-12.2961
1690535506871,0.1968,-6.4479,-3.7541,-9.8814
1690535506875,3.8818,-0.1787,-0.7069,-2.2303
1690535506879,14.2353,0.4127,3.8057,5.1682
1690535506883,18.1242,4.5616,9.6072,5.716
1690535506887,21.8665,12.6288,14.3463,17.0083
1690535506891,23.5739,12.8642,17.2112,16.5766
1690535506895,28.4737,15.2687,16.2008,17.4537
1690535506899,32.0849,22.0525,17.9699,17.1463
1690535506903,29.0343,20.174,16.8892,20.3536
1690535506907,25.5722,13.7769,15.0158,21.2068
1690535506911,19.6122,17.0638,14.4736,16.1751
1690535506915,19.9783,12.3853,8.0879,11.9612
1690535506919,13.6688,11.9119,6.8401,10.4061
1690535506923,7.6951,2.9209,5.0699,4.5868
1690535506927,-3.1447,3.3104,-2.6757,-2.1654
1690535506931,-7.0313,-3.4595,-9.0615,-5.8028
1690535506935,-10.6096,-10.314,-11.1925,-9.2864
1690535506939,-15.5101,-16.6959,-15.4489,-12.6111
1690535506943,-22.7492,-16.9481,-16.6226,-13.6804
1690535506947,-20.3806,-20.3684,-18.4998,-16.3216
1690535506951,-19.6541,-18.1793,-22.1954,-13.1396
1690535506955,-20.9723,-12.9978,-21.1534,-9.2461
1690535506959,-17.0894,-15.6635,-17.4372,-5.3161
1690535506963,-15.1445,-11.1443,-14.6607,-3.774
1690535506967,-12.3969,-7.7919,-8.6663,-2.1801
1690535506971,-9.0104,-1.7055,-1.3443,0.5209
1690535506975,-3.7461,1.2054,-1.6502,6.742
1690535506979,3.9815,7.1244,4.562,13.0877
1690535506983,9.0404,11.2638,8.0346,17.4783
1690535506987,16.0294,17.2015,12.3274,18.8624
1690535506991,18.8492,18.4623,14.7837,24.7726
1690535506995,20.2528,17.4088,17.5337,27.1505
1690535506999,25.007,23.618,18.5077,29.4366
1690535507003,23.3477,18.2448,19.8178,25.8146
1690535507007,22.1818,14.9575,19.0244,21.6614
1690535507011,17.6376,14.3187,17.3181,20.7112
1690535507015,16.634,10.8206,11.3137,16.0455
1690535507019,10.129,12.6661,8.4865,11.0871
1690535507023,8.3157,2.4004,1.1144,8.6419
1690535507027,1.1524,0.1162,-0.4574,3.1813
1690535507031,-8.4983,-5.2351,-9.6676,1.8851
1690535507035,-12.5164,-10.7984,-11.8095,-7.2731
1690535507039,-14.535,-12.4337,-17.4955,-8.1182
1690535507043,-15.265,-16.2091,-22.1272,-11.7152
1690535507047,-22.7908,-19.4718,-23.5748,-11.0757
1690535507051,-21.855,-21.6403,-23.5587,-13.3469
1690535507055,-12.3244,-21.9419,-21.0233,-9.088
1690535507059,-15.3129,-21.3352,-18.2758,-8.3175
1690535507063,-7.6407,-16.5756,-12.2186,-4.4351
1690535507067,-4.7578,-7.2321,-9.824,1.6655
1690535507071,-4.4349,-11.923,-5.3131,5.203
1690535507075,6.3838,-6.7714,2.531,6.3296
1690535507079,7.8723,2.6017,5.1468,9.8636
1690535507083,8.9384,6.8964,7.9585,17.5042
1690535507087,16.2082,12.3013,12.2116,16.7221
1690535507091,16.51,17.1915,17.6032,25.6585
1690535507095,20.2894,15.6848,18.3578,23.1625
1690535507099,23.6069,17.5417,19.5932,25.5662
1690535507103,20.1322,16.9962,21.0271,22.4626
1690535507107,19.006,16.2538,15.1461,24.8385
1690535507111,19.7336,10.8037,12.1045,19.1252
1690535507115,18.2595,4.8194,10.7523,13.6723
1690535507119,7.2705,10.4047,5.7105,6.7248
1690535507123,4.4092,0.9684,1.654,5.5942
1690535507127,-4.4696,-3.6911,-4.8019,-0.0308
1690535507131,-4.8673,-10.297,-6.134,-6.1437
1690535507135,-11.4997,-8.9609,-10.6793,-13.0471
1690535507139,-18.4429,-14.5341,-12.6763,-15.6372
1690535507143,-18.8218,-20.2966,-17.0569,-20.9379
1690535507147,-20.2659,-17.5922,-14.9641,-18.2841
1690535507151,-20.8013,-19.1222,-22.6112,-21.2608
1690535507155,-22.3397,-15.8151,-20.4103,-21.2906
1690535507159,-19.9477,-16.8651,-16.2067,-20.4444
1690535507163,-16.0784,-8.8455,-14.0808,-15.3573
1690535507167,-11.8455,-8.9297,-12.0845,-13.9914
1690535507171,-4.711,-2.9749,-6.5588,-10.6517
1690535507175,-4.3507,0.4576,0.6405,-9.4619
1690535507179,2.6755,1.7003,8.3134,-0.2628
1690535507183,3.0945,8.5379,7.0168,3.0201
1690535507187,11.9014,11.5661,11.9341,6.6056
1690535507191,14.337,19.4642,17.5515,11.0749
1690535507195,18.6908,22.0821,18.3995,20.5413
1690535507199,14.0761,21.2571,19.2121,14.9195
1690535507203,15.5808,21.7386,24.8626,11.3049
1690535507207,14.1117,19.1842,18.904,9.4048
1690535507211,11.9992,17.1805,15.7829,9.7363
1690535507215,4.9563,13.4792,13.4676,1.5886
1690535507219,5.6358,11.2218,6.7172,-0.4641
1690535507223,-0.0806,3.4553,2.714,-7.3393
1690535507227,-8.4973,-2.2809,-1.8703,-6.5616
1690535507231,-11.3556,-5.4674,-11.1258,-12.997
1690535507235,-15.7777,-10.5319,-14.3979,-18.5986
1690535507239,-19.274,-16.6175,-16.0772,-22.2464
1690535507243,-20.5486,-15.0897,-17.2143,-25.6696
1690535507247,-25.2159,-18.8548,-20.9283,-27.0502
1690535507251,-26.2798,-19.4362,-22.6118,-27.7745
1690535507255,-23.2699,-18.3883,-18.36,-28.168
1690535507259,-23.5696,-17.5816,-19.4319,-23.5018
1690535507263,-19.0448,-10.8254,-17.0447,-23.5555
1690535507267,-15.4717,-14.9898,-9.967,-22.2491
1690535507271,-18.2585,-5.5089,-0.0642,-13.2466
1690535507275,-8.6421,-5.0535,2.6079,-6.2636
1690535507279,-5.9838,4.7171,5.6642,-0.7906
1690535507283,-3.418,4.9006,6.1206,4.8852
1690535507287,4.1784,13.2929,14.5429,9.3771
1690535507291,8.3211,14.5838,19.6034,9.8111
1690535507295,8.271,18.8538,17.671,11.5966
1690535507299,12.397,16.7154,18.4613,10.3592
1690535507303,4.337,17.1647,18.6281,8.2729
1690535507307,3.0786,15.9067,20.6129,8.8861
1690535507311,2.5802,13.0517,12.0656,9.5712
1690535507315,-2.5385,7.6878,9.9295,1.7594
1690535507319,-2.5456,7.0041,7.8085,1.6854
1690535507323,-5.1675,0.1913,5.8805,-3.0241
1690535507327,-9.2617,-4.6086,-2.619,-9.9434
1690535507331,-15.4779,-5.8059,-5.7062,-14.7875
1690535507335,-16.5274,-11.3671,-13.6249,-15.9246
1690535507339,-23.3992,-16.1796,-16.1821,-25.1736
1690535507343,-22.671,-21.2384,-20.2549,-24.1878
1690535507347,-21.8937,-21.9662,-21.7154,-20.9644
1690535507351,-18.8469,-21.9295,-20.4307,-21.2955
1690535507355,-20.9666,-21.5364,-22.6582,-22.1584
1690535507359,-14.7575,-17.2463,-20.2789,-16.4577
1690535507363,-13.6402,-15.7786,-17.6778,-12.7145
1690535507367,-12.2505,-12.79,-5.2716,-9.4704
1690535507371,-7.1162,-6.2001,-3.3995,2.2666
1690535507375,-1.605,3.7908,3.7407,0.4585
1690535507379,5.1316,6.785,6.2322,6.8643
1690535507383,10.0601,11.433,7.5532,12.7351
1690535507387,9.8379,11.9125,14.0456,14.9604
1690535507391,12.7851,16.5723,18.2438,21.4608
1690535507395,18.9997,19.7494,16.8844,21.8647
1690535507399,14.5153,19.4389,18.9829,26.4654
1690535507403,19.1718,25.0836,17.2618,26.824
1690535507407,15.5547,17.7476,21.5829,21.9058
1690535507411,15.132,18.2307,17.8752,17.849
1690535507415,12.0146,16.2994,13.166,15.215
1690535507419,6.0828,10.6036,6.0151,10.4467
1690535507423,5.7038,4.9162,2.0833,6.8585
1690535507427,-2.8426,6.5549,-2.4854,-0.1485
1690535507431,-3.7167,-1.975,-7.2789,-8.4237
1690535507435,-8.4431,-6.0607,-12.6555,-7.2595
1690535507439,-6.7055,-14.1601,-17.1618,-12.6289
1690535507443,-11.9871,-16.8645,-12.8225,-13.9404
1690535507447,-16.5622,-19.996,-25.2843,-15.0362
1690535507451,-13.3226,-19.2173,-20.6932,-18.0082
1690535507455,-11.8275,-10.8323,-22.2142,-15.1088
1690535507459,-7.6426,-13.0575,-15.7918,-12.3189
1690535507463,-2.8638,-10.2068,-12.1301,-8.3751
1690535507467,-1.13,-7.9066,-9.8002,-2.5552
1690535507471,5.8675,-5.2845,-1.4182,-1.7123
1690535507475,8.0179,0.0251,2.2106,2.7699
1690535507479,13.1763,4.6908,3.7285,11.8202
1690535507483,13.4213,11.6892,12.7884,14.043
1690535507487,19.9302,13.8136,15.8967,17.7909
1690535507491,25.1417,18.7855,19.521,20.8171
1690535507495,23.6347,18.04,19.1341,23.5154
1690535507499,24.0452,20.5683,20.2385,22.0124
1690535507503,27.2829,18.1909,21.4789,21.7222
1690535507507,20.8903,17.349,18.1297,23.9618
1690535507511,22.0498,13.2265,12.001,22.846
1690535507515,18.2093,5.832,8.3811,19.0023
1690535507519,17.1431,6.1346,6.7218,13.1772
1690535507523,15.528,-0.0759,5.9871,7.1564
1690535507527,8.9356,-1.8173,-2.0767,-0.0496
1690535507531,1.6275,-10.5652,-7.2973,-2.0217
1690535507535,0.6793,-12.696,-8.6732,-7.161
1690535507539,-1.9539,-14.5199,-19.5163,-8.9753
1690535507543,-5.0952,-18.0979,-15.8646,-11.0946
1690535507547,-6.7916,-19.526,-16.0882,-17.7906
1690535507551,-7.481,-21.9806,-21.2218,-13.2956
1690535507555,-4.2859,-20.0102,-21.8566,-15.8465
1690535507559,-5.9093,-16.1016,-14.5816,-18.3339
1690535507563,-3.5001,-12.861,-17.285,-11.5339
1690535507567,2.1856,-12.342,-13.3038,-6.5258
1690535507571,7.3426,-5.5929,-6.5262,-4.3058
1690535507575,6.8967,-5.0361,-2.4689,1.0417
1690535507579,14.5873,0.6885,3.9306,8.3645
1690535507583,12.2782,2.9997,8.8161,10.8397
1690535507587,19.1919,8.515,15.2479,16.1799
1690535507591,20.2208,14.2113,16.6905,17.1924
1690535507595,24.1109,11.168,21.7291,20.0167
1690535507599,24.6051,17.5316,21.8177,21.8565
1690535507603,22.7988,20.5823,21.806,19.5858
1690535507607,18.7326,15.029,23.9326,20.7723
1690535507611,12.2457,12.8663,15.9331,14.9526
1690535507615,9.1009,13.0593,11.1834,11.399
1690535507619,9.1967,7.4689,5.5965,6.7698
1690535507623,1.1302,2.7841,0.4023,-0.1324
1690535507627,-6.1148,-0.7769,-3.9728,-1.3071
1690535507631,-7.0577,-3.1266,-9.0111,-8.7536
1690535507635,-9.73,-6.8311,-11.056,-11.3484
1690535507639,-17.331,-11.3065,-18.3936,-17.1392
1690535507643,-16.4709,-16.1713,-22.0318,-19.5631
1690535507647,-16.1636,-15.411,-19.6165,-21.3573
1690535507651,-18.4505,-18.7011,-19.7949,-22.2075
1690535507655,-20.5558,-15.9299,-22.6896,-21.3624
1690535507659,-17.0842,-8.8144,-17.4772,-16.7704
1690535507663,-13.2015,-4.0005,-10.7425,-10.5364
1690535507667,-11.2526,-7.1931,-9.261,-1.719
1690535507671,-3.1597,-0.3558,-1.8679,2.4335
1690535507675,1.3598,3.33,0.1767,1.012
1690535507679,5.6564,4.4563,5.8653,10.6837
1690535507683,11.9077,11.4661,11.0249,16.3884
1690535507687,17.512,13.6374,13.6292,19.9395
1690535507691,17.7227,16.8382,18.7076,25.3729
1690535507695,15.6866,17.688,22.2285,21.9142
1690535507699,19.0636,23.3161,19.1291,22.4331
1690535507703,17.4129,21.9364,20.9121,18.5738
1690535507707,14.877,17.9045,19.1241,20.7143
1690535507711,14.0108,10.8521,18.6863,15.0468
1690535507715,12.6457,8.834,7.8225,11.773
1690535507719,4.7135,5.3431,9.7543,6.2605
1690535507723,-2.3181,0.2432,2.6525,0.9319
1690535507727,-11.5459,-5.5808,-1.056,-2.3985
1690535507731,-10.9859,-6.3799,-7.3207,-9.205
1690535507735,-17.805,-13.4072,-16.6264,-12.0588
1690535507739,-21.2871,-16.0651,-17.6326,-17.5065
1690535507743,-23.8601,-20.4349,-20.2975,-23.4694
1690535507747,-21.8517,-18.0139,-23.7832,-22.1407
1690535507751,-24.8325,-21.7924,-17.9855,-23.4215
1690535507755,-18.9796,-17.4042,-16.6378,-18.0469
1690535507759,-25.7418,-15.7116,-13.2448,-17.1066
1690535507763,-14.5296,-13.8086,-12.0692,-14.8493
1690535507767,-11.9078,-9.1542,-8.0803,-6.8902
1690535507771,-5.8414,-7.5001,-7.5928,-3.7702
1690535507775,-5.3185,1.5172,2.0797,-4.0703
1690535507779,2.2125,4.5087,7.0183,5.5187
1690535507783,7.3109,11.6318,10.2362,8.0001
1690535507787,9.3997,11.9423,12.7991,13.5238
1690535507791,14.3246,12.4803,19.3632,15.928
1690535507795,12.5453,14.6695,18.8037,15.6522
1690535507799,16.0823,12.8264,19.9256,18.6544
1690535507803,19.4888,11.0434,16.0647,18.9456
1690535507807,12.7592,12.5955,20.8786,12.3248
1690535507811,10.9464,11.5358,13.7001,8.9717
1690535507815,6.5195,9.1251,7.0984,8.7241
1690535507819,5.4726,4.5998,8.5008,5.0865
1690535507823,-2.1757,0.0306,1.2766,1.0618
1690535507827,-5.7571,-6.7159,-4.5645,-8.1547
1690535507831,-10.5446,-7.9107,-9.2739,-9.5373
1690535507835,-18.5099,-11.2085,-15.262,-16.5991
1690535507839,-22.849,-13.8153,-19.6524,-21.6049
1690535507843,-24.6828,-15.4173,-17.5526,-19.8369
1690535507847,-21.2268,-19.9431,-20.0736,-19.9035
1690535507851,-23.802,-16.5682,-19.8123,-19.0484
1690535507855,-19.0393,-12.1775,-18.4949,-19.483
1690535507859,-19.0597,-12.5489,-15.1854,-15.0848
1690535507863,-15.488,-10.4928,-11.6905,-17.3006
1690535507867,-10.9958,-5.8877,-5.7801,-13.8637
1690535507871,-8.1097,0.6673,0.6707,-13.0982
1690535507875,-2.0571,7.1087,3.1219,-9.7548
1690535507879,2.3875,7.4603,7.1506,-2.1999
1690535507883,8.7143,14.0513,12.0465,0.6986
1690535507887,12.2418,18.7784,17.183,6.571
1690535507891,16.2364,19.0689,18.3867,9.9527
1690535507895,21.8517,21.2194,20.2177,12.9589
1690535507899,20.03,20.2748,17.1092,13.3455
1690535507903,17.7509,19.2358,17.7404,12.1936
1690535507907,14.3404,17.4032,18.4907,8.3153
1690535507911,13.3948,16.6954,12.3224,7.1778
1690535507915,9.0859,9.2644,10.8592,0.9814
1690535507919,5.3727,5.9486,7.3709,0.1771
1690535507923,0.4792,1.235,2.788,-9.0061
1690535507927,-6.2252,-0.6491,-5.5252,-11.7354
1690535507931,-14.0947,-10.4861,-6.6675,-12.8467
1690535507935,-15.5523,-9.8831,-11.1121,-18.7046
1690535507939,-25.8695,-15.5985,-14.9974,-17.753
1690535507943,-22.3624,-17.6545,-19.301,-25.1641
1690535507947,-29.1227,-21.5085,-17.2663,-24.2132
1690535507951,-29.7894,-16.0174,-22.2377,-25.428
1690535507955,-24.2229,-18.3776,-17.1203,-27.585
1690535507959,-21.4603,-20.0284,-11.1894,-24.2689
1690535507963,-19.6122,-11.449,-10.9269,-17.6784
1690535507967,-15.9131,-5.5462,-7.7146,-14.9828
1690535507971,-9.988,-2.3611,-3.7828,-7.5606
1690535507975,-2.9367,2.4655,5.3059,-2.0752
1690535507979,0.9716,4.3016,5.8956,4.1246
1690535507983,9.1984,13.3751,5.7243,6.2045
1690535507987,9.3049,8.8032,13.6214,12.5759
1690535507991,16.8177,16.1576,19.5668,18.9533
1690535507995,20.0213,15.6526,22.534,17.7523
1690535507999,22.5933,17.7058,20.1218,22.0525
1690535508003,18.6628,14.9495,14.433,20.1847
1690535508007,16.1494,11.3159,18.1131,18.8067
1690535508011,14.1897,14.0846,11.0708,16.069
1690535508015,10.7531,9.4006,10.449,10.9854
1690535508019,5.7865,4.0812,8.0013,8.6455
1690535508023,1.406,-4.1029,1.6754,2.4294
1690535508027,-2.912,-5.5438,-0.9635,-3.883
1690535508031,-6.5608,-10.1066,-12.9943,-7.1033
1690535508035,-12.9048,-17.0504,-14.1106,-12.2546
1690535508039,-15.9069,-19.4851,-19.8086,-19.4805
1690535508043,-18.1056,-24.7608,-20.0981,-16.1948
1690535508047,-25.2257,-23.0104,-21.0548,-20.0365
1690535508051,-23.2772,-21.5136,-17.1685,-19.5421
1690535508055,-22.575,-22.3398,-18.5253,-17.0957
1690535508059,-18.6147,-18.2465,-16.0727,-13.9335
1690535508063,-17.0867,-11.8984,-14.0595,-9.4597
1690535508067,-10.0602,-8.0369,-10.9173,-4.138
1690535508071,-4.9457,-0.7639,-4.9028,-1.7086
1690535508075,-2.2705,3.8641,1.8993,4.5318
1690535508079,6.4062,11.1403,8.7926,8.053
1690535508083,8.5316,12.8788,15.8506,15.9168
1690535508087,15.8903,15.7892,12.4519,24.0427
1690535508091,19.6822,16.9853,20.2064,25.7639
1690535508095,20.1784,24.0368,20.3739,28.0658
1690535508099,25.4187,18.8368,18.6057,30.8395
1690535508103,28.2618,20.8927,21.6568,29.93
1690535508107,22.4289,19.4527,17.3281,23.999
1690535508111,18.3611,15.9682,12.8606,21.7053
1690535508115,16.9891,9.9698,9.7009,18.7516
1690535508119,10.2336,7.4174,5.8756,20.42
1690535508123,7.2583,4.3385,-2.7668,10.7461
1690535508127,-0.819,-1.2543,-8.3657,7.2068
1690535508131,-5.045,-8.0666,-11.4047,1.5532
1690535508135,-8.8549,-11.4917,-16.5688,-2.7095
1690535508139,-14.8707,-10.9926,-15.8119,-4.2811
1690535508143,-14.898,-12.0981,-19.4926,-6.4101
1690535508147,-12.0981,-20.1847,-20.4897,-10.2842
1690535508151,-12.4622,-20.1074,-18.2578,-10.3777
1690535508155,-12.0381,-20.3855,-14.542,-6.3968
1690535508159,-13.2765,-16.4002,-12.5318,-7.8194
1690535508163,-8.4876,-14.2538,-7.2216,-1.9442
1690535508167,0.8468,-9.9584,-4.949,0.2491
1690535508171,0.1019,-3.8462,-1.1597,1.8833
1690535508175,9.5864,3.5612,-0.219,7.1515
1690535508179,14.1163,8.6889,4.982,16.7909
1690535508183,21.8561,13.5574,9.298,18.2665
1690535508187,25.1464,17.5822,14.7377,18.327
1690535508191,24.857,18.8487,17.0282,20.0731
1690535508195,28.3803,20.0885,18.2223,21.7716
1690535508199,34.0056,18.5567,19.9878,22.4227
1690535508203,34.0953,17.577,19.6754,22.4119
1690535508207,29.3031,19.0254,15.732,18.1148
1690535508211,28.1933,17.114,14.3967,18.4882
1690535508215,24.2193,7.9487,10.7827,11.0216
1690535508219,21.5945,4.1806,5.3302,8.5777
1690535508223,19.7993,-0.6855,-2.7708,1.9019
1690535508227,7.1939,-5.4632,-4.0472,1.0291
1690535508231,-2.6915,-9.9564,-11.8123,-6.5222
1690535508235,-2.6373,-15.8401,-13.402,-12.5215
1690535508239,-8.0943,-21.0924,-18.7116,-18.7675
1690535508243,-11.202,-19.4526,-16.8436,-18.0306
1690535508247,-11.4955,-23.7808,-20.6825,-19.7966
1690535508251,-15.2646,-24.0844,-18.2669,-18.8128
1690535508255,-15.1649,-18.3243,-20.8681,-17.6941
1690535508259,-9.1174,-19.1154,-14.1863,-14.2371
1690535508263,-6.2988,-14.3381,-17.4815,-13.531
1690535508267,-4.6492,-13.2716,-9.6598,-9.5677
1690535508271,-1.9619,-9.8147,-5.04,-5.5787
1690535508275,3.8908,-4.9108,-1.5352,-5.4441
1690535508279,12.1955,2.4529,1.8029,2.9498
1690535508283,9.8993,9.0242,15.6028,6.8661
1690535508287,18.6957,15.2455,13.2344,13.1368
1690535508291,19.3422,17.6419,21.3611,10.9155
1690535508295,22.1089,18.4086,23.4101,15.4446
1690535508299,23.488,21.3492,24.4612,18.1917
1690535508303,18.9006,20.009,21.615,17.4577
1690535508307,17.4517,16.6171,17.948,11.9669
1690535508311,17.0716,17.4853,13.1429,6.6784
1690535508315,11.4653,11.5298,2.7333,5.7463
1690535508319,8.0836,7.7861,6.1064,3.5121
1690535508323,0.4656,1.9663,1.1988,-6.6229
1690535508327,0.5515,0.8524,-6.6491,-10.1363
1690535508331,-8.5041,-8.9311,-8.16,-14.9281
1690535508335,-13.3437,-12.4422,-13.8008,-22.4181
1690535508339,-21.1918,-16.9927,-15.2514,-22.5922
1690535508343,-20.908,-14.2376,-17.5438,-29.0805
1690535508347,-23.4586,-14.5126,-20.398,-27.5408
1690535508351,-23.905,-17.196,-17.0261,-25.6126
1690535508355,-24.5825,-15.8821,-15.6469,-26.5712
1690535508359,-19.2536,-12.2877,-12.7134,-30.4996
1690535508363,-18.2792,-10.0358,-9.9055,-24.3966
1690535508367,-11.9209,-10.296,-11.0822,-21.0186
1690535508371,-8.9759,-3.0831,-1.2412,-13.8209
1690535508375,-8.1982,3.5645,2.575,-10.2645
1690535508379,0.8497,6.4309,8.2138,-0.6125
1690535508383,6.3296,8.5272,12.4815,1.0713
1690535508387,9.7165,13.9241,15.4902,6.8219
1690535508391,10.2766,16.9797,17.2743,8.6126
1690535508395,10.5574,17.1328,18.3044,15.2607
1690535508399,13.703,18.358,17.4208,13.126
1690535508403,11.9373,19.0014,16.5211,13.0256
1690535508407,8.4925,20.9631,19.0603,10.878
1690535508411,3.6764,19.1944,12.6776,7.5933
1690535508415,0.158,11.9903,9.7053,2.7008
1690535508419,-5.6838,7.3019,9.6592,2.4622
1690535508423,-9.4997,3.1522,3.2675,1.489
1690535508427,-11.6251,-3.8706,0.5781,-8.0257
1690535508431,-19.8139,-9.3372,-7.3057,-12.0895
1690535508435,-22.6298,-14.1375,-13.3579,-14.8675
1690535508439,-25.1536,-20.0385,-16.5596,-20.4268
1690535508443,-26.6968,-19.2127,-20.9471,-19.7176
1690535508447,-28.4885,-18.8624,-19.0653,-21.4946
1690535508451,-27.1083,-22.713,-22.0383,-23.7433
1690535508455,-26.7254,-23.2764,-20.8534,-18.3399
1690535508459,-26.0052,-15.099,-17.6935,-18.4256
1690535508463,-17.5871,-17.7811,-10.1896,-13.3686
1690535508467,-19.6677,-11.4209,-6.6598,-12.2782
1690535508471,-13.6797,-5.4938,-1.1777,-4.0243
1690535508475,-6.3652,-2.7341,2.3709,2.7399
1690535508479,-3.6207,4.1948,2.212,2.4553
1690535508483,6.3325,7.3268,7.9163,11.4902
1690535508487,9.7142,9.26,15.2004,11.0124
1690535508491,10.5816,14.9016,14.5767,21.0002
1690535508495,14.0124,17.4215,19.5752,18.4538
1690535508499,16.8909,17.2799,18.5605,22.5444
1690535508503,15.3732,16.2702,17.4433,17.6169
1690535508507,11.2912,15.8887,21.7704,14.9082
1690535508511,10.6684,11.6223,18.1712,17.6933
1690535508515,6.5854,11.3394,8.8751,10.8623
1690535508519,-1.0097,9.6412,9.4688,11.2137
1690535508523,-0.3096,0.9043,0.3285,-0.3383
1690535508527,-6.5258,-4.5272,-4.3308,-3.8111
1690535508531,-14.6217,-4.2583,-6.0501,-12.3191
1690535508535,-13.1964,-11.7767,-12.9414,-13.7904
1690535508539,-14.4582,-17.7732,-17.5189,-13.1581
1690535508543,-15.5484,-14.6551,-15.8027,-13.1238
1690535508547,-19.9717,-20.6067,-18.2379,-14.3432
1690535508551,-18.4025,-16.8453,-14.9596,-18.1567
1690535508555,-16.251,-16.5676,-15.1425,-15.5583
1690535508559,-13.2456,-15.9831,-14.0518,-13.3473
1690535508563,-10.8341,-9.3431,-10.0043,-10.8043
1690535508567,-6.1005,-5.5461,-5.8627,-6.2129
1690535508571,-0.7645,-0.0712,-1.7483,0.9561
1690535508575,1.4261,4.0261,0.5612,5.1175
1690535508579,3.2849,12.1553,2.7738,10.9369
1690535508583,9.3368,16.3412,9.5598,16.8401
1690535508587,11.7574,19.1663,11.7617,17.3214
1690535508591,16.443,22.2051,15.6638,22.0496
1690535508595,18.0978,19.6171,18.5228,25.1747
1690535508599,15.0905,17.344,22.2433,27.3199
1690535508603,23.9214,17.1449,20.3681,23.7655
1690535508607,18.9932,20.0723,18.3156,20.554
1690535508611,15.4151,17.4455,13.0321,21.0317
1690535508615,8.4475,12.6177,7.274,13.0641
1690535508619,5.0941,8.5045,2.1768,7.1353
1690535508623,-0.9895,-1.3813,1.5695,4.1597
1690535508627,-3.7904,-4.8784,-4.5271,-2.0127
1690535508631,-7.6451,-6.8385,-7.0121,-4.5809
1690535508635,-11.4772,-12.7512,-10.0417,-7.2867
1690535508639,-15.528,-13.3711,-16.4026,-12.1326
1690535508643,-14.2398,-17.1721,-15.6065,-13.5071
1690535508647,-16.0142,-16.9971,-17.325,-13.7993
1690535508651,-13.3978,-21.3085,-17.4003,-16.8306
1690535508655,-11.0972,-19.0595,-18.548,-15.9494
1690535508659,-12.5408,-15.9494,-16.2683,-17.7926
1690535508663,-6.9456,-12.4197,-13.2639,-15.0796
1690535508667,-2.4336,-7.0768,-13.2794,-8.0778
1690535508671,-2.0147,-4.7028,-2.8356,-5.434
1690535508675,3.359,2.1249,-0.1618,-1.235
1690535508679,9.9605,4.1737,6.4506,5.4978
1690535508683,15.2883,7.2363,12.3933,10.8716
1690535508687,19.1601,12.0122,15.4609,13.6704
1690535508691,19.897,14.9074,21.3337,18.5851
1690535508695,23.8941,18.4257,20.6938,18.887
1690535508699,21.4964,20.7062,21.8898,22.2172
1690535508703,18.0653,18.3614,18.7162,22.258
1690535508707,15.6515,12.7237,18.207,17.9709
1690535508711,16.0582,13.603,12.8918,16.7935
1690535508715,10.9718,7.896,10.8939,12.5971
1690535508719,7.4845,0.9653,3.1425,12.6032
1690535508723,2.0812,-2.3137,0.59,8.7559
1690535508727,-5.2914,-3.4233,-7.5309,0.2983
1690535508731,-11.2811,-11.1115,-11.4674,-5.2704
1690535508735,-12.5738,-15.5438,-7.1561,-8.5342
1690535508739,-16.7019,-20.1248,-13.9775,-16.1855
1690535508743,-17.9354,-20.0519,-13.6335,-12.5528
1690535508747,-21.8081,-23.3808,-15.1305,-17.3312
1690535508751,-15.3826,-20.0756,-18.5025,-17.7171
1690535508755,-17.6648,-16.1355,-16.1244,-17.3963
1690535508759,-11.8339,-13.1186,-16.9083,-16.5853
1690535508763,-10.2556,-12.2362,-7.8745,-12.3753
1690535508767,-8.0525,-6.6474,-5.8728,-8.626
1690535508771,-0.4448,-2.0781,0.1091,-3.8544
1690535508775,3.2885,2.2516,-2.5376,5.8669
1690535508779,8.3862,7.2786,5.296,7.7439
1690535508783,11.32,13.8158,11.7356,10.2887
1690535508787,17.6763,18.2488,11.9899,13.3244
1690535508791,17.9982,21.264,17.1903,17.3769
1690535508795,19.6596,24.2635,15.2911,18.5213
1690535508799,22.064,22.4337,18.0006,23.1403
1690535508803,21.0094,21.1818,18.7578,19.5574
1690535508807,23.4554,19.5965,16.6694,17.9926
1690535508811,15.6805,16.2587,14.6044,17.3983
1690535508815,14.6346,12.5639,8.4107,14.3497
1690535508819,13.6872,12.3746,7.2512,8.2265
1690535508823,9.8639,4.2661,4.5704,4.6947
1690535508827,1.2102,-1.6754,-3.3527,-2.2465
1690535508831,0.3104,-4.8635,-4.2195,-7.5794
1690535508835,-4.5604,-8.8371,-13.1466,-11.2324
1690535508839,-13.7399,-13.5,-14.0426,-13.4467
1690535508843,-9.6199,-18.1323,-13.2473,-15.6743
1690535508847,-10.6299,-17.3344,-19.5903,-17.4931
1690535508851,-13.2861,-19.0194,-21.7607,-19.7321
1690535508855,-9.6921,-20.224,-20.3147,-16.6729
1690535508859,-9.0017,-15.8426,-18.653,-18.3109
1690535508863,-3.8604,-11.0178,-14.9226,-11.5911
1690535508867,0.3368,-5.3111,-9.1463,-4.0925
1690535508871,-0.857,-1.6023,-1.5213,-0.9632
1690535508875,7.539,0.44,3.6515,-0.6823
1690535508879,10.7197,4.1819,6.7576,8.0592
1690535508883,9.6784,7.3324,8.7369,11.7467
1690535508887,19.1385,12.3392,15.2402,19.0054
1690535508891,25.896,19.6338,14.8804,18.9298
1690535508895,25.8833,18.1101,18.3245,16.0547
1690535508899,24.8186,21.0897,21.0519,16.7331
1690535508903,23.8464,16.8833,17.9865,19.3744
1690535508907,21.3579,13.4655,15.5458,13.4079
1690535508911,16.9147,10.7627,14.0137,12.1644
1690535508915,13.9141,9.9085,13.0462,13.3522
1690535508919,9.0479,4.4884,4.7338,1.0416
1690535508923,6.9718,0.0643,-1.4443,-2.5684
1690535508927,-1.435,-6.2003,-3.0427,-6.2834
1690535508931,-5.2039,-11.8257,-6.2401,-10.4476
1690535508935,-10.5073,-13.2756,-11.0083,-19.9503
1690535508939,-10.7332,-15.6789,-11.7885,-20.9011
1690535508943,-15.7874,-23.1076,-20.3379,-26.8769
1690535508947,-19.7779,-21.4853,-19.6689,-21.3769
1690535508951,-17.3184,-24.2843,-21.4841,-21.763
1690535508955,-18.1941,-19.2248,-18.6859,-23.4234
1690535508959,-14.4497,-19.2099,-15.1423,-22.7005
1690535508963,-7.5252,-17.0613,-12.5661,-20.8107
1690535508967,-8.7804,-11.016,-6.9302,-19.8776
1690535508971,-1.4232,-7.2635,-7.4327,-12.3101
1690535508975,3.8003,1.327,0.6522,-4.4146
1690535508979,4.7659,4.1506,5.3498,-0.1258
1690535508983,10.4131,10.272,7.966,2.7835
1690535508987,11.8851,12.9827,11.7609,5.8631
1690535508991,16.0769,18.1501,16.3206,12.1933
1690535508995,16.1122,13.3176,15.5057,11.5033
1690535508999,18.2174,21.2469,15.2606,16.3634
1690535509003,18.2766,22.6436,18.7346,11.1575
1690535509007,17.0541,20.1692,18.4839,12.2496
1690535509011,12.5737,17.9233,15.487,5.1635
1690535509015,13.5141,13.6769,16.6861,2.5918
1690535509019,3.9877,7.1403,10.624,1.3454
1690535509023,1.8657,5.7389,1.4665,-2.2673
1690535509027,-4.7898,-2.7414,-6.6777,-9.9791
1690535509031,-12.3631,-6.4683,-7.0913,-16.0753
1690535509035,-18.1281,-10.8964,-12.0546,-18.5069
1690535509039,-24.4593,-13.8175,-16.5355,-17.8738
1690535509043,-28.7388,-13.996,-15.7001,-25.4229
1690535509047,-30.4303,-19.0235,-18.3145,-23.2477
1690535509051,-28.8119,-16.2891,-22.1412,-26.7341
1690535509055,-27.625,-16.2251,-15.561,-26.7913
1690535509059,-23.9285,-13.1032,-18.5216,-19.5651
1690535509063,-21.9838,-10.8264,-14.9935,-21.1837
1690535509067,-16.8017,-5.8818,-6.4403,-18.5268
1690535509071,-14.4319,-1.3417,-5.4434,-12.7446
1690535509075,-10.2169,2.1427,1.4925,-4.4576
1690535509079,-4.7134,3.797,8.0734,3.1527
1690535509083,-1.0272,10.8298,9.685,9.3514
1690535509087,2.2098,15.8735,13.2551,12.3302
1690535509091,8.2302,15.7481,17.7455,11.3764
1690535509095,10.5732,18.7421,20.1056,15.1599
1690535509099,6.9917,17.003,21.5397,12.9172
1690535509103,3.5549,17.2979,19.3766,12.5409
1690535509107,8.218,14.854,15.7563,13.162
1690535509111,4.5978,13.6467,15.4505,12.1952
1690535509115,0.7271,10.1685,10.8886,6.3181
1690535509119,-2.7396,5.9203,6.5617,4.3633
1690535509123,-8.8357,1.6336,2.9793,1.8457
1690535509127,-12.1443,-2.7329,-4.3478,-0.7176
1690535509131,-16.7757,-12.662,-3.452,-6.0463
1690535509135,-20.0363,-14.3044,-14.2423,-9.3957
1690535509139,-26.2188,-20.1824,-18.4876,-14.961
1690535509143,-26.2195,-19.6126,-17.7346,-16.7551
1690535509147,-28.3698,-22.1041,-16.8194,-15.8954
1690535509151,-27.4424,-22.4442,-18.3167,-16.7122
1690535509155,-26.9858,-17.1387,-16.6771,-14.3613
1690535509159,-26.7555,-17.3828,-16.1269,-12.702
1690535509163,-22.6934,-15.3562,-13.3278,-9.2997
1690535509167,-17.0564,-9.0169,-10.9007,-2.8876
1690535509171,-15.9441,-1.0318,-5.2531,2.9004
1690535509175,-3.8508,-1.6666,1.5885,10.4541
1690535509179,1.19,2.5353,5.2783,14.177
1690535509183,7.1495,4.0205,9.4268,19.418
1690535509187,10.6634,12.125,12.8461,23.4253
1690535509191,11.8666,15.1588,19.3487,28.0908
1690535509195,14.221,18.8083,19.2286,32.1244
1690535509199,18.9393,22.8322,23.4296,30.2644
1690535509203,14.7526,16.8204,20.9994,31.2463
1690535509207,14.0044,12.6672,18.0044,26.2282
1690535509211,10.9865,9.0937,16.8801,22.322
1690535509215,8.2031,9.1,8.5115,20.6155
1690535509219,5.6905,5.9294,8.2889,11.4348
1690535509223,0.616,1.2268,5.322,11.6715
1690535509227,-3.5547,-3.666,-3.1854,7.1303
1690535509231,-7.3424,-4.5406,-7.6632,0.3229
1690535509235,-13.4658,-6.8232,-9.5289,-1.9656
1690535509239,-15.5425,-10.7843,-11.1599,-9.5177
1690535509243,-17.326,-17.4412,-17.8191,-14.0936
1690535509247,-19.3529,-19.5491,-20.7622,-13.5543
1690535509251,-21.1502,-16.9846,-18.4858,-10.9969
1690535509255,-14.9641,-14.5668,-19.3465,-9.5092
1690535509259,-16.3216,-12.3237,-19.8175,-9.8142
1690535509263,-9.4541,-7.1708,-15.5881,-4.0359
1690535509267,-5.5682,-4.6876,-12.479,-4.7197
1690535509271,-3.5595,-0.7687,-8.0028,3.9566
1690535509275,2.307,4.5794,-0.3636,12.4977
1690535509279,8.076,9.0818,3.4815,15.2295
1690535509283,14.0192,14.173,10.113,16.2576
1690535509287,21.8105,18.3612,15.533,24.0244
1690535509291,23.3032,19.8579,16.7464,22.5858
1690535509295,28.355,16.885,20.2954,28.7574
1690535509299,27.3328,20.6821,16.6076,22.9502
1690535509303,27.3491,16.56,18.5743,24.7512
1690535509307,28.7003,19.0837,15.5828,24.9484
1690535509311,21.0426,13.2212,14.3601,18.7245
1690535509315,16.7574,8.5035,5.8868,18.4113
1690535509319,15.2597,4.3077,4.4247,10.5053
1690535509323,10.3009,-1.2622,3.2659,9.1503
1690535509327,6.1913,-5.0268,-5.2752,2.4101
1690535509331,-0.559,-12.8924,-7.7947,-8.2312
1690535509335,-1.6106,-13.0685,-14.3437,-11.0375
1690535509339,-8.5576,-15.1037,-9.9309,-14.6121
1690535509343,-9.1406,-20.6992,-14.1541,-10.9428
1690535509347,-14.5061,-20.2951,-17.8285,-14.3884
1690535509351,-13.1021,-17.2287,-22.7464,-14.0413
1690535509355,-12.3833,-15.8016,-19.218,-12.871
1690535509359,-9.9603,-15.393,-14.2395,-12.9069
1690535509363,-7.2495,-12.4564,-16.6384,-10.2475
1690535509367,-5.3282,-9.6865,-6.1459,-6.509
1690535509371,-1.7612,-4.9282,-2.2906,-1.0406
1690535509375,3.0636,1.7901,-4.34,1.4064
1690535509379,12.6857,4.5588,2.2718,0.799
1690535509383,16.1051,10.1724,8.6377,10.0256
1690535509387,16.3697,9.9595,10.3876,11.2904
1690535509391,23.993,13.5668,13.2504,12.2919
1690535509395,24.8101,18.7953,19.4509,11.941
1690535509399,28.3471,18.9082,21.3203,13.065
1690535509403,23.2252,14.4923,19.2755,17.1977
1690535509407,18.1972,13.8294,19.7062,9.5239
1690535509411,17.7449,10.0515,14.7997,10.1012
1690535509415,14.4898,5.7681,10.2923,3.9264
1690535509419,12.5694,1.1761,11.7052,-1.7643
1690535509423,3.1806,-7.8135,3.0244,-10.9726
1690535509427,2.1171,-10.2253,-4.851,-14.1404
1690535509431,-6.8752,-14.6402,-7.5243,-18.7899
1690535509435,-8.9181,-16.9857,-12.6944,-20.2295
1690535509439,-11.347,-14.0055,-14.2331,-25.4073
1690535509443,-18.7125,-20.7041,-15.94,-26.1533
1690535509447,-18.298,-21.6534,-16.5314,-24.8305
1690535509451,-13.2698,-22.3833,-20.0305,-24.4336
1690535509455,-15.6059,-14.1493,-21.5401,-28.5972
1690535509459,-17.8403,-11.052,-15.9112,-23.1614
1690535509463,-10.233,-11.1478,-15.7999,-19.1459
1690535509467,-6.8789,-4.2151,-9.3087,-16.6808
1690535509471,0.1597,3.2612,-2.5293,-9.9466
1690535509475,1.3063,5.0312,2.5399,-6.5261
1690535509479,4.3154,10.873,0.2404,-2.2413
1690535509483,10.7407,13.5641,7.2291,7.3375
1690535509487,17.1188,19.6971,13.4063,4.8927
1690535509491,19.8787,23.5251,18.8651,10.305
1690535509495,23.1377,22.6247,21.2929,13.7884
1690535509499,22.9458,21.0205,18.9707,15.7932
1690535509503,21.7436,20.1126,17.8762,11.8786
1690535509507,22.6885,17.4936,19.6557,14.6685
1690535509511,16.5612,15.0959,16.5313,8.008
1690535509515,9.5657,15.7946,11.9935,4.1115
1690535509519,10.3289,5.5428,9.2618,1.7779
1690535509523,0.0068,3.4631,2.0696,-5.9683
1690535509527,-2.796,-3.3428,-0.7322,-5.5903
1690535509531,-2.0751,-10.3616,-7.7356,-11.5992
1690535509535,-12.0288,-15.0859,-9.6967,-13.2494
1690535509539,-19.8156,-17.0566,-16.6167,-17.9252
1690535509543,-17.0472,-23.1295,-20.2964,-19.7164
1690535509547,-21.8774,-20.1481,-25.8035,-24.0085
1690535509551,-23.1661,-23.7357,-23.4466,-22.3269
1690535509555,-18.7782,-23.7949,-23.4456,-26.5066
1690535509559,-19.0414,-14.3685,-18.3575,-22.9529
1690535509563,-15.7788,-14.6891,-12.1644,-17.3167
1690535509567,-10.5884,-10.3667,-6.0152,-11.2299
1690535509571,-6.6996,-4.586,-7.0537,-8.9544
1690535509575,2.543,5.8845,0.5205,-2.5641
1690535509579,10.232,7.5419,4.8672,4.4341
1690535509583,13.3993,12.9261,9.0015,11.1484
1690535509587,17.806,14.691,12.6124,15.1151
1690535509591,19.5566,17.2866,18.7699,19.3082
1690535509595,23.0208,18.5917,21.2844,17.8698
1690535509599,18.5968,21.5997,21.5514,20.5645
1690535509603,20.403,17.7729,19.0088,18.52
1690535509607,19.6416,13.3481,15.6505,21.2866
1690535509611,17.2616,9.0898,11.5708,17.3568
1690535509615,9.8956,3.5324,12.255,15.2622
1690535509619,7.1899,3.2891,8.6448,8.9746
1690535509623,1.802,-3.2545,2.4947,3.7851
1690535509627,-4.2475,-5.4416,0.4239,0.5642
1690535509631,-6.8294,-9.0156,-6.692,-4.2626
1690535509635,-15.1122,-15.5962,-11.2895,-6.9647
1690535509639,-14.8876,-19.1973,-15.7587,-15.2888
1690535509643,-15.655,-22.1015,-24.3558,-16.2044
1690535509647,-19.2979,-26.8458,-16.7263,-18.608
1690535509651,-17.8719,-23.4094,-17.075,-18.5349
1690535509655,-20.4698,-23.1186,-20.8029,-21.1033
1690535509659,-14.3199,-21.2046,-19.7577,-11.7919
1690535509663,-12.902,-12.8458,-18.5469,-11.4839
1690535509667,-11.7323,-6.9211,-11.5453,-2.0949
1690535509671,-8.5284,-5.6689,-1.7845,1.6286
1690535509675,-0.1681,2.8076,-1.3667,7.5411
1690535509679,2.8512,8.7234,4.3851,8.6157
1690535509683,5.8192,15.8946,3.0872,9.6934
1690535509687,12.8029,18.2926,14.0504,16.3824
1690535509691,12.5354,20.0194,17.2451,19.7417
1690535509695,16.057,21.907,20.8908,19.8952
1690535509699,17.5846,19.8738,22.6037,22.5048
1690535509703,15.4251,22.9046,23.4535,20.5362
1690535509707,14.2518,21.5427,18.545,18.4213
1690535509711,10.4834,17.5241,15.1628,16.9017
1690535509715,3.7457,9.4074,14.5937,12.8302
1690535509719,0.9395,8.1407,6.2174,5.5148
1690535509723,-6.3115,0.7532,-2.6813,0.5971
1690535509727,-13.4971,2.3884,-3.3877,-3.0689
1690535509731,-18.8147,-5.9198,-7.7169,-10.067
1690535509735,-20.8213,-8.11,-8.4595,-9.3995
1690535509739,-25.1609,-14.9947,-18.0943,-12.0619
1690535509743,-24.2639,-17.1483,-17.5496,-20.0129
1690535509747,-25.5298,-19.1648,-20.9541,-19.4087
1690535509751,-28.1918,-20.0161,-17.0045,-13.7225
1690535509755,-28.8785,-17.4202,-19.4032,-12.9285
1690535509759,-23.7415,-13.1052,-17.7018,-12.7153
1690535509763,-20.0394,-13.3092,-14.2527,-9.7259
1690535509767,-14.0809,-7.2225,-11.2886,-3.5556
1690535509771,-11.5845,-3.5224,-6.2658,2.8293
1690535509775,-8.7941,-0.4606,5.0848,3.7202
1690535509779,-2.9565,9.903,7.0115,10.4292
1690535509783,5.421,13.9967,12.1777,15.3992
1690535509787,12.0565,14.0398,17.2197,16.7111
1690535509791,12.2248,19.1278,19.2458,22.941
1690535509795,14.0321,20.7567,20.2718,20.8179
1690535509799,16.3485,19.5254,14.8601,23.35
1690535509803,11.4985,21.389,21.6521,24.5431
1690535509807,14.2571,21.5438,18.031,20.91
1690535509811,8.3692,16.1224,13.5948,16.3721
1690535509815,6.5477,8.2057,10.149,12.2279
1690535509819,-3.5968,9.2415,4.3731,8.2232
1690535509823,-1.408,-3.0014,6.9994,4.5441
1690535509827,-4.9015,-11.1611,-0.1282,-2.2408
1690535509831,-14.2556,-14.9071,-6.6432,-9.7999
1690535509835,-18.6156,-18.3762,-8.3568,-8.6902
1690535509839,-22.9144,-18.9784,-15.4256,-16.5246
1690535509843,-25.8902,-19.3841,-18.7875,-18.0881
1690535509847,-25.061,-24.9998,-22.9867,-19.5373
1690535509851,-28.4349,-20.592,-20.5808,-18.9647
1690535509855,-21.5459,-25.3246,-16.7939,-15.1782
1690535509859,-22.699,-20.656,-17.8651,-10.2424
1690535509863,-15.7312,-15.495,-9.9444,-11.6231
1690535509867,-9.8792,-12.183,-6.9238,-4.4187
1690535509871,-7.5684,-8.0872,-1.5271,-6.5986
1690535509875,-3.9278,-3.4152,1.5268,2.2221
1690535509879,3.8031,2.7919,8.8018,3.6753
1690535509883,7.0238,4.7824,8.3297,6.3051
1690535509887,9.6019,13.262,12.3119,16.7466
1690535509891,14.424,16.1156,13.0667,18.2766
1690535509895,16.3685,20.4164,20.6697,25.666
1690535509899,18.409,18.9463,21.7495,21.9158
1690535509903,19.6008,19.0537,22.0079,26.1899
1690535509907,13.7835,17.9607,18.6748,25.1514
1690535509911,12.9868,18.6339,17.3357,21.0515
1690535509915,11.2808,16.8468,11.9735,15.9797
1690535509919,6.1493,9.2829,7.2772,9.945
1690535509923,4.5425,2.1417,3.5373,7.5884
1690535509927,3.7886,-3.4532,-1.8376,1.0176
1690535509931,-4.4226,-3.8331,-5.6128,-3.2416
1690535509935,-5.4976,-9.3004,-17.2386,-8.4837
1690535509939,-11.0893,-15.5741,-19.7604,-11.3803
1690535509943,-11.8523,-16.8388,-26.2785,-14.901
1690535509947,-12.0509,-16.1665,-24.303,-16.0824
1690535509951,-15.5475,-12.4623,-20.8617,-14.8103
1690535509955,-10.2026,-18.7648,-17.2053,-15.3366
1690535509959,-13.9412,-13.3336,-22.179,-13.223
1690535509963,-2.7783,-13.6841,-12.8326,-17.2682
1690535509967,1.2816,-7.5848,-8.2411,-5.5935
1690535509971,7.4476,-1.5826,-1.0576,-1.6771
1690535509975,9.5482,1.4202,1.6711,3.1195
1690535509979,17.257,8.4268,10.1383,7.2338
1690535509983,20.8955,12.2722,8.6604,13.6614
1690535509987,24.2777,11.6932,11.1822,13.1652
1690535509991,26.9597,14.7204,19.0957,14.6695
1690535509995,27.1563,20.3324,20.0297,17.0895
1690535509999,30.5736,22.9643,24.522,19.7585
1690535510003,28.2204,23.4575,21.3342,13.5192
1690535510007,26.6739,20.109,17.7746,13.2313
1690535510011,20.0547,17.3939,18.6192,14.3987
1690535510015,19.9641,10.2996,11.8199,8.2597
1690535510019,14.9821,4.1619,3.7998,5.5691
1690535510023,9.2834,2.8255,2.8397,-7.8762
1690535510027,6.9139,-6.7088,-6.5788,-6.8979
1690535510031,2.4778,-6.9978,-9.6223,-13.8759
1690535510035,-3.1876,-11.4166,-11.7272,-12.7384
1690535510039,-3.1235,-19.2771,-12.9812,-16.0419
1690535510043,-9.3628,-20.146,-18.0759,-22.5206
1690535510047,-13.8194,-23.8282,-19.4262,-22.6628
1690535510051,-11.4054,-23.4159,-22.0276,-25.8155
1690535510055,-11.332,-21.7325,-17.9158,-24.1777
1690535510059,-10.8819,-16.0118,-17.7187,-21.2553
1690535510063,-5.3116,-16.1704,-16.7137,-15.1746
1690535510067,-3.4807,-8.8111,-9.207,-12.4542
1690535510071,3.2112,-6.5606,-3.2929,-6.2829
1690535510075,4.9157,0.3668,-1.2732,-2.2011
1690535510079,12.095,5.2288,6.0013,-0.4636
1690535510083,14.5793,7.2755,11.4405,6.4803
1690535510087,18.3451,11.844,12.8848,8.2517
1690535510091,21.0788,15.9329,17.6442,12.2135
1690535510095,21.2823,18.074,21.6639,16.5003
1690535510099,27.3574,16.9579,17.3926,13.9656
1690535510103,24.261,19.0349,18.6686,14.4714
1690535510107,24.9681,15.8067,19.7531,11.101
1690535510111,18.4204,16.9789,17.1374,7.1229
1690535510115,13.3699,10.8845,12.0616,-1.74
1690535510119,11.3486,5.3398,5.8927,1.0876
1690535510123,5.2614,-3.3001,0.7113,-4.2731
1690535510127,-2.1093,-5.4419,-5.9402,-11.7416
1690535510131,-5.8531,-9.7952,-9.7871,-18.4752
1690535510135,-8.4242,-15.0105,-9.9866,-19.4927
1690535510139,-10.3685,-17.2886,-17.2946,-24.3711
1690535510143,-14.9631,-20.3419,-23.0661,-28.689
1690535510147,-16.4343,-18.8779,-23.0208,-27.3076
1690535510151,-18.6471,-20.1991,-22.7356,-28.7102
1690535510155,-18.312,-21.042,-20.5042,-30.2058
1690535510159,-13.4693,-17.677,-17.9908,-26.2228
1690535510163,-11.4539,-13.4286,-16.3837,-21.9423
1690535510167,-7.9141,-10.9615,-3.4664,-16.84
1690535510171,-4.9674,-5.7148,-1.157,-10.0836
1690535510175,-5.374,5.3226,0.9539,-10.6242
1690535510179,2.4956,15.9395,7.235,-0.426
1690535510183,3.9756,18.5584,15.0674,2.5262
1690535510187,12.9179,18.3628,16.2588,5.8385
1690535510191,9.7791,19.5047,18.9872,11.1047
1690535510195,9.9323,21.8088,15.906,13.1606
1690535510199,15.7488,22.1353,18.6198,12.74
1690535510203,11.947,20.7169,16.805,15.9756
1690535510207,13.0402,20.603,18.4592,14.7599
1690535510211,7.6592,17.4523,11.8098,10.5737
1690535510215,6.4657,14.1873,8.7537,11.1016
1690535510219,1.1459,8.7284,5.7737,5.5005
1690535510223,-6.248,4.6981,-0.0484,0.7744
1690535510227,-8.8437,-4.4289,-3.6889,2.2627
1690535510231,-12.795,-6.8028,-8.2881,-5.2403
1690535510235,-22.0369,-8.5871,-13.1226,-15.6663
1690535510239,-22.13,-14.7811,-18.6381,-13.4837
1690535510243,-21.9697,-16.94,-15.4534,-16.2212
1690535510247,-21.8926,-20.9619,-17.6881,-17.0537
1690535510251,-21.6879,-24.4829,-18.3146,-14.1893
1690535510255,-23.8778,-21.0431,-15.0053,-13.3901
1690535510259,-19.1704,-20.8731,-16.7096,-14.4699
1690535510263,-17.5691,-15.932,-15.6781,-7.0312
1690535510267,-18.7524,-13.0187,-9.6584,-5.5984
1690535510271,-5.9968,-2.6403,-3.6214,-4.516
1690535510275,-3.8526,-0.2549,1.4748,3.5402
1690535510279,1.7438,5.8095,5.4066,9.4063
1690535510283,5.255,10.386,8.0267,14.051
1690535510287,7.2847,15.7063,15.0089,16.741
1690535510291,15.9237,19.0884,14.9222,23.8164
1690535510295,14.9423,25.5053,17.7768,24.482
1690535510299,16.1965,19.1595,20.0812,28.4061
1690535510303,15.6396,15.9204,23.0198,24.7357
1690535510307,12.2467,14.4311,21.145,22.0319
1690535510311,8.7728,13.5662,20.1464,22.1166
1690535510315,5.6801,8.9322,9.7511,17.0355
1690535510319,-0.3998,5.3108,2.9086,10.5523
1690535510323,1.3922,2.6741,-1.6359,10.7356
1690535510327,-5.9074,-3.3303,-8.4445,2.6877
1690535510331,-9.7155,-6.7481,-10.9101,1.5999
1690535510335,-15.7869,-18.8959,-13.9682,-1.9393
1690535510339,-13.505,-21.332,-21.5766,-7.8468
1690535510343,-18.7793,-23.2606,-22.1007,-7.5345
1690535510347,-21.7129,-25.3991,-16.4239,-11.5096
1690535510351,-24.8345,-23.1358,-21.0667,-8.1811
1690535510355,-21.0256,-19.3135,-20.1777,-11.2378
1690535510359,-20.3839,-21.0561,-11.9742,-11.0639
1690535510363,-14.3531,-14.9196,-14.5331,-3.1525
1690535510367,-13.9613,-12.7217,-8.4697,-0.5233
1690535510371,-9.1839,-7.6692,-1.0187,8.428
1690535510375,-2.5503,0.2816,0.3858,14.6356
1690535510379,1.6607,4.771,7.1413,16.0606
1690535510383,7.4447,15.0168,12.2611,22.6199
1690535510387,10.5303,14.3968,15.6158,25.7519
1690535510391,16.4383,17.5888,19.454,27.851
1690535510395,16.3906,20.4504,22.0428,28.434
1690535510399,14.4076,24.3055,20.9596,28.264
1690535510403,12.1098,24.4486,21.7437,26.7609
1690535510407,13.2347,22.0043,16.2744,26.3638
1690535510411,4.708,20.0468,12.1554,26.364
1690535510415,3.8272,15.5799,9.1272,20.9466
1690535510419,0.7887,8.1123,3.0724,14.1339
1690535510423,-0.5131,2.3891,1.0145,7.0334
1690535510427,-9.2555,-1.1714,-2.6273,0.4321
1690535510431,-11.1978,-5.6201,-9.931,-4.5528
1690535510435,-11.7686,-9.7568,-13.5983,-7.6084
1690535510439,-14.5582,-17.0296,-17.3616,-14.0876
1690535510443,-24.257,-17.7833,-18.9216,-17.0841
1690535510447,-18.4713,-16.1736,-20.4222,-16.4995
1690535510451,-21.8687,-17.287,-19.3803,-20.3956
1690535510455,-20.6299,-17.2457,-18.0299,-20.1147
1690535510459,-16.511,-15.0683,-17.1301,-14.058
1690535510463,-10.6121,-11.5545,-15.4747,-14.9841
1690535510467,-10.7477,-9.4869,-12.6003,-7.6216
1690535510471,-3.3336,-5.7012,-3.853,-7.6185
1690535510475,-4.1275,-1.3157,0.1416,-1.2976
1690535510479,1.3718,3.3464,7.1728,5.4076
1690535510483,9.7311,10.6703,10.1675,13.0158
1690535510487,9.9157,13.9297,16.0473,12.5453
1690535510491,11.2274,16.7634,19.2584,16.4611
1690535510495,17.8697,20.0188,20.0503,15.5419
1690535510499,14.79,20.1218,17.7919,17.8159
1690535510503,17.4574,16.8486,18.3622,16.6719
1690535510507,17.4443,20.5515,16.8067,13.227
1690535510511,16.3186,16.7933,13.9142,13.8108
1690535510515,5.8592,11.8637,11.5773,7.2661
1690535510519,0.6982,7.6244,7.6086,0.7201
1690535510523,-0.2003,2.5717,1.7495,0.598
1690535510527,-10.4505,-3.5642,-3.1787,-8.0084
1690535510531,-10.9806,-13.6265,-8.9628,-18.2311
1690535510535,-12.9697,-16.9169,-14.8943,-18.7214
1690535510539,-22.214,-17.3577,-16.8878,-23.5494
1690535510543,-20.5292,-23.0776,-22.062,-22.6429
1690535510547,-23.0055,-26.638,-19.0066,-21.4883
1690535510551,-24.0406,-21.684,-23.9879,-23.0802
1690535510555,-19.1632,-21.0825,-17.3436,-25.611
1690535510559,-19.2502,-18.1099,-14.5354,-19.5402
1690535510563,-14.0874,-15.2456,-12.8291,-16.193
1690535510567,-7.228,-6.941,-7.7994,-12.4135
1690535510571,-4.7489,-4.762,-1.4012,-12.2542
1690535510575,2.1356,-3.1579,6.3987,-5.1599
1690535510579,3.5378,6.9123,10.158,-1.9054
1690535510583,10.6632,4.9617,13.0264,4.5996
1690535510587,17.5101,10.2875,16.072,4.6852
1690535510591,17.6498,16.3472,15.5198,5.3898
1690535510595,25.3451,19.101,16.3682,13.589
1690535510599,22.5781,18.4389,15.9872,9.2235
1690535510603,24.3003,20.7478,17.1761,10.2657
1690535510607,21.7476,20.1151,17.7871,9.0955
1690535510611,23.9374,17.1855,11.4125,7.7801
1690535510615,18.1493,15.9628,8.2803,4.614
1690535510619,14.666,11.8764,4.5775,-1.3808
1690535510623,8.1641,5.8857,-4.3442,-2.3403
1690535510627,-3.2181,-1.3969,-6.1132,-8.296
1690535510631,-2.7479,-8.1637,-8.1991,-13.2862
1690535510635,-6.4893,-12.9522,-8.3816,-17.2866
1690535510639,-11.1649,-13.3203,-12.3674,-19.183
1690535510643,-11.5983,-14.4988,-19.5107,-22.2845
1690535510647,-17.5314,-19.6034,-18.6651,-19.4534
1690535510651,-9.7744,-20.3077,-15.0439,-23.454
1690535510655,-10.5495,-13.3326,-17.7352,-23.6492
1690535510659,-5.6103,-14.1965,-14.7005,-19.11
1690535510663,-7.4549,-11.1818,-14.2213,-15.7553
1690535510667,0.6132,-8.0898,-7.1275,-12.3642
1690535510671,4.9889,-1.1676,-1.6958,-4.9203
1690535510675,11.1039,1.1039,4.0906,-1.3816
1690535510679,9.0646,10.5306,7.5995,3.1262
1690535510683,17.5492,11.5776,12.7343,8.6938
1690535510687,27.4,17.4959,15.6429,14.1147
1690535510691,25.7423,19.8696,16.404,16.727
1690535510695,28.5508,18.8689,22.6054,19.5951
1690535510699,28.0866,19.3253,18.2529,22.7086
1690535510703,27.1245,18.1836,23.4846,18.0268
1690535510707,21.2206,17.6138,13.7618,19.4278
1690535510711,22.7048,12.5804,13.1142,11.9746
1690535510715,20.2911,9.7792,12.6444,10.2306
1690535510719,13.8529,6.7571,2.5929,10.4217
1690535510723,9.4578,3.3465,2.4566,2.9221
1690535510727,4.6193,-6.2862,-3.0976,-3.9321
1690535510731,-1.3099,-5.4488,-9.2254,-8.3798
1690535510735,-9.689,-11.4727,-15.5889,-14.1748
1690535510739,-11.389,-14.2251,-21.2232,-21.6999
1690535510743,-12.6564,-16.557,-18.4138,-20.8771
1690535510747,-16.7389,-19.3312,-22.5179,-20.2661
1690535510751,-16.5607,-20.1788,-15.8975,-21.9905
1690535510755,-9.6676,-21.8509,-16.5299,-20.8814
1690535510759,-8.943,-19.9423,-11.6201,-18.428
1690535510763,-5.6651,-13.4722,-11.2682,-9.9478
1690535510767,-1.5406,-8.6007,-5.4965,-10.7409
1690535510771,4.4039,-6.0722,1.7512,-2.9839
1690535510775,8.461,1.6537,3.0349,-0.2656
1690535510779,10.7407,6.012,6.5607,8.6473
1690535510783,17.8725,8.371,8.1574,12.3179
1690535510787,21.0271,14.2234,13.0015,13.4492
1690535510791,25.1851,15.3481,14.1432,18.7353
1690535510795,25.3344,17.8852,20.4325,21.522
1690535510799,22.8755,21.9862,22.6618,24.6822
1690535510803,25.4328,20.7578,20.6933,23.8533
1690535510807,21.3309,14.0004,18.6549,21.5271
1690535510811,18.1364,11.0122,14.7718,18.5916
1690535510815,13.6352,10.5104,9.3489,14.1774
1690535510819,4.9579,6.1233,3.5311,10.6684
1690535510823,0.899,-0.3139,0.8926,0.7253
1690535510827,-6.7723,-5.5414,-4.1027,-0.5546
1690535510831,-10.5549,-11.3872,-8.0701,-5.0261
1690535510835,-16.2335,-10.4397,-6.9973,-12.7014
1690535510839,-23.9962,-10.9234,-13.0204,-13.9484
1690535510843,-23.9786,-14.8234,-14.4632,-18.0022
1690535510847,-25.3983,-21.3851,-17.9915,-18.2581
1690535510851,-25.5175,-19.455,-15.6189,-17.0959
1690535510855,-32.3035,-15.0161,-17.9629,-15.1193
1690535510859,-24.5442,-15.0847,-13.9009,-13.8407
1690535510863,-21.056,-8.9055,-12.6617,-11.8284
1690535510867,-14.2103,-7.5885,-7.5782,-8.3808
1690535510871,-11.627,-4.2302,-7.3482,-0.8963
1690535510875,-6.3547,1.9796,-1.8231,1.8079
1690535510879,-3.3309,7.8297,1.1373,10.917
1690535510883,0.2122,11.2329,12.3249,14.5548
1690535510887,7.8792,15.6374,16.2514,18.2905
1690535510891,11.7582,22.6027,16.5903,20.8181
1690535510895,13.6118,26.805,23.2479,23.7848
1690535510899,13.9535,19.5246,23.7075,22.4637
1690535510903,13.4041,21.5209,21.4369,17.9879
1690535510907,11.6966,19.3616,16.0857,18.3731
1690535510911,5.8854,18.3689,14.3866,14.3841
1690535510915,4.4738,15.6249,9.755,8.5236
1690535510919,0.294,8.1318,5.3499,2.9686
1690535510923,-5.1059,0.4464,-0.581,1.792
1690535510927,-12.698,-3.013,-4.7222,-1.624
1690535510931,-18.2244,-8.0534,-13.4709,-7.7185
1690535510935,-19.5382,-15.4629,-13.6296,-10.0842
1690535510939,-23.9666,-21.71,-16.829,-14.5522
1690535510943,-31.1195,-18.6307,-16.9801,-16.5321
1690535510947,-28.6996,-19.6533,-16.264,-19.3211
1690535510951,-29.8045,-22.8398,-20.786,-17.7642
1690535510955,-29.0184,-19.4429,-18.0809,-12.744
1690535510959,-27.1395,-14.5407,-13.9624,-11.1676
1690535510963,-20.9403,-17.3456,-12.4309,-9.5206
1690535510967,-16.8451,-9.6787,-7.4269,-4.8168
1690535510971,-9.432,-3.2165,-1.9875,3.181
1690535510975,-7.2275,-1.4147,4.9436,8.4955
1690535510979,-1.9315,5.1394,7.6931,11.0153
1690535510983,-2.0161,12.1017,8.183,17.4226
1690535510987,5.4814,12.3038,12.7841,19.9216
1690535510991,11.2542,19.6304,16.9313,22.6209
1690535510995,15.0864,20.0606,19.0041,22.1265
1690535510999,13.4323,18.5278,15.0761,25.3588
1690535511003,13.9342,17.7812,15.1699,22.1646
1690535511007,15.0582,14.5743,14.1786,19.7053
1690535511011,12.8898,16.4597,11.0401,22.9219
1690535511015,11.1174,8.2703,9.3988,17.2089
1690535511019,5.6711,4.1653,8.8063,11.7293
1690535511023,-2.6649,2.117,-0.1822,6.8758
1690535511027,-6.1596,-7.1561,-1.768,0.648
1690535511031,-15.7887,-12.141,-9.4106,-6.9064
1690535511035,-18.4751,-16.1425,-9.5936,-10.5371
1690535511039,-22.1453,-18.5645,-15.4145,-15.5042
1690535511043,-22.6031,-22.3821,-22.2872,-13.5441
1690535511047,-22.7074,-24.634,-23.4297,-15.106
1690535511051,-23.9862,-21.5345,-20.6624,-17.9122
1690535511055,-21.5103,-19.8361,-15.4283,-14.1431
1690535511059,-18.4229,-14.3086,-16.3696,-14.6948
1690535511063,-15.4072,-13.0671,-10.3904,-12.5314
1690535511067,-8.7529,-6.9361,-5.8744,-7.221
1690535511071,-5.9412,-3.2222,-1.0498,-5.3935
1690535511075,3.7024,3.3464,0.9315,3.2181
1690535511079,3.6531,8.572,3.904,6.6657
1690535511083,11.5911,14.6117,8.8451,10.805
1690535511087,17.5141,19.8557,13.4475,12.3412
1690535511091,19.7943,23.6218,16.0626,16.7686
1690535511095,22.7202,23.9484,15.3761,20.2259
1690535511099,24.569,25.8834,15.7258,19.2376
1690535511103,25.826,21.7415,15.5707,21.5067
1690535511107,21.217,19.9991,17.9421,17.4885
1690535511111,14.9525,17.9971,15.8609,14.2202
1690535511115,13.6386,12.8847,14.2372,11.7817
1690535511119,12.9768,5.87,6.3168,3.8362
1690535511123,9.6379,5.7381,-0.6467,1.4451
1690535511127,3.9095,0.2339,-6.9706,-5.6975
1690535511131,-3.0808,-0.7949,-3.2447,-7.3508
1690535511135,-6.9575,-11.5306,-11.8098,-13.2637
1690535511139,-10.3822,-16.81,-16.9699,-18.3787
1690535511143,-13.932,-23.1566,-18.326,-20.6853
1690535511147,-17.6974,-23.8168,-16.6034,-21.8037
1690535511151,-16.5104,-23.8779,-23.4978,-26.264
1690535511155,-16.0344,-18.0452,-14.9348,-25.2605
1690535511159,-15.359,-15.5953,-13.3298,-20.7006
1690535511163,-15.8361,-12.6497,-11.2154,-17.9349
1690535511167,-8.1852,-6.1918,-8.1232,-16.1393
1690535511171,-4.4157,-6.263,-4.0185,-9.4792
1690535511175,3.9896,2.3341,0.1177,-3.5807
1690535511179,10.2128,6.9691,5.9511,1.3306
1690535511183,10.3428,13.4639,11.7877,3.5241
1690535511187,14.5766,11.5361,12.8352,7.7437
1690535511191,16.7132,19.4513,18.9052,11.0845
1690535511195,21.8421,19.3743,24.1509,9.5757
1690535511199,21.974,22.9496,17.8595,7.7888
1690535511203,19.0053,20.4462,18.7633,13.6171
1690535511207,17.4397,17.1497,15.7816,6.7316
1690535511211,13.9113,14.9549,15.1348,1.8665
1690535511215,14.5585,10.7752,9.3,-0.6322
1690535511219,7.5517,9.9863,4.5745,-1.8479
1690535511223,1.5037,-1.0412,1.9091,-7.109
1690535511227,0.3679,-4.9156,0.2306,-12.0014
1690535511231,-9.091,-3.9759,-6.8955,-19.277
1690535511235,-6.4683,-13.3285,-7.3402,-26.931
1690535511239,-12.268,-18.8518,-14.0773,-21.8818
1690535511243,-14.4862,-20.8882,-15.8931,-28.5091
1690535511247,-12.2983,-25.6707,-17.4849,-31.7475
1690535511251,-15.6734,-24.8963,-19.1936,-28.342
1690535511255,-13.6669,-24.6984,-17.5639,-29.1682
1690535511259,-11.921,-18.5495,-18.5447,-25.9653
1690535511263,-12.2016,-15.6709,-14.0758,-15.2442
1690535511267,-3.4526,-15.8967,-8.6801,-12.9868
1690535511271,-4.1162,-8.347,-3.8416,-5.072
1690535511275,6.9802,-2.3294,-0.1003,-2.8894
1690535511279,12.7781,5.0549,4.9358,0.6772
1690535511283,15.2019,10.9873,9.2141,3.8604
1690535511287,21.3101,12.5245,15.3194,8.08
1690535511291,25.3001,17.7362,18.5603,13.5096
1690535511295,22.879,23.3314,18.1871,16.7102
1690535511299,21.2563,23.7967,16.344,15.4837
1690535511303,20.0736,23.555,18.1019,16.5284
1690535511307,23.1414,22.7507,17.0576,13.0883
1690535511311,16.5556,13.8385,17.3852,11.0302
1690535511315,10.5971,12.7353,9.138,10.1222
1690535511319,6.7027,10.0731,4.9497,1.8937
1690535511323,3.2763,2.951,0.6538,-1.8241
1690535511327,-1.5911,1.1216,0.435,-6.947
1690535511331,-3.7006,-3.3586,-3.2048,-12.4384
1690535511335,-10.2172,-7.291,-8.7464,-15.2919
1690535511339,-8.6791,-12.5692,-15.0708,-20.5169
1690535511343,-15.5773,-18.8422,-15.0101,-20.8077
1690535511347,-12.8743,-19.8703,-16.5312,-20.9363
1690535511351,-11.5002,-19.1039,-22.1109,-16.6629
1690535511355,-15.478,-19.7331,-19.7684,-16.0696
1690535511359,-10.0262,-14.3845,-18.3736,-13.0703
1690535511363,-8.2084,-12.016,-12.914,-11.8644
1690535511367,-3.356,-4.622,-10.6788,-4.061
1690535511371,-1.9238,-2.2792,-9.0659,-2.4981
1690535511375,5.2519,2.8498,-1.8572,2.3306
1690535511379,7.0942,4.5973,3.8025,7.0861
1690535511383,14.4593,10.6547,10.1154,13.6745
1690535511387,15.8365,15.7528,14.2844,20.356
1690535511391,23.3235,15.9785,15.3475,24.5472
1690535511395,21.5052,18.5295,21.1389,27.6769
1690535511399,22.0733,18.6858,20.5623,25.9625
1690535511403,19.9783,22.1263,16.0635,25.4933
1690535511407,19.1229,16.6558,21.8978,26.0479
1690535511411,16.5819,14.4299,15.1561,22.7891
1690535511415,13.1635,13.5398,10.1836,16.7144
1690535511419,9.276,9.6873,4.768,10.2155
1690535511423,7.278,3.5109,-0.9956,13.7396
1690535511427,1.0859,-2.7955,-3.2266,5.4748
1690535511431,0.3594,-4.0685,-10.9276,2.2597
1690535511435,-3.9455,-10.1387,-12.9187,-4.0839
1690535511439,-9.2922,-17.8233,-11.4442,-1.8016
1690535511443,-14.718,-19.4916,-15.0467,-7.3663
1690535511447,-11.2628,-23.1021,-16.3513,-9.8419
1690535511451,-12.3221,-21.576,-16.8889,-8.1847
1690535511455,-14.7061,-19.2218,-18.5201,-11.478
1690535511459,-10.4907,-18.7925,-16.5778,-6.7916
1690535511463,-3.8522,-16.9214,-11.3456,-4.4865
1690535511467,-2.6115,-11.2744,-9.7713,1.7749
1690535511471,0.3214,-7.1726,-4.9166,4.9654
1690535511475,0.3709,-2.8731,-1.9367,6.3192
1690535511479,5.7418,1.5322,4.2392,13.974
1690535511483,13.7103,3.2279,3.6026,16.6034
1690535511487,10.1345,8.7834,14.1792,21.2513
1690535511491,12.8317,17.5695,13.2054,21.3674
1690535511495,14.4243,15.9787,16.0584,26.5998
1690535511499,16.9267,20.4662,21.2818,28.8846
1690535511503,13.4622,16.3837,21.2222,25.8657
1690535511507,8.8333,15.4451,18.7661,18.3743
1690535511511,8.9317,10.2322,12.8156,17.3662
1690535511515,1.593,10.2602,7.7137,18.2492
1690535511519,0.1489,7.7519,4.0014,9.9562
1690535511523,-3.3639,5.7244,5.5592,10.4926
1690535511527,-6.4662,-0.1104,0.5096,5.5461
1690535511531,-10.4,-7.524,-8.7011,-6.1742
1690535511535,-17.4186,-9.216,-8.1961,-9.6011
1690535511539,-18.6648,-13.5434,-7.984,-13.3355
1690535511543,-25.2879,-15.8971,-17.0132,-15.4598
1690535511547,-22.7692,-16.1806,-16.3652,-14.0348
1690535511551,-23.7511,-16.8619,-22.6815,-17.6771
1690535511555,-25.4173,-15.5776,-17.461,-18.8122
1690535511559,-21.6154,-14.6272,-20.6482,-15.6547
1690535511563,-19.2255,-12.9229,-14.4162,-11.3349
1690535511567,-11.697,-6.9221,-9.4354,-7.9342
1690535511571,-7.0821,-5.2416,-3.0709,-2.9969
1690535511575,-5.5193,1.6358,-1.6414,1.8292
1690535511579,2.2182,6.6867,6.562,6.2851
1690535511583,4.4693,9.8151,10.0295,13.003
1690535511587,5.2101,11.5201,15.416,13.2433
1690535511591,6.3556,17.928,14.3025,15.5932
1690535511595,11.3333,19.1556,16.0416,18.4824
1690535511599,9.0863,21.2118,17.1524,17.4249
1690535511603,4.9964,18.6584,18.4852,16.7957
1690535511607,5.3519,24.66,20.241,16.0642
1690535511611,2.4559,17.3997,16.8668,13.6262
1690535511615,-0.6092,10.2679,15.9743,6.1793
1690535511619,-3.5159,2.1092,8.2703,6.0488
1690535511623,-9.9583,4.2101,3.8185,0.8721
1690535511627,-15.4386,-2.9844,1.8024,-10.7431
1690535511631,-16.5082,-6.594,-6.5057,-11.7773
1690535511635,-24.1436,-9.4749,-13.3673,-21.712
1690535511639,-21.4016,-15.4953,-16.4623,-23.8557
1690535511643,-26.4164,-22.5493,-19.5439,-24.9369
1690535511647,-27.8975,-22.9324,-19.198,-29.8773
1690535511651,-28.6913,-21.8428,-19.6515,-30.6266
1690535511655,-24.0196,-19.0452,-20.3824,-27.4545
1690535511659,-22.0483,-19.1796,-13.8313,-26.2965
1690535511663,-21.0129,-12.0399,-10.6841,-17.4333
1690535511667,-16.8683,-7.7369,-3.4502,-14.3986
1690535511671,-11.8627,-7.2574,-2.9348,-5.1934
1690535511675,-7.826,-3.904,-0.7496,-4.1653
1690535511679,0.01,-0.8612,4.7918,1.4172
1690535511683,3.3923,9.1128,6.6846,0.8496
1690535511687,8.2141,10.9247,11.1783,2.3528
1690535511691,14.0783,10.7447,11.1777,12.7637
1690535511695,12.3007,13.6767,16.6364,10.8284
1690535511699,14.3575,17.612,17.7349,15.3046
1690535511703,13.697,16.7935,19.7166,14.4807
1690535511707,13.5245,18.5681,16.5493,14.0371
1690535511711,9.1458,11.6312,16.0308,10.0683
1690535511715,8.9833,9.1265,15.8552,5.4834
1690535511719,5.588,6.4921,9.2328,0.7336
1690535511723,2.546,-2.1482,6.8876,-6.2073
1690535511727,-5.4225,-4.5008,-0.6424,-9.657
1690535511731,-6.6064,-7.0313,-8.9941,-10.1337
1690535511735,-11.1748,-12.2275,-11.0634,-14.5806
1690535511739,-19.9243,-15.2597,-19.2164,-21.8868
1690535511743,-13.2419,-16.3686,-19.6087,-21.0042
1690535511747,-13.7024,-18.5288,-20.7319,-23.035
1690535511751,-14.9083,-23.0883,-19.6753,-21.8428
1690535511755,-16.1218,-22.6846,-19.7359,-22.656
1690535511759,-7.6874,-15.1373,-14.3697,-18.7163
1690535511763,-3.3005,-12.4104,-14.1849,-14.4614
1690535511767,0.2489,-8.4754,-12.436,-10.4444
1690535511771,4.8103,-2.9561,-6.7174,-6.2567
1690535511775,5.768,6.2778,0.4163,-2.8239
1690535511779,16.9867,8.7834,5.4824,2.6854
1690535511783,17.172,14.6709,10.0799,8.8575
1690535511787,21.4367,13.244,16.8419,12.7921
1690535511791,27.1401,17.2111,18.0723,16.9198
1690535511795,28.7363,18.6384,23.5206,15.1198
1690535511799,25.4976,17.1003,19.793,16.5886
1690535511803,25.0569,20.5094,19.454,16.3112
1690535511807,23.9381,22.6511,18.1673,12.2427
1690535511811,17.5514,18.4048,12.9825,8.6438
1690535511815,16.0719,16.6818,13.1104,8.3131
1690535511819,12.5505,3.9763,6.5206,8.525
1690535511823,9.2728,3.7989,-2.3198,-4.8124
1690535511827,2.3878,1.4776,-6.2237,-0.6743
1690535511831,-6.015,-3.1887,-9.3536,-9.1307
1690535511835,-8.8088,-13.7347,-8.7899,-14.9006
1690535511839,-11.6862,-12.2357,-15.9579,-16.3078
1690535511843,-15.8785,-15.6084,-16.3217,-20.5469
1690535511847,-16.6442,-19.8375,-14.6641,-16.2807
1690535511851,-14.6135,-15.6847,-16.2506,-14.414
1690535511855,-11.8668,-16.5289,-15.7982,-14.5823
1690535511859,-10.5492,-16.9202,-14.4054,-16.0741
1690535511863,-5.9816,-13.9811,-10.6671,-10.1485
1690535511867,-6.5967,-8.5964,-11.1147,-9.4908
1690535511871,5.5901,-5.0427,-8.5835,-3.7155
1690535511875,6.6049,4.1128,-1.005,2.2031
1690535511879,14.4814,3.5771,8.3719,10.9978
1690535511883,16.5481,7.7631,13.0874,8.8108
1690535511887,22.6265,11.5738,13.8006,14.9593
1690535511891,27.3414,18.0481,17.4125,17.6354
1690535511895,29.9497,19.7731,19.3606,21.1175
1690535511899,28.5747,21.4945,23.7812,21.6397
1690535511903,22.9397,18.3248,21.2007,20.541
1690535511907,25.1785,14.2264,18.8685,20.976
1690535511911,23.6046,15.0669,16.3442,15.1927
1690535511915,19.681,11.3946,8.5072,9.0226
1690535511919,16.2507,2.0561,11.5014,9.9325
1690535511923,8.3949,0.0386,4.2017,1.3448
1690535511927,-0.6019,-5.3537,-3.8497,-0.224
1690535511931,-1.6855,-10.536,-5.2012,-5.4369
1690535511935,-6.9726,-14.4794,-9.3782,-12.7673
1690535511939,-14.1951,-12.4067,-15.2693,-18.7941
1690535511943,-17.302,-22.0554,-21.9246,-14.8354
1690535511947,-15.1884,-20.0711,-21.2736,-16.6294
1690535511951,-22.7944,-22.5269,-21.2772,-19.4254
1690535511955,-20.2691,-17.9966,-21.1647,-20.3168
1690535511959,-12.8035,-17.1852,-19.8988,-15.16
1690535511963,-15.0777,-14.1233,-18.4481,-15.8852
1690535511967,-9.8711,-12.0974,-7.3287,-16.3317
1690535511971,-7.0295,-5.2082,-4.4654,-9.3514
1690535511975,2.2659,-5.4093,-1.0748,-0.8287
1690535511979,6.1054,5.4383,2.6555,6.2146
1690535511983,9.3391,6.1931,10.4629,14.2979
1690535511987,15.1163,13.5905,17.6974,19.9034
1690535511991,20.1284,17.4898,19.1107,24.4563
1690535511995,20.8222,17.3614,21.8657,19.0491
1690535511999,20.8665,18.2092,18.3971,21.93
1690535512003,20.4043,21.9551,18.1928,21.0927
1690535512007,16.2402,20.1061,18.4522,21.1321
1690535512011,12.8196,20.7831,16.7432,18.6275
1690535512015,7.9555,13.8349,7.7651,15.3797
1690535512019,6.0599,10.2085,5.7426,12.2606
1690535512023,5.1224,4.3206,3.1616,5.0609
1690535512027,-2.2316,-1.4079,-2.899,-1.5083
1690535512031,-9.7557,-5.8439,-7.6774,-1.9035
1690535512035,-15.581,-7.8322,-14.0439,-7.3959
1690535512039,-18.4338,-13.4795,-17.7921,-12.1548
1690535512043,-19.1293,-9.8225,-18.9053,-15.9796
1690535512047,-23.5222,-18.8991,-18.7773,-15.0489
1690535512051,-23.2537,-18.7304,-20.1563,-15.7771
1690535512055,-23.6362,-16.6507,-19.7478,-16.9286
1690535512059,-18.2022,-11.758,-15.6961,-11.9427
1690535512063,-16.3276,-10.8366,-13.1103,-8.8148
1690535512067,-11.9284,-8.8212,-8.4685,-1.9056
1690535512071,-6.624,-2.7862,-4.4905,2.2501
1690535512075,2.3196,3.4203,0.8035,8.7332
1690535512079,5.2085,7.7547,2.9665,12.8821
1690535512083,11.2331,9.8422,3.9799,18.3244
1690535512087,12.777,12.9925,11.5044,15.7394
1690535512091,17.2059,9.9284,15.6067,22.1216
1690535512095,21.1293,15.6595,19.5947,19.1787
1690535512099,26.2785,20.7293,18.6199,24.0842
1690535512103,24.0758,16.2252,21.0826,22.9297
1690535512107,21.032,18.173,21.4499,23.829
1690535512111,18.2797,17.78,15.6251,17.3996
1690535512115,16.1651,11.0341,12.0913,13.6176
1690535512119,7.0138,3.7474,11.9208,10.0795
1690535512123,-1.5445,-1.0747,1.1707,0.675
1690535512127,0.1256,-3.1677,0.1776,1.5031
1690535512131,-7.9824,-7.3808,-10.9891,-5.6814
1690535512135,-13.529,-12.9983,-12.8448,-9.8547
1690535512139,-19.408,-16.1353,-17.5092,-11.8734
1690535512143,-20.9541,-19.8702,-21.2743,-13.8679
1690535512147,-26.403,-20.4321,-21.8912,-18.2409
1690535512151,-23.7184,-15.9501,-23.2804,-13.5134
1690535512155,-26.4742,-22.8975,-21.3352,-9.7433
1690535512159,-22.4214,-14.85,-19.7801,-9.2554
1690535512163,-15.7176,-14.3771,-13.438,-10.5138
1690535512167,-16.8464,-9.2225,-8.3634,-3.2594
1690535512171,-14.1509,-5.9676,-5.7113,3.241
1690535512175,-4.7561,-0.3708,2.1495,8.3903
1690535512179,-4.8671,5.5292,3.8258,7.0409
1690535512183,4.159,4.7348,14.3962,16.3524
1690535512187,12.2715,7.1367,18.0973,15.6617
1690535512191,15.005,12.2711,20.343,21.3014
1690535512195,17.4027,14.6529,19.4476,25.5303
1690535512199,18.868,15.3058,20.0606,22.8461
1690535512203,15.8532,14.1422,20.1707,22.9862
1690535512207,19.6551,9.4808,17.898,20.7139
1690535512211,13.2355,13.9203,16.1317,15.2787
1690535512215,11.1115,11.1145,11.2389,12.4682
1690535512219,6.4505,5.3074,8.4678,7.1858
1690535512223,2.9139,2.9702,1.3491,1.7662
1690535512227,-3.5948,0.881,-4.7816,-4.4766
1690535512231,-9.4375,-5.0075,-8.907,-11.8214
1690535512235,-16.0122,-11.4433,-12.2232,-14.3036
1690535512239,-17.8932,-11.7997,-17.7808,-14.595
1690535512243,-20.8831,-13.5483,-19.4208,-19.9314
1690535512247,-21.7216,-14.9136,-19.4471,-25.2267
1690535512251,-22.56,-17.2103,-22.912,-23.2425
1690535512255,-23.5081,-14.3917,-22.1155,-23.9013
1690535512259,-21.4285,-9.1362,-16.6541,-18.0865
1690535512263,-21.4613,-10.7812,-15.4407,-21.3039
1690535512267,-16.4324,-7.9781,-7.4231,-17.9463
1690535512271,-11.4582,-2.2116,-4.4599,-11.73
1690535512275,-6.5758,5.0787,-0.995,-4.6701
1690535512279,-3.729,8.9867,5.6804,-5.1059
1690535512283,2.4673,13.3168,9.2742,6.1867
1690535512287,7.5883,14.1887,10.7963,6.7127
1690535512291,9.3331,16.7628,20.8484,11.2058
1690535512295,11.1791,19.3117,18.383,13.5732
1690535512299,11.3879,21.6786,21.2582,15.3297
1690535512303,13.4585,22.698,19.0973,13.7777
1690535512307,6.5844,18.4095,14.7129,11.0773
1690535512311,8.1689,17.1282,18.3445,5.4443
1690535512315,3.3542,10.9183,10.5751,2.2598
1690535512319,0.5926,8.7413,8.1954,1.822
1690535512323,-4.9187,-4.6691,5.505,-4.7285
1690535512327,-10.7385,-2.9537,-0.3384,-9.2488
1690535512331,-12.5068,-10.5987,-6.1047,-17.7376
1690535512335,-16.2515,-12.666,-14.4178,-16.2844
1690535512339,-18.43,-13.3204,-14.9311,-24.3438
1690535512343,-22.4798,-13.1396,-19.9897,-24.9983
1690535512347,-29.0618,-19.2427,-20.7899,-26.5206
1690535512351,-25.1426,-19.4838,-23.914,-27.3205
1690535512355,-23.1208,-20.114,-18.7691,-31.6346
1690535512359,-24.0088,-17.407,-20.7511,-23.3352
1690535512363,-17.8668,-14.4352,-13.1388,-22.6365
1690535512367,-10.691,-9.5967,-8.1154,-17.6571
1690535512371,-7.1732,-3.5312,-0.3391,-10.1562
1690535512375,-3.9014,-0.5466,2.1088,-10.1895
1690535512379,3.0198,4.6877,8.9164,1.6204
1690535512383,6.7263,8.8379,14.2382,1.3497
1690535512387,11.5689,13.9009,18.5742,9.7468
1690535512391,18.1773,13.8507,14.9535,10.1288
1690535512395,17.8322,17.3979,21.4056,11.645
1690535512399,19.9141,14.1073,22.7987,13.0997
1690535512403,17.2251,14.8513,18.0588,11.7889
1690535512407,20.9729,9.605,18.9592,10.5283
1690535512411,18.4831,14.2055,17.9804,9.7587
1690535512415,12.6028,3.7748,7.4936,9.735
1690535512419,6.485,3.0155,7.1507,-0.6431
1690535512423,8.4702,-4.3011,-1.7066,-1.9952
1690535512427,-0.8351,-5.2246,-2.4295,-5.9775
1690535512431,-2.6366,-10.5778,-10.726,-12.7857
1690535512435,-9.9041,-15.644,-12.5318,-19.6
1690535512439,-11.6403,-19.5479,-15.6131,-19.3753
1690535512443,-11.3525,-22.1773,-16.8209,-23.7176
1690535512447,-12.0216,-15.6635,-17.5823,-22.3996
1690535512451,-17.2531,-18.9991,-21.1908,-19.9053
1690535512455,-9.5665,-13.5839,-19.0815,-17.3591
1690535512459,-9.5088,-9.7279,-18.9137,-15.0972
1690535512463,-3.5723,-9.8613,-12.5191,-7.2571
1690535512467,-0.6523,-2.37,-8.9222,-5.7519
1690535512471,2.1909,3.0306,-2.7157,1.2234
1690535512475,8.5747,3.0776,1.8787,5.96
1690535512479,11.4262,10.8802,1.872,9.2456
1690535512483,14.8604,12.8635,7.4473,13.8919
1690535512487,15.8554,18.4712,10.8496,16.4907
1690535512491,23.7933,21.0428,17.562,24.8469
1690535512495,25.1622,15.2857,21.574,26.4163
1690535512499,29.4873,20.9525,23.3523,26.2597
1690535512503,26.4408,22.1854,21.5536,25.3172
1690535512507,22.3312,19.0586,20.5179,23.4566
1690535512511,22.9169,18.7292,19.9121,19.6486
1690535512515,18.5965,15.7066,12.6603,16.4001
1690535512519,11.0676,10.0063,7.746,12.9972
1690535512523,6.0744,2.1088,1.3288,10.6042
1690535512527,3.9201,-3.9251,-0.3159,6.8435
1690535512531,5.631,-10.1148,-6.9134,-0.169
1690535512535,-3.0866,-9.9641,-13.0036,-4.1383
1690535512539,-1.5564,-16.6834,-18.5422,-9.2452
1690535512543,-8.4166,-16.0907,-20.774,-9.8999
1690535512547,-9.8629,-18.8963,-22.2304,-18.5273
1690535512551,-6.2772,-19.3686,-24.278,-13.3054
1690535512555,-3.2396,-15.1412,-17.545,-14.8151
1690535512559,-2.5163,-16.7158,-18.6047,-12.3747
1690535512563,0.9111,-13.946,-11.5473,-5.3525
1690535512567,4.3213,-4.889,-10.2932,-2.8216
1690535512571,7.0782,-4.0763,-8.2939,3.6571
1690535512575,11.0821,3.5581,-1.3098,12.1765
1690535512579,15.0271,4.7242,5.6815,13.2278
1690535512583,15.7419,7.9847,5.8093,19.7726
1690535512587,16.8405,16.3511,13.4648,20.9873
1690535512591,24.6203,19.8642,19.5108,27.7743
1690535512595,20.6428,21.3874,24.6611,23.5765
1690535512599,21.1174,19.9403,23.727,23.205
1690535512603,24.5807,18.1269,19.5407,30.1124
1690535512607,21.1024,16.8239,18.1156,25.0452
1690535512611,17.0803,13.4734,11.6098,22.5384
1690535512615,11.6071,10.7259,6.8028,20.0727
1690535512619,9.385,4.3344,5.7643,14.0514
1690535512623,-0.0688,-3.4242,1.4314,12.3076
1690535512627,-3.513,-6.8307,-5.8855,3.5914
1690535512631,-7.9459,-7.2251,-9.4361,-4.4918
1690535512635,-9.8248,-16.5162,-11.7748,-6.032
1690535512639,-16.0412,-20.0576,-16.6767,-14.102
1690535512643,-18.5498,-23.5335,-19.8271,-7.9676
1690535512647,-22.3044,-21.924,-21.3058,-11.0045
1690535512651,-25.0313,-23.4918,-18.5544,-15.0991
1690535512655,-21.5192,-18.57,-26.5022,-16.0144
1690535512659,-19.8884,-17.9527,-17.7701,-16.2633
1690535512663,-15.3173,-17.217,-13.7316,-7.9657
1690535512667,-7.1619,-7.2142,-5.9859,-10.9581
1690535512671,-2.6327,-3.6428,-6.7292,-4.3921
1690535512675,-3.1922,2.2402,2.8152,5.4443
1690535512679,4.1172,5.1464,9.2909,3.9565
1690535512683,5.3136,10.1806,16.3853,9.4463
1690535512687,11.2348,13.8817,12.4241,11.9207
1690535512691,10.3978,21.1846,15.8313,17.1375
1690535512695,13.6658,19.8221,20.1606,18.4059
1690535512699,10.843,18.4159,18.92,15.6262
1690535512703,13.5433,21.4032,19.3793,19.2562
1690535512707,10.5116,18.8944,17.0881,12.4093
1690535512711,11.1813,17.9049,15.9639,15.1262
1690535512715,4.983,11.5064,10.7201,8.7314
1690535512719,0.4319,6.2722,10.4879,5.3228
1690535512723,0.4318,3.6626,-0.7049,-3.4794
1690535512727,-9.5718,-0.4126,-6.4283,-5.5503
1690535512731,-12.8146,-6.1999,-8.5388,-9.1704
1690535512735,-19.2984,-10.6651,-12.9339,-18.1227
1690535512739,-20.9384,-19.1837,-18.1798,-21.6402
1690535512743,-23.5371,-20.8148,-18.5761,-26.9987
1690535512747,-24.6668,-13.255,-22.2271,-26.3948
1690535512751,-22.6855,-18.7795,-21.9854,-24.8042
1690535512755,-25.7861,-14.9714,-22.0647,-27.8312
1690535512759,-17.4826,-15.6906,-23.5813,-19.8873
1690535512763,-15.4693,-9.4863,-15.6825,-13.8041
1690535512767,-13.4037,-6.5035,-7.6434,-13.8296
1690535512771,-9.3371,-4.7562,-5.1989,-7.825
1690535512775,0.104,4.3796,3.5666,-2.7309
1690535512779,5.8018,4.5651,10.3354,-0.0002
1690535512783,9.3543,8.7574,9.5393,9.2851
1690535512787,6.3278,17.4357,15.6264,13.1478
1690535512791,11.8743,16.8387,16.3842,13.4725
1690535512795,13.1477,20.306,18.7504,17.1905
1690535512799,13.9761,18.3813,20.2554,20.3228
1690535512803,8.6497,21.2838,19.1144,15.246
1690535512807,11.8643,17.9942,15.261,15.4699
1690535512811,5.4059,15.1557,12.2697,8.2367
1690535512815,-0.193,11.8329,12.7328,5.4311
1690535512819,2.0191,7.3399,7.547,3.8287
1690535512823,-6.0749,0.5616,3.1718,-4.9995
1690535512827,-7.3283,-5.4121,-3.1872,-10.4781
1690535512831,-11.7846,-5.627,-8.7783,-16.0396
1690535512835,-16.528,-10.9343,-15.7389,-14.7106
1690535512839,-19.4643,-16.251,-15.5206,-24.9668
1690535512843,-20.5295,-19.078,-16.198,-21.1897
1690535512847,-22.0322,-23.1313,-18.4851,-27.1565
1690535512851,-26.4327,-23.8856,-21.9806,-24.7332
1690535512855,-19.3943,-21.7648,-15.9666,-23.9739
1690535512859,-18.0856,-21.5034,-14.0188,-23.9856
1690535512863,-13.9125,-12.4964,-10.128,-19.3584
1690535512867,-5.7491,-11.9234,-10.5505,-11.7085
1690535512871,-4.1147,-5.7655,-4.0343,-8.85
1690535512875,4.5771,-0.6826,0.8838,-4.6727
1690535512879,10.5428,0.875,4.3253,4.9234
1690535512883,13.9125,8.2688,9.7012,7.6423
1690535512887,19.6694,10.0095,13.0684,12.1804
1690535512891,20.1521,17.0924,19.963,16.9962
1690535512895,21.1034,17.9803,15.7722,19.5453
1690535512899,20.5872,20.5321,19.3792,19.944
1690535512903,21.4456,13.5607,20.6772,19.7455
1690535512907,19.7452,17.7167,14.6743,19.1859
1690535512911,9.7621,13.6131,14.4039,9.7735
1690535512915,7.6862,11.5654,9.3677,11.1496
1690535512919,2.3611,8.5489,4.134,6.535
1690535512923,-3.9016,-0.0194,1.1779,4.382
1690535512927,-5.6789,-0.863,-7.1831,-7.2654
1690535512931,-9.6121,-8.574,-4.7513,-7.0005
1690535512935,-15.1259,-7.3629,-11.5849,-10.9612
1690535512939,-14.6134,-11.7981,-15.813,-16.2948
1690535512943,-23.3426,-12.9483,-14.1464,-19.1563
1690535512947,-23.6463,-17.6846,-18.2619,-19.104
1690535512951,-21.7038,-11.5102,-18.9196,-19.1464
1690535512955,-15.1736,-16.4886,-17.0127,-18.3877
1690535512959,-22.6343,-14.8257,-17.213,-14.808
1690535512963,-11.3358,-13.3064,-12.3413,-16.1498
1690535512967,-10.6575,-5.4084,-11.1768,-11.6433
1690535512971,-11.3185,-3.3177,-3.0175,-8.4436
1690535512975,1.3577,1.6617,-2.5629,3.0253
1690535512979,6.4721,5.1474,7.0895,3.0165
1690535512983,7.593,11.6189,11.8574,8.3098
1690535512987,12.1357,15.5001,12.783,13.2197
1690535512991,13.3331,20.1622,19.6218,15.796
1690535512995,18.2829,20.964,18.9214,19.5138
1690535512999,16.7064,23.335,20.4531,19.363
1690535513003,18.0771,15.6505,20.0838,16.1964
1690535513007,15.2521,17.8559,13.8965,15.7373
1690535513011,9.9175,10.3906,12.8221,10.5154
1690535513015,6.5357,9.4055,12.0033,8.15
1690535513019,8.3386,6.8251,2.7309,8.4302
1690535513023,2.2021,4.9074,-1.8492,2.8727
1690535513027,-3.0223,-4.4416,-6.419,-3.8889
1690535513031,-10.2154,-6.9708,-8.9761,-10.3516
1690535513035,-12.2195,-14.0229,-10.6471,-12.452
1690535513039,-15.8493,-14.0872,-14.9539,-15.8753
1690535513043,-20.4492,-20.23,-16.423,-17.1417
1690535513047,-18.363,-15.9635,-18.7661,-16.2643
1690535513051,-17.2152,-18.38,-18.5926,-18.5668
1690535513055,-18.0083,-19.2037,-17.8355,-17.1849
1690535513059,-16.1427,-17.215,-20.2904,-13.0332
1690535513063,-13.9167,-13.3085,-12.5593,-14.3248
1690535513067,-7.2829,-7.6495,-7.7608,-7.3794
1690535513071,-1.7209,-6.091,-0.334,-3.7998
1690535513075,8.3047,-1.6787,1.1181,2.2142
1690535513079,9.5022,6.5378,7.9064,5.7048
1690535513083,11.5777,7.2319,11.8333,10.9041
1690535513087,17.542,11.7665,12.4655,16.026
1690535513091,18.625,16.8543,17.3294,19.8262
1690535513095,23.7852,16.5713,20.1034,20.1716
1690535513099,24.1272,16.6993,18.1564,22.0299
1690535513103,24.9871,16.278,17.575,20.0284
1690535513107,20.9263,14.143,18.4991,20.9725
1690535513111,16.4763,8.7655,15.3922,16.9557
1690535513115,15.105,6.7051,9.6445,13.5978
1690535513119,11.0486,5.8026,3.2579,9.414
1690535513123,8.3819,-0.0367,-0.5655,5.6825
1690535513127,0.0537,-4.8925,-1.7325,0.822
1690535513131,-4.276,-12.732,-7.4644,-4.5156
1690535513135,-8.1936,-14.6955,-10.5779,-9.8462
1690535513139,-10.4961,-15.1585,-18.0549,-14.3125
1690535513143,-11.9913,-19.5309,-15.3972,-17.4702
1690535513147,-15.7177,-16.3965,-25.4874,-19.0927
1690535513151,-12.5513,-13.6342,-20.0508,-18.2316
1690535513155,-14.605,-18.1684,-18.6659,-20.3573
1690535513159,-11.0596,-12.5327,-18.6281,-13.5786
1690535513163,-11.5008,-6.8073,-8.9577,-8.3168
1690535513167,-3.1971,-3.8926,-9.5329,-5.3598
1690535513171,6.658,-3.5445,-5.6422,-1.1425
1690535513175,5.8711,2.6742,4.1511,2.2987
1690535513179,10.8876,4.8724,5.1684,12.233
1690535513183,16.9343,11.7972,12.6778,15.3103
1690535513187,25.1245,13.3574,15.88,22.3009
1690535513191,29.3248,13.7054,15.694,21.7824
1690535513195,28.7817,23.8696,16.5691,24.4728
1690535513199,29.559,21.6598,20.1501,27.4385
1690535513203,30.1027,16.1734,16.5335,26.568
1690535513207,27.7211,17.1345,20.0561,26.9288
1690535513211,29.7048,17.8689,16.8573,20.941
1690535513215,24.1897,10.8725,13.1671,17.302
1690535513219,19.4243,4.4708,8.3533,17.1705
1690535513223,13.6846,5.3464,1.8233,6.6378
1690535513227,10.0518,3.0086,-2.924,6.228
1690535513231,0.5736,-8.8591,-10.9564,2.3602
1690535513235,-4.3054,-12.2064,-15.9146,-9.5549
1690535513239,-4.9085,-16.159,-15.6803,-13.5209
1690535513243,-10.9946,-18.2517,-21.5683,-10.6982
1690535513247,-14.6113,-16.6535,-17.6168,-11.9172
1690535513251,-9.7489,-18.4773,-19.1835,-13.1412
1690535513255,-14.0012,-16.2651,-14.1437,-11.7354
1690535513259,-14.9651,-16.7495,-13.2683,-8.7986
1690535513263,-6.7559,-13.8636,-14.3059,-4.6983
1690535513267,-5.5847,-10.3108,-8.3753,-0.6322
1690535513271,-2.8222,1.1497,-0.0472,2.7708
1690535513275,2.6522,0.9479,3.9368,5.2058
1690535513279,4.1134,10.1285,8.7654,9.5744
1690535513283,12.332,13.8799,10.78,15.7828
1690535513287,16.7786,15.8158,14.0103,16.3702
1690535513291,19.4585,16.9432,17.77,18.755
1690535513295,21.3264,16.0392,16.1742,19.2671
1690535513299,21.9193,15.4929,18.8522,25.1572
1690535513303,25.0697,14.388,15.8598,21.0732
1690535513307,20.3642,11.1913,11.6998,20.1429
1690535513311,13.8175,6.6478,14.6851,11.7368
1690535513315,12.1374,7.9001,11.4883,12.0043
1690535513319,6.5909,2.9094,7.1796,5.0294
1690535513323,1.8483,-1.5015,3.4981,1.325
1690535513327,-3.9322,-5.2763,-0.5137,-5.3221
1690535513331,-10.3317,-9.9364,-7.5337,-14.1143
1690535513335,-15.0892,-15.5319,-12.2985,-14.4028
1690535513339,-16.2336,-18.6114,-13.6197,-19.5091
1690535513343,-24.6784,-20.0068,-19.0356,-19.7701
1690535513347,-23.7606,-20.975,-18.423,-20.2032
1690535513351,-21.0498,-21.3574,-22.6527,-24.4112
1690535513355,-24.7731,-21.7846,-17.6397,-19.1557
1690535513359,-17.6617,-17.4336,-16.3428,-17.7998
1690535513363,-17.0685,-8.7187,-14.5824,-14.4413
1690535513367,-11.5025,-6.3859,-8.9425,-12.9395
1690535513371,-8.9441,-2.2213,-7.6474,-8.5501
1690535513375,-10.6357,2.7627,0.0119,-0.7336
1690535513379,0.3237,6.8168,3.322,0.2715
1690535513383,2.735,14.1835,8.5518,4.8594
1690535513387,7.0345,16.5131,14.7506,12.6981
1690535513391,8.5588,19.4239,22.7414,11.9727
1690535513395,14.0141,21.4046,15.7809,18.0066
1690535513399,14.9516,20.432,18.8452,20.9278
1690535513403,16.2924,23.4453,20.4286,7.8668
1690535513407,11.4838,19.3353,16.3965,13.2515
1690535513411,7.1044,13.5697,16.0837,3.4761
1690535513415,5.002,8.7602,10.8529,-0.9389
1690535513419,1.0086,4.2,4.5706,-2.7877
1690535513423,-1.704,0.5781,3.4639,-9.9789
1690535513427,-13.0936,-2.1589,-5.7955,-12.9616
1690535513431,-14.8917,-3.3781,-6.7207,-18.7946
1690535513435,-20.8499,-7.7794,-14.6726,-19.6865
1690535513439,-25.2224,-15.8837,-16.7415,-21.5047
1690535513443,-31.6529,-15.1936,-17.3796,-30.4683
1690535513447,-33.1956,-14.5607,-15.8898,-31.9428
1690535513451,-29.6445,-15.7809,-14.1396,-28.9703
1690535513455,-30.1771,-14.3585,-14.378,-27.6887
1690535513459,-28.9436,-13.683,-14.1425,-32.5249
1690535513463,-23.8267,-13.6554,-8.4837,-24.9739
1690535513467,-18.6895,-6.9577,-9.4196,-23.1763
1690535513471,-11.6105,-4.144,-6.0748,-12.9879
1690535513475,-10.6749,0.084,-0.4264,-6.854
1690535513479,-6.6696,6.5341,4.3751,-2.6283
1690535513483,-2.4766,10.3691,8.853,4.3996
1690535513487,4.4528,15.5746,12.6878,6.8803
1690535513491,10.2066,16.4424,14.7178,9.0163
1690535513495,10.1055,17.3494,20.5923,10.4216
1690535513499,10.1397,17.0957,16.9291,11.84
1690535513503,10.5634,18.0024,14.4805,8.2896
1690535513507,13.5912,18.0875,20.0213,13.8542
1690535513511,8.9547,12.9042,15.3077,12.3281
1690535513515,8.7935,6.5578,6.5665,7.6
1690535513519,5.151,4.2668,6.2629,5.7011
1690535513523,2.993,-1.0342,-1.0246,0.7822
1690535513527,-3.2424,-6.7948,-6.4046,-4.0643
1690535513531,-8.6435,-6.8507,-7.6108,-10.4154
1690535513535,-11.6526,-13.2937,-11.9451,-12.8819
1690535513539,-16.1127,-22.109,-12.4625,-18.2502
1690535513543,-20.1679,-17.0698,-15.7417,-21.3623
1690535513547,-20.8946,-22.9356,-16.8802,-24.2243
1690535513551,-19.9351,-21.7855,-17.6712,-19.6823
1690535513555,-21.3271,-21.7394,-17.3932,-20.6764
1690535513559,-17.3513,-14.1303,-16.7124,-15.8571
1690535513563,-13.3185,-11.7975,-14.7512,-7.9829
1690535513567,-8.046,-10.8485,-13.3779,-6.1036
1690535513571,-2.6981,-9.6132,-4.5745,-0.3925
1690535513575,-2.7752,-2.809,-0.4924,1.0033
1690535513579,6.1662,1.8009,1.4801,7.0857
1690535513583,10.1357,3.0449,7.1459,10.8728
1690535513587,14.7153,10.596,17.9752,14.8544
1690535513591,21.2735,13.4295,21.3755,19.4969
1690535513595,20.047,16.172,17.7551,21.7086
1690535513599,20.3363,17.7573,21.6485,23.597
1690535513603,17.7318,19.7181,23.4842,24.1572
1690535513607,21.6127,13.2502,19.2899,19.1901
1690535513611,17.5004,17.8988,16.1509,21.9028
1690535513615,9.0933,12.7998,9.0361,17.6582
1690535513619,8.2608,7.3767,7.5496,9.965
1690535513623,7.8644,-0.1776,2.7152,6.4667
1690535513627,-0.9583,-1.16,-2.3795,0.7547
1690535513631,-4.2255,-7.0367,-8.486,0.7972
1690535513635,-9.6658,-11.3734,-14.6944,-6.3747
1690535513639,-8.9178,-15.4687,-15.9191,-7.856
1690535513643,-13.7536,-14.6516,-19.394,-10.1363
1690535513647,-18.5073,-18.5806,-22.7134,-11.3113
1690535513651,-15.448,-15.9669,-16.5166,-12.6117
1690535513655,-13.0739,-16.8591,-21.3947,-10.1282
1690535513659,-10.8085,-11.4934,-15.5764,-7.7268
1690535513663,-7.2183,-8.2204,-13.8236,-0.2539
1690535513667,-4.3379,-2.3506,-5.5981,3.7816
1690535513671,0.0244,2.2754,-5.8976,6.7246
1690535513675,3.4022,2.3268,1.8526,9.2831
1690535513679,13.2617,12.8858,6.7143,13.7989
1690535513683,11.2087,12.2679,10.7963,20.3292
1690535513687,24.4769,14.3,13.3323,20.0962
1690535513691,22.6324,17.1019,17.5644,26.5144
1690535513695,27.0186,20.3311,15.6427,27.694
1690535513699,27.0062,19.4295,15.8845,31.6144
1690535513703,27.6845,17.7429,16.2105,29.7776
1690535513707,17.5615,17.303,12.7546,23.5928
1690535513711,17.5043,13.0305,11.6571,17.5251
1690535513715,11.5518,8.1978,11.2389,18.3149
1690535513719,8.8839,2.9486,8.8831,11.0458
1690535513723,6.1959,1.1414,3.0031,8.9928
1690535513727,3.6273,-1.6767,-4.5033,0.9884
1690535513731,-5.7325,-7.9406,-1.8116,-4.9772
1690535513735,-8.9853,-15.481,-11.3014,-8.7161
1690535513739,-18.3213,-17.0376,-15.0953,-15.3768
1690535513743,-16.91,-20.7233,-19.5212,-14.1024
1690535513747,-17.3762,-17.9376,-20.6005,-13.2518
1690535513751,-18.5574,-16.5517,-16.7583,-16.74
1690535513755,-15.2239,-22.6803,-19.5754,-16.2161
1690535513759,-14.2359,-15.0581,-18.5095,-12.3171
1690535513763,-10.5737,-13.2357,-14.1903,-11.9104
1690535513767,-8.7251,-7.3697,-10.3691,-5.8623
1690535513771,-4.0897,-3.7109,-4.7404,-5.3755
1690535513775,4.3872,-2.9606,-2.3097,-0.9014
1690535513779,7.4878,6.2806,5.1991,2.5465
1690535513783,10.8131,7.6374,10.3565,10.6033
1690535513787,13.7195,12.1654,16.6061,14.5877
1690535513791,19.4427,13.0895,11.2759,14.4557
1690535513795,14.8033,14.8593,24.1699,17.0038
1690535513799,19.5138,17.3548,18.6399,20.7688
1690535513803,21.2447,14.7109,19.263,19.5327
1690535513807,18.0938,13.0981,18.7834,19.7957
1690535513811,14.582,12.1273,19.0651,14.0045
1690535513815,15.1605,8.838,10.7385,11.2576
1690535513819,4.6585,9.2722,6.682,6.6196
1690535513823,2.9408,-0.0269,1.843,4.3141
1690535513827,-3.3118,-8.2846,-2.662,-3.1998
1690535513831,-3.2798,-13.1419,-8.6283,-6.2213
1690535513835,-10.4673,-17.5499,-12.2646,-10.2697
1690535513839,-12.1757,-16.813,-17.4583,-14.925
1690535513843,-13.9446,-21.9523,-19.9121,-15.9509
1690535513847,-17.6205,-18.4251,-17.9965,-19.0966
1690535513851,-15.4562,-18.3836,-19.8774,-19.0565
1690535513855,-14.527,-12.539,-19.4385,-21.1566
1690535513859,-9.5129,-11.7012,-14.0534,-17.48
1690535513863,-8.0889,-7.8138,-12.5751,-21.5808
1690535513867,-1.6649,-2.19,-8.3331,-15.7801
1690535513871,3.4654,-1.9804,-0.7705,-11.4026
1690535513875,10.1103,7.3922,0.6561,-3.5068
1690535513879,16.0736,11.086,4.9602,0.6387
1690535513883,15.6179,14.0715,6.2693,4.3141
1690535513887,21.5041,20.6104,13.7432,10.9951
1690535513891,22.1473,17.1016,16.4212,11.7458
1690535513895,24.7833,21.4604,19.8159,14.1587
1690535513899,23.858,19.281,18.4381,12.6182
1690535513903,21.4892,19.8326,18.1249,12.8353
1690535513907,22.39,16.3794,16.5187,11.6199
1690535513911,16.3224,17.1352,13.9018,8.3408
1690535513915,12.2578,6.2218,11.673,3.9927
1690535513919,6.8139,10.0565,8.6963,0.9877
1690535513923,1.4576,1.3189,2.5717,-0.4021
1690535513927,-7.3596,-8.9155,-4.6085,-3.8208
1690535513931,-8.9256,-6.9297,-7.5009,-10.91
1690535513935,-10.6706,-10.5109,-11.7348,-12.6141
1690535513939,-16.2666,-14.975,-15.2109,-18.3073
1690535513943,-16.923,-18.6611,-19.0693,-23.8459
1690535513947,-20.2575,-24.1306,-16.5399,-25.4613
1690535513951,-17.8563,-19.4448,-17.7744,-23.3314
1690535513955,-19.2831,-16.5244,-16.8791,-25.3086
1690535513959,-14.3676,-18.1397,-15.5418,-23.4788
1690535513963,-12.3277,-14.2559,-12.1198,-16.2674
1690535513967,-6.3462,-5.0885,-14.3682,-11.0207
1690535513971,-3.5798,-0.8212,-3.0375,-3.9368
1690535513975,0.7177,4.6268,-5.528,-0.7835
1690535513979,6.7206,7.8665,3.9341,5.5565
1690535513983,12.4571,11.1781,8.6744,10.5085
1690535513987,14.6096,13.1544,12.2583,17.7093
1690535513991,20.334,16.3731,16.8625,18.1287
1690535513995,19.6797,18.3807,21.9004,19.4781
1690535513999,17.2206,20.3585,24.8896,20.0562
1690535514003,20.8627,21.0813,18.6804,16.6649
1690535514007,16.6169,14.2287,16.1325,15.5177
1690535514011,10.6571,11.7069,15.8483,14.8613
1690535514015,6.8351,7.3539,13.122,11.2879
1690535514019,6.0813,4.2965,6.2593,6.4281
1690535514023,-7.0565,-7.115,1.8499,-1.7596
1690535514027,-7.5776,-8.9604,-7.0941,-4.3507
1690535514031,-9.1904,-13.609,-6.5018,-10.2019
1690535514035,-17.5403,-16.0504,-11.6186,-17.0986
1690535514039,-21.9684,-22.7181,-14.4537,-19.6438
1690535514043,-22.762,-22.5262,-18.0368,-23.9258
1690535514047,-22.6121,-20.1976,-17.6186,-22.1165
1690535514051,-28.1403,-21.9944,-19.1417,-23.7553
1690535514055,-26.4982,-18.3262,-18.0957,-20.9482
1690535514059,-22.4281,-20.7664,-15.9026,-13.9091
1690535514063,-14.9862,-12.7512,-15.1019,-16.2661
1690535514067,-16.5116,-7.266,-11.0772,-10.6201
1690535514071,-12.3617,-0.776,-6.1614,-6.2343
1690535514075,-10.3421,6.6798,0.2577,0.6575
1690535514079,-5.1623,12.7312,5.9525,5.6621
1690535514083,2.1867,14.7853,11.7332,6.4727
1690535514087,5.5897,21.8138,11.6204,9.733
1690535514091,9.9172,25.4464,20.2053,14.5259
1690535514095,11.2459,23.1828,21.4236,18.5565
1690535514099,7.0685,21.9678,19.0722,21.2604
1690535514103,6.4583,22.9009,20.5867,17.992
1690535514107,7.096,22.4228,15.1833,20.4581
1690535514111,4.2281,17.4726,11.3702,14.6946
1690535514115,-0.8864,12.238,6.9027,10.5158
1690535514119,-8.6556,4.846,7.2449,3.2818
1690535514123,-8.1786,-0.888,0.0858,-1.0174
1690535514127,-15.6129,-2.8879,-2.9201,-4.6557
1690535514131,-23.1894,-8.0926,-5.2577,-13.313
1690535514135,-23.3639,-13.2016,-11.5827,-10.3329
1690535514139,-22.5094,-14.4217,-14.7537,-20.0305
1690535514143,-31.0891,-19.9472,-16.5796,-18.7118
1690535514147,-25.701,-20.2554,-24.4632,-16.3577
1690535514151,-25.9692,-21.4269,-20.4803,-18.3701
1690535514155,-23.1674,-21.915,-16.2644,-16.0447
1690535514159,-25.2919,-16.3052,-18.7035,-13.5589
1690535514163,-17.0854,-10.7666,-13.4778,-12.9571
1690535514167,-12.2699,-8.6934,-7.759,-16.6525
1690535514171,-11.253,-4.846,-3.3594,-5.0362
1690535514175,-4.2904,3.4077,3.3089,3.6263
1690535514179,-0.8974,7.1746,2.2799,5.386
1690535514183,3.8411,9.0829,9.6215,9.9268
1690535514187,7.5679,13.5597,15.4188,9.2021
1690535514191,13.3887,17.5609,18.3265,15.4521
1690535514195,15.319,18.6032,19.1557,16.902
1690535514199,17.448,23.5639,20.5857,18.812
1690535514203,17.2365,22.2838,19.3721,19.1943
1690535514207,13.2126,21.1188,18.0803,15.6408
1690535514211,9.7855,13.237,15.3838,14.7658
1690535514215,12.0708,12.1928,12.6757,12.8837
1690535514219,4.1406,3.9728,7.9007,9.0466
1690535514223,2.4248,0.5444,2.0914,2.9907
1690535514227,-1.1251,-5.9118,-0.8845,-1.3989
1690535514231,-8.7575,-16.0961,-7.9559,-6.0386
1690535514235,-13.3662,-14.6394,-15.8714,-8.3964
1690535514239,-19.6454,-24.1466,-15.9685,-11.1127
1690535514243,-20.1737,-28.5659,-18.4306,-17.1555
1690535514247,-19.347,-21.9282,-22.5861,-12.5414
1690535514251,-18.9951,-23.7856,-23.602,-17.2198
1690535514255,-13.6935,-21.6838,-21.196,-9.0247
1690535514259,-13.0008,-17.2066,-17.04,-14.8098
1690535514263,-7.808,-13.9219,-9.3413,-6.2297
1690535514267,-4.7328,-12.4068,-7.4209,-3.0515
1690535514271,0.8126,-6.5003,-0.789,-0.3333
1690535514275,2.2699,0.6202,-2.3141,4.8723
1690535514279,10.2178,3.6409,3.7475,10.0802
1690535514283,15.0058,9.7748,13.2229,14.3754
1690535514287,19.0938,12.898,11.4098,19.9578
1690535514291,19.1353,14.469,13.743,25.407
1690535514295,23.2683,16.8204,15.8897,27.2101
1690535514299,27.0889,18.9694,18.8687,27.838
1690535514303,24.8483,23.6961,20.4769,28.0074
1690535514307,24.5326,22.6997,19.8704,25.087
1690535514311,19.0053,21.5975,17.2388,21.8428
1690535514315,16.5238,15.2183,14.7997,16.1199
1690535514319,14.2863,11.9191,8.8576,8.0977
1690535514323,9.7983,3.1821,1.1927,9.4114
1690535514327,10.606,-3.4725,-0.4739,4.5453
1690535514331,1.1823,-3.5037,-14.4247,-1.7266
1690535514335,-3.5498,-7.9297,-14.5595,-3.9135
1690535514339,-6.4963,-17.2416,-13.883,-10.577
1690535514343,-8.8812,-17.4808,-19.4627,-15.1788
1690535514347,-8.9822,-17.8697,-21.3674,-16.2734
1690535514351,-11.6253,-19.8979,-19.9085,-18.6904
1690535514355,-9.7022,-17.9602,-19.0296,-17.1843
1690535514359,-2.0314,-13.4118,-16.1801,-13.2061
1690535514363,-3.5949,-9.4787,-14.7354,-9.7282
1690535514367,1.6467,-5.4252,-8.6954,-0.1864
1690535514371,2.3658,-0.0101,-8.143,0.508
1690535514375,9.8834,5.3403,1.9474,5.591
1690535514379,16.94,6.702,5.0777,13.5416
1690535514383,15.8185,12.2178,10.9822,14.5052
1690535514387,23.0393,12.7121,12.3215,21.8657
1690535514391,22.8051,16.0524,18.9622,21.0776
1690535514395,29.7225,15.4802,20.9338,24.0982
1690535514399,24.4044,21.3824,23.6983,20.9422
1690535514403,24.4559,19.9874,18.4599,19.6033
1690535514407,20.9435,18.8668,17.139,19.5773
1690535514411,20.2457,15.0853,14.2694,22.3572
1690535514415,11.3245,6.467,10.6228,14.5193
1690535514419,10.236,7.0081,1.0664,15.4336
1690535514423,5.7654,4.1212,1.3111,6.6792
1690535514427,1.8527,-2.1082,-3.1232,0.61
1690535514431,-1.7103,-9.6738,-8.9507,-4.6748
1690535514435,-9.1741,-16.8793,-13.1615,-10.8421
1690535514439,-11.5806,-14.8809,-14.224,-18.2965
1690535514443,-14.7364,-20.5366,-18.6346,-20.2144
1690535514447,-20.1994,-20.2189,-19.548,-19.7681
1690535514451,-20.9425,-23.4316,-22.0521,-21.9277
1690535514455,-22.4931,-20.3375,-18.1206,-20.171
1690535514459,-15.8503,-19.8927,-20.6845,-13.7454
1690535514463,-11.1474,-18.5546,-14.4032,-19.3675
1690535514467,-5.2338,-11.7211,-9.2642,-8.3353
1690535514471,-4.0431,-10.3105,-6.7794,-6.1881
1690535514475,-0.7188,-1.1459,1.1647,-3.7002
1690535514479,2.1269,6.3433,8.4536,5.2679
1690535514483,8.8628,6.956,14.5654,5.196
1690535514487,16.7378,13.0611,15.4089,6.2216
1690535514491,19.567,16.5186,22.0396,10.6839
1690535514495,17.7391,18.7522,20.3917,9.6247
1690535514499,18.5885,15.0444,19.7921,15.7462
1690535514503,19.8896,16.5035,20.4723,12.8061
1690535514507,18.0654,16.0518,20.3198,8.5525
1690535514511,14.0799,13.0585,13.6147,5.0988
1690535514515,15.9924,13.0688,13.1445,1.6095
1690535514519,6.4061,4.4869,6.887,-4.6464
1690535514523,2.2704,1.9357,1.4799,-9.2652
1690535514527,-3.926,-2.3063,-2.4264,-11.654
1690535514531,-10.3003,-12.0694,-7.3811,-18.8939
1690535514535,-8.3153,-11.0907,-11.6943,-22.6552
1690535514539,-18.198,-15.5058,-17.0666,-22.4036
1690535514543,-18.0491,-16.0524,-13.5132,-28.1179
1690535514547,-23.2116,-21.3019,-19.0462,-25.3657
1690535514551,-22.3422,-17.9377,-23.3674,-26.9533
1690535514555,-22.7971,-19.1764,-22.0991,-32.1296
1690535514559,-19.0257,-13.3851,-18.2665,-25.8833
1690535514563,-19.3133,-11.986,-14.4698,-14.3104
1690535514567,-8.5921,-13.1939,-9.4667,-14.9942
1690535514571,-4.7094,-5.0375,-1.1401,-10.6136
1690535514575,-2.7917,3.1469,2.1402,-6.3682
1690535514579,0.7884,9.6443,5.012,-1.8389
1690535514583,4.5767,12.8478,11.3526,-0.014
1690535514587,11.6863,19.3036,18.0764,6.6398
1690535514591,11.7771,16.4012,18.1575,16.5396
1690535514595,12.6606,18.5721,18.8022,8.9042
1690535514599,17.3715,23.1024,25.501,10.6246
1690535514603,21.0362,22.3278,22.5125,11.3024
1690535514607,14.0532,20.4554,19.4037,10.5419
1690535514611,14.2704,17.9262,13.9327,5.3903
1690535514615,5.6606,15.5863,9.791,3.5116
1690535514619,3.3122,8.6194,7.7964,2.617
1690535514623,-0.5077,2.155,2.9274,1.0658
1690535514627,-7.6981,-2.0112,-4.9188,-7.873
1690535514631,-9.1145,-6.5429,-10.6435,-11.6964
1690535514635,-14.5309,-16.1525,-11.5814,-15.592
1690535514639,-16.7607,-17.984,-20.3602,-19.6635
1690535514643,-21.2203,-16.7457,-20.9175,-23.3399
1690535514647,-21.5813,-20.7436,-20.8337,-21.4406
1690535514651,-22.4496,-16.2773,-20.1978,-22.5766
1690535514655,-23.6978,-18.3654,-17.9328,-21.1219
1690535514659,-16.6128,-13.1675,-19.7981,-19.1382
1690535514663,-14.8185,-15.5616,-13.7114,-16.0917
1690535514667,-9.0225,-7.4807,-9.7321,-11.6918
1690535514671,-4.0282,-6.3916,-0.3762,-3.4131
1690535514675,0.4987,-2.4752,2.4032,0.9595
1690535514679,1.1659,2.9113,5.0452,3.5986
1690535514683,11.2239,10.5583,10.0131,12.6549
1690535514687,13.0582,12.7859,16.1692,13.0522
1690535514691,16.2942,16.873,19.3991,16.3203
1690535514695,15.798,17.8771,20.3501,21.1447
1690535514699,19.881,18.8381,22.0427,23.607
1690535514703,14.2675,17.0952,22.9394,23.4304
1690535514707,11.4842,16.0979,20.1991,22.1964
1690535514711,11.3595,11.5127,13.9685,21.6034
1690535514715,6.8358,11.3918,10.4574,20.3264
1690535514719,2.5052,2.9174,4.0437,12.7275
1690535514723,0.3931,-2.2015,-2.9179,7.4234
1690535514727,-7.4117,-4.1006,-4.8378,5.8683
1690535514731,-12.6119,-6.9925,-9.2722,1.4051
1690535514735,-14.6314,-13.3766,-16.1523,-4.504
1690535514739,-23.8,-19.9945,-17.9301,-7.6323
1690535514743,-24.9806,-21.5531,-19.6522,-8.7064
1690535514747,-28.1578,-22.1348,-25.1417,-9.2525
1690535514751,-28.3624,-18.6242,-17.2839,-10.1901
1690535514755,-34.0791,-16.5598,-16.3579,-9.716
1690535514759,-22.8568,-13.9036,-19.7956,-9.9438
1690535514763,-20.7294,-10.6601,-11.8077,-3.3726
1690535514767,-16.4207,-4.2796,-11.1756,-1.1185
1690535514771,-17.0186,-3.9524,-4.6605,5.3131
1690535514775,-7.1226,0.8224,3.1131,3.6839
1690535514779,-2.0693,8.0595,5.8331,15.6127
1690535514783,2.7404,11.9038,10.4598,17.8631
1690535514787,10.2911,17.9142,15.1388,19.1444
1690535514791,13.3633,22.6177,15.0439,19.6091
1690535514795,12.8172,21.4077,19.9864,26.1431
1690535514799,15.1708,23.1066,20.6982,27.0668
1690535514803,13.6985,20.8974,16.4521,26.9194
1690535514807,11.2498,17.948,14.6935,21.7815
1690535514811,7.5513,16.4889,13.976,19.7197
1690535514815,3.8082,14.8437,12.0025,9.4782
1690535514819,1.5468,9.5266,10.2958,10.241
1690535514823,1.682,5.7705,5.2167,3.3876
1690535514827,-7.8613,-1.8604,-1.2869,0.0964
1690535514831,-6.909,-10.585,-9.0917,-4.3882
1690535514835,-12.407,-12.9579,-11.1101,-10.4827
1690535514839,-19.2914,-17.094,-15.5571,-8.0937
1690535514843,-23.9861,-17.663,-20.551,-16.734
1690535514847,-19.0953,-16.7156,-19.644,-17.4649
1690535514851,-24.007,-18.6214,-22.4136,-14.3145
1690535514855,-23.3467,-18.3656,-18.1563,-13.3843
1690535514859,-21.1748,-18.4172,-18.6203,-13.6096
1690535514863,-17.2076,-15.6197,-13.9063,-6.8724
1690535514867,-15.015,-8.3348,-10.2396,-2.868
1690535514871,-6.9914,-6.4936,-2.603,-4.8563
1690535514875,-1.1622,-2.2546,1.058,4.5723
1690535514879,1.9894,9.2023,3.7024,13.6259
1690535514883,5.5233,7.8103,14.6029,17.6663
1690535514887,9.2445,13.6031,15.0815,18.3018
1690535514891,18.4755,15.2501,20.4256,20.7583
1690535514895,18.266,19.8546,22.0497,17.1192
1690535514899,21.5157,19.7135,17.7166,19.7303
1690535514903,20.9103,19.2769,22.4292,18.2155
1690535514907,16.8633,21.3462,19.1999,19.3804
1690535514911,15.5607,12.841,14.2016,13.8974
1690535514915,9.4766,8.8746,10.6312,12.9107
1690535514919,8.2436,4.3696,2.8811,8.1742
1690535514923,4.5399,-0.2394,-0.6403,0.4856
1690535514927,-5.3923,-4.8886,-2.2839,-6.2437
1690535514931,-5.7031,-12.2619,-11.952,-11.2666
1690535514935,-11.4391,-13.4452,-11.9125,-13.0739
1690535514939,-9.2581,-20.1697,-16.8278,-19.9743
1690535514943,-18.155,-15.3793,-19.1738,-20.6922
1690535514947,-12.2974,-24.6932,-17.626,-27.0929
1690535514951,-17.0299,-21.0407,-18.2334,-21.5129
1690535514955,-10.1701,-16.6318,-18.7519,-19.4946
1690535514959,-9.0904,-21.6107,-10.9002,-16.5393
1690535514963,-7.9842,-17.9028,-16.3841,-13.8113
1690535514967,-4.2869,-8.7296,-7.7531,-14.5891
1690535514971,5.3376,-5.6207,-6.0,-8.2652
1690535514975,6.8795,0.2485,4.7033,-3.2791
1690535514979,13.7013,7.9155,7.4132,-0.4607
1690535514983,18.1752,9.3746,14.9077,5.6329
1690535514987,24.0644,17.5876,14.7793,14.5287
1690535514991,29.5752,20.577,19.1818,15.1259
1690535514995,32.9328,18.9039,20.0336,14.1735
1690535514999,29.9051,19.8654,17.6713,17.0778
1690535515003,33.1227,19.7393,19.0673,17.3962
1690535515007,30.5576,20.4466,19.7568,13.7978
1690535515011,28.3594,17.384,16.0641,14.6411
1690535515015,19.9316,14.2782,10.9026,8.5933
1690535515019,17.2188,8.4558,8.2879,3.3969
1690535515023,10.723,4.5486,1.3211,1.0431
1690535515027,9.151,2.2183,-0.4743,-4.4574
1690535515031,1.8447,-2.702,-7.8573,-11.2443
1690535515035,-5.8257,-8.4838,-10.2729,-15.5878
1690535515039,-9.2326,-12.9853,-15.2832,-17.536
1690535515043,-9.3242,-20.4392,-19.3804,-14.7935
1690535515047,-12.2142,-20.2766,-21.3364,-14.9776
1690535515051,-12.5378,-18.5604,-17.4428,-21.8201
1690535515055,-12.5651,-16.9516,-18.0595,-21.5959
1690535515059,-10.7582,-15.0672,-17.9088,-17.3714
1690535515063,-6.0451,-13.71,-13.2264,-20.4757
1690535515067,-1.4908,-5.7963,-8.4335,-11.8956
1690535515071,2.0901,-2.1096,-0.4673,-12.7298
1690535515075,9.7953,1.011,2.3604,-1.3065
1690535515079,12.1849,5.1209,8.548,6.2842
1690535515083,15.6781,15.5387,13.7489,9.5537
1690535515087,19.6438,12.8993,14.9765,11.0984
1690535515091,22.5222,18.9279,19.1271,10.4214
1690535515095,22.7264,19.1656,19.5744,13.8902
1690535515099,23.3962,25.1078,19.9712,17.0289
1690535515103,22.8368,19.9315,20.0632,13.8734
1690535515107,23.1234,20.3571,15.5833,17.1129
1690535515111,18.2719,16.7709,12.0092,10.3934
1690535515115,13.352,12.4465,9.0871,7.1005
1690535515119,13.0353,1.5585,9.4799,4.6251
1690535515123,4.4702,0.7664,-0.362,-1.5606
1690535515127,-0.8702,-8.0474,-7.2471,-7.6116
1690535515131,-7.5059,-7.1429,-7.9108,-9.7901
1690535515135,-8.6177,-14.6623,-15.0018,-11.3521
1690535515139,-12.5393,-15.114,-18.2701,-18.0923
1690535515143,-19.2394,-16.5143,-15.7211,-21.0172
1690535515147,-20.021,-20.7058,-23.3541,-22.4206
1690535515151,-19.541,-19.6801,-16.4874,-24.1839
1690535515155,-15.4004,-25.1227,-15.7188,-21.903
1690535515159,-15.3162,-19.4699,-14.0026,-18.3056
1690535515163,-14.2438,-13.1857,-11.3204,-13.5131
1690535515167,-12.5654,-11.4822,-10.8564,-9.1656
1690535515171,-7.0483,-5.5392,-1.5299,-0.6927
1690535515175,1.7119,-2.2141,-2.7927,-3.813
1690535515179,9.2396,4.1599,3.7944,2.6815
1690535515183,7.1539,7.0446,7.4889,10.8213
1690535515187,14.8187,13.3217,14.2493,13.8347
1690535515191,10.691,17.3625,18.764,17.2047
1690535515195,13.4301,16.1208,19.1751,15.1309
1690535515199,17.5948,18.9024,21.0952,17.3326
1690535515203,15.862,20.5196,19.6246,20.2352
1690535515207,12.1814,14.4056,20.7187,17.8701
1690535515211,8.3456,10.9737,17.2049,11.7258
1690535515215,5.2715,11.2921,12.3793,9.9665
1690535515219,-2.4414,3.4887,6.1936,3.1768
1690535515223,-5.9037,1.1198,0.6164,-4.2434
1690535515227,-11.5066,-5.6712,-6.5255,-8.9174
1690535515231,-18.5478,-9.7356,-10.2805,-11.7519
1690535515235,-18.8494,-14.239,-12.8491,-16.87
1690535515239,-22.5897,-16.9803,-16.291,-22.9772
1690535515243,-28.9528,-15.3945,-20.619,-20.1844
1690535515247,-29.211,-17.7586,-19.8601,-23.2668
1690535515251,-30.9172,-22.164,-21.5746,-21.966
1690535515255,-25.7893,-14.5289,-20.2234,-20.4847
1690535515259,-22.2711,-12.8501,-16.7149,-18.404
1690535515263,-20.0687,-8.6976,-12.6028,-18.7587
1690535515267,-16.9544,-3.9413,-7.1472,-11.9248
1690535515271,-11.6359,-5.5622,-6.1186,-4.9682
1690535515275,-5.3567,6.0586,3.9805,-2.6761
1690535515279,0.6492,9.1777,7.1577,7.3899
1690535515283,4.1179,12.141,6.8806,12.6004
1690535515287,10.0874,16.2092,17.7663,16.3337
1690535515291,12.7189,14.8607,20.3505,16.9218
1690535515295,14.7892,20.5982,17.6423,18.4243
1690535515299,17.6041,21.5169,20.7537,20.388
1690535515303,15.9667,20.606,15.0735,17.4501
1690535515307,13.0959,19.7049,16.7927,18.6638
1690535515311,12.9433,16.6143,13.1016,12.6847
1690535515315,6.2154,13.7371,7.2856,13.3085
1690535515319,4.7693,5.6133,6.227,8.9795
1690535515323,-1.81,2.0562,0.8829,4.4928
1690535515327,-3.7012,-5.4364,-6.8733,-0.281
1690535515331,-11.7189,-9.6555,-9.3743,-5.3703
1690535515335,-16.7651,-13.0581,-12.3777,-11.2212
1690535515339,-21.9398,-20.8734,-17.1948,-15.521
1690535515343,-21.0472,-21.4271,-15.8353,-16.0507
1690535515347,-19.0235,-17.1637,-22.0386,-14.5374
1690535515351,-21.0641,-21.5483,-22.348,-14.307
1690535515355,-21.9671,-17.2976,-19.0957,-9.0812
1690535515359,-15.3934,-18.6835,-13.0919,-12.2642
1690535515363,-13.6628,-12.9188,-11.6565,-7.2662
1690535515367,-9.7723,-8.0963,-3.1196,-8.1822
1690535515371,-6.2826,-6.2413,-0.337,-2.9128
1690535515375,1.3154,3.2011,4.8193,5.3263
1690535515379,1.5969,6.714,4.4202,10.0153
1690535515383,6.433,13.805,13.731,17.5049
1690535515387,10.1592,11.9085,10.9154,16.0474
1690535515391,14.8609,15.3268,13.5917,21.758
1690535515395,13.7342,15.305,14.6173,23.7011
1690535515399,13.5524,19.1041,16.6679,26.5997
1690535515403,14.3146,15.8524,17.8294,26.7584
1690535515407,13.749,12.6028,18.1481,23.8007
1690535515411,8.3253,14.3507,18.237,18.9481
1690535515415,9.5796,8.1489,8.597,14.5437
1690535515419,0.9433,6.1159,2.9176,9.5404
1690535515423,-1.6527,1.6122,4.5818,8.401
1690535515427,-6.9796,-0.535,-3.431,5.4972
1690535515431,-7.1837,-11.7946,-6.2316,1.5341
1690535515435,-12.5356,-11.8153,-10.2814,-3.6844
1690535515439,-16.0446,-19.1061,-17.1708,-10.6
1690535515443,-14.5097,-22.6527,-19.5302,-10.1972
1690535515447,-19.7982,-23.5866,-21.2117,-12.917
1690535515451,-21.481,-21.7802,-26.5129,-12.596
1690535515455,-16.4315,-21.5373,-21.455,-12.5306
1690535515459,-11.7578,-14.2197,-17.9172,-10.5285
1690535515463,-10.3828,-9.4304,-14.3995,-7.689
1690535515467,-2.1442,-7.765,-6.9227,-1.9425
1690535515471,-1.3239,0.614,-3.6106,2.1324
1690535515475,2.7046,3.3227,-2.2431,6.783
1690535515479,6.5791,9.3993,8.006,12.0237
1690535515483,12.6314,15.9535,6.1595,16.1237
1690535515487,15.0594,23.318,17.2065,19.7499
1690535515491,17.5858,23.9774,17.8148,26.6813
1690535515495,15.8598,22.9315,16.0908,23.9569
1690535515499,22.6795,29.1834,22.4623,24.4829
1690535515503,15.0319,21.2572,19.4303,24.4674
1690535515507,15.1631,24.6771,19.511,24.1754
1690535515511,10.6187,15.1128,13.5211,18.6276
1690535515515,8.8214,11.4608,10.4021,14.0949
1690535515519,1.7167,9.6707,3.8902,13.5077
1690535515523,1.3949,1.8068,0.8219,3.9476
1690535515527,-3.4005,-2.5928,-5.5222,-0.8726
1690535515531,-7.964,-7.3904,-7.2931,-8.5756
1690535515535,-10.8876,-7.5451,-12.2589,-16.1621
1690535515539,-17.3932,-10.1624,-10.8554,-16.8423
1690535515543,-19.9884,-17.3746,-15.2474,-25.5779
1690535515547,-18.6506,-23.2764,-17.0511,-25.7622
1690535515551,-21.5521,-21.6277,-16.9364,-19.9724
1690535515555,-15.7319,-18.167,-15.8053,-23.8425
1690535515559,-12.7437,-17.6684,-12.8841,-20.139
1690535515563,-11.4042,-12.8087,-10.4241,-19.339
1690535515567,-9.0967,-7.6114,-7.9421,-10.8513
1690535515571,-0.3967,-5.2807,-6.9627,-8.7422
1690535515575,5.458,1.031,-2.0456,-4.6822
1690535515579,9.0393,6.0496,5.3646,-1.231
1690535515583,11.1886,7.8704,6.6089,5.6832
1690535515587,16.6542,17.7826,14.6508,7.6954
1690535515591,21.0481,15.7757,13.0248,13.9435
1690535515595,20.0009,23.778,17.7872,16.679
1690535515599,19.1005,22.8693,18.5368,19.115
1690535515603,23.0256,20.0663,22.2654,11.6859
1690535515607,17.6728,17.1687,16.6104,13.6072
1690535515611,13.2275,11.4394,14.9128,8.5161
1690535515615,11.4248,9.9265,12.0874,2.8231
1690535515619,4.7396,3.655,6.2717,-1.7378
1690535515623,4.6473,-0.8989,1.6183,-3.8724
1690535515627,-1.4299,-12.4545,-2.7046,-13.0541
1690535515631,-0.6308,-11.3052,-6.5569,-17.1863
1690535515635,-3.8247,-17.3672,-12.7098,-22.4629
1690535515639,-6.3786,-19.1637,-14.4513,-22.2317
1690535515643,-10.4241,-20.598,-22.3364,-25.678
1690535515647,-14.3859,-22.2289,-16.7695,-26.7828
1690535515651,-11.2826,-24.347,-22.6805,-28.1051
1690535515655,-7.0272,-25.5638,-21.3041,-28.0153
1690535515659,-9.7919,-16.4453,-15.2078,-25.3191
1690535515663,-3.2598,-14.9475,-15.1906,-21.8918
1690535515667,1.6155,-14.993,-10.4101,-22.6447
1690535515671,2.1451,-6.0735,-3.9836,-12.8032
1690535515675,8.0126,1.4212,2.7669,-8.6903
1690535515679,13.8485,6.6177,7.3389,-4.1572
1690535515683,17.7886,6.0566,9.5982,1.1044
1690535515687,19.0696,15.5263,12.8404,3.5993
1690535515691,20.8713,18.0334,18.6737,10.1976
1690535515695,27.8545,20.3585,17.3945,8.2055
1690535515699,23.9391,24.6377,20.2263,11.6938
1690535515703,21.0511,27.1324,18.6226,9.2797
1690535515707,23.6244,23.9134,18.1212,5.4866
1690535515711,21.6025,23.3934,14.3865,12.0843
1690535515715,15.7298,20.4655,7.5426,1.7314
1690535515719,11.6549,7.2923,2.4319,-1.089
1690535515723,6.2716,1.1568,1.0503,-7.1209
1690535515727,-1.159,-1.1895,-6.5403,-11.5111
1690535515731,-2.7609,-4.9693,-5.5182,-15.1346
1690535515735,-9.9782,-13.2759,-12.6739,-16.7239
1690535515739,-8.3063,-12.567,-14.1984,-20.0878
1690535515743,-12.7563,-13.2079,-14.6224,-20.6075
1690535515747,-14.7704,-25.7146,-17.8923,-20.3629
1690535515751,-14.1115,-16.3309,-16.1891,-22.4977
1690535515755,-12.6374,-18.5748,-19.2431,-20.8531
1690535515759,-9.6157,-16.6775,-14.2719,-19.5867
1690535515763,-5.2594,-14.782,-10.9499,-14.6315
1690535515767,-1.5183,-9.0946,-7.256,-8.4775
1690535515771,0.912,-6.6431,-7.1656,-2.0986
1690535515775,2.9841,2.0822,6.0964,2.2207
1690535515779,10.2631,3.171,3.4934,5.0416
1690535515783,15.2927,8.9547,5.6377,13.9422
1690535515787,20.8782,15.7175,10.9615,16.2756
1690535515791,21.9007,21.0688,18.4734,19.9472
1690535515795,24.3167,22.1516,18.9785,23.5299
1690535515799,23.1045,19.8047,21.222,24.47
1690535515803,25.5314,22.3247,19.0816,19.8441
1690535515807,21.4434,20.3622,16.801,22.3064
1690535515811,18.7867,15.3297,13.1348,21.815
1690535515815,14.1378,12.5826,13.6169,15.4868
1690535515819,7.2017,8.5512,7.8763,11.1737
1690535515823,-2.1544,6.0841,-1.8801,3.5239
1690535515827,-5.569,1.1521,-1.506,4.341
1690535515831,-11.8433,-9.1632,-5.5833,-3.5547
1690535515835,-17.9817,-11.8823,-14.9408,-3.6212
1690535515839,-18.9232,-20.1756,-14.2029,-11.0323
1690535515843,-22.19,-20.4159,-17.9973,-13.8083
1690535515847,-25.1947,-20.6731,-17.62,-13.8439
1690535515851,-26.6786,-24.7873,-23.1764,-16.2996
1690535515855,-29.2724,-22.0716,-17.6918,-17.0395
1690535515859,-25.1015,-18.933,-17.3341,-9.4379
1690535515863,-20.392,-17.4531,-11.5415,-11.226
1690535515867,-17.5038,-15.2509,-11.0351,-3.903
1690535515871,-10.2352,-7.5555,-5.5896,-1.4656
1690535515875,-7.8693,-3.6432,1.5165,-0.0174
1690535515879,-2.6313,3.0492,8.988,13.5808
1690535515883,-1.2486,8.2632,12.7515,18.0811
1690535515887,5.3408,13.6152,17.6135,23.1684
1690535515891,10.5867,13.0201,17.949,20.8567
1690535515895,10.5897,17.0986,17.5617,29.9859
1690535515899,16.2579,19.669,23.619,31.2081
1690535515903,8.0096,23.1216,15.7941,27.4659
1690535515907,7.4078,21.1123,15.355,24.5308
1690535515911,6.942,17.9603,15.5728,22.1678
1690535515915,-0.8856,12.1193,8.7659,21.7241
1690535515919,-4.2355,8.1576,7.5012,16.0204
1690535515923,-4.4781,2.9427,1.7331,14.5336
1690535515927,-10.7994,2.8584,-3.3808,3.1277
1690535515931,-19.1436,-2.2999,-6.788,-1.758
1690535515935,-24.3306,-8.7196,-9.6699,-5.5468
1690535515939,-25.2878,-11.8758,-15.7929,-10.077
1690535515943,-28.0279,-11.0757,-18.5289,-10.0098
1690535515947,-30.0483,-20.3363,-22.3242,-13.7632
1690535515951,-33.9791,-17.4986,-20.8911,-13.6847
1690535515955,-26.9146,-22.0156,-18.6492,-14.3984
1690535515959,-27.702,-17.2421,-20.2576,-13.753
1690535515963,-22.1624,-11.7676,-13.7338,-8.4764
1690535515967,-14.7989,-9.1344,-11.3541,-5.7939
1690535515971,-10.5873,-5.3647,-0.0687,-0.0553
1690535515975,-7.389,1.6282,2.7328,0.2742
1690535515979,-0.4347,7.3755,8.1053,7.4164
1690535515983,4.4522,8.3375,11.4628,15.5237
1690535515987,6.8852,12.0447,11.8954,17.8924
1690535515991,7.7187,15.3975,16.6408,18.5013
1690535515995,13.4695,23.0333,17.3504,17.9805
1690535515999,18.402,20.0627,17.4459,18.3945
1690535516003,16.7028,21.1132,17.1406,14.2669
1690535516007,14.301,16.7438,17.8791,14.7111
1690535516011,15.7723,14.5531,14.3308,13.1978
1690535516015,5.9536,5.8537,14.0737,12.6698
1690535516019,2.3591,7.1263,4.9441,7.8485
1690535516023,-6.6743,3.4321,4.0206,3.2242
1690535516027,-10.15,0.462,-5.755,-4.7492
1690535516031,-11.9934,-7.5963,-7.0777,-8.6432
1690535516035,-14.2239,-10.913,-13.9157,-14.214
1690535516039,-20.0241,-14.2116,-14.2527,-20.5403
1690535516043,-24.2971,-17.5913,-23.0468,-23.5921
1690535516047,-26.2649,-18.3693,-19.2949,-20.8196
1690535516051,-26.1305,-15.5978,-18.2126,-25.2829
1690535516055,-23.1117,-19.0938,-16.632,-17.4942
1690535516059,-20.3876,-17.6224,-16.8771,-16.6474
1690535516063,-15.184,-15.7109,-10.1383,-10.3706
1690535516067,-12.4831,-10.4929,-10.1206,-7.1961
1690535516071,-6.2391,-5.6287,-7.0219,-2.7183
1690535516075,-1.2652,-3.5156,-0.1557,0.7858
1690535516079,2.7137,1.3811,5.1091,3.1949
1690535516083,11.027,5.3332,6.9921,7.9435
1690535516087,15.6539,12.2121,13.0565,11.4465
1690535516091,19.0864,11.2409,17.0563,15.3881
1690535516095,23.9473,16.6425,22.8328,17.7445
1690535516099,23.1847,19.2697,18.1749,13.8419
1690535516103,27.6559,16.9884,20.3884,16.3305
1690535516107,27.2989,15.1202,15.1506,15.7686
1690535516111,19.6143,11.0149,19.6828,13.1216
1690535516115,19.4726,10.0569,14.2985,10.5732
1690535516119,15.0494,10.297,7.9144,2.5142
1690535516123,8.1561,-3.6262,4.4654,0.1873
1690535516127,0.0842,-6.6407,-3.5176,-6.1881
1690535516131,-2.397,-5.4333,-9.8585,-14.8348
1690535516135,-6.851,-10.0838,-13.1385,-16.2543
1690535516139,-7.3579,-16.0809,-16.0731,-15.8131
1690535516143,-14.7018,-16.7854,-14.3208,-21.1543
1690535516147,-13.9238,-18.133,-13.8042,-20.0728
1690535516151,-13.618,-14.3901,-18.3133,-17.9898
1690535516155,-17.2611,-19.4638,-18.9593,-20.2938
1690535516159,-12.834,-16.5343,-11.0862,-16.0126
1690535516163,-9.8039,-8.5213,-13.9783,-19.3187
1690535516167,-3.8685,-8.8199,-9.671,-12.2284
1690535516171,0.3898,-5.9809,-5.4203,-11.4105
1690535516175,2.2413,-0.9801,-2.279,-1.3895
1690535516179,11.8653,5.5489,3.7101,4.5063
1690535516183,14.7355,11.1425,12.7967,6.5062
1690535516187,19.1031,18.2669,16.1066,12.4757
1690535516191,17.4261,19.1647,19.1359,15.4195
1690535516195,21.9487,21.4349,22.8336,17.0331
1690535516199,23.7649,21.5367,19.6347,17.171
1690535516203,28.0489,23.5049,22.2244,15.8075
1690535516207,23.2066,20.0412,21.5209,15.7864
1690535516211,19.2062,17.6119,14.2704,13.5488
1690535516215,15.4622,14.2742,7.2616,7.112
1690535516219,9.3325,8.637,5.0789,6.7451
1690535516223,2.8521,4.0981,3.5286,0.372
1690535516227,-0.129,-1.2406,-1.2313,-3.4357
1690535516231,-4.1339,-5.9626,-6.6791,-6.5481
1690535516235,-14.6035,-6.7159,-10.5441,-10.4763
1690535516239,-12.4387,-12.6603,-14.6471,-16.9266
1690535516243,-17.1126,-15.0497,-15.9341,-18.7126
1690535516247,-16.4892,-16.8829,-17.3655,-18.1964
1690535516251,-17.6397,-21.0371,-18.4381,-20.2969
1690535516255,-12.7761,-18.6409,-17.153,-21.5035
1690535516259,-17.2094,-15.8816,-16.2018,-21.49
1690535516263,-7.7353,-9.8104,-12.8783,-15.8264
1690535516267,-3.4043,-7.76,-12.3744,-12.7845
1690535516271,0.2941,-3.4386,-10.8222,-6.079
1690535516275,0.9904,0.736,0.3965,-0.118
1690535516279,6.2376,2.0899,9.3688,3.728
1690535516283,12.3579,8.3862,9.2091,6.3308
1690535516287,21.7276,11.688,13.7682,11.1756
1690535516291,23.4649,11.0142,17.6029,12.6978
1690535516295,22.9354,17.2374,17.0714,11.1528
1690535516299,25.6889,14.4647,21.9022,18.1676
1690535516303,25.971,16.2425,18.8059,15.2964
1690535516307,24.1766,14.0825,17.1995,12.4827
1690535516311,21.8388,14.8407,16.2375,12.3865
1690535516315,17.1808,11.456,15.7044,4.7238
1690535516319,12.249,6.232,6.3031,-0.5449
1690535516323,5.0039,-1.5872,2.4888,0.1052
1690535516327,-1.8598,-5.0171,-0.4785,-8.6098
1690535516331,-0.3988,-12.3613,-8.8994,-9.2345
1690535516335,-5.1447,-15.3579,-10.7388,-16.2316
1690535516339,-14.3445,-22.5224,-12.5974,-18.1544
1690535516343,-18.7505,-20.268,-20.8468,-21.3127
1690535516347,-22.4238,-21.8837,-23.2263,-26.0663
1690535516351,-20.6785,-16.8572,-23.8203,-25.1296
1690535516355,-22.7732,-20.257,-22.5928,-20.9858
1690535516359,-19.4078,-14.8975,-15.7627,-19.1405
1690535516363,-13.5352,-14.3538,-9.6941,-14.827
1690535516367,-5.1359,-9.7544,-8.0826,-10.2741
1690535516371,-6.2773,-7.0765,-0.5515,-4.1974
1690535516375,-1.1517,1.8788,-0.9624,0.7655
1690535516379,4.1596,6.4582,7.503,6.6456
1690535516383,10.7813,6.4411,9.6589,8.2744
1690535516387,14.229,15.6868,13.7226,12.1389
1690535516391,15.904,16.3216,14.9855,18.4335
1690535516395,15.9331,23.6169,18.179,17.267
1690535516399,22.557,17.9242,19.5007,20.1242
1690535516403,19.7939,18.7577,17.4344,18.5566
1690535516407,21.5989,20.4124,15.6737,13.2508
1690535516411,15.1646,16.5215,17.9642,17.6344
1690535516415,13.8238,13.989,12.3015,8.5258
1690535516419,7.9566,9.9519,7.5346,6.6244
1690535516423,3.1435,6.1604,3.0253,1.3615
1690535516427,0.2769,-0.71,-2.4057,-7.7598
1690535516431,-3.9585,-4.6999,-5.4256,-9.3912
1690535516435,-7.6095,-13.1829,-17.9164,-13.5602
1690535516439,-7.4724,-12.6809,-16.4336,-20.6456
1690535516443,-15.5149,-15.6122,-22.9288,-17.4974
1690535516447,-16.0583,-17.4455,-19.392,-19.3873
1690535516451,-14.7911,-18.1163,-23.8861,-21.2862
1690535516455,-13.4528,-17.915,-18.8092,-13.6739
1690535516459,-10.7293,-17.8112,-15.459,-13.1228
1690535516463,-9.2776,-12.7111,-11.0822,-6.0383
1690535516467,-4.2725,-7.5511,-8.5806,-8.3047
1690535516471,-2.3084,-3.7064,-6.1686,-0.8392
1690535516475,3.5562,0.9351,-1.685,0.93
1690535516479,8.7443,6.9869,3.3234,10.39
1690535516483,11.1573,9.6371,12.0858,15.3553
1690535516487,12.6416,10.8957,13.9846,19.1358
1690535516491,13.4268,13.6624,14.4579,25.9172
1690535516495,16.8532,14.9074,22.7906,23.4571
1690535516499,18.7183,16.2775,22.5295,27.3586
1690535516503,12.039,20.5591,21.4799,27.5519
1690535516507,14.7222,16.3655,22.7352,22.2112
1690535516511,9.0052,10.807,12.5171,20.4954
1690535516515,3.2752,12.5827,10.2784,19.3343
1690535516519,0.9497,5.9458,9.0427,16.2335
1690535516523,-1.1901,1.7989,3.4166,9.5847
1690535516527,-13.9036,-3.505,-3.1973,5.7151
1690535516531,-14.0148,-10.4192,-10.1295,-2.7112
1690535516535,-18.2977,-11.7062,-15.2028,-6.8115
1690535516539,-22.4707,-15.8622,-18.6424,-9.6544
1690535516543,-23.813,-20.4171,-23.7197,-7.1948
1690535516547,-29.0215,-24.7249,-21.4089,-10.3994
1690535516551,-23.9303,-24.1642,-21.8964,-11.9818
1690535516555,-25.3551,-19.3961,-17.5736,-6.2514
1690535516559,-19.6473,-19.2379,-17.4462,-6.3415
1690535516563,-18.2102,-14.8853,-9.8075,1.0375
1690535516567,-14.4411,-12.1468,-9.5534,-2.5159
1690535516571,-7.2514,-8.9072,-5.9603,1.5811
1690535516575,-4.3601,-3.8142,1.0543,6.2401
1690535516579,-3.2894,2.0891,9.568,11.7479
1690535516583,4.1978,6.5135,7.1844,14.0176
1690535516587,6.8229,13.4223,16.0354,19.5904
1690535516591,7.138,16.0294,20.1388,18.8245
1690535516595,10.2242,17.9936,21.2294,22.9485
1690535516599,11.2396,15.8958,19.2,27.8695
1690535516603,11.527,14.0796,19.0619,25.0875
1690535516607,11.6601,14.6421,19.1385,20.3012
1690535516611,4.7134,13.3752,12.8967,18.3416
1690535516615,2.6432,9.1996,10.0892,14.853
1690535516619,-3.0138,7.6514,4.4543,11.1918
1690535516623,-6.4402,4.8198,-0.9691,4.2915
1690535516627,-13.0839,-0.1411,-4.9848,-1.34
1690535516631,-15.6431,-5.6626,-6.1989,-4.4376
1690535516635,-20.592,-7.3966,-11.0236,-10.9123
1690535516639,-22.1505,-12.4561,-14.8512,-13.3428
1690535516643,-28.1116,-14.1502,-16.268,-14.8487
1690535516647,-26.6076,-19.1496,-22.071,-16.6094
1690535516651,-27.6205,-16.3661,-16.7354,-14.7551
1690535516655,-24.4087,-15.0623,-18.9296,-18.3948
1690535516659,-20.1843,-14.1701,-17.8461,-16.5759
1690535516663,-16.9544,-12.5596,-12.1144,-16.2605
1690535516667,-13.6185,-5.3279,-11.7725,-9.9006
1690535516671,-7.2474,-1.2517,-8.7861,-4.2176
1690535516675,-4.0529,4.6277,-5.4741,-3.227
1690535516679,-0.7454,3.4244,1.3236,3.2216
1690535516683,3.7644,9.9649,10.554,11.8692
1690535516687,6.3326,16.0294,20.4448,14.4761
1690535516691,6.6213,21.4196,20.9768,14.3174
1690535516695,10.1302,17.5925,25.8283,16.5289
1690535516699,11.1903,17.3162,26.2427,15.4775
1690535516703,12.7656,18.8729,23.2927,13.0754
1690535516707,11.2317,20.7015,22.6292,14.5332
1690535516711,6.5713,15.7489,16.1502,4.8881
1690535516715,2.8416,9.3593,8.581,4.9114
1690535516719,-1.1769,4.9861,4.8156,1.0033
1690535516723,-3.4671,0.3659,2.3581,-8.1017
1690535516727,-10.6833,-1.8123,-1.3405,-11.4268
1690535516731,-13.0327,-7.6649,-13.6284,-15.0292
1690535516735,-13.9056,-17.0041,-13.4538,-20.4868
1690535516739,-15.3396,-16.616,-16.9103,-28.7719
1690535516743,-15.2193,-20.5036,-20.6893,-27.19
1690535516747,-16.2137,-19.0122,-22.504,-29.8994
1690535516751,-15.0426,-16.7749,-21.161,-32.9653
1690535516755,-14.4957,-17.5095,-20.8184,-33.9118
1690535516759,-10.0033,-17.3228,-15.6153,-27.3779
1690535516763,-9.1986,-13.6857,-13.5668,-21.3909
1690535516767,-1.1507,-13.1611,-6.9586,-17.5689
1690535516771,3.636,-4.7399,-3.3854,-14.7481
1690535516775,12.7784,-1.5237,3.9441,-7.3757
1690535516779,15.9405,3.135,7.2676,0.5079
1690535516783,15.7471,5.5491,13.1059,1.5795
1690535516787,19.4232,9.2469,15.0485,7.2351
1690535516791,24.7668,13.1665,21.8572,7.5992
1690535516795,29.5434,16.9584,16.6869,12.4782
1690535516799,27.453,23.4335,19.8731,10.2689
1690535516803,25.1743,18.8784,19.8779,10.7712
1690535516807,23.4018,12.3987,15.7272,14.4029
1690535516811,17.9139,13.1183,9.4946,9.9171
1690535516815,15.8988,8.927,12.7067,3.467
1690535516819,12.9322,3.5567,4.7807,5.6765
1690535516823,3.8317,-0.654,-0.3399,-5.4604
1690535516827,1.9979,-7.9506,-3.4967,-7.4423
1690535516831,-5.3255,-7.8696,-7.2126,-17.4531
1690535516835,-7.9122,-15.1941,-10.1451,-18.7339
1690535516839,-9.632,-13.8275,-17.938,-24.6914
1690535516843,-9.7811,-19.6058,-18.4388,-21.792
1690535516847,-16.4191,-18.4872,-24.5693,-21.4489
1690535516851,-10.0139,-16.9499,-22.2569,-28.0947
1690535516855,-9.0418,-17.2021,-18.6425,-19.2382
1690535516859,-7.1493,-15.9767,-16.4369,-19.3677
1690535516863,-2.245,-11.015,-12.7482,-17.1311
1690535516867,1.6077,-6.4356,-8.5144,-9.1979
1690535516871,10.7624,-0.9977,-3.9959,-7.1256
1690535516875,6.6631,2.8023,0.8441,0.1072
1690535516879,12.9906,8.03,8.8973,3.5157
1690535516883,18.7067,16.8899,6.3206,10.4866
1690535516887,24.2882,15.6754,17.7384,11.7558
1690535516891,27.4982,19.345,20.8321,16.1312
1690535516895,28.1016,20.3117,19.7626,17.4075
1690535516899,26.4283,18.4354,23.5351,22.0781
1690535516903,27.4213,18.875,21.7975,20.5789
1690535516907,24.7567,17.6329,17.9189,16.9202
1690535516911,19.0278,16.1153,18.5932,15.972
1690535516915,14.4314,10.7563,15.1992,11.9479
1690535516919,8.9453,7.9683,8.3019,10.2296
1690535516923,3.8508,1.611,1.5276,3.6002
1690535516927,-2.293,-4.8472,-5.7394,-0.5361
1690535516931,-2.8166,-9.7968,-8.7023,-5.9782
1690535516935,-11.7155,-13.0947,-14.0223,-7.8213
1690535516939,-10.7672,-15.0363,-19.2144,-8.9472
1690535516943,-14.279,-20.5268,-22.4584,-10.0607
1690535516947,-14.095,-21.8233,-18.8728,-14.5212
1690535516951,-13.8701,-23.3016,-20.098,-8.3421
1690535516955,-13.0451,-17.2332,-21.4735,-8.6797
1690535516959,-11.749,-14.0305,-20.0689,-9.1694
1690535516963,-7.6938,-10.8817,-13.3026,-4.4739
1690535516967,-5.5245,-9.6305,-6.3449,-0.1508
1690535516971,1.195,-0.4842,0.3994,3.5752
1690535516975,3.1512,0.4839,2.8381,7.8168
1690535516979,4.7898,9.3912,5.8001,11.1972
1690535516983,10.9589,7.0244,13.1844,15.8394
1690535516987,13.2358,14.4697,13.5888,19.3555
1690535516991,16.7101,17.2677,16.9117,23.6782
1690535516995,16.6749,18.4144,20.3311,29.2429
1690535516999,18.0906,16.9042,16.537,29.3508
1690535517003,16.5778,14.7089,16.9335,27.3367
1690535517007,17.563,14.856,18.7971,24.9363
1690535517011,11.2315,11.1836,12.0254,21.8235
1690535517015,12.2773,9.2761,10.4612,12.5722
1690535517019,2.6559,2.0186,9.7696,12.8142
1690535517023,-1.5125,-0.3131,1.2315,5.2263
1690535517027,-7.8163,-5.6256,-4.4628,4.6015
1690535517031,-11.8608,-13.707,-7.1686,-0.6117
1690535517035,-17.6096,-13.4725,-14.5587,-7.449
1690535517039,-19.2403,-15.1241,-18.1587,-13.5126
1690535517043,-22.9625,-19.105,-14.9807,-12.7891
1690535517047,-26.1369,-19.6319,-19.962,-16.709
1690535517051,-31.6322,-16.4479,-19.2806,-17.8559
1690535517055,-23.6873,-20.1438,-18.9417,-14.7079
1690535517059,-21.8565,-17.827,-17.8267,-10.7963
1690535517063,-15.9265,-16.3665,-18.4004,-13.1702
1690535517067,-11.8602,-5.5985,-5.6011,-6.068
1690535517071,-6.0548,-0.9784,-3.6084,-0.4041
1690535517075,-0.7281,5.3731,1.9865,0.4804
1690535517079,5.3676,9.3357,7.5922,8.2266
1690535517083,7.6922,13.5942,6.8375,11.8829
1690535517087,11.4552,13.55,12.8919,20.0915
1690535517091,14.2199,24.4888,19.1541,24.9361
1690535517095,19.7792,25.8961,19.1347,23.9276
1690535517099,22.4739,24.2156,20.5069,20.6403
1690535517103,18.7353,22.5291,20.6809,20.5686
1690535517107,18.9616,19.0571,17.625,20.3724
1690535517111,16.1635,16.4282,15.0638,15.1187
1690535517115,12.3004,12.7131,11.0025,10.7398
1690535517119,7.3856,7.8005,6.7019,11.3368
1690535517123,-3.1267,3.1682,-1.1497,8.5697
1690535517127,-4.748,-4.0437,-6.1804,1.2129
1690535517131,-10.1207,-9.4889,-9.2878,-7.2824
1690535517135,-15.0039,-7.6462,-13.1104,-9.706
1690535517139,-19.0215,-16.4255,-19.998,-12.0577
1690535517143,-18.7394,-17.6897,-19.9936,-14.7016
1690535517147,-26.1654,-23.0957,-21.8721,-23.0734
1690535517151,-24.8609,-18.4881,-21.3328,-20.552
1690535517155,-28.8596,-16.5388,-16.4938,-17.7299
1690535517159,-22.6991,-16.4705,-16.6687,-14.9536
1690535517163,-19.4594,-10.2654,-10.6287,-13.0485
1690535517167,-17.1797,-8.109,-7.3358,-11.1783
1690535517171,-7.8768,-4.4617,-1.261,-4.7114
1690535517175,-2.4031,-3.9682,3.2917,3.279
1690535517179,3.6865,5.3532,7.461,3.9928
1690535517183,7.8411,8.9565,13.5817,9.6155
1690535517187,9.8455,17.1776,15.3597,9.048
1690535517191,14.4714,19.7496,18.3018,11.3284
1690535517195,13.6813,22.7762,18.6415,17.8589
1690535517199,16.6285,17.5327,18.942,14.2968
1690535517203,16.8986,23.0416,21.282,17.4115
1690535517207,17.9594,15.6508,17.3805,14.4641
1690535517211,15.7807,14.0504,14.8405,12.801
1690535517215,9.9139,8.864,8.4484,7.8773
1690535517219,1.5105,8.394,4.7506,3.3922
1690535517223,-0.6169,4.3427,0.9739,-3.4987
1690535517227,-5.4148,-7.2974,-5.2445,-8.6509
1690535517231,-12.8212,-10.8443,-9.2981,-14.2737
1690535517235,-11.9268,-12.1233,-14.1559,-17.9924
1690535517239,-17.0298,-15.333,-16.344,-18.203
1690535517243,-21.4887,-20.1227,-15.0984,-18.2969
1690535517247,-21.407,-22.5241,-17.9809,-22.1336
1690535517251,-24.481,-20.8349,-16.9427,-20.8571
1690535517255,-29.2188,-25.6824,-18.2376,-16.2519
1690535517259,-21.3254,-18.0192,-20.0076,-17.2167
1690535517263,-17.0963,-14.887,-13.9562,-16.6147
1690535517267,-12.1765,-10.3956,-8.9597,-9.6213
1690535517271,-10.6558,-8.7839,-2.5695,-5.2909
1690535517275,-4.7701,-3.1169,0.4208,0.5401
1690535517279,1.2185,4.814,6.3944,7.0935
1690535517283,6.7614,9.9968,10.5488,9.1774
1690535517287,10.3036,13.3617,18.0777,17.072
1690535517291,13.8181,15.9156,19.733,17.7463
1690535517295,14.1985,15.0991,24.4285,19.366
1690535517299,16.7845,19.7603,21.6703,17.4514
1690535517303,15.783,22.9188,21.0736,16.7537
1690535517307,15.2031,16.9476,16.1276,12.6249
1690535517311,12.9955,18.6295,16.9894,13.069
1690535517315,7.4451,14.1547,11.3833,7.9758
1690535517319,5.5197,8.0645,5.1775,2.771
1690535517323,-2.9975,6.3489,-0.1265,-0.199
1690535517327,-5.7208,0.5378,-5.4477,-6.4413
1690535517331,-13.4949,-6.9806,-11.0584,-10.1338
1690535517335,-14.0586,-8.9581,-13.6751,-15.0739
1690535517339,-19.5557,-12.483,-20.3702,-17.9019
1690535517343,-28.6512,-17.723,-15.9565,-23.0687
1690535517347,-27.7718,-20.2926,-19.6574,-20.6799
1690535517351,-29.4059,-16.6235,-20.5973,-23.8685
1690535517355,-25.3099,-14.5915,-15.5217,-26.6719
1690535517359,-23.5329,-16.4854,-16.2503,-20.8679
1690535517363,-18.875,-9.7685,-9.8889,-15.5891
1690535517367,-10.9621,-6.2321,-6.0153,-13.8988
1690535517371,-6.1857,-2.1991,-0.1817,-6.5716
1690535517375,-7.0109,-0.3548,2.1782,-0.156
1690535517379,-0.2432,3.3405,10.9967,2.2986
1690535517383,5.9282,11.2523,10.474,6.9221
1690535517387,14.4543,16.9147,17.2363,7.0207
1690535517391,13.7628,18.4236,19.7661,13.9584
1690535517395,20.297,19.5909,21.5651,12.015
1690535517399,19.2255,19.7126,17.1171,17.409
1690535517403,20.0398,18.1669,20.6095,16.5379
1690535517407,20.3268,16.6738,15.0019,15.5724
1690535517411,15.8193,14.1957,14.0418,10.197
1690535517415,17.201,12.7555,12.0964,8.3853
1690535517419,15.5382,7.518,9.9294,3.2706
1690535517423,7.2651,2.3369,2.8949,-0.2128
1690535517427,3.2842,-3.1477,-2.7992,-4.5099
1690535517431,1.6006,-7.3138,-9.7717,-11.3371
1690535517435,-2.782,-12.8992,-12.116,-15.9584
1690535517439,-4.2287,-15.424,-13.2334,-22.3941
1690535517443,-13.0317,-16.0557,-20.5715,-18.8305
1690535517447,-18.1246,-15.8655,-19.9029,-24.6194
1690535517451,-16.4916,-20.029,-18.9621,-21.123
1690535517455,-15.2729,-17.0368,-20.4068,-20.5024
1690535517459,-14.2208,-17.6902,-13.7447,-18.2986
1690535517463,-4.8356,-13.7869,-9.9901,-17.6529
1690535517467,-7.4733,-11.9689,-7.3404,-14.7035
1690535517471,0.1008,-6.6898,-0.9249,-7.8541
1690535517475,6.3033,-4.4838,4.9023,-4.4956
1690535517479,10.1517,-2.4016,7.8166,0.3105
1690535517483,18.1863,7.8394,11.3408,2.832
1690535517487,16.9359,8.5279,13.4127,11.1823
1690535517491,20.7106,11.3219,16.0255,13.0342
1690535517495,24.7611,14.2548,17.6993,15.2685
1690535517499,29.1441,16.9968,19.5833,18.3901
1690535517503,25.6008,16.5881,19.8465,19.7399
1690535517507,23.7142,15.4077,20.1435,20.1128
1690535517511,25.8601,14.5501,14.7588,9.617
1690535517515,16.7269,8.0653,10.4096,11.2074
1690535517519,14.211,10.4657,9.5583,5.376
1690535517523,13.6911,3.0931,-1.6704,-3.8326
1690535517527,7.5379,-3.2323,-3.3886,-8.2394
1690535517531,4.5712,-1.7175,-13.3055,-7.3636
1690535517535,-0.0097,-7.0473,-13.8068,-10.7341
1690535517539,-4.4334,-11.4797,-18.7276,-15.167
1690535517543,-7.8006,-17.7091,-21.0993,-18.9294
1690535517547,-9.5328,-18.0878,-19.5669,-18.689
1690535517551,-11.0967,-18.2894,-16.8625,-19.5536
1690535517555,-10.8435,-17.2301,-16.633,-18.2177
1690535517559,-10.7496,-11.1648,-13.7772,-14.7142
1690535517563,-4.7159,-8.1988,-11.1905,-9.9858
1690535517567,3.8958,-2.6893,-9.6445,-5.3455
1690535517571,6.4445,2.5759,-5.8343,-4.2988
1690535517575,12.6926,7.0277,2.6804,5.9694
1690535517579,11.3108,6.847,4.2432,13.8083
1690535517583,19.6545,9.8211,8.3342,16.717
1690535517587,17.958,12.884,16.722,26.3664
1690535517591,26.6033,18.1763,18.2298,24.5898
1690535517595,29.4836,18.9488,19.5329,25.7888
1690535517599,27.5885,24.1648,18.6665,27.592
1690535517603,26.962,20.7307,20.455,27.2096
1690535517607,22.3064,21.4424,17.6909,27.0649
1690535517611,21.83,14.6769,17.7038,19.7558
1690535517615,14.1326,9.3214,6.8185,18.5507
1690535517619,9.6672,6.4763,4.317,13.2202
1690535517623,5.042,1.6775,1.1594,6.6587
1690535517627,0.2555,-0.8242,-5.1734,4.178
1690535517631,-6.4194,-8.4886,-9.6871,3.5259
1690535517635,-7.6237,-11.6524,-16.8751,-5.5033
1690535517639,-14.63,-16.3028,-13.9832,-7.7639
1690535517643,-15.7347,-15.3769,-17.1198,-13.2087
1690535517647,-18.0771,-18.6663,-15.8152,-15.5267
1690535517651,-20.7977,-19.1297,-18.7645,-12.562
1690535517655,-19.8875,-16.5569,-19.7908,-10.8231
1690535517659,-17.1051,-18.0709,-14.2354,-9.2127
1690535517663,-15.9268,-14.4076,-14.2841,-6.7049
1690535517667,-14.686,-11.1072,-5.3865,-3.3091
1690535517671,-12.1504,-3.9283,-4.6183,5.238
1690535517675,-2.3795,-2.9363,-2.0771,9.495
1690535517679,-2.0241,6.9788,8.0883,12.7479
1690535517683,3.9554,7.9875,10.7288,19.7127
1690535517687,9.6687,13.0601,17.1389,20.3448
1690535517691,13.3706,14.4576,18.5514,23.1758
1690535517695,14.193,16.5805,21.3176,28.212
1690535517699,9.0887,17.071,19.5077,21.9113
1690535517703,11.1089,15.857,14.4903,26.5811
1690535517707,12.0401,17.646,15.737,26.2649
1690535517711,7.9233,10.3463,11.0596,24.4262
1690535517715,3.5205,5.7651,11.4978,16.3523
1690535517719,-0.5161,4.4146,3.7544,15.7467
1690535517723,-5.5473,-6.9963,5.105,4.3678
1690535517727,-12.5565,-6.8065,-2.1427,3.8596
1690535517731,-17.104,-11.1976,-7.5861,-3.5763
1690535517735,-18.2157,-15.4853,-10.782,-10.2025
1690535517739,-21.4709,-15.6652,-20.3432,-10.5562
1690535517743,-26.9855,-14.6697,-17.0354,-14.5526
1690535517747,-23.5966,-18.0197,-19.9879,-16.0486
1690535517751,-24.9003,-22.1859,-17.5191,-13.8755
1690535517755,-24.3779,-19.4794,-20.8005,-14.5127
1690535517759,-17.4727,-14.1262,-15.6142,-13.3113
1690535517763,-16.0094,-6.8606,-10.4302,-12.1551
1690535517767,-10.4405,-5.181,-9.453,-5.1691
1690535517771,-12.2381,-4.2505,3.157,-7.5361
1690535517775,-3.5998,1.6093,0.3175,0.2693
1690535517779,-1.674,10.1392,6.3377,3.3658
1690535517783,-1.2831,12.877,14.1173,7.6366
1690535517787,8.4861,16.6709,12.9986,11.7404
1690535517791,9.0756,18.2572,17.4514,11.8114
1690535517795,10.5617,22.6752,15.0544,15.6509
1690535517799,10.6535,23.6606,19.2206,12.1017
1690535517803,11.3945,23.957,19.0297,14.9421
1690535517807,11.747,16.7114,11.5388,11.2743
1690535517811,7.5692,16.5608,14.3283,8.5599
1690535517815,0.5031,10.4466,12.9848,4.8548
1690535517819,-5.6488,8.2099,6.273,-1.6758
1690535517823,-7.1916,5.7506,1.1192,-6.6382
1690535517827,-10.209,-6.528,-0.6179,-11.6951
1690535517831,-17.6504,-7.6542,-9.7616,-14.8135
1690535517835,-20.1955,-13.1771,-13.2466,-16.7393
1690535517839,-22.2621,-11.9245,-14.7781,-18.4816
1690535517843,-27.6831,-19.5657,-19.4339,-28.6517
1690535517847,-24.7523,-14.3,-16.5587,-23.0918
1690535517851,-22.2317,-17.2986,-17.1254,-26.6255
1690535517855,-22.2068,-16.425,-13.455,-29.6709
1690535517859,-18.5204,-15.0535,-15.0892,-23.193
1690535517863,-13.5793,-12.8804,-13.5213,-23.1396
1690535517867,-9.0199,-6.005,-7.8149,-17.624
1690535517871,-0.3364,-3.1721,-3.9159,-9.5209
1690535517875,1.4199,2.558,3.3425,-6.9156
1690535517879,4.5921,3.5676,3.7319,-1.3223
1690535517883,9.1005,9.566,11.1937,4.5506
1690535517887,14.6282,13.3097,12.5393,4.45
1690535517891,12.8411,15.4877,19.4996,8.2838
1690535517895,20.9369,16.1584,18.8681,8.188
1690535517899,20.3586,16.0329,15.9806,13.1909
1690535517903,18.1646,17.7229,21.0747,12.9366
1690535517907,18.7062,13.0259,11.1804,8.417
1690535517911,17.1874,13.6731,14.6779,7.321
1690535517915,10.167,7.5202,12.4664,5.155
1690535517919,6.6227,4.3104,3.4051,-0.7013
1690535517923,0.9687,-3.9454,-1.731,-1.7736
1690535517927,-0.5211,-6.5689,-3.7885,-16.2735
1690535517931,-4.7998,-9.7448,-7.3943,-18.6266
1690535517935,-10.3936,-17.1112,-9.2409,-23.3554
1690535517939,-14.5813,-20.8717,-13.0163,-20.8776
1690535517943,-19.3103,-20.5822,-19.0746,-27.708
1690535517947,-22.4824,-25.5954,-21.7123,-23.0685
1690535517951,-19.3278,-21.5978,-20.047,-27.3684
1690535517955,-19.5008,-21.7284,-17.5597,-26.4821
1690535517959,-13.3843,-10.4312,-13.8559,-20.4563
1690535517963,-9.2204,-12.2882,-12.0294,-21.9422
1690535517967,-4.935,-4.8815,-8.6104,-15.6525
1690535517971,-1.5459,-0.6358,-1.0976,-8.5455
1690535517975,7.2841,-1.0081,0.3674,-1.8021
1690535517979,8.2355,3.3508,6.2041,0.518
1690535517983,15.2327,8.0303,11.1201,12.2466
1690535517987,17.1587,10.6787,16.5696,12.0521
1690535517991,17.3849,12.8757,13.5707,22.161
1690535517995,19.5474,18.6249,18.953,23.6048
1690535517999,24.1683,17.1937,20.4523,21.4806
1690535518003,19.7253,21.5102,17.8427,21.6852
1690535518007,15.1729,17.9258,17.5821,18.8065
1690535518011,10.7274,18.3844,6.7035,17.5014
1690535518015,5.9428,10.5213,9.2318,15.0098
1690535518019,4.1611,10.2289,8.9659,7.1864
1690535518023,1.5495,2.1123,4.3908,4.9152
1690535518027,-7.9988,-4.3417,-1.104,-2.5063
1690535518031,-11.1577,-3.3904,-10.4997,-4.7998
1690535518035,-14.3163,-11.9651,-11.6699,-8.2127
1690535518039,-17.3048,-15.6843,-15.1974,-12.5926
1690535518043,-17.7611,-16.1442,-16.0412,-16.033
1690535518047,-17.5592,-16.5004,-15.0328,-13.1915
1690535518051,-16.8325,-15.3542,-21.7796,-16.1487
1690535518055,-17.3908,-14.9286,-17.4684,-11.0849
1690535518059,-15.455,-15.1681,-17.2407,-10.0461
1690535518063,-8.4676,-9.6413,-16.5047,-8.0221
1690535518067,-4.3227,-6.1648,-9.2189,-2.9888
1690535518071,1.278,-2.8698,-5.5723,0.7938
1690535518075,7.5772,4.4429,2.3344,9.0722
1690535518079,13.9709,7.3921,8.0857,8.3182
1690535518083,16.0764,13.6977,6.5755,15.081
1690535518087,18.2398,15.8833,8.7391,23.8964
1690535518091,20.7487,16.5916,14.6327,19.5728
1690535518095,21.5495,16.194,17.3061,24.9023
1690535518099,26.2253,20.5884,17.2472,25.7473
1690535518103,22.5368,16.6639,17.9758,24.879
1690535518107,18.5326,21.3935,20.2051,21.3362
1690535518111,17.7719,14.3641,12.6621,19.7799
1690535518115,14.667,8.1653,12.9814,15.9729
1690535518119,8.6572,5.3358,7.8982,9.0985
1690535518123,1.0968,-0.8901,2.1421,6.4569
1690535518127,-1.9631,-5.3471,2.93,1.2712
1690535518131,-6.7167,-7.3223,-5.372,-3.5531
1690535518135,-10.7738,-14.6348,-6.868,-8.3651
1690535518139,-14.6444,-15.5244,-18.8704,-8.4589
1690535518143,-14.0632,-19.0747,-18.4629,-12.6214
1690535518147,-23.3488,-22.0121,-19.6783,-14.425
1690535518151,-14.9455,-21.1889,-20.0949,-12.006
1690535518155,-17.4087,-21.1919,-19.5626,-11.6476
1690535518159,-11.7089,-16.4486,-18.5166,-11.9234
1690535518163,-6.8946,-14.7272,-12.2154,-7.2627
1690535518167,-6.6265,-10.2654,-10.758,-3.7273
1690535518171,4.5312,-2.9712,-8.5653,-2.9107
1690535518175,11.7094,0.5392,0.4234,4.9548
1690535518179,10.5247,5.8694,3.1523,9.2588
1690535518183,19.2901,10.2068,10.7795,16.8017
1690535518187,19.2716,13.6577,13.5479,13.9064
1690535518191,24.8101,17.9358,14.9392,19.4614
1690535518195,24.5847,18.5671,23.1235,20.8325
1690535518199,27.7714,15.0589,20.3857,21.4308
1690535518203,25.5637,15.9891,20.247,23.2024
1690535518207,25.8682,15.6983,16.1333,20.6591
1690535518211,22.9993,11.1296,12.2165,17.7835
1690535518215,15.9422,6.8239,10.4987,14.9779
1690535518219,14.9994,1.7717,7.6511,5.1466
1690535518223,10.643,2.2699,2.5808,5.8769
1690535518227,5.3586,-6.7294,-2.4555,-2.1429
1690535518231,-3.3695,-8.7927,-8.2315,-8.9724
1690535518235,-6.8374,-13.3708,-13.936,-13.1627
1690535518239,-10.7793,-13.6018,-11.0454,-18.6805
1690535518243,-15.0938,-16.646,-19.0859,-21.2798
1690535518247,-11.8464,-18.5512,-17.4044,-19.5845
1690535518251,-15.7012,-13.3969,-19.2841,-22.358
1690535518255,-12.4408,-14.8569,-17.6462,-21.2401
1690535518259,-10.9287,-10.8699,-12.9449,-19.436
1690535518263,-7.6251,-8.8098,-7.7076,-14.7751
1690535518267,-5.2192,-1.8232,-8.771,-7.3631
1690535518271,1.4174,-0.1404,-4.7253,-2.7401
1690535518275,7.4805,3.1054,-1.9278,2.2542
1690535518279,12.4508,7.8939,4.7062,3.8483
1690535518283,14.116,16.5066,10.9013,9.7537
1690535518287,18.4151,18.1689,12.4002,13.1404
1690535518291,15.9955,21.5906,15.7449,15.6359
1690535518295,19.2652,23.9519,17.8544,15.1966
1690535518299,17.8317,23.3204,19.1699,17.6579
1690535518303,20.3288,23.0949,19.5271,20.4852
1690535518307,21.1447,21.8538,20.1505,18.4265
1690535518311,15.3939,14.7493,14.2893,16.0099
1690535518315,11.9889,10.6887,13.2662,13.6468
1690535518319,6.0736,0.9,5.4296,11.5975
1690535518323,-2.2294,-4.0154,1.9358,5.624
1690535518327,-2.4016,-6.6346,-4.1341,-3.1296
1690535518331,-12.6167,-13.3449,-7.2246,-8.9094
1690535518335,-16.331,-14.8091,-13.8932,-12.827
1690535518339,-20.8176,-19.4674,-11.3986,-12.1521
1690535518343,-22.7423,-21.1527,-17.7989,-22.4977
1690535518347,-23.4928,-19.0667,-16.5746,-17.5798
1690535518351,-26.7744,-20.1948,-19.4298,-20.8898
1690535518355,-25.5246,-19.9962,-19.3034,-20.9424
1690535518359,-21.5151,-16.036,-18.7005,-16.7551
1690535518363,-21.8442,-13.5898,-15.9575,-17.0618
1690535518367,-13.3274,-7.5957,-8.8416,-11.1977
1690535518371,-11.5027,-6.9109,-5.8914,-8.3874
1690535518375,-6.5439,5.5222,-0.1613,2.7268
1690535518379,0.0331,7.3085,5.9644,2.3013
1690535518383,3.9651,9.1788,10.3295,8.1819
1690535518387,7.8114,13.3031,14.0954,11.0028
1690535518391,14.5899,15.7186,18.0837,14.0961
1690535518395,11.3795,13.3934,18.6033,19.9977
1690535518399,12.9144,17.6229,23.3743,21.123
1690535518403,14.5948,14.7683,20.025,23.8523
1690535518407,14.5691,15.2439,19.5446,16.0124
1690535518411,9.3966,11.7359,9.4115,9.493
1690535518415,0.1835,10.5319,13.7151,11.5668
1690535518419,-4.6229,3.2244,3.7379,4.9847
1690535518423,-3.107,-4.4632,-3.1507,-3.9438
1690535518427,-12.1249,-8.1515,-3.231,-7.2154
1690535518431,-12.9459,-11.6756,-2.3934,-9.7464
1690535518435,-19.5182,-16.09,-11.5649,-18.8867
1690535518439,-23.6947,-17.0724,-16.0998,-18.1898
1690535518443,-27.5059,-17.5526,-14.592,-19.5113
1690535518447,-27.9009,-23.6296,-21.6019,-25.7869
1690535518451,-28.4957,-21.5398,-21.6155,-21.7233
1690535518455,-28.7046,-18.6291,-19.6638,-17.5805
1690535518459,-29.9003,-13.0469,-14.9163,-18.5565
1690535518463,-28.8711,-8.3686,-13.2742,-11.8441
1690535518467,-22.149,-7.1583,-6.6749,-11.684
1690535518471,-12.0712,2.3283,-3.5666,-5.8532
1690535518475,-13.8392,4.5078,-0.6393,0.3195
1690535518479,-3.2001,8.8462,1.6301,1.0374
1690535518483,-4.838,13.5595,7.2322,7.3298
1690535518487,0.8812,18.8149,10.7376,8.186
1690535518491,3.521,20.0018,15.201,12.8723
1690535518495,10.4392,22.7051,19.6054,18.036
1690535518499,13.2291,24.4873,18.4709,20.1982
1690535518503,11.5092,24.0172,18.6365,16.3924
1690535518507,14.5288,21.8135,17.2579,9.7785
1690535518511,9.2733,19.4861,15.5292,6.9022
1690535518515,6.7552,13.8305,15.5378,4.4264
1690535518519,4.0517,6.4704,7.9137,3.2451
1690535518523,-0.1091,-4.2705,2.5235,-3.9788
1690535518527,-6.1007,-3.2892,-3.3866,-8.9191
1690535518531,-9.4961,-6.3784,-2.7262,-19.6029
1690535518535,-12.8237,-14.8921,-16.5978,-17.3281
1690535518539,-17.056,-17.2887,-14.5958,-20.3449
1690535518543,-18.064,-21.5229,-18.9051,-23.6961
1690535518547,-20.891,-17.7917,-19.6604,-28.6701
1690535518551,-18.4907,-22.0763,-24.4371,-26.5333
1690535518555,-21.496,-19.2183,-22.4832,-22.2609
1690535518559,-15.9528,-18.4183,-17.3467,-21.1955
1690535518563,-12.0841,-13.4514,-10.0244,-19.2565
1690535518567,-9.0519,-11.6505,-10.0883,-12.9799
1690535518571,-4.2592,-3.2993,-3.4613,-12.3073
1690535518575,-4.4262,2.4461,4.3809,-3.0483
1690535518579,5.5486,9.5833,10.7281,2.047
1690535518583,11.1611,13.7658,13.3909,5.3362
1690535518587,12.5267,14.1687,11.8142,7.9761
1690535518591,18.4193,20.0608,11.3848,12.0355
1690535518595,18.2371,20.9061,16.48,11.9957
1690535518599,23.1237,17.0288,19.6865,15.0134
1690535518603,20.7035,19.3248,21.135,19.5502
1690535518607,22.7361,18.3017,16.3043,16.0629
1690535518611,20.2177,11.518,15.88,13.3137
1690535518615,15.3938,14.264,11.3981,9.3461
1690535518619,10.4372,5.9748,7.9951,4.8456
1690535518623,10.6232,-1.6938,0.5634,2.5476
1690535518627,4.6877,-7.9014,-2.8903,-3.7667
1690535518631,-0.6325,-12.4903,-10.8475,-7.7974
1690535518635,-3.8276,-20.0185,-10.8575,-9.9558
1690535518639,-7.0606,-24.3373,-18.6305,-13.4621
1690535518643,-17.5648,-22.0246,-16.0508,-16.8589
1690535518647,-14.9753,-26.4762,-18.2904,-15.975
1690535518651,-13.3243,-24.0679,-21.5292,-22.5593
1690535518655,-16.2473,-18.5816,-17.6231,-15.9334
1690535518659,-15.1709,-17.1137,-18.2125,-15.7425
1690535518663,-7.81,-16.6575,-14.2287,-10.6705
1690535518667,-4.8479,-12.0291,-7.2856,-7.3909
1690535518671,-0.9764,-4.057,-3.5921,-3.3531
1690535518675,6.973,3.7869,1.9904,0.4978
1690535518679,13.3023,5.4393,4.1156,7.2809
1690535518683,19.6688,11.9617,6.1166,11.832
1690535518687,17.0986,16.4449,9.3513,19.2729
1690535518691,19.5548,19.2745,16.5357,21.4906
1690535518695,26.6482,23.3694,15.104,24.0467
1690535518699,23.6571,23.6241,20.3238,25.4014
1690535518703,22.7809,18.7659,23.5538,27.263
1690535518707,24.8189,24.305,18.4278,23.9708
1690535518711,22.3256,17.1606,14.8402,18.9852
1690535518715,18.2923,17.4788,12.807,13.6726
1690535518719,12.4045,10.9889,11.8677,13.967
1690535518723,7.7863,6.274,4.0778,10.4057
1690535518727,4.6897,-1.0214,-4.9248,5.7738
1690535518731,-1.6315,-7.4633,-6.185,1.7328
1690535518735,-4.3581,-10.471,-10.3912,-4.5236
1690535518739,-6.1507,-16.0982,-13.06,-6.2393
1690535518743,-9.8061,-18.6211,-17.5207,-12.9722
1690535518747,-17.1858,-18.5941,-19.7767,-12.4872
1690535518751,-14.3566,-21.9958,-22.2043,-12.4058
1690535518755,-16.6147,-19.874,-18.0612,-10.2177
1690535518759,-10.928,-18.0861,-16.4363,-7.7076
1690535518763,-10.1099,-12.7818,-17.202,-2.1666
1690535518767,-3.7556,-10.9626,-8.9645,4.6341
1690535518771,-2.7626,-1.9874,-5.1418,8.0591
1690535518775,1.4653,5.3061,-2.2238,9.1337
1690535518779,9.7494,3.5769,4.4681,18.2867
1690535518783,11.9349,15.4369,10.6625,18.8817
1690535518787,16.544,21.0856,16.2963,21.2563
1690535518791,15.1929,16.7153,21.6296,24.8293
1690535518795,21.5204,20.1577,22.0272,27.8878
1690535518799,19.4905,21.0848,21.7195,28.3053
1690535518803,15.6355,19.482,20.2487,26.9333
1690535518807,18.8826,18.2757,16.1438,27.335
1690535518811,16.2281,15.288,11.1371,23.8118
1690535518815,14.6539,13.7544,9.4115,19.3733
1690535518819,7.9661,8.4307,1.7314,14.5792
1690535518823,0.5483,2.479,-0.0857,3.2683
1690535518827,-3.2264,-3.8487,-4.6081,0.8314
1690535518831,-5.7225,-11.4183,-8.9089,-10.7126
1690535518835,-9.3564,-14.4294,-12.9256,-9.3588
1690535518839,-15.8888,-17.9032,-14.07,-14.2478
1690535518843,-16.6334,-23.0341,-14.3103,-15.6754
1690535518847,-19.5231,-25.1754,-16.8872,-20.8349
1690535518851,-16.0734,-27.9904,-17.4794,-21.4995
1690535518855,-15.9518,-24.6381,-15.74,-15.7878
1690535518859,-11.9483,-20.4275,-17.2676,-12.4597
1690535518863,-9.1869,-18.7386,-15.4953,-11.2065
1690535518867,-3.4111,-12.0443,-12.3049,-9.5176
1690535518871,-1.624,-10.2928,-9.3643,-3.407
1690535518875,4.4249,0.775,0.4883,-2.6922
1690535518879,6.3165,2.8306,5.0584,3.7471
1690535518883,15.7348,7.4121,7.3703,6.5302
1690535518887,20.2693,13.0311,15.1441,13.61
1690535518891,17.5383,16.4105,15.9968,17.522
1690535518895,20.1521,19.0657,20.5437,17.17
1690535518899,21.8086,22.8439,20.3373,19.5761
1690535518903,24.6482,22.7382,22.1908,16.2035
1690535518907,20.016,18.8806,18.7764,14.1833
1690535518911,19.4685,15.1467,16.1586,11.1927
1690535518915,14.9696,10.6485,12.7807,6.9025
1690535518919,11.4171,7.2349,6.3582,-0.9877
1690535518923,2.4618,2.3583,0.001,-7.3445
1690535518927,-4.4596,-1.9429,0.1727,-5.6013
1690535518931,-5.8734,-7.3362,-10.1047,-13.8358
1690535518935,-8.5145,-8.7864,-17.4757,-16.762
1690535518939,-17.1176,-16.4523,-17.9483,-18.6412
1690535518943,-20.051,-16.75,-22.2188,-24.4103
1690535518947,-20.8471,-17.0426,-16.9447,-23.9352
1690535518951,-21.1669,-18.2281,-20.4319,-29.9574
1690535518955,-19.1078,-20.2468,-21.4854,-24.3678
1690535518959,-12.8494,-10.3108,-17.0011,-22.5903
1690535518963,-10.6253,-11.1777,-14.7649,-20.4002
1690535518967,-8.0587,-8.9244,-7.204,-16.3531
1690535518971,-4.2133,-5.1509,-3.1568,-12.3088
1690535518975,0.5813,1.3015,1.5725,-7.5175
1690535518979,4.3915,2.9641,4.3789,-4.2561
1690535518983,7.1913,10.7287,11.5739,2.7339
1690535518987,9.3032,19.1717,14.6865,5.7967
1690535518991,14.8077,20.5443,18.7574,7.5254
1690535518995,22.0646,22.0357,17.3633,7.0162
1690535518999,17.1986,20.0513,20.4908,10.3136
1690535519003,16.6282,19.5765,19.0019,7.0591
1690535519007,16.907,16.2018,14.108,6.245
1690535519011,12.4836,17.3266,16.6892,5.1077
1690535519015,6.7326,12.3797,12.3823,3.4538
1690535519019,9.5366,6.969,4.891,-5.3878
1690535519023,-1.1947,7.4045,1.4688,-5.7833
1690535519027,-10.8845,-5.3062,-2.1392,-12.2482
1690535519031,-8.7989,-10.1517,-10.2333,-14.8725
1690535519035,-13.4776,-15.7251,-12.829,-18.2025
1690535519039,-20.6105,-17.6916,-17.267,-21.0667
1690535519043,-22.7674,-17.3601,-19.7177,-22.7399
1690535519047,-24.0902,-21.6321,-22.0603,-23.5674
1690535519051,-27.217,-21.9091,-19.0539,-27.6204
1690535519055,-24.3062,-16.9334,-16.5105,-19.1583
1690535519059,-24.947,-15.7729,-15.7287,-20.3142
1690535519063,-19.755,-15.1647,-11.1289,-19.2293
1690535519067,-12.8419,-10.0628,-9.1283,-12.0114
1690535519071,-6.0832,-3.6503,-6.7688,-6.8482
1690535519075,-3.4829,1.9957,-0.783,-2.4605
1690535519079,3.227,4.0758,5.6754,4.6058
1690535519083,4.9937,8.0495,11.7309,9.5937
1690535519087,3.7338,10.5448,14.7084,13.6214
1690535519091,10.166,15.031,15.1341,19.4624
1690535519095,10.2904,11.4497,22.1323,20.1658
1690535519099,10.6154,15.201,17.3423,15.6328
1690535519103,9.67,16.8767,19.4754,20.3695
1690535519107,9.1478,8.8459,16.871,16.6464
1690535519111,6.7959,16.3634,17.0676,12.8312
1690535519115,-2.3435,11.1064,10.4202,11.8069
1690535519119,-5.8647,2.6069,7.7163,10.8582
1690535519123,-9.6648,0.3556,4.3843,4.9001
1690535519127,-12.3911,-3.2917,-6.0429,-1.3166
1690535519131,-16.8503,-7.6023,-7.4136,-8.5307
1690535519135,-22.5031,-12.4532,-14.7618,-13.2371
1690535519139,-26.5257,-18.3709,-14.1633,-14.2497
1690535519143,-28.9926,-18.9615,-16.8643,-18.4715
1690535519147,-26.7911,-19.7271,-22.7251,-20.6875
1690535519151,-30.9668,-20.9312,-22.6017,-18.9971
1690535519155,-32.6723,-18.6604,-19.0024,-19.4225
1690535519159,-29.4982,-15.481,-19.7872,-14.101
1690535519163,-19.9833,-9.6495,-12.4396,-9.6875
1690535519167,-18.3491,-5.9702,-12.4489,-5.798
1690535519171,-6.1731,-1.8243,-4.3603,0.2172
1690535519175,-1.7756,6.485,2.3305,6.3508
1690535519179,4.3333,13.1945,8.6825,11.3425
1690535519183,10.7679,12.4775,14.1514,15.6252
1690535519187,16.7338,19.6897,14.6124,20.3024
1690535519191,19.0,23.5338,19.0741,22.0715
1690535519195,16.8678,23.1132,20.5055,25.2784
1690535519199,17.818,22.8345,19.8242,23.5265
1690535519203,15.7179,23.0295,17.4958,28.6076
1690535519207,17.9421,17.589,17.9786,22.7555
1690535519211,16.9492,15.0652,15.1949,21.5352
1690535519215,9.9292,8.3287,9.6586,18.8982
1690535519219,6.3044,5.0441,5.8018,12.6855
1690535519223,3.0205,4.4844,1.4924,8.5922
1690535519227,-8.1151,-2.2554,-4.1727,0.7339
1690535519231,-11.5125,-8.8824,-9.3195,-5.9596
1690535519235,-13.5215,-10.0365,-11.2608,-9.9516
1690535519239,-16.9983,-12.8513,-18.0352,-14.7638
1690535519243,-18.0197,-20.3462,-18.902,-13.4086
1690535519247,-17.7214,-21.6636,-16.2986,-15.7153
1690535519251,-20.1178,-18.737,-19.1745,-14.0926
1690535519255,-17.9796,-19.4651,-16.6015,-14.8184
1690535519259,-12.7682,-14.7681,-19.0216,-11.9719
1690535519263,-10.8757,-14.4187,-12.9176,-10.5964
1690535519267,-6.6176,-8.7129,-12.4202,-5.9135
1690535519271,2.3602,-2.0011,-2.8391,-0.4344
1690535519275,3.6505,-0.6145,-2.9524,6.5638
1690535519279,13.2926,4.5151,1.2366,8.0609
1690535519283,12.644,11.5718,7.7065,15.6361
1690535519287,19.8458,18.0436,16.3581,18.9703
1690535519291,22.4004,16.9175,20.2575,14.5885
1690535519295,25.8897,22.6151,22.99,22.4433
1690535519299,29.0144,22.6993,23.5585,17.7407
1690535519303,27.3126,17.1748,21.4496,19.9575
1690535519307,20.8823,16.2115,19.1624,16.2714
1690535519311,20.4492,11.2677,15.7119,17.285
1690535519315,14.9675,7.0758,10.4189,11.1378
1690535519319,12.2769,2.8574,8.2808,10.7699
1690535519323,7.7104,-3.2015,-0.3269,-0.2508
1690535519327,5.7147,-8.0218,-3.8788,-6.6565
1690535519331,2.3428,-13.6751,-9.9074,-6.4573
1690535519335,-3.1167,-17.3087,-12.5928,-13.6224
1690535519339,-10.0778,-18.8643,-14.9205,-16.234
1690535519343,-8.4718,-17.3062,-19.1448,-13.8203
1690535519347,-8.6231,-17.5376,-19.4618,-16.7945
1690535519351,-8.5816,-19.5492,-19.9513,-16.1812
1690535519355,-10.9624,-19.5931,-19.6593,-15.5496
1690535519359,-6.8726,-17.2082,-15.1988,-11.2085
1690535519363,0.6688,-15.086,-18.9608,-11.2691
1690535519367,1.0831,-9.199,-9.0922,-4.3957
1690535519371,6.3136,-6.9258,-6.0221,-4.8797
1690535519375,11.7979,0.2161,-1.2914,2.9687
1690535519379,16.1196,7.4807,4.5828,6.2319
1690535519383,19.8822,11.2363,11.1894,13.6853
1690535519387,24.3497,16.2714,12.1477,15.5739
1690535519391,27.6048,20.029,17.7921,12.626
1690535519395,33.9058,24.3623,18.0447,17.7382
1690535519399,29.9811,24.4458,22.1666,19.3255
1690535519403,28.0493,23.7847,18.629,21.2814
1690535519407,22.9244,19.521,20.0507,16.0898
1690535519411,18.3755,15.7764,15.1285,17.7027
1690535519415,8.1046,11.3916,8.9154,13.9758
1690535519419,10.3841,8.9942,4.6438,7.0305
1690535519423,5.356,7.3964,5.1662,1.938
1690535519427,2.8905,-1.8616,-4.0735,-4.7469
1690535519431,-4.3674,-6.4011,-9.9018,-3.1836
1690535519435,-9.2187,-13.1899,-14.2076,-15.4789
1690535519439,-14.8431,-15.2273,-12.8712,-19.1576
1690535519443,-17.2477,-16.1219,-18.4545,-17.9241
1690535519447,-19.7358,-24.3956,-19.2342,-20.7891
1690535519451,-18.6191,-20.9852,-18.6227,-21.0483
1690535519455,-17.2373,-17.9321,-21.8296,-20.5416
1690535519459,-16.3035,-7.6961,-17.4568,-15.8701
1690535519463,-15.0335,-11.1693,-8.7108,-17.0588
1690535519467,-6.6596,-8.1657,-8.5363,-9.2028
1690535519471,0.2185,-2.3886,-1.209,-5.3346
1690535519475,2.3324,4.3554,7.4878,-1.2795
1690535519479,7.9194,4.9838,7.5245,1.6273
1690535519483,9.072,10.37,11.0271,10.3576
1690535519487,15.884,13.5588,17.8163,17.4891
1690535519491,15.1056,18.6639,16.2067,18.7919
1690535519495,17.4487,17.212,18.7771,20.3542
1690535519499,20.6737,23.6147,18.9925,18.7401
1690535519503,21.2587,19.9472,19.9387,18.0462
1690535519507,19.517,15.749,14.662,17.2826
1690535519511,15.1701,13.1066,10.2683,15.1945
1690535519515,7.8624,6.9495,11.2431,11.9378
1690535519519,6.4523,2.8706,6.1898,10.7434
1690535519523,-1.8196,0.3672,4.7175,4.6659
1690535519527,-6.3132,-4.7973,-2.9695,0.656
1690535519531,-6.7868,-10.7196,-8.1357,-7.0127
1690535519535,-12.9208,-15.8559,-12.502,-17.1005
1690535519539,-13.997,-23.8211,-20.2232,-17.483
1690535519543,-17.8563,-20.7555,-18.9806,-18.7133
1690535519547,-26.4114,-24.6435,-24.6086,-21.31
1690535519551,-22.8775,-22.8417,-22.3883,-22.5126
1690535519555,-21.7762,-21.0629,-19.9111,-22.7681
1690535519559,-17.2396,-19.3231,-15.8068,-20.0003
1690535519563,-14.7756,-15.593,-14.1546,-14.8234
1690535519567,-14.7399,-10.2178,-7.0062,-13.9437
1690535519571,-6.7933,-5.256,-1.6208,-6.3868
1690535519575,-3.3484,1.6806,7.1767,-2.7156
1690535519579,-3.3474,0.5911,8.6129,2.513
1690535519583,12.0766,13.7174,10.3342,7.4386
1690535519587,9.6348,14.0422,11.7666,7.8923
1690535519591,17.6073,15.7744,22.5152,12.7316
1690535519595,17.4169,19.5624,13.86,15.288
1690535519599,10.3492,19.661,18.5586,14.0169
1690535519603,13.5526,22.4105,18.4928,12.8093
1690535519607,11.6548,19.385,13.868,14.8736
1690535519611,9.7558,15.7838,15.4747,11.0444
1690535519615,1.4523,10.9003,10.6557,4.7959
1690535519619,0.6805,7.3459,4.6695,-5.9151
1690535519623,-2.791,3.1716,4.7457,-4.5924
1690535519627,-8.1266,0.2622,-2.0088,-7.6794
1690535519631,-15.9847,-8.0352,-10.256,-17.9305
1690535519635,-16.5947,-7.0191,-16.0309,-20.4551
1690535519639,-19.3777,-10.7576,-18.4087,-25.5202
1690535519643,-21.815,-13.1439,-22.8798,-26.3483
1690535519647,-21.7228,-16.8316,-17.84,-27.8131
1690535519651,-23.5169,-20.6845,-19.0161,-26.3239
1690535519655,-20.8269,-21.0839,-18.7724,-23.6179
1690535519659,-19.851,-16.651,-13.6924,-18.9955
1690535519663,-14.6101,-9.131,-11.4599,-20.2248
1690535519667,-10.8705,-7.4585,-6.4161,-10.3338
1690535519671,-7.1807,-1.8014,-5.7898,-5.4481
1690535519675,0.5781,4.6259,3.0189,-2.9733
1690535519679,0.6324,9.7464,6.1749,3.1577
1690535519683,4.8449,11.9724,13.8304,5.3287
1690535519687,7.9753,15.8429,16.6969,10.4146
1690535519691,15.2419,21.9893,24.5716,10.9101
1690535519695,15.0239,25.4913,17.1315,16.4886
1690535519699,17.57,18.9397,23.1852,15.8782
1690535519703,18.1605,20.8827,18.3478,13.694
1690535519707,17.2071,13.2688,19.393,11.8317
1690535519711,16.2738,15.3095,13.5215,12.7355
1690535519715,8.7538,8.7829,10.015,8.9005
1690535519719,3.9008,3.5627,6.5303,8.3022
1690535519723,0.5652,-1.0826,-3.0186,-1.9886
1690535519727,-7.609,-6.2308,-1.1552,-5.435
1690535519731,-12.5724,-12.8287,-10.476,-11.9882
1690535519735,-13.411,-17.7072,-10.1843,-22.1889
1690535519739,-19.4355,-18.9663,-19.1181,-17.5711
1690535519743,-23.3194,-18.2246,-17.3006,-19.2123
1690535519747,-22.5595,-20.5855,-19.2607,-17.5622
1690535519751,-23.283,-20.9402,-24.2506,-19.1714
1690535519755,-23.5118,-18.8903,-19.3196,-18.483
1690535519759,-20.3449,-16.3626,-12.6152,-12.9926
1690535519763,-14.3254,-14.9106,-14.0417,-16.0102
1690535519767,-13.0539,-12.01,-8.958,-10.4728
1690535519771,-5.7637,-7.7074,-2.087,-5.0611
1690535519775,-6.8136,-5.9018,0.9165,3.153
1690535519779,-1.6507,-1.6127,4.55,6.8523
1690535519783,8.1991,4.8603,10.7162,12.7411
1690535519787,9.6303,11.7768,15.7001,14.3377
1690535519791,11.7903,16.7879,20.5414,21.2683
1690535519795,13.5185,22.407,23.9704,21.5264
1690535519799,13.2366,18.4647,18.6818,25.548
1690535519803,13.8895,16.1575,22.3352,27.3037
1690535519807,9.4387,15.6023,17.6192,23.4286
1690535519811,7.7927,13.6843,8.9577,24.2859
1690535519815,10.0516,6.6866,10.243,15.0795
1690535519819,6.2915,2.5964,3.6975,13.8919
1690535519823,0.4559,1.1913,3.9369,8.8849
1690535519827,-1.9331,-5.4237,-3.9878,6.1748
1690535519831,-12.3337,-7.7258,-7.9384,-1.1203
1690535519835,-15.7591,-13.7273,-12.5182,-1.3684
1690535519839,-15.9998,-18.3539,-15.5092,-2.8501
1690535519843,-19.2441,-17.8278,-18.365,-4.78
1690535519847,-20.93,-19.3039,-17.5876,-10.8594
1690535519851,-25.6613,-15.5368,-20.1077,-11.657
1690535519855,-23.1742,-19.6098,-18.1255,-11.1675
1690535519859,-17.5117,-18.6119,-12.9737,-9.0732
1690535519863,-15.3587,-9.2445,-14.0605,-7.9862
1690535519867,-5.7081,-6.2549,-7.0795,-0.2862
1690535519871,-2.4979,-1.9368,-1.9087,5.588
1690535519875,3.9891,6.6717,4.2173,12.086
1690535519879,4.047,9.2545,10.452,13.4279
1690535519883,11.0417,14.3973,10.3489,19.0475
1690535519887,11.4652,18.7476,18.9326,20.443
1690535519891,14.9347,19.0177,17.3114,21.7397
1690535519895,17.9233,22.3374,17.4927,27.1896
1690535519899,23.7631,23.8351,21.0549,26.1508
1690535519903,19.0306,21.8719,19.0555,26.056
1690535519907,20.168,21.3649,16.447,26.9214
1690535519911,12.6616,13.4293,11.9732,25.0181
1690535519915,6.0555,7.4126,11.0992,19.3213
1690535519919,7.7012,8.2419,5.7579,15.9597
1690535519923,1.5587,4.0754,0.5886,9.8405
1690535519927,-0.9207,3.2397,-3.7125,7.202
1690535519931,-4.1846,-7.7667,-9.933,-2.9593
1690535519935,-7.092,-13.3291,-11.1865,-9.5781
1690535519939,-10.1468,-16.3381,-15.6334,-11.9587
1690535519943,-16.2359,-16.06,-15.3791,-13.4058
1690535519947,-16.66,-22.9395,-20.6453,-16.4957
1690535519951,-17.3941,-20.6035,-19.5061,-15.8537
1690535519955,-16.3483,-23.7955,-18.8517,-12.269
1690535519959,-11.9877,-19.2495,-18.2312,-14.2742
1690535519963,-9.5643,-12.0743,-12.8096,-11.9973
1690535519967,-3.7781,-7.1132,-6.6313,-8.003
1690535519971,0.8509,-5.8907,-5.4572,-2.1614
1690535519975,5.3827,-3.3531,2.8837,6.1928
1690535519979,10.61,6.6284,8.7239,7.1992
1690535519983,19.4187,6.8939,8.1044,9.9353
1690535519987,23.5706,16.7072,15.7735,11.4442
1690535519991,25.7859,15.3358,15.4669,16.3472
1690535519995,27.4033,20.7225,19.1567,19.7053
1690535519999,28.427,19.7328,17.8207,18.3499
1690535520003,31.2023,20.132,22.6298,21.9206
1690535520007,30.39,20.3217,20.0744,16.9994
1690535520011,26.0583,15.6369,11.3736,7.9672
1690535520015,20.2483,5.5976,14.6018,5.669
1690535520019,17.0262,0.6147,8.0066,-5.4017
1690535520023,11.2663,-3.687,-0.5844,-5.0915
1690535520027,2.7217,-8.6885,-3.8744,-6.5059
1690535520031,2.4279,-14.3288,-4.8066,-16.4744
1690535520035,1.6622,-13.7766,-17.4286,-20.6777
1690535520039,-4.6005,-15.6336,-17.9173,-25.1197
1690535520043,-7.3201,-16.8713,-20.214,-23.1769
1690535520047,-12.0962,-22.7129,-19.5016,-27.2676
1690535520051,-14.1487,-23.7031,-19.1941,-29.0537
1690535520055,-11.2715,-22.0435,-14.9005,-28.0301
1690535520059,-7.4592,-20.3741,-14.8993,-26.5908
1690535520063,-6.9175,-13.4088,-11.6841,-18.3804
1690535520067,-4.0548,-4.6864,-6.0847,-13.3287
1690535520071,5.5958,-2.0594,1.0463,-9.4837
1690535520075,8.543,1.9857,6.1528,-4.8518
1690535520079,14.5422,8.823,9.1421,-2.2353
1690535520083,16.2923,14.1816,7.9463,3.329
1690535520087,17.7149,16.893,12.5875,4.9713
1690535520091,22.9132,14.5737,14.8035,9.7525
1690535520095,23.0361,25.1141,16.8582,12.656
1690535520099,26.2925,26.8889,15.8807,10.5357
1690535520103,22.966,25.3514,19.4839,11.9374
1690535520107,23.3929,21.0257,17.0817,7.0869
1690535520111,21.2941,22.559,13.2204,6.5482
1690535520115,15.6607,20.5785,13.9558,1.193
1690535520119,10.6286,13.147,4.5675,2.2505
1690535520123,6.158,4.1191,-0.5582,-8.964
1690535520127,-2.5102,-1.8126,-3.2095,-9.2067
1690535520131,-6.3881,-10.0001,-9.0777,-10.4123
1690535520135,-10.1146,-12.76,-14.5032,-18.1033
1690535520139,-13.5537,-16.0373,-16.1623,-17.6009
1690535520143,-19.2462,-19.9925,-17.4448,-23.4721
1690535520147,-18.5726,-17.5995,-19.5161,-22.4965
1690535520151,-20.3913,-18.2001,-17.7335,-23.2711
1690535520155,-16.5807,-17.7495,-18.1925,-23.5344
1690535520159,-17.2216,-21.7918,-17.7475,-22.9174
1690535520163,-16.3689,-17.3417,-10.7463,-15.8881
1690535520167,-11.6586,-10.4307,-9.9793,-16.3576
1690535520171,-7.3743,-0.8693,-2.8545,-6.5642
1690535520175,-1.1505,3.1454,-2.5631,-2.118
1690535520179,6.3181,5.4351,0.3871,3.0446
1690535520183,9.2122,6.8935,10.6641,4.7919
1690535520187,14.507,11.5303,8.7718,9.5838
1690535520191,15.7325,21.5963,16.9648,11.5746
1690535520195,17.1621,17.9471,20.3197,13.4884
1690535520199,13.5644,22.1543,22.1939,15.142
1690535520203,11.8848,20.791,20.7616,11.9778
1690535520207,13.0476,20.555,17.1571,16.2538
1690535520211,8.1943,14.1712,16.9662,10.7828
1690535520215,8.9212,10.6266,11.6603,12.0066
1690535520219,3.4749,8.9787,5.7895,7.3077
1690535520223,-6.1563,-0.8757,0.8845,3.8768
1690535520227,-8.1728,-4.4836,-2.1801,-4.3551
1690535520231,-17.0049,-7.7599,-6.8058,-5.6091
1690535520235,-21.6028,-9.3329,-10.7947,-11.149
1690535520239,-25.2873,-22.0983,-15.4999,-11.9342
1690535520243,-26.4133,-25.0161,-19.0547,-15.7087
1690535520247,-28.526,-26.7573,-21.8698,-16.5117
1690535520251,-28.3152,-26.7278,-19.952,-18.559
1690535520255,-34.0066,-25.9569,-19.9325,-12.9409
1690535520259,-27.4288,-24.5586,-16.6723,-10.6165
1690535520263,-25.088,-17.5851,-12.5356,-8.6362
1690535520267,-22.7105,-15.5537,-11.5934,-2.8033
1690535520271,-14.1773,-9.0385,-4.2643,-1.3862
1690535520275,-8.5072,-3.7003,2.568,3.7011
1690535520279,-5.4682,5.7711,6.8675,7.17
1690535520283,0.6681,9.6919,13.1191,15.8616
1690535520287,1.2889,13.9369,14.7279,21.097
1690535520291,8.9911,22.5556,14.975,22.87
1690535520295,8.7326,22.9729,12.9458,24.3592
1690535520299,14.0436,24.7001,14.5209,25.6864
1690535520303,15.3382,19.0621,14.7023,21.0285
1690535520307,13.3856,18.7644,14.2036,21.7891
1690535520311,6.5726,18.8909,11.5091,22.6515
1690535520315,5.4389,10.324,8.6891,16.8052
1690535520319,1.6193,10.355,3.8592,16.2665
1690535520323,-2.6509,4.9144,2.7729,5.4708
1690535520327,-7.8627,4.0314,-5.1111,-1.0085
1690535520331,-9.927,-3.1136,-7.4779,-5.1079
1690535520335,-9.8722,-8.7094,-8.4287,-8.0675
1690535520339,-19.5882,-10.0371,-15.562,-12.6535
1690535520343,-22.3029,-18.0418,-14.6102,-16.8279
1690535520347,-22.651,-20.8201,-20.3105,-17.8449
1690535520351,-24.6035,-21.0612,-18.2212,-20.4241
1690535520355,-23.5732,-20.4732,-22.3965,-17.8711
1690535520359,-21.2557,-18.4012,-18.3271,-15.2435
1690535520363,-18.286,-14.6452,-9.4113,-15.4792
1690535520367,-12.8705,-12.6542,-12.1763,-11.1059
1690535520371,-10.6514,-2.8306,-3.6404,-2.9318
1690535520375,-1.9126,-2.9848,1.6579,2.4239
1690535520379,4.1167,7.3682,3.4233,11.6781
1690535520383,8.8891,10.4223,12.5122,17.0535
1690535520387,10.8026,12.999,15.0406,21.2083
1690535520391,19.0962,18.0224,18.7029,20.4626
1690535520395,22.2343,21.1846,19.5588,17.2632
1690535520399,20.0463,19.4342,22.5262,25.3614
1690535520403,20.637,23.8546,18.8265,23.8899
1690535520407,20.4369,21.1386,20.0927,22.954
1690535520411,11.4964,14.9182,16.7349,20.1709
1690535520415,9.4255,14.663,10.6782,15.8887
1690535520419,5.726,5.0155,8.029,9.7456
1690535520423,2.5145,0.3886,-3.1751,4.5623
1690535520427,-5.5975,-6.8757,-9.4308,-2.8647
1690535520431,-11.1995,-13.669,-10.5742,-7.0971
1690535520435,-7.523,-9.0341,-14.3949,-7.3532
1690535520439,-13.2463,-15.5103,-20.738,-13.2869
1690535520443,-13.4364,-15.5382,-19.9221,-16.4655
1690535520447,-19.4119,-16.9968,-19.5877,-20.3098
1690535520451,-16.5599,-22.3436,-16.4406,-19.9716
1690535520455,-17.1889,-24.0609,-17.4615,-15.4417
1690535520459,-12.9518,-22.3857,-14.3781,-13.5315
1690535520463,-10.9716,-18.1601,-10.8182,-11.3108
1690535520467,-4.1124,-16.0231,-8.6062,-8.0532
1690535520471,1.5727,-3.9016,-5.9697,0.0343
1690535520475,3.3001,-7.0741,-0.3604,2.9798
1690535520479,10.7116,-1.7918,6.1139,3.8788
1690535520483,16.1206,5.6868,4.0201,11.9656
1690535520487,21.9586,9.4242,16.6383,16.2513
1690535520491,18.4775,12.3776,16.2198,19.53
1690535520495,24.0763,17.7952,16.4158,22.2915
1690535520499,23.4576,20.5563,18.9786,19.9085
1690535520503,25.0697,16.5968,14.6449,18.1135
1690535520507,21.1297,17.1022,17.3938,20.2708
1690535520511,20.0663,13.0616,13.8629,13.2154
1690535520515,14.376,12.001,11.401,8.2003
1690535520519,7.3483,5.2236,7.0151,3.3786
1690535520523,1.9972,5.9863,0.931,-0.7908
1690535520527,2.5153,-0.1065,-1.3475,-1.8986
1690535520531,-8.2552,-5.811,-11.6235,-7.992
1690535520535,-7.1506,-11.5443,-12.4611,-12.166
1690535520539,-11.823,-14.3864,-14.8331,-12.9354
1690535520543,-16.4827,-18.4308,-11.5262,-18.2028
1690535520547,-16.9784,-17.1312,-19.3935,-15.087
1690535520551,-19.1756,-11.423,-18.456,-20.4689
1690535520555,-16.5148,-14.0315,-19.3338,-14.2865
1690535520559,-16.5941,-15.6609,-19.4028,-14.7994
1690535520563,-9.6803,-14.7524,-15.9528,-3.9197
1690535520567,-1.0107,-5.065,-9.9302,-6.7644
1690535520571,-0.6342,-5.8851,-4.6484,-1.1096
1690535520575,4.0172,1.0863,-1.6689,5.2357
1690535520579,7.1697,5.2403,6.0716,7.9748
1690535520583,7.9397,14.2726,9.1969,11.4729
1690535520587,11.3347,13.0197,14.804,17.6376
1690535520591,17.4582,16.7439,15.7542,19.9025
1690535520595,15.8784,17.5011,19.8283,20.6656
1690535520599,22.312,20.6237,19.0503,20.5042
1690535520603,19.6463,16.6045,19.6941,24.2882
1690535520607,19.5499,18.7659,16.4471,15.5634
1690535520611,16.0799,15.6783,16.3712,11.0212
1690535520615,11.6617,15.4386,11.5221,10.5109
1690535520619,8.4807,8.3247,6.2448,5.8277
1690535520623,1.0588,3.4186,2.7769,1.5202
1690535520627,-1.7449,0.6254,-4.5519,-0.7703
1690535520631,-7.9121,-9.1018,-7.8821,-9.2009
1690535520635,-10.2724,-9.3696,-14.9013,-12.8737
1690535520639,-10.3088,-10.5569,-16.784,-16.8787
1690535520643,-12.7784,-15.5997,-18.993,-19.1532
1690535520647,-17.4095,-17.5932,-18.4588,-25.6127
1690535520651,-11.1105,-20.9326,-21.317,-22.7703
1690535520655,-11.8764,-20.168,-19.2139,-22.8795
1690535520659,-11.2982,-20.4424,-13.1447,-18.5659
1690535520663,-5.2742,-15.0641,-10.5251,-19.5609
1690535520667,1.4446,-9.4167,-6.0156,-15.7434
1690535520671,5.703,-5.9307,-3.0079,-7.562
1690535520675,9.5564,-1.1702,-1.2207,-9.015
1690535520679,16.47,4.9735,6.6216,1.0806
1690535520683,19.229,6.0731,8.2488,4.1004
1690535520687,20.2542,8.7116,11.0119,5.2874
1690535520691,24.2186,17.1102,16.6727,10.4698
1690535520695,23.9804,16.7499,17.3972,17.0683
1690535520699,25.3297,14.8169,16.9013,13.4972
1690535520703,25.0034,16.7882,17.7209,11.9278
1690535520707,25.2359,15.3504,14.5872,12.7453
1690535520711,18.8485,8.7279,13.5011,11.4263
1690535520715,15.5719,6.0697,11.6512,4.9279
1690535520719,10.6858,2.1738,8.8745,3.7743
1690535520723,5.2271,0.5385,2.2621,-0.5362
1690535520727,2.1549,-4.8411,-2.6722,-6.286
1690535520731,-2.2534,-6.5476,-5.1921,-11.3346
1690535520735,-5.3609,-13.5785,-10.2478,-22.3287
1690535520739,-12.6905,-18.3838,-17.2837,-23.9881
1690535520743,-13.7346,-17.0523,-17.5197,-23.9964
1690535520747,-15.1611,-18.9567,-22.1396,-19.7035
1690535520751,-13.0173,-18.5786,-19.0628,-27.0006
1690535520755,-12.9422,-18.465,-16.7351,-29.2455
1690535520759,-11.2756,-17.1403,-19.2636,-24.4428
1690535520763,-11.0998,-12.3394,-18.562,-24.9642
1690535520767,-7.7805,-8.6388,-12.3967,-13.3984
1690535520771,2.002,-1.88,-8.6149,-11.4135
1690535520775,5.4211,4.0664,-0.4643,-6.0204
1690535520779,11.7767,4.2167,7.9587,0.1172
1690535520783,16.5764,13.6064,14.9607,3.56
1690535520787,20.1155,17.0463,15.1478,6.047
1690535520791,17.7758,22.1782,16.1414,12.581
1690535520795,21.1998,21.4472,22.2735,11.3692
1690535520799,21.2342,24.1935,22.2551,12.7455
1690535520803,21.6796,19.8931,20.7948,12.2109
1690535520807,19.9048,22.6156,20.7144,12.3034
1690535520811,12.5102,12.4434,19.316,10.8051
1690535520815,8.7617,16.2416,12.1481,8.2568
1690535520819,4.8444,5.9502,3.9473,0.6585
1690535520823,-2.4347,2.3962,-0.8207,-5.0846
1690535520827,-4.0496,-1.0242,-4.3307,-7.9231
1690535520831,-5.72,-5.6234,-9.5054,-12.6815
1690535520835,-11.4351,-9.2452,-10.1253,-18.8335
1690535520839,-15.8729,-12.1557,-18.3069,-18.9842
1690535520843,-13.9953,-15.733,-18.5948,-20.2873
1690535520847,-19.5807,-17.4333,-17.74,-23.5493
1690535520851,-22.0956,-15.2531,-20.7617,-16.93
1690535520855,-21.3077,-15.2955,-17.2107,-18.7637
1690535520859,-16.7718,-18.8449,-18.6869,-12.9901
1690535520863,-14.1841,-12.2476,-12.1613,-7.4124
1690535520867,-13.2141,-6.247,-6.5315,-7.0423
1690535520871,-6.3262,-3.5952,-2.0214,-1.9321
1690535520875,-4.6321,3.6973,-4.8312,1.6822
1690535520879,0.9269,7.6784,5.0597,8.8561
1690535520883,5.9081,9.6742,6.2683,15.026
1690535520887,6.3001,15.565,11.53,18.0459
1690535520891,8.1499,15.2812,19.3441,26.1011
1690535520895,11.9522,15.8857,21.9858,25.0777
1690535520899,10.2904,15.8679,22.3137,27.5663
1690535520903,9.3568,20.2768,24.0933,23.1987
1690535520907,7.3356,15.89,16.5623,20.8659
1690535520911,4.7321,15.1895,17.1523,18.5076
1690535520915,-0.986,10.43,13.5255,13.3105
1690535520919,-8.7369,3.941,6.6145,11.1848
1690535520923,-8.8073,-0.8476,6.7843,7.7465
1690535520927,-19.562,-4.1032,-2.1819,4.937
1690535520931,-23.0575,-9.5516,-5.542,-0.4319
1690535520935,-23.6144,-20.7609,-13.6088,-4.9183
1690535520939,-25.5827,-18.5393,-14.8788,-8.2528
1690535520943,-29.7824,-18.4689,-14.8495,-9.8246
1690535520947,-30.9623,-21.9869,-23.0634,-12.9287
1690535520951,-35.0371,-19.9929,-20.1577,-11.063
1690535520955,-27.2653,-23.347,-17.967,-11.8953
1690535520959,-22.791,-19.9926,-19.0955,-7.6569
1690535520963,-18.4659,-17.5528,-18.6708,-2.7739
1690535520967,-16.5101,-11.1454,-7.7892,-0.0086
1690535520971,-9.4221,-7.5296,-6.8984,1.1991
1690535520975,-7.4058,0.9007,-1.5752,7.1839
1690535520979,1.4399,5.0358,5.3418,16.1476
1690535520983,8.2777,11.6578,11.5412,21.4621
1690535520987,8.4578,10.9394,12.7216,22.5082
1690535520991,10.035,15.6912,18.7602,27.9674
1690535520995,14.6331,19.9266,21.2067,25.3636
1690535520999,12.4332,22.515,22.58,29.5398
1690535521003,10.3125,18.3363,21.6495,23.0742
1690535521007,13.2951,23.0042,19.4572,25.4553
1690535521011,8.6538,15.4174,15.0912,25.7544
1690535521015,6.7173,16.0113,9.6004,23.9021
1690535521019,0.2471,8.6473,5.4616,18.1263
1690535521023,-0.3924,4.0579,1.101,10.9157
1690535521027,-10.7058,-0.3677,-2.871,8.657
1690535521031,-10.4695,-5.3716,-11.5531,3.9911
1690535521035,-18.417,-6.7824,-13.7717,-5.0588
1690535521039,-19.7582,-12.7727,-18.8422,-5.7825
1690535521043,-21.5658,-19.4344,-19.4805,-10.2916
1690535521047,-19.6854,-15.8701,-19.2373,-18.1371
1690535521051,-23.8222,-14.886,-21.8495,-15.9991
1690535521055,-18.8484,-14.3356,-19.5396,-17.4226
1690535521059,-17.5914,-12.9576,-19.6351,-11.5195
1690535521063,-16.6919,-9.5106,-17.7006,-11.4418
1690535521067,-13.1106,-9.4393,-7.1053,-8.4442
1690535521071,-1.1407,-3.5828,-6.6282,-4.4967
1690535521075,-0.4059,2.64,1.5175,-0.8615
1690535521079,5.3814,3.4785,4.9682,6.6493
1690535521083,14.0119,13.2067,7.971,6.7505
1690535521087,18.7804,17.1494,15.2277,12.3792
1690535521091,20.0949,15.6839,17.355,17.4992
1690535521095,24.2232,19.5695,18.6759,15.2417
1690535521099,22.8649,22.9152,18.337,16.9985
1690535521103,24.0288,20.404,19.4293,18.6687
1690535521107,22.6335,15.5896,18.8752,16.2245
1690535521111,23.4729,12.0297,14.3228,10.6799
1690535521115,17.5081,9.114,10.7739,7.3435
1690535521119,12.4796,6.7721,6.399,3.4013
1690535521123,7.2273,-0.5348,3.379,0.2147
1690535521127,6.3397,-1.6923,-1.836,-11.0873
1690535521131,0.237,-5.4803,-8.7149,-11.655
1690535521135,-2.1606,-15.5729,-11.6149,-18.8646
1690535521139,-7.5692,-10.2589,-13.489,-24.6664
1690535521143,-7.5869,-19.5407,-16.7972,-27.3344
1690535521147,-11.9494,-22.3483,-22.7073,-25.5861
1690535521151,-12.3787,-20.5159,-17.4387,-22.2929
1690535521155,-8.0887,-24.5308,-23.5263,-22.7329
1690535521159,-8.1849,-14.9718,-17.4729,-21.1897
1690535521163,-7.9455,-14.9267,-12.6333,-16.5877
1690535521167,-1.8827,-10.9874,-7.6739,-15.5282
1690535521171,1.421,-6.8726,-6.229,-8.95
1690535521175,7.9523,-3.4055,1.1111,-6.0424
1690535521179,14.9485,3.0541,7.162,-1.002
1690535521183,18.6832,6.6819,11.5607,3.507
1690535521187,21.8319,8.6701,13.9053,4.0321
1690535521191,24.8369,15.2584,20.7265,7.7886
1690535521195,26.9683,13.7782,19.8355,11.3541
1690535521199,25.9381,18.4712,24.0419,14.3071
1690535521203,27.3129,19.8706,16.0953,12.2187
1690535521207,26.4344,19.048,18.4369,9.3914
1690535521211,19.6207,14.7151,15.9634,4.3314
1690535521215,18.3729,9.5151,13.1977,4.4072
1690535521219,9.9231,8.4988,6.0715,-1.6197
1690535521223,8.7874,0.8512,7.1277,-7.2942
1690535521227,-0.6923,-1.5292,-4.0738,-11.2596
1690535521231,-7.6282,-8.0299,-7.0885,-17.4191
1690535521235,-9.485,-6.1037,-14.0127,-20.2326
1690535521239,-6.2904,-12.4049,-20.4963,-25.8091
1690535521243,-16.1534,-16.3978,-17.2845,-25.0526
1690535521247,-14.0259,-17.7299,-18.2116,-26.3583
1690535521251,-16.0473,-13.0547,-21.618,-23.0169
1690535521255,-14.7265,-17.7705,-22.1032,-29.155
1690535521259,-11.0408,-14.8749,-19.529,-21.2902
1690535521263,-13.389,-5.2226,-13.1272,-13.8937
1690535521267,-10.0671,-6.101,-10.1274,-12.8461
1690535521271,-2.6783,1.2541,-2.484,-13.1943
1690535521275,-1.6262,7.7,1.2201,-5.9267
1690535521279,9.4509,6.8702,8.1407,0.1183
1690535521283,13.3045,12.3224,9.7103,6.7312
1690535521287,13.4954,15.333,19.5738,8.9269
1690535521291,19.1117,18.2033,18.3741,14.8155
1690535521295,25.0637,23.7991,21.9292,16.7338
1690535521299,26.8593,20.0195,21.0449,15.1033
1690535521303,25.168,18.897,19.6465,18.9951
1690535521307,25.5987,13.4841,17.9458,16.7011
1690535521311,22.1763,11.3233,14.3652,15.9581
1690535521315,15.92,8.9037,7.3933,10.6606
1690535521319,9.1402,10.9873,6.9117,7.2114
1690535521323,0.9453,4.4306,-1.1658,0.4861
1690535521327,0.6121,1.2704,-4.7123,-3.4016
1690535521331,-1.4675,-2.6739,-8.0466,-8.3757
1690535521335,-7.3417,-14.3549,-12.5507,-10.9638
1690535521339,-14.6904,-17.6149,-17.7872,-13.4907
1690535521343,-16.4417,-18.2856,-16.4978,-17.8325
1690535521347,-22.4176,-22.3595,-21.5838,-19.8553
1690535521351,-19.2586,-18.3128,-21.7492,-18.0738
1690535521355,-17.7341,-23.7312,-17.3463,-17.3801
1690535521359,-16.6828,-14.7165,-18.8486,-14.8302
1690535521363,-15.4373,-14.3767,-13.17,-11.8873
1690535521367,-11.0542,-10.9106,-13.8533,-6.4263
1690535521371,-10.4285,-4.3019,-8.7251,-2.6892
1690535521375,-5.8997,-0.0332,0.786,-1.9007
1690535521379,2.99,5.056,3.8787,5.2795
1690535521383,4.5817,8.0275,9.3577,10.8312
1690535521387,8.5096,13.859,13.0848,13.5212
1690535521391,14.1484,15.2329,18.7358,14.9505
1690535521395,16.5081,15.2616,20.1284,21.0177
1690535521399,18.7985,17.3627,18.9562,22.0474
1690535521403,20.8603,14.4411,22.3083,20.1362
1690535521407,17.7047,14.9938,19.094,20.2333
1690535521411,19.6427,9.0261,15.8732,20.4169
1690535521415,11.2807,7.3758,13.3226,15.0962
1690535521419,10.2685,3.6831,6.1281,7.9445
1690535521423,6.3031,-1.5711,-2.7301,0.9215
1690535521427,-2.9389,-5.4082,-4.6098,1.6321
1690535521431,-6.7932,-8.7595,-9.2853,-5.0885
1690535521435,-10.9766,-13.8885,-10.1009,-7.2363
1690535521439,-12.0002,-16.4357,-16.9127,-11.0482
1690535521443,-20.0016,-16.88,-19.8712,-9.5526
1690535521447,-21.479,-22.7325,-21.0783,-15.0071
1690535521451,-21.1367,-19.6032,-17.3393,-19.166
1690535521455,-20.0781,-17.2367,-19.8118,-13.9791
1690535521459,-13.9318,-13.1273,-18.2894,-14.5172
1690535521463,-14.5723,-13.6313,-14.5591,-10.0743
1690535521467,-8.9266,-4.6518,-9.0865,-7.3753
1690535521471,-7.6776,1.0611,-2.4033,1.4281
1690535521475,-2.3602,0.3177,2.3095,6.1814
1690535521479,1.7079,10.4104,3.7149,11.5709
1690535521483,10.2995,12.2665,11.9453,13.2391
1690535521487,9.1002,19.4044,13.9317,20.8034
1690535521491,16.0243,20.4693,21.8821,20.7521
1690535521495,18.896,22.7204,22.0221,22.662
1690535521499,20.9975,21.7585,20.8821,22.1447
1690535521503,15.9574,24.3945,26.1771,17.9468
1690535521507,18.2343,20.4924,19.2151,20.0485
1690535521511,12.8217,14.2876,13.4718,18.4616
1690535521515,9.8375,10.452,5.5378,9.8828
1690535521519,7.5018,6.2192,6.0802,9.6117
1690535521523,0.7791,2.3423,0.1265,3.7879
1690535521527,-7.0537,-2.3655,-3.848,1.9692
1690535521531,-8.677,-8.1152,-13.2369,-6.8297
1690535521535,-16.8789,-11.5528,-12.1438,-14.2055
1690535521539,-19.8644,-16.1142,-18.0484,-18.6275
1690535521543,-22.2616,-18.828,-19.3803,-23.3811
1690535521547,-25.3399,-22.0689,-15.9859,-23.0007
1690535521551,-22.4148,-21.8893,-16.0575,-21.0037
1690535521555,-25.1636,-16.2795,-16.0516,-24.2387
1690535521559,-22.012,-14.4318,-13.3932,-14.5033
1690535521563,-25.6982,-9.6236,-15.5197,-10.8758
1690535521567,-15.5698,-5.4002,-11.0691,-8.7937
1690535521571,-11.4209,-2.9473,-6.7695,-1.1752
1690535521575,-9.9364,2.3972,4.8036,3.1498
1690535521579,-2.116,9.832,9.4554,7.0421
1690535521583,2.9376,10.2921,12.421,12.7628
1690535521587,3.9413,12.8272,15.2318,16.7898
1690535521591,6.3767,13.6773,15.205,16.7124
1690535521595,11.6402,19.4994,21.8378,24.6931
1690535521599,13.2409,17.4078,21.6642,23.4018
1690535521603,15.8248,17.4551,21.3589,24.456
1690535521607,16.2654,15.1133,16.8384,21.6091
1690535521611,8.6465,14.7681,16.5427,23.0877
1690535521615,5.743,9.8665,12.3115,17.6093
1690535521619,-0.8608,8.2472,4.8421,9.8442
1690535521623,-8.467,1.1795,1.5744,3.1719
1690535521627,-9.1793,-4.2839,-7.0603,1.4848
1690535521631,-12.3984,-12.4263,-7.9497,-2.9556
1690535521635,-16.2929,-15.2279,-12.6251,-12.4568
1690535521639,-20.4483,-19.9594,-17.8391,-12.4964
1690535521643,-25.3429,-25.293,-16.0827,-16.8113
1690535521647,-22.379,-21.244,-19.9666,-14.2085
1690535521651,-24.5468,-22.9179,-21.0042,-11.648
1690535521655,-22.8817,-21.3655,-25.6209,-9.186
1690535521659,-15.6894,-17.4229,-19.9855,-10.7052
1690535521663,-17.4764,-12.8728,-12.6604,-13.31
1690535521667,-14.7518,-9.743,-5.9056,-3.8208
1690535521671,-8.307,-2.3471,-3.7346,1.2039
1690535521675,-2.7752,1.3785,5.3417,2.2888
1690535521679,-4.4311,7.5713,8.1795,8.7071
1690535521683,7.5118,12.7565,12.0425,13.1683
1690535521687,9.9373,15.5485,17.6065,14.3382
1690535521691,10.0241,18.6016,19.4174,18.5499
1690535521695,11.2959,17.1379,21.979,21.4341
1690535521699,15.7661,23.1303,17.1252,19.9232
1690535521703,12.68,20.9905,18.5179,23.4572
1690535521707,12.9487,21.7346,15.6849,20.1115
1690535521711,13.6663,18.1113,14.1718,11.1368
1690535521715,7.2879,15.861,9.5192,11.136
1690535521719,1.2164,11.9421,5.4261,4.4692
1690535521723,-3.3735,3.7339,1.0779,0.9538
1690535521727,-7.3896,0.8917,-6.3141,-1.973
1690535521731,-12.2448,-3.1426,-8.6738,-7.3409
1690535521735,-15.8113,-10.0926,-15.5129,-9.6315
1690535521739,-18.2694,-13.4261,-13.9731,-16.4151
1690535521743,-15.5477,-16.8514,-21.8241,-19.2737
1690535521747,-19.0853,-14.5402,-22.3287,-17.6181
1690535521751,-14.2853,-16.5967,-22.8916,-19.9416
1690535521755,-15.9016,-21.6274,-20.8678,-17.6519
1690535521759,-16.4127,-14.8857,-18.8174,-16.6942
1690535521763,-9.7176,-14.9262,-9.7495,-11.9014
1690535521767,-6.9434,-9.0491,-4.4105,-9.8447
1690535521771,3.1249,0.519,-1.1208,-5.2807
1690535521775,6.2707,-1.1449,1.6524,-0.5277
1690535521779,12.0144,7.1963,4.9254,3.9235
1690535521783,19.1723,10.6646,9.4018,7.8787
1690535521787,23.1981,17.5932,12.0324,10.8853
1690535521791,22.0134,18.7037,12.6663,9.506
1690535521795,26.0009,17.2277,25.4945,16.4514
1690535521799,29.8903,21.1909,18.0019,14.8127
1690535521803,22.2754,17.6713,19.9087,10.9271
1690535521807,25.2329,15.6746,15.5004,12.0215
1690535521811,24.9469,13.2176,17.8384,5.018
1690535521815,17.4219,11.5586,14.9064,4.2098
1690535521819,11.2626,6.8722,8.167,1.3523
1690535521823,7.6351,2.3348,5.5768,-3.0874
1690535521827,8.475,-3.1562,-3.0217,-10.6855
1690535521831,2.0032,-9.4702,-8.9354,-13.8539
1690535521835,-4.3372,-7.797,-15.5667,-19.9973
1690535521839,-7.3326,-16.0434,-17.4538,-24.7714
1690535521843,-5.0338,-19.671,-20.2276,-26.5145
1690535521847,-11.6636,-24.6188,-21.1099,-27.7023
1690535521851,-12.719,-19.4657,-21.5091,-28.7185
1690535521855,-12.8806,-19.6012,-17.255,-29.2091
1690535521859,-3.8874,-19.9757,-12.619,-26.9804
1690535521863,-4.1192,-16.4093,-12.8349,-24.6369
1690535521867,1.8036,-12.0924,-4.7889,-20.7018
1690535521871,4.3145,-9.6755,-4.2636,-15.7392
1690535521875,11.2833,-4.525,5.4506,-6.8701
1690535521879,16.1645,-0.2679,5.7429,0.8512
1690535521883,19.6362,4.0021,14.5098,5.6929
1690535521887,25.4008,12.7643,14.7041,9.4445
1690535521891,25.7871,15.6261,21.1648,8.9937
1690535521895,25.8386,19.9548,18.9526,13.2905
1690535521899,25.5074,17.9743,19.2058,15.9316
1690535521903,25.3553,18.9758,18.7634,11.4959
1690535521907,21.2126,14.5353,19.2748,11.6312
1690535521911,18.0441,15.9952,14.8094,11.3729
1690535521915,13.5659,7.9535,7.8113,9.336
1690535521919,8.5595,9.6787,2.5728,5.9148
1690535521923,6.2991,2.6045,-4.3699,-2.6324
1690535521927,-0.9821,-1.4326,-5.3173,-7.7684
1690535521931,-3.5255,-5.9915,-14.7818,-10.904
1690535521935,-11.6372,-7.3196,-13.5076,-13.8699
1690535521939,-13.896,-12.4602,-15.3969,-18.345
1690535521943,-15.5553,-12.8033,-16.9806,-20.5087
1690535521947,-14.4851,-13.5889,-19.2495,-23.9859
1690535521951,-18.1733,-15.1945,-18.4813,-20.8481
1690535521955,-13.8602,-13.8373,-16.3108,-23.062
1690535521959,-11.4919,-14.9265,-12.7353,-16.9751
1690535521963,-4.0459,-13.1977,-14.1726,-13.5311
1690535521967,-6.9741,-8.4207,-6.0797,-9.8047
1690535521971,-0.4511,-3.269,-5.2533,-6.872
1690535521975,7.6357,0.5599,-0.41,2.3591
1690535521979,15.6438,8.9453,4.8831,7.7523
1690535521983,14.5894,11.6987,9.3248,13.9701
1690535521987,20.2244,12.3309,13.0925,17.3168
1690535521991,17.2734,17.0365,17.2887,18.6999
1690535521995,18.8784,18.6007,22.3111,23.3524
1690535521999,19.3202,21.8822,18.8452,22.4635
1690535522003,19.7405,20.6683,20.0147,23.2994
1690535522007,16.5025,18.893,15.7524,24.9478
1690535522011,10.6968,13.6766,15.5797,15.2127
1690535522015,4.0244,13.3857,9.8184,14.7553
1690535522019,-2.3586,6.4729,2.8795,10.196
1690535522023,-10.0423,4.1349,4.5298,7.6795
1690535522027,-12.9789,-3.8521,-1.2041,2.4692
1690535522031,-20.6363,-6.765,-9.3587,0.0537
1690535522035,-23.5709,-11.8979,-13.7431,-2.1204
1690535522039,-22.5213,-10.4212,-17.38,-8.5345
1690535522043,-25.697,-20.3535,-17.6634,-10.6037
1690535522047,-27.4377,-18.9193,-21.1661,-12.0574
1690535522051,-28.5648,-14.2337,-20.8554,-9.0174
1690535522055,-18.9392,-19.3681,-18.1146,-9.5132
1690535522059,-27.081,-15.5162,-18.1609,-6.8419
1690535522063,-17.957,-15.4911,-14.3278,-1.136
1690535522067,-12.8776,-9.2418,-8.879,1.7179
1690535522071,-11.0994,-3.7436,-4.391,8.3295
1690535522075,-5.2368,-1.7396,4.5274,13.6402
1690535522079,1.5212,2.9236,8.7645,18.3458
1690535522083,7.7204,4.9799,16.6954,19.4508
1690535522087,10.0657,11.8514,16.5707,23.8135
1690535522091,18.4303,10.6086,19.4693,26.5937
1690535522095,12.4153,13.3482,19.3745,27.7746
1690535522099,16.6414,18.6842,13.4855,30.8675
1690535522103,12.9997,14.2369,15.5206,31.7189
1690535522107,12.3214,11.6045,16.01,23.6503
1690535522111,11.236,14.5575,15.0982,21.8788
1690535522115,6.3406,3.5378,7.0528,12.4922
1690535522119,-1.6268,5.4052,3.2354,12.2164
1690535522123,-3.066,-3.1146,4.4735,4.2828
1690535522127,-8.7662,-3.5602,-8.1392,2.7968
1690535522131,-14.1418,-10.6065,-11.0238,0.2341
1690535522135,-20.6259,-12.1956,-11.9265,-9.3239
1690535522139,-18.8682,-16.3295,-21.6051,-12.8174
1690535522143,-21.5836,-15.7188,-16.2009,-13.0185
1690535522147,-24.8709,-20.7127,-12.655,-15.7074
1690535522151,-25.5031,-15.7794,-19.1566,-14.8903
1690535522155,-20.0588,-18.3468,-15.1162,-14.4988
1690535522159,-17.0013,-15.0138,-16.7575,-10.3441
1690535522163,-14.0986,-11.4864,-5.5682,-6.4549
1690535522167,-11.6729,-6.6634,-7.7118,-9.131
1690535522171,-4.7354,-0.1009,-5.7812,-0.6727
1690535522175,1.9277,0.5174,1.6365,1.5127
1690535522179,3.873,9.6357,1.4697,8.15
1690535522183,7.6033,15.5234,10.1576,15.3266
1690535522187,12.442,17.6529,12.7425,15.8185
1690535522191,16.625,17.881,13.2264,20.1749
1690535522195,15.508,22.6988,18.3665,21.9518
1690535522199,14.4768,18.9561,18.4631,17.4954
1690535522203,14.6788,18.2539,16.3314,19.7962
1690535522207,15.9543,19.9857,14.8285,19.748
1690535522211,14.2234,16.4314,18.2283,12.1239
1690535522215,10.9415,7.7652,13.4144,10.4711
1690535522219,0.8192,6.5466,8.2008,6.8363
1690535522223,-3.8949,4.7753,0.6843,5.0669
1690535522227,-10.8036,-2.2274,-3.7286,-3.5322
1690535522231,-11.1476,-3.1289,-8.7394,-9.6384
1690535522235,-16.4357,-9.8522,-12.6957,-18.9065
1690535522239,-17.3351,-15.905,-16.0526,-14.4145
1690535522243,-20.5309,-14.3332,-19.4054,-22.6216
1690535522247,-24.5089,-20.7841,-19.9312,-23.4631
1690535522251,-19.6947,-14.2549,-20.27,-26.6558
1690535522255,-22.2375,-18.4771,-14.6602,-28.9739
1690535522259,-19.5872,-14.5627,-16.6393,-24.1981
1690535522263,-13.379,-8.8514,-10.1018,-16.995
1690535522267,-12.3171,-5.4368,-3.3386,-15.2723
1690535522271,-10.1134,-1.0931,-2.6147,-12.7962
1690535522275,2.6472,1.6512,3.4285,-9.0783
1690535522279,7.7603,2.5917,7.0148,-1.2612
1690535522283,7.6696,10.496,10.5876,4.7101
1690535522287,16.349,12.8588,16.3793,6.5611
1690535522291,17.9811,14.5838,17.4549,6.8143
1690535522295,19.0486,19.1921,20.9262,8.7571
1690535522299,20.875,18.7102,18.9384,16.6764
1690535522303,18.844,14.4996,19.0224,14.5931
1690535522307,15.1306,18.7181,17.5832,9.9763
1690535522311,13.7044,8.826,15.8948,5.1915
1690535522315,9.6294,6.7707,7.3083,4.3753
1690535522319,4.9612,3.7402,3.0009,-6.5188
1690535522323,1.5672,-1.814,0.1164,-5.485
1690535522327,-7.4015,-10.0257,-3.4249,-9.3387
1690535522331,-15.3532,-10.0741,-7.9067,-16.7714
1690535522335,-16.4909,-14.1213,-7.779,-18.2316
1690535522339,-16.8021,-19.2601,-13.6042,-22.1005
1690535522343,-19.5665,-19.5759,-16.6327,-22.5097
1690535522347,-20.3305,-23.0664,-19.6244,-30.3222
1690535522351,-22.9582,-19.9408,-15.5249,-25.6949
1690535522355,-23.1475,-15.7913,-17.2512,-24.0825
1690535522359,-23.2959,-17.743,-17.3966,-21.376
1690535522363,-22.3503,-7.4439,-10.312,-16.2335
1690535522367,-14.5524,-6.9509,-11.3925,-16.4679
1690535522371,-10.9316,-2.4053,-6.0768,-8.2062
1690535522375,-3.7311,3.3763,3.2026,-3.1971
1690535522379,0.7475,11.1534,5.1568,3.6655
1690535522383,4.9472,11.0479,11.6291,8.2203
1690535522387,10.9281,13.896,16.0363,11.0338
1690535522391,18.7504,17.489,16.567,18.5816
1690535522395,18.536,19.7257,20.1866,19.5495
1690535522399,23.3142,18.9133,20.474,13.1738
1690535522403,18.884,21.5062,19.6423,18.0574
1690535522407,18.8619,17.3084,18.8804,16.5384
1690535522411,15.7901,13.0213,14.7143,12.5855
1690535522415,14.5112,10.9511,9.6649,8.0548
1690535522419,7.8527,4.2296,3.9399,5.3733
1690535522423,3.7241,2.6444,2.2353,-0.7523
1690535522427,-0.121,-3.9339,-4.5734,-4.1798
1690535522431,-3.5551,-6.9866,-10.892,-10.7161
1690535522435,-10.7783,-18.4894,-13.8143,-16.0584
1690535522439,-12.8934,-16.2075,-15.9402,-21.2936
1690535522443,-13.7041,-16.5498,-21.2176,-20.4427
1690535522447,-9.7164,-19.1551,-20.9676,-22.0355
1690535522451,-13.8525,-19.0549,-19.0924,-20.8578
1690535522455,-12.819,-17.9858,-17.9031,-18.6003
1690535522459,-7.1469,-13.8269,-15.9101,-17.8928
1690535522463,-7.8283,-12.5504,-10.5178,-9.4098
1690535522467,-3.2441,-6.0756,-7.362,-4.792
1690535522471,2.6319,-2.4361,-2.9676,0.3892
1690535522475,5.6836,3.5795,0.6388,4.183
1690535522479,8.4283,6.4907,5.6075,9.4943
1690535522483,19.7082,8.1303,10.0882,12.6358
1690535522487,18.0524,15.0324,15.5824,15.1743
1690535522491,22.6974,18.4145,19.1051,17.476
1690535522495,24.6075,15.7233,17.031,26.0349
1690535522499,28.1012,20.3214,20.068,23.1266
1690535522503,28.3455,17.7861,19.9322,22.8766
1690535522507,24.2367,14.9084,17.2733,21.5339
1690535522511,23.0232,13.8895,11.3426,16.8768
1690535522515,20.8915,7.8335,8.9366,13.7884
1690535522519,14.3217,2.4503,3.8588,7.7152
1690535522523,13.2245,0.0521,-0.4139,6.8892
1690535522527,6.9698,-11.6302,-3.2861,-1.8677
1690535522531,3.9493,-5.7471,-6.094,0.4031
1690535522535,-5.9131,-12.1433,-11.269,-6.4207
1690535522539,-10.5354,-17.5523,-12.756,-16.7957
1690535522543,-10.0712,-22.8766,-16.0229,-12.7311
1690535522547,-13.5734,-19.3059,-17.8793,-14.3366
1690535522551,-11.4432,-23.2568,-15.5856,-16.9321
1690535522555,-13.181,-21.3938,-19.4403,-15.0573
1690535522559,-5.5965,-13.0196,-15.3423,-13.9366
1690535522563,-3.8845,-18.0288,-14.831,-10.8609
1690535522567,-2.5403,-11.8779,-5.269,-10.3626
1690535522571,0.6831,-9.8711,-2.8756,-1.5336
1690535522575,7.566,-0.0253,-1.3397,-0.6898
1690535522579,11.7153,7.5305,2.0628,6.1461
1690535522583,16.1209,13.643,7.4886,13.1957
1690535522587,20.1784,18.1102,12.2152,13.0975
1690535522591,24.2865,13.8297,15.3236,17.2069
1690535522595,22.8236,18.6675,19.7712,16.7702
1690535522599,26.6672,20.6943,17.4798,16.7377
1690535522603,28.5237,19.5071,18.8023,18.7076
1690535522607,24.3694,18.548,15.2397,15.0407
1690535522611,23.9428,14.2942,16.9923,18.8582
1690535522615,20.07,9.578,12.3392,10.2596
1690535522619,14.5798,5.5525,5.6328,7.9361
1690535522623,8.1687,3.3792,-0.3587,6.2269
1690535522627,4.3869,0.1196,-3.2999,-4.212
1690535522631,-4.0481,-6.7265,-5.872,-4.4284
1690535522635,-5.0404,-14.0112,-10.1484,-6.8815
1690535522639,-11.8062,-14.1146,-15.9015,-11.6959
1690535522643,-18.6095,-18.5219,-19.012,-16.0345
1690535522647,-20.8951,-16.7626,-22.1234,-19.5509
1690535522651,-19.2037,-17.6577,-17.8156,-18.7451
1690535522655,-22.338,-15.7124,-17.7055,-13.8744
1690535522659,-21.2369,-11.5139,-13.8913,-11.6198
1690535522663,-14.1483,-8.2511,-11.1921,-14.7663
1690535522667,-11.4523,-5.9756,-6.5653,-7.1905
1690535522671,-5.0635,-2.2321,-4.4704,-3.0352
1690535522675,-8.4084,3.1273,0.8886,5.53
1690535522679,0.791,8.2531,7.5691,12.714
1690535522683,0.9486,12.8503,11.6772,11.2373
1690535522687,6.8404,13.404,11.5455,21.4543
1690535522691,9.5709,17.4193,17.1161,18.3828
1690535522695,11.0594,17.1422,18.6212,24.4171
1690535522699,8.2674,19.6536,18.1408,28.2644
1690535522703,12.0367,21.9129,18.8734,24.2557
1690535522707,8.6354,19.81,21.2504,24.1849
1690535522711,8.1588,16.5378,15.4063,18.1916
1690535522715,5.9386,12.7748,9.5198,14.263
1690535522719,-0.2679,6.1307,7.91,10.7107
1690535522723,-0.0436,0.329,0.8344,2.2264
1690535522727,-9.0556,-6.5573,-1.8295,2.4299
1690535522731,-15.8661,-10.8066,-8.4508,-9.155
1690535522735,-20.5277,-12.3906,-10.2607,-13.9037
1690535522739,-23.4267,-18.0803,-15.0004,-13.2213
1690535522743,-24.5201,-19.9487,-18.8025,-17.2023
1690535522747,-24.3295,-22.9711,-17.7472,-16.6674
1690535522751,-28.5615,-20.7694,-22.1911,-16.3306
1690535522755,-25.7211,-23.3198,-20.7973,-19.9665
1690535522759,-23.7287,-18.8455,-13.5453,-13.2654
1690535522763,-20.4565,-12.3391,-12.6186,-6.8209
1690535522767,-15.9821,-7.9712,-8.0614,-5.1762
1690535522771,-9.8137,-7.0485,-1.1371,-4.9632
1690535522775,-8.8053,3.5717,3.6894,5.3979
1690535522779,-2.4515,7.272,7.5387,6.001
1690535522783,2.7584,7.316,6.274,13.8741
1690535522787,4.2995,12.2969,12.3629,18.2112
1690535522791,8.0829,13.1923,11.7594,24.6003
1690535522795,13.3768,16.0387,17.4615,24.506
1690535522799,8.5357,19.7306,20.1058,28.4293
1690535522803,8.2394,18.2894,20.336,26.8616
1690535522807,10.6583,15.0677,15.9921,20.807
1690535522811,4.2139,11.8374,13.6266,17.9508
1690535522815,5.5376,7.4398,12.3114,12.6718
1690535522819,0.248,7.1116,6.1417,6.8306
1690535522823,-6.5275,-0.4402,0.9764,-1.9377
1690535522827,-10.4659,-3.9799,-1.36,-3.474
1690535522831,-14.7129,-9.4298,-7.988,-10.2172
1690535522835,-23.4106,-12.1993,-11.5553,-11.5781
1690535522839,-20.0167,-18.428,-16.8379,-11.9137
1690535522843,-23.2155,-15.8635,-14.927,-19.2162
1690535522847,-23.0565,-19.4911,-20.3811,-17.2433
1690535522851,-24.8164,-16.9758,-23.3845,-17.7973
1690535522855,-26.1221,-15.5529,-18.2136,-21.8316
1690535522859,-19.7959,-17.0939,-17.3675,-20.2113
1690535522863,-19.9863,-9.9741,-11.1303,-16.6632
1690535522867,-14.4074,-7.339,-9.4837,-10.3304
1690535522871,-7.178,2.2031,-4.4313,-9.1626
1690535522875,-3.4783,6.0145,3.2996,-4.8525
1690535522879,1.4817,8.2148,6.2257,1.9999
1690535522883,6.0107,14.5568,8.8975,8.486
1690535522887,15.6669,19.5197,15.7487,13.5882
1690535522891,12.3969,20.2381,17.4617,11.8611
1690535522895,19.0831,19.0003,19.7944,11.0628
1690535522899,20.5842,19.7284,19.549,11.3104
1690535522903,19.231,22.6399,15.3237,8.8569
1690535522907,20.1085,16.1854,17.8533,5.333
1690535522911,11.5641,13.6174,18.1224,5.5348
1690535522915,10.5768,15.4497,11.1494,2.6687
1690535522919,8.0332,8.5341,6.383,-3.5389
1690535522923,4.075,4.0553,2.3802,-5.2126
1690535522927,2.7333,-5.573,-2.7364,-11.0887
1690535522931,-5.1253,-7.4654,-7.831,-14.6036
1690535522935,-7.7206,-16.8574,-14.3525,-18.2152
1690535522939,-14.6226,-16.2317,-14.6584,-19.9226
1690535522943,-14.8482,-18.6022,-17.2526,-23.2922
1690535522947,-17.9818,-16.8289,-20.8913,-29.2592
1690535522951,-14.4798,-16.7697,-20.9995,-25.8337
1690535522955,-15.1146,-19.2982,-18.9579,-24.4364
1690535522959,-12.1135,-14.7708,-18.6593,-24.4019
1690535522963,-9.0656,-12.0765,-14.2079,-22.5607
1690535522967,-4.9664,-8.5573,-8.6258,-14.3251
1690535522971,-0.9178,-5.8032,-4.3167,-8.9561
1690535522975,9.3333,-1.1552,3.6386,-4.7562
1690535522979,11.8152,8.387,6.5775,-1.6741
1690535522983,15.553,13.5458,7.8379,2.0203
1690535522987,15.0704,13.2227,14.5096,6.646
1690535522991,19.9333,18.0168,14.4663,7.7733
1690535522995,19.0155,19.7241,18.8737,12.5321
1690535522999,22.0019,19.7813,20.3247,9.0267
1690535523003,16.5617,16.722,21.8416,11.6217
1690535523007,19.062,17.0208,20.147,8.0925
1690535523011,15.6345,14.6692,13.4548,8.8081
1690535523015,12.6923,9.2823,11.371,5.9769
1690535523019,3.6581,4.2515,2.7927,2.4925
1690535523023,-0.3016,-1.1375,1.4046,-3.9274
1690535523027,-5.8947,-8.1716,-6.0666,-10.4274
1690535523031,-6.3545,-16.3209,-8.1157,-12.0111
1690535523035,-10.7117,-16.4085,-10.3665,-19.5028
1690535523039,-14.8095,-17.45,-16.2528,-20.2375
1690535523043,-16.789,-19.7376,-15.0994,-22.5559
1690535523047,-13.4158,-24.4822,-17.1698,-24.8503
1690535523051,-15.6153,-19.1052,-23.722,-22.6676
1690535523055,-13.3778,-22.6325,-16.7807,-23.9264
1690535523059,-11.832,-15.1588,-16.4402,-18.2219
1690535523063,-5.4973,-12.7344,-13.8846,-15.6603
1690535523067,-0.8883,-8.4907,-10.2608,-11.2426
1690535523071,0.4117,-1.6282,-7.016,-2.047
1690535523075,6.5586,1.55,-1.611,-3.2659
1690535523079,11.1458,5.9944,3.1263,6.6621
1690535523083,14.7642,13.9904,9.5853,9.5243
1690535523087,21.4312,22.2978,16.1946,12.9071
1690535523091,22.8892,22.0285,19.9459,18.9105
1690535523095,20.3948,21.6654,17.854,21.5212
1690535523099,22.7766,22.8426,20.9272,26.4055
1690535523103,25.6732,24.8432,18.8127,26.8983
1690535523107,21.5065,17.0193,17.0853,24.0101
1690535523111,18.2635,18.8387,19.2145,22.7593
1690535523115,14.9752,14.8991,12.8783,22.5569
1690535523119,8.293,10.8492,3.59,13.0872
1690535523123,0.7893,7.598,4.6892,5.2968
1690535523127,-4.7129,-2.4327,-2.4444,5.7653
1690535523131,-8.6319,-9.3343,-8.8554,-3.9589
1690535523135,-10.2181,-9.7958,-13.4821,-8.6503
1690535523139,-11.7715,-15.6521,-14.844,-9.6092
1690535523143,-15.4885,-17.656,-18.4252,-13.3675
1690535523147,-19.8861,-21.2855,-19.2677,-16.7585
1690535523151,-16.4655,-19.0783,-20.199,-13.3309
1690535523155,-13.9223,-21.3639,-19.2704,-12.815
1690535523159,-16.4508,-15.3871,-19.2417,-7.0032
1690535523163,-8.5375,-10.7677,-13.5459,-4.0195
1690535523167,-0.6442,-5.0203,-11.1361,-3.0955
1690535523171,-1.8643,-2.6731,-7.704,5.0565
1690535523175,3.2673,-1.4644,-2.447,7.6524
1690535523179,12.7902,8.9484,3.6371,14.6992
1690535523183,13.658,9.2978,14.6939,17.8806
1690535523187,20.3671,16.5378,14.7489,21.849
1690535523191,24.4718,19.5612,14.4089,26.6654
1690535523195,26.3086,20.0581,16.1372,29.6513
1690535523199,24.7976,21.8598,16.0811,32.9523
1690535523203,25.9019,19.8975,19.2185,27.2138
1690535523207,23.7912,17.7202,17.1145,28.3566
1690535523211,22.7634,14.8722,19.8386,24.228
1690535523215,13.2391,11.9283,8.7862,20.4982
1690535523219,7.365,5.4946,10.2074,14.3551
1690535523223,-0.8777,1.9153,4.258,10.6927
1690535523227,-3.095,-4.5007,-2.8841,4.44
1690535523231,-8.7883,-12.6857,-6.8922,0.0276
1690535523235,-8.3619,-13.2742,-9.2214,-8.5795
1690535523239,-11.1201,-17.9286,-16.3809,-9.8367
1690535523243,-19.9345,-21.95,-17.2706,-12.4226
1690535523247,-17.218,-24.3993,-19.429,-11.4252
1690535523251,-16.5058,-27.2108,-18.814,-10.6519
1690535523255,-16.5356,-22.7703,-21.6522,-9.1219
1690535523259,-13.8924,-20.9358,-18.0556,-7.7341
1690535523263,-8.18,-15.0003,-10.4444,-3.385
1690535523267,-3.9152,-6.5538,-7.2546,-2.5008
1690535523271,3.0185,-6.3009,-5.5763,0.3063
1690535523275,8.2402,-0.133,1.1306,7.0628
1690535523279,11.5155,3.1818,3.8629,12.3876
1690535523283,16.8146,8.4691,11.8869,15.4205
1690535523287,20.9401,15.9936,10.92,22.2495
1690535523291,21.9524,16.6674,17.8464,20.2813
1690535523295,20.256,19.3345,17.6191,23.5324
1690535523299,25.2751,18.6425,21.9688,19.985
1690535523303,21.4377,15.4247,18.6722,21.2191
1690535523307,13.8298,18.3922,19.2463,14.6312
1690535523311,18.3684,18.0708,16.9634,13.5286
1690535523315,10.8993,13.0644,13.2679,5.7111
1690535523319,5.3409,8.842,7.6932,1.9333
1690535523323,-0.5991,4.6318,6.0264,0.0325
1690535523327,-9.2706,-1.8364,-5.3712,-7.8126
1690535523331,-15.6957,-4.5018,-6.8596,-9.764
1690535523335,-21.1423,-13.3079,-16.4134,-16.021
1690535523339,-23.6343,-10.9672,-19.7636,-18.9691
1690535523343,-24.7049,-17.8984,-21.3638,-25.1715
1690535523347,-24.0531,-21.1936,-23.2495,-25.167
1690535523351,-28.6911,-16.308,-21.699,-26.8365
1690535523355,-22.0797,-19.7278,-19.1218,-22.9629
1690535523359,-20.7014,-11.0743,-18.4943,-21.1704
1690535523363,-19.2901,-10.0806,-13.7234,-21.8551
1690535523367,-13.7418,-7.0064,-6.8396,-10.9246
1690535523371,-9.4336,-4.1473,-5.2919,-12.4925
1690535523375,-4.5843,4.2,-1.2857,-3.7749
1690535523379,0.8937,3.6035,2.1126,-1.9268
1690535523383,5.576,11.532,12.7137,5.2022
1690535523387,8.4213,13.2399,15.0223,9.7823
1690535523391,10.0988,18.5742,16.8045,10.4757
1690535523395,13.4877,23.8173,19.6127,10.968
1690535523399,14.995,22.3138,18.4423,12.9371
1690535523403,14.0431,21.1647,18.4123,13.6176
1690535523407,17.0131,16.1749,18.1525,14.9944
1690535523411,10.4045,14.4572,15.6481,10.8238
1690535523415,5.8703,10.7336,11.0353,7.236
1690535523419,-3.4371,3.8935,10.0642,2.4876
1690535523423,-3.2069,-1.218,1.743,-5.2357
1690535523427,-10.2869,-3.0868,1.1774,-4.9879
1690535523431,-21.3873,-9.0719,-7.7271,-15.4557
1690535523435,-23.1461,-12.0477,-9.9409,-20.2602
1690535523439,-27.981,-17.3374,-16.157,-19.775
1690535523443,-27.4929,-23.8005,-18.0696,-24.2704
1690535523447,-31.3135,-18.4082,-17.7645,-23.2587
1690535523451,-33.0538,-21.448,-21.6966,-23.1854
1690535523455,-30.8678,-21.1354,-24.1374,-26.6187
1690535523459,-27.6918,-17.7836,-22.6016,-25.8363
1690535523463,-16.9517,-13.0736,-16.0005,-17.1682
1690535523467,-17.8965,-15.3383,-11.537,-17.5183
1690535523471,-12.8443,-4.6455,-6.5077,-12.3672
1690535523475,-10.4422,-4.3405,-0.8636,-0.9653
1690535523479,0.6579,5.6571,5.8122,3.8054
1690535523483,3.2073,7.6577,11.8857,5.2211
1690535523487,9.1467,9.6525,11.1333,6.3347
1690535523491,9.1718,13.3999,21.0927,12.3105
1690535523495,11.5093,17.5885,18.4588,15.7876
1690535523499,10.4076,14.8203,21.7288,13.7488
1690535523503,9.5097,17.4694,22.1686,17.5682
1690535523507,9.4541,15.0843,18.1692,17.1723
1690535523511,5.281,9.2973,15.7831,15.5065
1690535523515,3.3864,7.5435,9.0869,8.3301
1690535523519,-1.9728,10.2105,7.3158,4.4905
1690535523523,-2.1554,3.1568,1.9186,4.471
1690535523527,-7.4985,-3.8586,-6.0681,-8.3568
1690535523531,-9.0094,-7.2217,-11.5255,-10.2601
1690535523535,-17.716,-14.1566,-14.9107,-12.341
1690535523539,-19.0738,-13.0219,-20.2589,-16.7697
1690535523543,-16.1871,-18.4102,-20.8725,-22.5985
1690535523547,-26.142,-14.6759,-23.42,-20.1934
1690535523551,-20.8997,-15.9044,-22.0247,-21.2145
1690535523555,-21.5222,-15.5014,-18.3757,-19.9169
1690535523559,-19.5523,-14.5555,-15.9377,-13.9878
1690535523563,-15.8268,-12.0638,-14.8917,-14.6529
1690535523567,-10.6559,-5.2865,-5.1228,-5.7291
1690535523571,-3.8194,0.3273,-4.3997,-2.1164
1690535523575,2.9289,4.2939,2.471,5.4315
1690535523579,7.3277,10.1117,5.9569,5.3519
1690535523583,11.0896,13.1205,10.204,8.1425
1690535523587,16.5522,16.8091,14.958,12.9221
1690535523591,19.5599,19.7999,15.6021,18.7862
1690535523595,20.2691,19.153,16.5093,22.5056
1690535523599,26.9263,24.903,19.2609,21.567
1690535523603,26.9911,23.1681,18.7955,21.939
1690535523607,25.5691,16.0342,21.5267,18.8296
1690535523611,19.7658,13.8286,18.99,18.3547
1690535523615,17.9216,8.5591,10.2802,12.6834
1690535523619,14.2984,7.3041,2.2961,4.254
1690535523623,8.2734,0.9702,4.1923,1.5911
1690535523627,1.8537,-2.4692,-7.7538,-2.8599
1690535523631,1.3227,-5.7526,-5.9272,-10.3938
1690535523635,-3.5069,-11.4198,-14.4159,-16.2792
1690535523639,-11.3119,-13.31,-16.162,-17.7695
1690535523643,-11.5307,-19.9718,-19.9116,-22.247
1690535523647,-11.0766,-17.7891,-17.5765,-18.658
1690535523651,-15.1746,-22.4908,-15.734,-20.1246
1690535523655,-12.2109,-17.6403,-17.6107,-19.6523
1690535523659,-15.3847,-17.6922,-18.8018,-17.6372
1690535523663,-11.2785,-21.1858,-16.6244,-12.687
1690535523667,-0.0845,-8.4436,-11.335,-4.5349
1690535523671,4.0941,-4.8936,-2.8158,-0.0804
1690535523675,9.2235,3.9237,0.2211,0.8946
1690535523679,10.1379,1.543,1.9232,8.2339
1690535523683,12.4461,14.5631,12.504,9.6315
1690535523687,20.4136,12.5655,12.7701,15.8296
1690535523691,23.3593,19.1387,18.4413,19.4763
1690535523695,23.5417,16.601,17.6295,21.6737
1690535523699,26.5165,16.2405,23.7845,24.9065
1690535523703,26.0663,15.3859,23.5697,19.7672
1690535523707,24.9048,14.7659,16.2287,18.7823
1690535523711,24.9823,8.9431,14.1506,13.0849
1690535523715,21.0562,9.8946,14.6482,11.4745
1690535523719,15.4891,4.1077,6.0182,7.4953
1690535523723,8.7848,-3.1377,-1.3558,4.9215
1690535523727,8.7274,-7.2645,-7.5117,-1.5991
1690535523731,-0.6924,-15.2569,-13.6623,-8.4709
1690535523735,-2.3883,-17.3187,-13.3292,-9.8342
1690535523739,-7.8897,-19.8375,-15.0745,-13.0578
1690535523743,-9.1283,-20.0198,-18.6749,-17.2398
1690535523747,-12.584,-21.2032,-18.7807,-13.8451
1690535523751,-10.8594,-21.0936,-19.9143,-19.411
1690535523755,-13.5113,-15.1573,-22.0203,-15.8149
1690535523759,-13.265,-14.7561,-14.7284,-14.1328
1690535523763,-9.7094,-7.2801,-11.4222,-7.6821
1690535523767,-5.3645,-6.6173,-8.6698,-10.279
1690535523771,-2.1217,-0.5703,-3.2561,-3.8857
1690535523775,7.2158,6.7493,2.647,1.0667
1690535523779,11.8101,6.1643,4.9359,6.0892
1690535523783,11.2989,8.9111,14.2647,13.6208
1690535523787,16.0753,16.4754,15.6603,17.9551
1690535523791,16.189,19.0766,17.9446,22.1233
1690535523795,15.6903,20.4202,16.7757,18.9113
1690535523799,17.7122,25.69,17.8344,20.4845
1690535523803,19.086,26.0467,18.3544,20.7345
1690535523807,17.9638,22.5866,13.7986,22.188
1690535523811,13.5048,15.7815,14.9205,16.882
1690535523815,12.962,15.3378,13.6664,17.4557
1690535523819,5.9969,6.0528,9.0294,9.6795
1690535523823,6.6031,1.1281,4.5039,6.1681
1690535523827,-3.119,-4.5023,-3.573,1.5638
1690535523831,-9.2712,-10.18,-4.5492,-4.1772
1690535523835,-10.3809,-13.5039,-12.9375,-7.9931
1690535523839,-16.1852,-15.2902,-17.5886,-6.1866
1690535523843,-19.6825,-16.8364,-17.6372,-14.8281
1690535523847,-20.5522,-19.8897,-19.207,-16.684
1690535523851,-16.3902,-24.3046,-23.589,-13.2144
1690535523855,-20.1531,-20.0354,-25.5623,-15.1237
1690535523859,-15.1822,-15.5431,-18.6241,-10.438
1690535523863,-15.4103,-7.2608,-16.0912,-7.0066
1690535523867,-8.613,-4.2278,-7.7935,-3.6484
1690535523871,-8.2522,-4.9534,1.3932,3.5211
1690535523875,-0.9922,2.8829,3.936,8.7568
1690535523879,1.8482,5.0447,4.9507,14.5184
1690535523883,7.0017,9.7871,9.9589,16.0255
1690535523887,12.9034,14.3735,12.8565,18.8236
1690535523891,16.5186,16.6343,17.5049,19.7932
1690535523895,17.3119,18.1497,20.1051,20.4881
1690535523899,19.5832,19.3323,18.6187,21.466
1690535523903,18.1714,17.0797,23.7026,23.3686
1690535523907,16.864,12.2346,13.6051,24.2947
1690535523911,14.3882,8.9062,13.9937,20.804
1690535523915,8.9537,10.037,10.45,13.2029
1690535523919,8.5023,5.183,8.3973,8.172
1690535523923,-1.2987,0.3408,1.6593,-0.4313
1690535523927,-0.6022,-5.5322,-6.3453,0.381
1690535523931,-4.4368,-9.1443,-17.4692,-9.4877
1690535523935,-8.1305,-16.1573,-15.6133,-11.2538
1690535523939,-12.1545,-17.784,-18.339,-14.9254
1690535523943,-19.3837,-23.529,-20.9156,-19.6906
1690535523947,-16.4998,-23.1692,-23.1211,-19.4455
1690535523951,-16.1432,-23.3634,-20.1265,-17.1746
1690535523955,-17.7706,-22.5531,-15.3379,-19.9401
1690535523959,-15.8247,-20.578,-12.0492,-17.7958
1690535523963,-17.8698,-17.7814,-11.5021,-16.2462
1690535523967,-11.0555,-12.2596,-9.1977,-14.8986
1690535523971,-9.0465,-3.4923,-3.2799,-7.4929
1690535523975,-2.0353,0.6069,2.5622,-1.4864
1690535523979,2.7247,6.0856,5.0247,3.137
1690535523983,4.2113,12.2978,9.6657,11.2061
1690535523987,9.7675,16.7321,16.2997,12.8277
1690535523991,14.3266,16.6547,15.055,12.9499
1690535523995,15.833,22.9384,17.6164,19.7947
1690535523999,16.7538,23.3992,21.3184,14.959
1690535524003,19.4984,22.0837,18.7504,15.2325
1690535524007,10.3192,22.8198,19.4189,11.4683
1690535524011,11.7337,16.7447,17.3422,9.5565
1690535524015,6.9859,9.5407,15.0857,7.3118
1690535524019,0.6958,4.5343,7.8711,0.9092
1690535524023,-4.4123,5.0867,1.842,-0.6169
1690535524027,-9.9155,-4.4297,-2.381,-11.6225
1690535524031,-9.2397,-6.6639,-11.5279,-15.9756
1690535524035,-15.5593,-8.1121,-9.8429,-18.7331
1690535524039,-19.6217,-13.4445,-20.1135,-23.8218
1690535524043,-21.5963,-14.0935,-18.8927,-24.6205
1690535524047,-23.2079,-16.7397,-17.9993,-31.2948
1690535524051,-21.1836,-18.7333,-21.6064,-32.0666
1690535524055,-19.5673,-17.733,-17.6476,-28.0767
1690535524059,-17.3536,-12.5685,-16.683,-22.7235
1690535524063,-14.9501,-14.8526,-12.8648,-22.6813
1690535524067,-9.783,-6.6542,-10.7442,-18.2853
1690535524071,-7.7667,1.0083,-0.395,-14.0869
1690535524075,-2.644,1.0533,1.1624,-11.2496
1690535524079,2.8218,7.3804,7.515,-5.3169
1690535524083,6.7685,16.5309,11.9904,-0.3427
1690535524087,7.3268,18.146,16.1488,4.3954
1690535524091,10.8931,19.1225,21.7896,8.5146
1690535524095,9.7146,20.628,22.0448,9.3172
1690535524099,15.408,24.0481,22.9568,7.6107
1690535524103,14.8179,25.6651,21.4757,13.0528
1690535524107,13.1048,18.0535,17.1643,9.3632
1690535524111,7.1108,18.3485,16.8868,6.5909
1690535524115,5.4176,9.2984,8.3255,-1.1392
1690535524119,-0.2781,5.3563,0.1524,-5.686
1690535524123,-3.7596,-4.3514,-1.0398,-7.0982
1690535524127,-14.3069,-5.0706,-5.9645,-16.4487
1690535524131,-13.5902,-9.3656,-10.3174,-14.5609
1690535524135,-24.0002,-14.2052,-10.9928,-19.4978
1690535524139,-24.4666,-19.6489,-16.0333,-18.1718
1690535524143,-25.2837,-20.6478,-15.4519,-21.2021
1690535524147,-28.7199,-23.2636,-18.5834,-25.8961
1690535524151,-26.1227,-21.2284,-19.1359,-20.2942
1690535524155,-23.7873,-22.6425,-14.9385,-17.9994
1690535524159,-22.1382,-17.2738,-15.1748,-16.0781
1690535524163,-20.2366,-12.4089,-8.2716,-12.002
1690535524167,-19.0055,-9.2882,-10.2193,-14.6445
1690535524171,-10.2014,-7.5699,-0.9642,-6.7424
1690535524175,-1.6421,-1.6479,0.4416,-2.7294
1690535524179,3.1089,0.5472,7.0262,2.4895
1690535524183,4.4263,8.7127,14.7592,7.2801
1690535524187,8.0018,11.6396,14.8139,9.2459
1690535524191,13.1497,13.4099,17.302,19.3965
1690535524195,12.7387,15.8802,18.7361,18.4191
1690535524199,16.07,20.8353,16.7405,23.1468
1690535524203,17.0374,21.3471,19.0459,21.9845
1690535524207,16.605,20.3024,18.451,18.3738
1690535524211,13.9915,15.7322,15.1182,14.6958
1690535524215,10.4317,9.605,11.7262,13.6497
1690535524219,4.0359,8.083,4.368,9.8384
1690535524223,-0.728,0.2725,-1.8003,6.7248
1690535524227,-5.3648,-5.1038,-4.2248,0.9926
1690535524231,-8.893,-8.8514,-6.6655,-6.4971
1690535524235,-11.9354,-11.2689,-15.3117,-11.0494
1690535524239,-16.8113,-13.7965,-14.5152,-12.4568
1690535524243,-15.9424,-16.9112,-22.0835,-10.8569
1690535524247,-19.0018,-19.2508,-18.659,-13.4293
1690535524251,-15.8303,-18.3192,-19.5511,-15.6915
1690535524255,-18.3586,-20.7222,-16.152,-11.556
1690535524259,-15.6021,-9.7349,-15.732,-10.6993
1690535524263,-4.779,-7.4234,-13.809,-5.6489
1690535524267,-7.1677,-5.703,-11.6231,-3.6538
1690535524271,-0.729,0.8909,-3.7159,2.7465
1690535524275,4.7165,2.5962,0.8819,10.0451
1690535524279,14.277,8.5273,10.3242,11.7356
1690535524283,20.8671,15.182,12.2784,19.515
1690535524287,16.6501,17.5945,14.3497,26.0778
1690535524291,21.1863,20.4041,18.4908,28.1948
1690535524295,25.9164,18.327,17.0142,29.0747
1690535524299,26.0317,23.5869,23.0007,32.9976
1690535524303,23.0963,18.5568,16.4365,33.3018
1690535524307,23.0337,19.3292,16.9204,26.7401
1690535524311,21.9321,19.5081,13.6437,25.2864
1690535524315,19.122,9.3605,14.3826,22.8744
1690535524319,16.6474,5.7106,4.4641,19.4064
1690535524323,5.2758,2.3504,1.5734,12.3784
1690535524327,-0.6775,1.2045,-1.6226,9.0389
1690535524331,-4.5567,-6.7627,-8.7051,3.323
1690535524335,-2.0088,-13.3771,-15.1468,-4.5456
1690535524339,-5.5573,-16.0326,-14.4267,-9.7188
1690535524343,-9.4379,-17.7285,-19.6135,-10.0007
1690535524347,-9.0027,-23.3544,-20.219,-13.011
1690535524351,-14.648,-18.9804,-19.8993,-16.9149
1690535524355,-9.7888,-25.5546,-19.8186,-12.5812
1690535524359,-7.0864,-19.3385,-15.479,-9.9089
1690535524363,-3.6865,-12.5084,-9.718,-9.9638
1690535524367,0.4663,-8.9116,-6.9549,-4.1462
1690535524371,9.005,-4.9084,-4.2212,-2.2122
1690535524375,9.5612,3.0497,5.0093,4.6253
1690535524379,14.8972,8.6963,12.0975,10.0031
1690535524383,21.088,8.7725,10.6248,13.3864
1690535524387,25.2109,12.6903,13.7097,17.8557
1690535524391,31.9734,14.8727,16.8817,22.6525
1690535524395,33.0368,17.2486,18.276,19.2755
1690535524399,32.0809,18.5963,17.3717,21.0656
1690535524403,31.2024,19.1868,20.5508,15.4158
1690535524407,29.7271,19.2192,17.6016,13.0699
1690535524411,25.8754,13.4799,17.9582,13.6697
1690535524415,17.5085,8.714,13.3326,15.6147
1690535524419,13.3881,3.0439,7.5227,7.8713
1690535524423,10.0975,-1.6428,1.1353,-1.9247
1690535524427,6.6692,-4.8519,-3.5397,-4.4537
1690535524431,-5.8148,-7.9779,-8.9519,-11.911
1690535524435,-6.3205,-16.5494,-16.2954,-15.7826
1690535524439,-11.9835,-18.8802,-22.476,-18.994
1690535524443,-20.3713,-22.3171,-21.4193,-23.5093
1690535524447,-13.8607,-19.2394,-21.148,-24.5007
1690535524451,-17.1467,-22.0486,-18.8413,-24.1102
1690535524455,-17.6431,-17.3359,-15.8881,-16.7491
1690535524459,-15.201,-18.082,-16.108,-18.7648
1690535524463,-11.8459,-13.0228,-11.9787,-18.5004
1690535524467,-9.0271,-8.0098,-6.388,-13.0202
1690535524471,-5.2881,-1.5846,-6.8986,-7.8314
1690535524475,1.6872,4.3172,-2.6843,-2.7619
1690535524479,5.3376,4.8205,7.7477,0.9694
1690535524483,8.0516,14.6232,12.2929,8.1533
1690535524487,11.8755,22.5077,14.605,12.4705
1690535524491,12.6297,21.3586,15.6227,13.0578
1690535524495,16.1133,23.1743,20.9331,11.2874
1690535524499,20.0718,24.8071,17.7736,17.2325
1690535524503,18.4503,25.6377,17.9879,10.8666
1690535524507,17.799,20.0196,18.3701,13.0106
1690535524511,13.292,20.5548,15.6339,8.1702
1690535524515,8.4335,16.3985,9.1713,2.1466
1690535524519,5.4261,10.6796,6.3398,-0.7454
1690535524523,-1.9693,-0.4185,-2.7168,-6.5264
1690535524527,-9.0405,-4.3041,-4.2521,-11.3026
1690535524531,-9.8136,-7.1829,-9.1007,-9.9891
1690535524535,-18.9737,-11.0576,-10.8784,-18.3631
1690535524539,-23.9791,-18.0721,-15.8315,-21.7139
1690535524543,-27.3976,-15.4091,-16.716,-24.5575
1690535524547,-24.2291,-21.1217,-13.8847,-23.0283
1690535524551,-25.2786,-22.0177,-18.3437,-26.3454
1690535524555,-24.7405,-19.8586,-18.9423,-23.3329
1690535524559,-22.1856,-18.7007,-14.1264,-24.0105
1690535524563,-17.1967,-13.3645,-14.6582,-19.3049
1690535524567,-14.1158,-6.0305,-11.2921,-15.3861
1690535524571,-5.5685,-3.7299,-2.8478,-7.0914
1690535524575,-0.3297,-2.0455,5.2641,-3.6309
1690535524579,1.4558,5.657,5.2621,2.2123
1690535524583,8.7158,9.9291,9.8233,7.431
1690535524587,10.3491,11.7918,14.793,11.6569
1690535524591,10.2663,16.5533,15.1953,14.6052
1690535524595,13.3454,21.0613,19.0689,19.0769
1690535524599,12.7131,18.6854,19.264,15.7866
1690535524603,14.8447,19.1261,20.396,15.1713
1690535524607,14.2609,21.0286,18.9704,16.0506
1690535524611,11.1956,17.1219,14.8605,14.0003
1690535524615,5.3613,11.426,5.9395,12.9444
1690535524619,3.6013,5.8925,2.1,6.4091
1690535524623,-4.6012,0.5559,0.4688,3.0656
1690535524627,-7.3878,-3.5884,-1.639,-5.5924
1690535524631,-14.0926,-12.1467,-7.7351,-4.5483
1690535524635,-19.9322,-12.8812,-10.3234,-12.3649
1690535524639,-23.1544,-18.1845,-13.8989,-14.5216
1690535524643,-28.6051,-22.0713,-14.9927,-17.2941
1690535524647,-26.8455,-26.8888,-16.8675,-19.2979
1690535524651,-28.3229,-19.9546,-19.1964,-21.0454
1690535524655,-26.583,-27.2385,-18.9349,-22.8089
1690535524659,-23.6457,-20.6663,-16.9724,-18.0502
1690535524663,-17.83,-16.9101,-10.0835,-17.7145
1690535524667,-12.9897,-14.9802,-7.0625,-11.0306
1690535524671,-10.2905,-8.3732,-2.4177,-8.4678
1690535524675,2.2788,-1.7304,0.6666,-1.5571
1690535524679,3.2942,7.1802,2.9805,5.3569
1690535524683,8.1846,8.4239,7.69,9.8997
1690535524687,16.6972,13.6211,13.6574,11.9242
1690535524691,11.6456,20.3233,21.4154,14.1398
1690535524695,17.1076,25.1287,15.5056,17.2804
1690535524699,12.6472,23.8224,22.1518,21.1951
1690535524703,19.1629,28.3937,19.4977,19.1895
1690535524707,18.1028,22.9166,14.2767,18.378
1690535524711,18.4355,18.437,14.4696,13.3398
1690535524715,8.2234,15.7884,8.911,10.6919
1690535524719,4.6708,9.9781,8.8948,2.3586
1690535524723,1.6623,8.5672,-1.6599,0.2524
1690535524727,-6.7717,-0.5321,-2.3351,-4.5668
1690535524731,-9.2537,-3.9494,-9.6637,-8.0347
1690535524735,-9.0275,-7.955,-8.7171,-13.6444
1690535524739,-14.214,-12.5566,-14.923,-18.0346
1690535524743,-18.1284,-15.5872,-19.5727,-22.6156
1690535524747,-19.4227,-16.9747,-16.5858,-20.6258
1690535524751,-21.1858,-19.6735,-17.4095,-22.1389
1690535524755,-22.3164,-25.7165,-16.0126,-20.0896
1690535524759,-18.5419,-18.6043,-16.3603,-13.5693
1690535524763,-16.578,-17.4402,-12.4619,-12.3432
1690535524767,-11.1283,-8.7354,-11.4826,-6.599
1690535524771,-4.6249,-3.2877,-5.0128,0.6627
1690535524775,-0.2012,0.4286,1.3021,7.3553
1690535524779,8.029,3.9828,5.3512,6.7992
1690535524783,7.9335,6.6018,9.4372,10.0989
1690535524787,10.3378,14.2194,12.9072,15.285
1690535524791,16.6833,15.3111,14.8315,19.3476
1690535524795,17.836,17.8784,17.0467,22.1869
1690535524799,15.7222,19.729,18.592,21.2702
1690535524803,15.8648,23.0269,18.7912,20.8886
1690535524807,12.8174,24.4097,17.7667,17.2388
1690535524811,9.8877,18.9725,13.4014,12.3578
1690535524815,5.4877,11.9124,14.4797,10.5266
1690535524819,2.1858,7.8575,9.7466,5.537
1690535524823,-4.0557,3.7111,-0.1468,-3.1644
1690535524827,-2.7842,-2.91,-3.2157,-5.573
1690535524831,-11.7,-10.9758,-13.325,-10.0865
1690535524835,-12.1581,-9.6652,-12.555,-10.8017
1690535524839,-14.6586,-16.959,-17.7198,-18.5429
1690535524843,-15.4807,-22.6591,-16.0258,-16.9235
1690535524847,-18.9209,-19.2971,-18.068,-20.8811
1690535524851,-16.724,-20.893,-18.0743,-17.8203
1690535524855,-16.2957,-21.8174,-16.1746,-14.3642
1690535524859,-12.9483,-21.024,-18.3548,-14.6262
1690535524863,-11.4056,-17.9068,-13.8326,-10.0432
1690535524867,-7.1607,-16.3469,-10.1495,-8.6138
1690535524871,-4.0435,-11.4551,-2.4288,-2.7244
1690535524875,-1.3655,-11.0847,-0.061,2.9984
1690535524879,5.6249,0.6039,5.9989,14.2634
1690535524883,14.7236,8.3868,8.3876,16.6868
1690535524887,17.8902,10.4495,14.8651,19.5639
1690535524891,21.7763,11.6048,17.334,24.2577
1690535524895,16.7573,17.2391,18.1704,24.6329
1690535524899,20.5496,16.0275,19.3682,25.2308
1690535524903,21.0887,13.8701,17.9993,25.3413
1690535524907,22.2452,17.6037,17.6403,23.2496
1690535524911,14.0107,18.1492,16.9977,16.7488
1690535524915,9.679,13.1703,8.6321,13.1563
1690535524919,5.379,12.1478,7.4309,12.9611
1690535524923,2.9782,9.1219,3.8563,7.4961
1690535524927,-1.3971,-0.1744,0.6648,4.4401
1690535524931,-7.4655,-5.9754,-6.3784,1.5891
1690535524935,-11.7444,-8.3638,-11.2134,-7.7098
1690535524939,-15.2086,-11.1917,-16.6238,-8.0632
1690535524943,-13.7749,-16.0264,-20.6276,-12.7858
1690535524947,-18.5561,-19.0457,-19.7737,-18.0494
1690535524951,-11.848,-19.1285,-19.9598,-11.8829
1690535524955,-13.6948,-20.1228,-16.8663,-12.2992
1690535524959,-14.2189,-13.9136,-15.6864,-12.8039
1690535524963,-6.0345,-7.7795,-13.1375,-9.5404
1690535524967,-2.8409,-7.996,-6.1696,-5.5701
1690535524971,0.0151,-5.7036,-5.557,3.3613
1690535524975,8.127,-0.7405,0.7292,6.5912
1690535524979,9.7351,2.5371,6.04,9.3997
1690535524983,13.5544,11.5604,11.3878,14.6925
1690535524987,19.4047,13.5986,12.7857,16.753
1690535524991,22.9017,13.2439,14.7554,19.7964
1690535524995,22.5648,20.7763,15.3629,21.8703
1690535524999,25.2471,16.6198,16.5595,21.3208
1690535525003,25.795,18.2494,19.9952,22.7536
1690535525007,29.466,15.2976,16.7088,22.5126
1690535525011,19.8914,15.9286,12.2209,18.6872
1690535525015,16.8395,13.0612,10.3287,17.3848
1690535525019,15.4874,9.9833,5.9547,11.7892
1690535525023,9.8985,6.6854,-1.0598,4.8613
1690535525027,4.4314,1.9928,-2.2964,-3.8308
1690535525031,5.3738,-2.5108,-4.2686,-7.0464
1690535525035,-3.3123,-11.8072,-12.2559,-10.1781
1690535525039,-6.0507,-11.1451,-14.3287,-12.2543
1690535525043,-11.9708,-15.626,-17.6222,-14.5918
1690535525047,-7.5063,-21.1828,-17.2669,-14.2494
1690535525051,-9.0233,-21.1085,-16.8873,-18.8494
1690535525055,-8.4592,-19.4793,-18.0304,-16.4221
1690535525059,-7.0043,-19.8179,-12.7651,-16.884
1690535525063,-4.2632,-15.7987,-12.0659,-14.5345
1690535525067,1.1616,-14.131,-5.8387,-8.5914
1690535525071,5.2156,-8.1243,-7.589,-2.6287
1690535525075,14.8853,-2.2553,-1.4101,-0.3808
1690535525079,13.2969,1.4323,2.5504,3.9304
1690535525083,19.4522,6.1276,7.511,6.8823
1690535525087,22.1413,15.1531,15.3258,10.5931
1690535525091,23.1631,13.5221,17.572,16.6155
1690535525095,23.6294,17.1803,18.352,18.4562
1690535525099,24.5162,17.6947,19.8872,14.9681
1690535525103,24.6202,16.8392,21.2889,14.1892
1690535525107,22.3112,12.2712,18.1278,15.9781
1690535525111,16.5446,13.304,15.3619,9.157
1690535525115,16.0216,8.4817,10.7453,5.0313
1690535525119,6.2598,5.0806,8.6042,-0.4897
1690535525123,3.2075,0.6035,2.0938,-6.8954
1690535525127,-4.3045,-3.3403,-4.0108,-13.1822
1690535525131,-8.0643,-9.1423,-8.4499,-18.8252
1690535525135,-11.6481,-7.3597,-9.7211,-19.0745
1690535525139,-14.7259,-12.0401,-13.061,-23.9729
1690535525143,-20.9443,-15.763,-20.1987,-27.4878
1690535525147,-20.9275,-14.7018,-17.2813,-32.1362
1690535525151,-19.1982,-19.4197,-18.6234,-31.4785
1690535525155,-20.7894,-16.9474,-21.2677,-28.0613
1690535525159,-13.1183,-15.362,-16.8839,-27.2568
1690535525163,-12.7714,-14.1546,-16.4497,-22.3378
1690535525167,-9.6455,-6.7673,-11.3914,-20.9164
1690535525171,-5.7725,-5.5452,-5.7018,-13.6191
1690535525175,0.1891,6.0677,0.7956,-5.4293
1690535525179,3.0746,5.5855,5.849,-2.5987
1690535525183,6.3064,11.8312,10.002,3.261
1690535525187,9.4184,12.7082,14.9952,8.0018
1690535525191,9.2077,18.6765,18.7912,10.2505
1690535525195,13.4358,19.1585,23.0466,5.7976
1690535525199,15.013,22.2386,17.9445,14.0683
1690535525203,14.6225,21.5306,18.4744,14.2209
1690535525207,15.7452,18.1223,14.3585,12.4158
1690535525211,11.7434,13.5258,15.6149,10.1261
1690535525215,5.7775,10.2057,7.05,5.6148
1690535525219,2.2432,5.9085,3.0787,0.7109
1690535525223,-1.8,-0.3997,-0.5796,-2.1622
1690535525227,-12.3351,-1.0673,-0.3808,-6.6104
1690535525231,-17.2097,-6.4974,-4.3248,-13.2142
1690535525235,-21.5939,-9.2671,-9.7002,-21.6206
1690535525239,-23.3433,-10.2768,-12.6711,-22.7698
1690535525243,-25.5779,-15.1767,-19.0989,-25.7274
1690535525247,-24.3667,-16.7352,-21.78,-24.0633
1690535525251,-27.947,-19.3773,-22.0287,-20.5546
1690535525255,-26.7776,-14.9718,-16.7799,-23.7477
1690535525259,-28.0006,-11.2342,-16.576,-20.8775
1690535525263,-23.0115,-14.252,-14.0781,-19.8476
1690535525267,-19.91,-10.5262,-12.0429,-12.4238
1690535525271,-14.2241,-7.0022,-5.214,-7.5929
1690535525275,-10.9396,-0.286,1.1897,-2.4369
1690535525279,-5.6255,1.9978,2.7088,2.0666
1690535525283,1.2571,10.5465,9.1011,2.6656
1690535525287,2.5971,17.5511,13.5684,13.2943
1690535525291,8.2418,16.0629,12.1128,14.4923
1690535525295,8.5197,19.0774,19.3913,14.8088
1690535525299,10.2834,18.9015,19.976,19.558
1690535525303,11.2294,15.2906,15.1858,19.1676
1690535525307,10.787,14.6887,17.041,16.6363
1690535525311,9.8623,10.7801,18.8002,13.9067
1690535525315,7.405,9.5219,11.6892,8.4796
1690535525319,-0.1003,4.7757,8.8256,6.7841
1690535525323,-5.4401,-1.9039,4.835,7.5746
1690535525327,-10.9582,-8.0335,1.0087,-0.9174
1690535525331,-16.9286,-13.0643,-8.2879,-2.8322
1690535525335,-15.3863,-13.8802,-12.8147,-6.6704
1690535525339,-21.5348,-21.6486,-19.4104,-7.0445
1690535525343,-23.1221,-24.792,-21.3529,-12.0393
1690535525347,-24.4808,-20.2681,-19.6292,-11.7477
1690535525351,-22.909,-20.4381,-17.8624,-11.9955
1690535525355,-22.1604,-19.7188,-22.4869,-9.4721
1690535525359,-20.555,-16.7995,-13.1071,-8.6165
1690535525363,-17.8806,-12.3968,-11.1439,-2.1647
1690535525367,-9.5799,-7.1363,-8.9108,-0.3279
1690535525371,-3.4533,-6.3223,-3.6846,6.4704
1690535525375,-2.6524,3.3225,1.8134,12.2608
1690535525379,7.0126,5.6607,10.3719,18.0203
1690535525383,9.9299,9.4236,8.0926,16.6996
1690535525387,14.0909,14.9383,14.1399,24.967
1690535525391,17.6105,18.5342,11.3416,29.3655
1690535525395,15.818,22.0817,19.3961,26.574
1690535525399,18.2443,22.867,16.7849,24.8241
1690535525403,17.7285,21.9672,19.4899,29.55
1690535525407,20.4597,20.5264,15.806,24.3932
1690535525411,11.3589,15.1925,16.3316,18.7712
1690535525415,10.7664,12.7489,9.6683,16.3222
1690535525419,9.5143,13.5304,4.9385,17.775
1690535525423,4.388,7.6434,1.5606,10.0643
1690535525427,3.4119,0.2283,-1.6496,10.849
1690535525431,-2.749,-8.5637,-8.1812,-2.1294
1690535525435,-10.8612,-8.0304,-14.7471,-4.7005
1690535525439,-15.1217,-18.4222,-13.7875,-10.4513
1690535525443,-21.6172,-18.1545,-15.2433,-13.607
1690535525447,-20.8773,-19.4439,-16.6736,-16.8429
1690535525451,-16.0049,-20.08,-21.2055,-15.7928
1690535525455,-19.779,-16.6392,-16.847,-13.8562
1690535525459,-15.264,-18.5789,-13.9934,-12.0462
1690535525463,-11.8804,-10.2566,-13.9487,-8.8199
1690535525467,-6.3306,-2.6926,-6.5626,-4.9756
1690535525471,-3.1183,-3.2223,-7.388,-1.4697
1690535525475,2.8971,0.1394,1.2369,5.8975
1690535525479,9.6746,8.5613,0.9064,9.4378
1690535525483,13.1482,12.6004,6.281,16.5912
1690535525487,19.8096,11.6971,10.0469,20.3833
1690535525491,22.2693,17.1939,16.1678,23.6138
1690535525495,23.1516,19.8744,16.5724,22.2426
1690535525499,23.8116,20.6944,25.5954,22.2718
1690535525503,25.3339,17.5639,21.6531,19.3159
1690535525507,23.7227,15.0913,23.1664,19.3884
1690535525511,22.298,14.2134,14.9626,21.4381
1690535525515,14.5453,10.0516,8.187,15.2287
1690535525519,14.562,5.5607,5.5602,9.9902
1690535525523,10.3675,3.0448,4.9608,4.5432
1690535525527,7.3533,-0.7891,0.5711,-4.7537
1690535525531,0.525,-11.8279,-10.1922,-9.8215
1690535525535,-4.2033,-14.8177,-14.2055,-20.8875
1690535525539,-9.7283,-14.3812,-9.7634,-17.6425
1690535525543,-12.0507,-21.6617,-21.3214,-23.5229
1690535525547,-16.5252,-19.8661,-25.1743,-20.4515
1690535525551,-16.3493,-22.4119,-22.7778,-21.1124
1690535525555,-15.6263,-22.4228,-21.1317,-21.6032
1690535525559,-13.3673,-17.899,-17.2863,-19.6706
1690535525563,-15.1432,-17.5061,-15.3382,-18.2599
1690535525567,-7.8823,-13.7722,-8.3532,-17.0096
1690535525571,-2.5895,-3.4796,-3.4674,-9.8967
1690535525575,4.1235,0.1003,3.043,-2.6708
1690535525579,6.1912,6.4208,6.9172,1.7378
1690535525583,12.0686,11.0402,11.7702,3.3849
1690535525587,14.156,12.6089,19.2707,10.7242
1690535525591,21.7671,17.2867,18.5792,12.3929
1690535525595,24.3607,19.841,18.4607,14.9259
1690535525599,21.0967,13.9476,18.6983,15.3907
1690535525603,16.7434,17.8797,15.8693,15.199
1690535525607,21.4742,17.2649,18.3969,10.8225
1690535525611,17.2984,20.6076,15.7704,8.5643
1690535525615,11.6905,11.463,9.1533,8.0429
1690535525619,8.66,8.5549,7.5138,1.2264
1690535525623,5.7666,8.3732,1.5223,-5.4202
1690535525627,-2.7171,-2.0665,-0.9235,-8.4692
1690535525631,-4.4233,-5.6517,-5.2545,-9.7179
1690535525635,-11.039,-10.3042,-7.1587,-18.5532
1690535525639,-12.2498,-12.5375,-18.862,-17.0506
1690535525643,-14.6809,-17.3188,-12.8469,-18.5862
1690535525647,-18.119,-17.8074,-21.1903,-22.952
1690535525651,-20.0539,-14.2427,-20.9133,-21.8006
1690535525655,-15.5035,-15.8283,-20.5979,-23.6803
1690535525659,-15.7936,-13.7054,-21.1848,-21.2847
1690535525663,-8.9295,-8.2867,-13.0932,-16.3409
1690535525667,-2.9744,-9.1366,-17.4482,-12.017
1690535525671,-3.0242,-5.0691,-8.2277,-9.7375
1690535525675,3.5747,5.9183,1.4678,-4.3761
1690535525679,10.9974,5.9395,3.8264,4.854
1690535525683,13.3171,12.3488,9.1943,9.5178
1690535525687,17.6898,18.2179,13.9203,10.5168
1690535525691,21.6552,16.2503,16.8141,13.2857
1690535525695,22.7925,21.1264,16.7048,14.5815
1690535525699,23.9487,22.7255,21.341,17.6222
1690535525703,24.3116,18.2915,23.1963,13.7414
1690535525707,25.8209,16.913,22.0241,12.7785
1690535525711,18.2589,12.8957,16.3008,11.0082
1690535525715,16.5013,12.0404,12.5751,5.6271
1690535525719,10.8401,11.0692,9.034,5.3026
1690535525723,5.0761,-0.2162,-0.1529,-2.8316
1690535525727,-2.8757,-4.4426,-3.4106,-6.948
1690535525731,-7.0428,-9.8766,-8.0931,-9.4218
1690535525735,-10.6988,-14.1507,-13.1255,-12.1824
1690535525739,-13.9181,-18.0719,-15.3643,-18.181
1690535525743,-17.3731,-17.9604,-19.5895,-21.9061
1690535525747,-17.7254,-20.8058,-20.5137,-20.0768
1690535525751,-18.4115,-18.3404,-20.903,-25.3861
1690535525755,-15.5587,-19.1419,-20.0676,-20.5139
1690535525759,-15.0761,-19.1733,-14.0839,-17.9009
1690535525763,-9.2045,-16.4277,-11.2047,-12.355
1690535525767,-5.6838,-9.4014,-11.3839,-13.9742
1690535525771,-3.6125,-6.2802,-5.9685,-6.2389
1690535525775,1.7663,-3.7051,-1.4726,0.6607
1690535525779,4.6607,1.4262,4.0126,5.244
1690535525783,11.1849,9.2912,7.4666,10.3784
1690535525787,14.4407,11.1658,16.8712,13.0692
1690535525791,16.1246,12.9073,16.209,18.5294
1690535525795,18.7234,16.337,21.7465,12.0841
1690535525799,20.0814,15.5389,18.2849,18.1379
1690535525803,18.6808,15.9482,17.7735,17.608
1690535525807,18.6612,17.9877,15.5359,15.5352
1690535525811,15.3579,14.0282,17.4612,15.4755
1690535525815,12.1066,9.9738,12.0667,11.1033
1690535525819,10.4791,8.0409,9.214,6.7973
1690535525823,-1.3541,1.4431,3.1879,5.5066
1690535525827,-5.7995,-6.8549,-5.2324,-1.6586
1690535525831,-8.6998,-5.1336,-10.0909,-9.0002
1690535525835,-15.1359,-9.3269,-13.1014,-13.746
1690535525839,-18.3746,-16.084,-18.2338,-15.1274
1690535525843,-21.7169,-21.4026,-19.8416,-19.2688
1690535525847,-19.9687,-18.1205,-20.7325,-21.2061
1690535525851,-19.6695,-18.2394,-18.8365,-23.4757
1690535525855,-18.1988,-17.5731,-18.5433,-19.3497
1690535525859,-18.8618,-16.4566,-19.8956,-15.682
1690535525863,-16.1493,-11.3195,-16.1508,-13.4314
1690535525867,-10.0659,-5.7538,-10.6525,-14.1478
1690535525871,-6.7909,-0.64,-5.541,-5.8926
1690535525875,2.4644,1.4051,1.8001,-0.8135
1690535525879,5.7381,7.6226,3.8014,2.5099
1690535525883,11.869,12.1122,11.6074,9.5077
1690535525887,10.7033,14.6929,13.3883,12.9474
1690535525891,15.7324,18.3914,16.9109,14.0915
1690535525895,8.9508,20.628,20.3252,13.6497
1690535525899,15.2636,22.7704,22.1492,18.2621
1690535525903,12.0175,20.2775,23.3818,17.0314
1690535525907,8.268,18.4108,21.9179,17.605
1690535525911,4.5348,16.1856,18.5544,18.2126
1690535525915,1.3194,12.9569,17.184,11.4532
1690535525919,-5.0087,4.6821,6.9991,4.5584
1690535525923,-7.9528,1.8634,3.4628,1.1074
1690535525927,-15.499,-4.071,-2.8101,-3.998
1690535525931,-19.69,-7.1751,-7.1871,-7.7764
1690535525935,-26.4822,-7.6035,-11.2046,-14.0234
1690535525939,-25.3836,-12.9043,-17.097,-16.4608
1690535525943,-31.2699,-17.9205,-19.9716,-16.8293
1690535525947,-32.1578,-20.0033,-22.0865,-16.2959
1690535525951,-29.9522,-20.3261,-20.8526,-15.4449
1690535525955,-27.5234,-19.1526,-17.1154,-16.7006
1690535525959,-24.5803,-17.9735,-17.2503,-11.9167
1690535525963,-19.9334,-9.5897,-12.6,-6.0864
1690535525967,-14.7787,-5.9205,-7.2949,-4.2292
1690535525971,-13.7636,-7.2635,-1.9566,-0.4517
1690535525975,-5.3819,1.4173,2.1396,6.9228
1690535525979,-1.4562,4.095,9.1027,10.3916
1690535525983,2.9774,9.2565,11.5187,14.2297
1690535525987,4.3663,14.0439,16.129,18.7168
1690535525991,11.0768,14.5149,19.0,27.2985
1690535525995,13.213,13.1743,19.2616,25.4473
1690535525999,14.6639,18.4813,18.1657,24.7209
1690535526003,14.2113,17.2385,20.4646,26.7378
1690535526007,11.2089,13.3542,17.8794,20.6095
1690535526011,8.6118,14.8335,11.8597,20.6737
1690535526015,4.8847,10.6476,11.2785,11.3181
1690535526019,-3.539,2.1621,7.4061,8.188
1690535526023,-7.1736,1.1177,0.94,2.1517
1690535526027,-8.2258,-2.6097,-3.6993,0.2012
1690535526031,-12.7487,-11.9233,-8.2007,-8.7865
1690535526035,-18.9473,-12.8366,-12.1857,-9.3643
1690535526039,-21.0889,-17.8554,-16.2644,-7.9291
1690535526043,-18.2543,-19.8246,-19.977,-13.5187
1690535526047,-26.289,-25.8506,-18.4469,-13.201
1690535526051,-24.4777,-26.4072,-21.8078,-14.0461
1690535526055,-15.6521,-21.1236,-17.8041,-12.7889
1690535526059,-14.2692,-16.7456,-14.7601,-9.1112
1690535526063,-9.6739,-14.0413,-17.5734,-2.7784
1690535526067,-7.4039,-10.2318,-6.8913,-4.1317
1690535526071,-3.5083,-5.734,-4.0432,1.643
1690535526075,4.8811,4.1817,1.6501,9.2356
1690535526079,9.974,8.9241,9.368,16.2395
1690535526083,13.534,8.7462,11.4681,19.8157
1690535526087,17.8044,14.8843,15.7452,21.2227
1690535526091,20.8346,17.677,16.5217,25.6469
1690535526095,19.7556,22.2228,18.6369,27.3729
1690535526099,20.3871,21.6068,22.1739,27.2034
1690535526103,22.9766,20.4708,18.8768,24.9579
1690535526107,24.5561,15.2056,19.9137,23.4369
1690535526111,17.2026,19.5603,18.1264,22.9446
1690535526115,14.32,10.2275,14.0606,18.0617
1690535526119,10.6343,7.2749,8.2993,11.8303
1690535526123,6.3657,4.8382,-1.1006,8.4704
1690535526127,-2.2881,-1.7145,-4.0241,-0.4424
1690535526131,-8.7715,-7.3842,-8.5382,-4.1961
1690535526135,-5.2567,-10.5657,-11.7654,-7.1866
1690535526139,-11.372,-13.9805,-18.7876,-9.1138
1690535526143,-14.1728,-14.6245,-20.7746,-14.2658
1690535526147,-11.4344,-17.0209,-24.0871,-18.3176
1690535526151,-9.6529,-16.4079,-20.7665,-17.1423
1690535526155,-9.9175,-21.5047,-21.4062,-16.9982
1690535526159,-2.5372,-20.827,-16.2764,-15.4324
1690535526163,-2.8452,-14.187,-12.5209,-15.8598
1690535526167,4.3253,-9.8365,-10.5498,-8.8671
1690535526171,8.0231,-1.8017,-5.1402,-6.7385
1690535526175,11.706,2.2914,5.8333,-3.1382
1690535526179,22.1693,3.8979,6.2641,1.9677
1690535526183,23.5154,10.496,10.5611,9.3151
1690535526187,26.2296,11.8049,13.4336,7.6431
1690535526191,29.2648,15.255,20.0789,11.1872
1690535526195,33.503,19.5884,21.9856,14.5137
1690535526199,28.7404,19.4338,17.763,15.7316
1690535526203,27.7855,16.079,22.5786,16.498
1690535526207,25.6353,16.8527,20.6619,11.2914
1690535526211,22.0155,12.1928,17.7066,10.7118
1690535526215,18.8891,8.3075,11.1376,8.146
1690535526219,13.3349,6.7704,8.4564,0.0678
1690535526223,10.4909,4.0115,-0.7732,-5.5307
1690535526227,0.9941,-5.2069,-3.192,-7.6793
1690535526231,-1.417,-8.4698,-7.1548,-11.848
1690535526235,-11.0337,-12.3125,-19.8317,-16.8477
1690535526239,-10.9826,-18.1216,-15.984,-24.391
1690535526243,-15.0523,-21.1987,-20.5512,-25.7905
1690535526247,-13.8426,-21.4625,-16.6934,-28.1405
1690535526251,-14.8993,-25.484,-15.4013,-27.6313
1690535526255,-15.9541,-26.3281,-16.6196,-26.4529
1690535526259,-12.4528,-17.0482,-17.042,-24.1414
1690535526263,-10.8672,-18.7278,-12.2537,-19.0295
1690535526267,-3.8108,-10.7282,-8.9723,-17.7494
1690535526271,-0.8763,-5.2715,-6.4186,-13.2428
1690535526275,7.2963,-3.5292,1.8961,-6.9203
1690535526279,7.6919,6.5842,6.4398,-2.1862
1690535526283,16.0402,8.1349,11.6618,3.9978
1690535526287,21.5413,14.1757,9.2983,9.981
1690535526291,25.3328,14.4299,17.2667,12.0031
1690535526295,15.7359,17.0583,22.8266,9.6801
1690535526299,20.5074,20.5903,20.1916,14.5248
1690535526303,19.2183,23.7162,20.341,11.6079
1690535526307,19.7792,19.5915,20.1201,10.9054
1690535526311,13.678,19.7373,12.1973,7.5289
1690535526315,10.5801,14.2221,8.0941,3.826
1690535526319,11.0371,8.5577,4.0344,0.6094
1690535526323,3.9654,0.9397,-3.3662,-7.2893
1690535526327,-0.1553,-5.5486,-4.8015,-11.9077
1690535526331,-6.7665,-5.5804,-9.0069,-20.0648
1690535526335,-8.9219,-6.5354,-13.2761,-23.8079
1690535526339,-15.3599,-15.5179,-17.3113,-28.5374
1690535526343,-19.7497,-15.1765,-15.5245,-25.2543
1690535526347,-18.5378,-13.9633,-16.9206,-29.202
1690535526351,-21.531,-18.5525,-19.3311,-25.1442
1690535526355,-20.4603,-18.7205,-19.2971,-24.1323
1690535526359,-17.3922,-12.2038,-17.4956,-20.0753
1690535526363,-14.5193,-14.5114,-13.8976,-13.9144
1690535526367,-10.0794,-6.2239,-8.6528,-12.5401
1690535526371,-6.6754,0.0169,-0.2626,-6.9124
1690535526375,-1.2199,2.38,2.4996,-3.7236
1690535526379,4.033,2.4453,6.3999,3.279
1690535526383,7.3825,7.4904,11.1392,10.5996
1690535526387,14.1431,9.945,16.719,12.7271
1690535526391,14.7299,14.4225,18.0529,18.9271
1690535526395,15.2899,10.7001,19.0343,20.6563
1690535526399,19.4231,20.1006,22.3962,17.5744
1690535526403,14.3265,17.36,15.5873,23.1413
1690535526407,16.6055,20.6251,18.3432,22.1295
1690535526411,10.6792,18.0034,16.2687,17.7631
1690535526415,7.6881,12.0266,14.8666,13.4902
1690535526419,5.2457,8.5539,10.2978,9.3258
1690535526423,0.6166,1.2905,-0.1113,4.6699
1690535526427,-5.6635,-1.4647,-4.197,-2.405
1690535526431,-7.6547,-5.9896,-11.5841,-5.2986
1690535526435,-12.5829,-9.9636,-13.0328,-8.9547
1690535526439,-21.0209,-16.5297,-16.7971,-13.6072
1690535526443,-19.6404,-20.4481,-20.0964,-11.5345
1690535526447,-21.3085,-21.9069,-18.1231,-11.4964
1690535526451,-23.4305,-21.5724,-21.7974,-11.0657
1690535526455,-18.666,-22.5717,-18.5634,-13.2243
1690535526459,-18.6216,-19.6497,-16.6438,-4.6243
1690535526463,-15.5812,-13.0015,-8.0417,-4.9567
1690535526467,-14.7245,-8.8797,-6.2823,-5.2938
1690535526471,-8.0663,-6.8791,1.562,-0.7207
1690535526475,-1.5501,-3.2791,3.3777,6.8598
1690535526479,5.3677,4.6131,8.1847,10.947
1690535526483,6.2347,1.3107,14.3712,17.9308
1690535526487,8.8995,10.1049,15.0227,22.8129
1690535526491,15.9972,12.7162,16.3285,25.8155
1690535526495,18.9955,11.4383,15.9061,24.7621
1690535526499,17.8202,10.1781,19.4481,22.6108
1690535526503,16.452,15.9791,17.7506,24.2782
1690535526507,16.3792,13.4715,15.1672,24.432
1690535526511,15.671,11.0537,14.2422,22.9521
1690535526515,12.4956,9.4724,12.0908,15.2755
1690535526519,7.4037,9.0928,5.3358,14.4903
1690535526523,1.4491,0.078,4.587,6.0031
1690535526527,-3.4634,-1.9663,-1.6626,4.5984
1690535526531,-7.5139,-7.1136,-10.7467,-1.2923
1690535526535,-12.6059,-10.9794,-15.3188,-5.961
1690535526539,-17.1283,-12.4638,-13.2729,-5.0512
1690535526543,-20.1313,-12.03,-17.8022,-9.3742
1690535526547,-23.0002,-13.7702,-23.7219,-8.614
1690535526551,-24.7788,-18.2981,-20.9061,-6.1223
1690535526555,-23.9256,-14.893,-17.5115,-12.014
1690535526559,-20.0174,-14.3534,-13.2777,-11.7722
1690535526563,-16.5311,-10.7539,-10.1899,-5.7328
1690535526567,-15.969,-6.7904,-5.385,-3.003
1690535526571,-8.5326,3.253,-2.0433,-0.5605
1690535526575,-6.9705,4.9089,1.9833,10.6146
1690535526579,-8.1833,7.7107,4.0647,10.9448
1690535526583,1.9558,14.141,12.8105,16.2276
1690535526587,3.1479,15.2062,16.7473,16.8644
1690535526591,12.5839,19.587,16.7268,21.3364
1690535526595,9.8698,19.7164,20.5973,18.692
1690535526599,14.4201,23.5844,21.5116,20.7181
1690535526603,11.3108,14.0886,22.9629,23.3423
1690535526607,10.1242,18.863,18.4953,19.0868
1690535526611,12.4031,12.0212,12.1232,18.9784
1690535526615,4.6709,10.0959,11.3163,11.7675
1690535526619,4.7256,5.1251,3.0548,6.0841
1690535526623,2.1058,2.5658,-2.327,6.3687
1690535526627,-3.3495,-2.3926,-0.3013,-4.4809
1690535526631,-12.6716,-5.9031,-10.4962,-11.9601
1690535526635,-16.2397,-9.4451,-8.7358,-12.9017
1690535526639,-18.0756,-9.3154,-18.5342,-17.7106
1690535526643,-18.2216,-16.0937,-20.5142,-24.1808
1690535526647,-22.3682,-15.9923,-20.8027,-25.4742
1690535526651,-24.2342,-15.4356,-16.2775,-21.5702
1690535526655,-21.5363,-14.9557,-12.3719,-22.628
1690535526659,-21.0105,-16.4721,-14.0484,-17.5401
1690535526663,-18.732,-16.6509,-8.4415,-14.9259
1690535526667,-16.3154,-7.224,-10.4303,-9.3439
1690535526671,-7.398,-3.6887,-6.7579,-7.756
1690535526675,0.4717,5.5709,0.5774,-3.1916
1690535526679,0.5211,6.942,5.2853,-1.0991
1690535526683,7.2444,6.7164,14.5898,6.2617
1690535526687,9.3418,11.2557,15.1744,10.7358
1690535526691,13.2587,10.0115,14.7257,16.6588
1690535526695,11.852,14.3603,23.4471,15.1789
1690535526699,16.9452,16.8469,18.3458,19.2474
1690535526703,18.2203,14.717,19.5081,16.0684
1690535526707,15.711,14.0645,14.1931,17.3959
1690535526711,12.6087,11.4329,13.6147,14.0698
1690535526715,7.2968,4.8222,11.7494,9.5482
1690535526719,3.6908,-0.4616,3.4197,6.0389
1690535526723,1.1566,-3.987,1.6902,-4.5356
1690535526727,-4.3271,-9.4666,-0.1787,-7.4358
1690535526731,-11.9915,-11.317,-8.9471,-13.0287
1690535526735,-8.5065,-11.1695,-7.838,-16.6079
1690535526739,-13.7639,-11.563,-15.7733,-17.1276
1690535526743,-16.3418,-20.7955,-16.6694,-22.4223
1690535526747,-16.9726,-18.8656,-16.6149,-24.7439
1690535526751,-19.4382,-20.9332,-18.3085,-26.7585
1690535526755,-13.3372,-17.9389,-19.2885,-23.828
1690535526759,-11.6853,-14.0488,-15.3271,-22.0211
1690535526763,-15.0657,-9.499,-15.4797,-14.7906
1690535526767,-9.0564,-6.7712,-9.1422,-14.2984
1690535526771,-5.6107,-1.2655,-2.3242,-8.9034
1690535526775,0.5133,3.7748,-0.2882,-1.0126
1690535526779,3.943,6.2165,7.3277,0.5378
1690535526783,16.6603,12.9385,14.0214,7.5867
1690535526787,14.2173,14.3464,12.4268,8.5065
1690535526791,21.1912,20.7301,19.7187,14.0016
1690535526795,23.5367,20.3361,18.1967,16.4349
1690535526799,24.8594,18.7998,22.3963,13.3521
1690535526803,26.8115,20.8513,19.4261,19.2208
1690535526807,24.982,19.6725,19.4547,14.4341
1690535526811,24.5054,17.7498,11.0218,9.6243
1690535526815,20.782,12.4769,5.7875,10.1681
1690535526819,15.208,5.7792,2.7714,3.6889
1690535526823,13.3034,1.1335,-3.9291,-2.9271
1690535526827,7.971,0.6226,-8.4324,-2.7082
1690535526831,1.5929,-10.1428,-6.3766,-10.6167
1690535526835,-3.0919,-18.6102,-13.3514,-14.8888
1690535526839,-5.5812,-13.9878,-18.7657,-20.5241
1690535526843,-4.1497,-19.3037,-18.8183,-20.0816
1690535526847,-8.4966,-16.7327,-20.4126,-23.6326
1690535526851,-3.8855,-14.0345,-18.7788,-18.4539
1690535526855,-5.4802,-18.461,-16.3563,-19.0467
1690535526859,-5.592,-9.1654,-12.3888,-16.3575
1690535526863,1.8235,-11.8503,-8.9968,-12.6226
1690535526867,1.2122,-11.2653,-5.2109,-7.2774
1690535526871,4.051,-1.2519,-5.8733,-6.6297
1690535526875,2.495,4.9351,-0.3541,0.9675
1690535526879,13.9069,7.5767,6.36,2.393
1690535526883,18.8375,15.4077,14.0214,15.0994
1690535526887,19.1135,14.1303,15.6677,13.5995
1690535526891,24.7381,16.5692,18.7184,16.0246
1690535526895,25.8304,18.3257,18.6493,14.7385
1690535526899,24.9381,17.8155,20.3399,20.3271
1690535526903,28.7263,12.3022,15.5886,17.8568
1690535526907,24.8756,14.5947,15.0448,15.3396
1690535526911,21.4609,10.6116,12.2643,11.431
1690535526915,16.8158,8.821,9.6616,6.2347
1690535526919,11.4643,4.8602,6.6705,2.2374
1690535526923,5.1857,-1.726,0.3523,-4.753
1690535526927,3.4482,-7.1148,-2.5504,-8.8403
1690535526931,-4.2758,-13.2019,-8.6388,-9.7117
1690535526935,-9.0814,-16.3196,-11.8095,-18.9826
1690535526939,-11.7216,-19.4342,-12.5794,-18.1864
1690535526943,-12.0058,-18.7864,-17.8667,-24.6254
1690535526947,-17.5104,-22.5173,-19.676,-24.0842
1690535526951,-17.4745,-19.4286,-20.7759,-20.6745
1690535526955,-15.0595,-23.9227,-19.7257,-19.7421
1690535526959,-12.735,-19.1078,-18.0368,-19.6402
1690535526963,-6.4976,-13.8297,-14.8165,-15.7519
1690535526967,-3.7793,-13.7276,-9.9731,-11.0042
1690535526971,-4.036,-2.5113,-0.2852,-4.3156
1690535526975,1.9218,-1.6342,2.4143,0.514
1690535526979,7.8164,3.3426,4.2426,3.6368
1690535526983,12.2105,11.086,11.1258,9.9963
1690535526987,17.7014,14.2143,11.2031,13.2206
1690535526991,18.6315,16.874,15.9178,16.8119
1690535526995,20.8584,19.5326,17.5911,17.0735
1690535526999,18.4813,22.6663,21.9579,19.8965
1690535527003,17.0562,23.2707,18.6802,19.0681
1690535527007,15.83,18.2102,17.0772,18.1906
1690535527011,14.1684,14.0068,11.4502,14.5086
1690535527015,8.3057,11.3904,9.206,13.7623
1690535527019,2.4162,4.8923,6.6492,11.7092
1690535527023,-2.0365,6.4866,-0.1233,4.7747
1690535527027,-9.0554,1.5363,-3.7003,-2.4017
1690535527031,-12.7497,-5.2436,-5.9319,-6.8253
1690535527035,-17.2011,-12.5718,-12.2441,-11.8843
1690535527039,-21.2391,-11.5693,-18.1954,-17.2267
1690535527043,-22.9036,-18.9263,-19.5658,-18.2124
1690535527047,-25.8799,-16.2339,-25.2733,-16.8641
1690535527051,-25.8512,-15.4869,-18.8543,-19.0373
1690535527055,-27.9226,-16.3797,-15.8396,-20.4565
1690535527059,-24.8531,-12.4411,-14.3493,-15.9462
1690535527063,-21.5442,-12.1614,-10.199,-15.2034
1690535527067,-11.3624,-10.8386,-6.7639,-9.1956
1690535527071,-9.1841,-0.2271,0.486,-4.77
1690535527075,-4.5704,3.4296,3.1281,-1.7935
1690535527079,-0.9417,5.0468,6.1255,8.118
1690535527083,2.2994,7.4587,9.2268,11.7625
1690535527087,3.9576,15.6646,12.0807,21.2871
1690535527091,10.2332,15.2519,10.0496,18.679
1690535527095,14.5659,20.8466,14.2994,18.8913
1690535527099,13.3509,21.0709,16.3251,22.4176
1690535527103,12.9665,17.7865,17.6248,19.3374
1690535527107,8.5129,20.2082,16.7998,21.885
1690535527111,1.2059,13.2796,13.8832,20.9465
1690535527115,3.1488,12.5735,10.6117,12.9249
1690535527119,1.0457,3.2377,7.9988,10.3101
1690535527123,-7.2906,-2.3109,1.6662,1.3168
1690535527127,-8.2935,-5.3615,1.17,2.6119
1690535527131,-15.2214,-12.3467,-4.7349,-1.5303
1690535527135,-21.0243,-12.4322,-13.7357,-6.7148
1690535527139,-20.1194,-20.4613,-14.2727,-9.4636
1690535527143,-25.3484,-22.7463,-14.1013,-11.373
1690535527147,-23.2494,-23.7187,-17.8261,-9.4876
1690535527151,-23.7497,-21.6256,-20.9908,-12.3202
1690535527155,-20.9555,-21.9578,-18.0436,-13.4692
1690535527159,-21.3092,-17.9384,-18.0123,-10.0482
1690535527163,-18.903,-15.2339,-13.0676,-1.8461
1690535527167,-12.1399,-12.1423,-9.4129,2.6793
1690535527171,-3.8714,-9.3865,-4.8835,5.906
1690535527175,0.7357,4.9781,1.0879,10.0379
1690535527179,7.84,8.0129,7.974,13.324
1690535527183,8.8907,6.3948,8.2233,18.108
1690535527187,14.8088,11.8764,13.9608,24.716
1690535527191,17.2702,15.1494,16.3365,20.8431
1690535527195,12.0731,13.9818,20.2456,26.8677
1690535527199,18.1504,16.5744,20.3065,27.8912
1690535527203,19.7437,16.6426,23.9923,24.6098
1690535527207,15.8281,15.6469,16.9648,25.6981
1690535527211,10.6507,10.0863,15.1269,18.0278
1690535527215,7.885,8.7935,13.315,18.2114
1690535527219,4.2763,5.5318,6.7709,6.7933
1690535527223,-6.9721,2.9546,-0.4221,2.6837
1690535527227,-8.7189,-4.1973,-4.8594,2.9323
1690535527231,-13.0246,-9.1259,-13.5718,-5.6009
1690535527235,-16.8205,-14.086,-14.224,-9.9151
1690535527239,-21.7888,-14.2593,-10.504,-14.855
1690535527243,-25.154,-19.7706,-13.3576,-16.397
1690535527247,-21.0792,-15.7223,-15.3984,-19.1891
1690535527251,-23.3235,-20.7888,-17.8417,-17.9182
1690535527255,-21.743,-15.6874,-14.6506,-16.2477
1690535527259,-16.9375,-12.1182,-20.016,-10.2236
1690535527263,-11.7958,-8.7588,-12.8564,-3.4296
1690535527267,-7.1895,-9.5971,-6.4906,-10.2818
1690535527271,-4.8453,-1.2569,-4.5732,-0.5096
1690535527275,7.5206,0.6435,1.7788,1.6484
1690535527279,7.1057,8.6985,4.3031,6.4329
1690535527283,15.186,12.7853,6.8999,11.0355
1690535527287,17.2662,19.5197,10.7719,12.1739
1690535527291,20.7289,20.0328,15.6649,15.2205
1690535527295,21.2618,21.0542,19.8116,15.7435
1690535527299,19.5773,19.9846,21.6951,14.6452
1690535527303,22.1247,17.2783,18.9932,17.6957
1690535527307,18.6964,17.8844,15.1306,13.6437
1690535527311,22.9203,16.3996,13.2554,13.7003
1690535527315,14.9349,13.4675,12.2296,7.827
1690535527319,8.3287,5.9822,5.0907,3.6888
1690535527323,4.0659,2.5487,1.4462,-2.8662
1690535527327,-2.006,-5.0636,-1.582,-5.4228
1690535527331,-10.9603,-8.6186,-7.6282,-11.8794
1690535527335,-14.1854,-15.553,-10.1756,-18.5148
1690535527339,-15.1289,-16.2658,-13.4049,-19.2522
1690535527343,-24.3037,-19.2684,-15.9185,-21.9704
1690535527347,-25.8729,-19.57,-19.7667,-26.9944
1690535527351,-21.7341,-17.0655,-19.3236,-26.3759
1690535527355,-20.727,-16.8833,-18.0594,-25.4717
1690535527359,-17.3575,-19.8948,-20.1551,-24.6872
1690535527363,-12.5738,-15.8184,-13.3186,-22.0896
1690535527367,-10.1384,-7.8892,-12.0776,-19.1385
1690535527371,-2.6979,-7.9639,-5.1804,-10.8787
1690535527375,2.2504,-2.7817,-2.5479,-8.4861
1690535527379,4.0469,6.5967,5.3675,-6.0883
1690535527383,9.7122,11.594,9.4183,-2.2319
1690535527387,18.7518,13.2934,13.8332,4.7636
1690535527391,20.0432,18.1412,18.6019,4.027
1690535527395,21.5614,17.9498,24.7786,5.8078
1690535527399,21.1025,19.8261,18.6826,9.8791
1690535527403,15.0998,18.7421,24.4942,8.379
1690535527407,17.8403,15.7852,18.483,6.7824
1690535527411,12.2848,9.2073,14.4342,3.7512
1690535527415,11.075,5.355,11.2317,4.4817
1690535527419,7.4758,5.8252,8.0547,0.3085
1690535527423,4.1997,-2.889,1.4886,-5.2798
1690535527427,-3.715,-7.5828,-7.1888,-10.1157
1690535527431,-4.494,-14.065,-5.8822,-17.1198
1690535527435,-9.9956,-14.4086,-11.2528,-19.7191
1690535527439,-11.044,-20.7973,-15.7856,-23.2592
1690535527443,-15.1231,-24.5545,-17.7842,-24.2894
1690535527447,-20.3578,-20.806,-17.9231,-26.6275
1690535527451,-16.8789,-20.5144,-20.474,-28.3352
1690535527455,-16.8743,-13.3522,-19.3757,-24.9035
1690535527459,-14.5084,-13.9506,-16.656,-20.311
1690535527463,-11.5967,-13.44,-9.4584,-15.3269
1690535527467,-4.4067,-7.3905,-8.5216,-11.4316
1690535527471,4.6516,-3.1251,-8.8071,-12.1859
1690535527475,8.0446,1.9682,-1.3961,-0.6253
1690535527479,12.7986,9.6826,1.182,2.2173
1690535527483,19.9266,11.3445,9.7597,9.5866
1690535527487,22.9889,21.4455,12.4279,11.357
1690535527491,25.5633,17.0063,13.9487,13.9802
1690535527495,27.1008,22.3816,18.553,19.0957
1690535527499,29.1334,23.2242,18.4737,17.2956
1690535527503,25.5641,24.9235,17.0871,21.1877
1690535527507,21.7652,22.436,16.6607,15.7956
1690535527511,21.744,17.2116,14.0456,14.0737
1690535527515,18.1658,7.2513,10.3287,10.6989
1690535527519,8.8965,7.1327,9.6341,4.7235
1690535527523,9.7848,-2.6104,2.5607,-1.0644
1690535527527,2.2717,-0.399,-0.4973,-1.1944
1690535527531,-2.3875,-7.469,-9.1483,-9.2571
1690535527535,-7.8361,-10.2916,-9.5896,-15.3179
1690535527539,-9.2839,-11.9329,-18.7006,-15.5982
1690535527543,-11.2288,-20.9749,-19.1229,-20.1432
1690535527547,-9.2017,-24.9235,-20.3806,-19.2883
1690535527551,-16.032,-21.1638,-23.0827,-16.5015
1690535527555,-12.4656,-17.3518,-18.7525,-11.2219
1690535527559,-13.9687,-12.6336,-16.8929,-14.5511
1690535527563,-10.7066,-7.7894,-10.7161,-8.6127
1690535527567,-4.5803,-5.5792,-7.2773,-2.6301
1690535527571,0.9139,-0.9478,-3.4604,0.0296
1690535527575,8.0466,0.1113,6.4716,3.426
1690535527579,13.3232,6.2651,7.3189,10.9289
1690535527583,15.3048,8.0874,8.4147,16.236
1690535527587,23.5649,13.2697,13.8512,23.6589
1690535527591,22.0574,17.6224,14.1672,24.5242
1690535527595,26.5293,16.0873,19.427,28.9138
1690535527599,22.0617,18.1925,19.0582,29.7933
1690535527603,26.9627,16.3645,19.7751,28.6988
1690535527607,24.0424,16.0618,21.3527,29.5827
1690535527611,18.2394,8.6138,13.2777,24.4786
1690535527615,15.3632,10.0839,16.1308,20.9191
1690535527619,15.9332,6.2104,8.7225,8.6483
1690535527623,7.0361,2.8469,0.465,9.3562
1690535527627,-0.0947,-4.6288,-3.2343,3.8295
1690535527631,-3.7969,-8.4018,-10.8496,-0.6902
1690535527635,-8.7117,-16.8593,-11.3137,-3.4753
1690535527639,-10.4315,-21.7041,-17.6522,-8.8739
1690535527643,-11.5569,-28.8231,-17.2584,-8.9904
1690535527647,-13.325,-24.6092,-20.5093,-12.6361
1690535527651,-22.9967,-22.394,-18.525,-12.7083
1690535527655,-15.5399,-21.7585,-18.675,-13.7985
1690535527659,-16.9633,-19.7895,-17.5761,-12.7674
1690535527663,-15.487,-16.3883,-15.382,-9.583
1690535527667,-13.0082,-11.8644,-8.5333,-4.4756
1690535527671,-6.8075,-3.0954,-6.431,1.3848
1690535527675,-5.3972,-0.4505,-1.4959,9.3504
1690535527679,-1.3743,11.2312,-0.1992,9.7379
1690535527683,4.7473,12.2777,10.1591,16.0101
1690535527687,8.0021,17.3697,14.7222,21.8918
1690535527691,11.7343,20.7164,17.8479,21.7556
1690535527695,11.0492,21.4002,23.0572,19.3145
1690535527699,12.7659,24.9373,19.0964,20.9995
1690535527703,13.7336,22.8681,23.0361,18.5577
1690535527707,12.3963,19.2882,14.8033,17.3757
1690535527711,9.2839,17.8695,16.6106,15.7395
1690535527715,3.6758,12.8028,12.2851,13.5823
1690535527719,-0.8883,6.9008,7.5748,2.6461
1690535527723,-7.6941,5.0734,2.09,1.9688
1690535527727,-11.4181,-1.77,-4.2488,2.2065
1690535527731,-13.5431,-2.8633,-8.8116,-6.7489
1690535527735,-22.3418,-10.1067,-10.9675,-11.964
1690535527739,-25.2735,-13.0599,-12.3056,-17.2023
1690535527743,-24.1409,-17.077,-18.2158,-14.932
1690535527747,-27.18,-20.2016,-13.3777,-19.3687
1690535527751,-28.4302,-18.0342,-21.6836,-20.6605
1690535527755,-27.6818,-19.6865,-19.6312,-20.4938
1690535527759,-28.6954,-15.0396,-19.0814,-14.583
1690535527763,-25.8519,-12.6297,-17.8127,-10.5494
1690535527767,-17.6733,-6.812,-10.2388,-5.0758
1690535527771,-14.9792,-4.7599,-10.0988,-2.6641
1690535527775,-9.0387,0.8427,0.1718,1.4624
1690535527779,-2.0486,3.1152,8.7401,6.3104
1690535527783,-4.5282,11.0914,11.2135,5.2384
1690535527787,6.2829,14.4801,17.8528,13.1545
1690535527791,6.4748,18.8226,22.0775,11.1397
1690535527795,7.8966,18.3849,21.8137,18.3251
1690535527799,11.4806,23.061,20.8298,16.9867
1690535527803,3.7866,22.5236,19.365,16.287
1690535527807,6.9683,19.7642,16.1627,19.4175
1690535527811,8.2439,16.7613,17.4636,11.8773
1690535527815,5.4015,14.4081,11.8289,5.4721
1690535527819,-0.6309,5.0038,6.287,4.6057
1690535527823,-0.3866,0.0631,1.4172,1.0626
1690535527827,-12.8143,-7.3407,-4.7357,-5.8859
1690535527831,-12.9915,-9.3964,-8.0119,-14.5979
1690535527835,-17.0938,-13.0016,-14.3003,-16.2587
1690535527839,-19.0379,-19.3861,-16.2454,-24.1498
1690535527843,-20.0192,-21.4875,-18.5296,-20.7532
1690535527847,-22.8579,-20.412,-19.3009,-22.512
1690535527851,-24.7875,-22.3022,-21.848,-26.0459
1690535527855,-25.4217,-20.8995,-18.339,-23.1766
1690535527859,-22.1587,-15.9207,-17.893,-22.3929
1690535527863,-18.5102,-17.661,-11.8948,-13.989
1690535527867,-13.637,-11.3902,-12.0367,-12.6293
1690535527871,-7.8773,-8.051,-8.0093,-6.8453
1690535527875,-5.8623,-1.2617,3.4569,-1.7727
1690535527879,-0.5483,2.9963,4.6319,-0.3621
1690535527883,3.1274,6.3738,7.318,8.8107
1690535527887,9.1394,16.5317,14.7019,12.2111
1690535527891,12.0854,14.6832,17.9312,17.3982
1690535527895,11.84,18.9591,16.8424,19.189
1690535527899,14.2539,16.0157,22.4059,18.3162
1690535527903,12.6443,22.4258,18.3118,20.0823
1690535527907,18.8632,19.1342,17.1071,17.1755
1690535527911,12.9655,14.7046,16.3792,16.2199
1690535527915,10.8925,10.8761,12.1184,8.7831
1690535527919,6.3909,5.2791,8.195,6.7558
1690535527923,3.6451,-0.5175,4.9019,3.5642
1690535527927,0.0874,-1.9671,0.053,-4.203
1690535527931,-1.2797,-6.8883,-8.8422,-13.7783
1690535527935,-5.1,-7.986,-14.1016,-9.2403
1690535527939,-13.2276,-14.6626,-16.3509,-19.8784
1690535527943,-11.9675,-19.6647,-24.5591,-24.3115
1690535527947,-12.2864,-15.7775,-23.9087,-22.264
1690535527951,-10.457,-23.2312,-24.2835,-20.4034
1690535527955,-8.8521,-16.9841,-17.7356,-21.5456
1690535527959,-9.0529,-15.4746,-12.188,-20.3136
1690535527963,-3.7524,-9.9547,-12.9293,-14.9448
1690535527967,-2.804,-2.8228,-8.913,-14.2077
1690535527971,1.7613,0.7742,-2.833,-7.6515
1690535527975,8.1089,4.8926,-2.5791,-1.4716
1690535527979,5.307,7.6285,4.2713,4.1707
1690535527983,14.9442,9.5324,5.2025,6.0538
1690535527987,19.5416,9.8333,11.9885,12.3675
1690535527991,20.9411,17.2738,18.587,11.6499
1690535527995,23.9298,22.0135,18.4996,13.012
1690535527999,22.4992,19.0304,18.7726,15.3846
1690535528003,23.5873,18.2502,21.4417,17.385
1690535528007,21.7453,20.3846,20.1806,13.9179
1690535528011,20.6745,17.4212,20.5568,12.7337
1690535528015,17.2761,11.7132,11.4572,4.4011
1690535528019,12.4508,8.2053,8.8965,2.8561
1690535528023,4.025,0.2225,3.1537,-1.8968
1690535528027,1.6051,-3.0733,-3.6851,-5.504
1690535528031,-6.6573,-10.8455,-9.3577,-9.3111
1690535528035,-12.4298,-17.1988,-16.5458,-16.4236
1690535528039,-11.0845,-18.1129,-17.0986,-14.5046
1690535528043,-15.3692,-18.9596,-15.0556,-20.8134
1690535528047,-14.4332,-20.4194,-20.1221,-20.7724
1690535528051,-13.0351,-23.0102,-23.971,-21.4464
1690535528055,-12.3312,-16.8978,-16.2443,-17.5005
1690535528059,-15.9201,-16.7661,-13.2026,-14.9831
1690535528063,-6.5712,-14.0833,-11.7212,-8.5466
1690535528067,-3.0761,-8.8954,-12.6776,-11.1806
1690535528071,-1.1267,-7.3282,-4.9708,-4.8956
1690535528075,-0.0608,3.2367,0.2732,-3.7069
1690535528079,9.5133,3.5528,5.8805,6.7926
1690535528083,12.082,8.1191,14.1674,4.9691
1690535528087,12.1685,12.3467,13.9702,16.6747
1690535528091,18.6981,16.3061,18.4873,16.1124
1690535528095,22.7444,13.6936,21.3453,16.9098
1690535528099,23.7344,18.3028,17.8113,14.4426
1690535528103,22.8596,14.2404,18.597,17.2376
1690535528107,24.2312,16.4314,16.3582,12.7261
1690535528111,14.7338,9.7948,14.1863,11.4887
1690535528115,12.113,6.9189,13.1733,6.8784
1690535528119,9.9301,3.7218,4.8537,0.6619
1690535528123,5.9389,-1.5006,1.5971,-0.7205
1690535528127,0.8313,-3.4042,-2.0935,-4.3527
1690535528131,-4.6255,-7.8956,-6.4452,-13.1864
1690535528135,-10.0827,-13.2241,-14.0298,-13.2237
1690535528139,-11.8898,-16.4406,-15.1456,-19.5173
1690535528143,-18.2477,-20.8965,-19.7044,-20.0198
1690535528147,-15.4528,-21.3737,-24.1042,-22.2941
1690535528151,-16.1353,-18.5702,-22.7791,-24.3162
1690535528155,-16.0375,-16.6354,-17.7638,-17.034
1690535528159,-10.5759,-14.5007,-19.2207,-18.765
1690535528163,-11.8384,-8.3829,-10.2435,-17.5931
1690535528167,-4.8757,-4.9844,-10.8967,-9.8752
1690535528171,-1.5444,1.2909,-2.115,-0.5443
1690535528175,5.325,3.3794,5.3828,1.0342
1690535528179,8.2843,7.9366,4.9806,9.7753
1690535528183,14.8963,14.2046,9.4513,16.149
1690535528187,14.1361,16.2594,13.4693,15.8842
1690535528191,17.5003,22.0643,15.5071,20.8377
1690535528195,18.9999,21.1492,24.3662,22.8989
1690535528199,21.7535,20.6042,21.1991,21.7613
1690535528203,16.5161,24.0043,19.2585,25.9714
1690535528207,17.5404,19.3963,18.8917,20.6004
1690535528211,15.206,15.9647,14.6263,23.7283
1690535528215,11.3247,9.9929,12.1825,17.8126
1690535528219,6.4419,7.1953,8.9198,13.8288
1690535528223,2.3426,4.7606,3.5066,10.7746
1690535528227,-4.2528,-3.5627,-5.1422,7.094
1690535528231,-4.8237,-9.1583,-4.1929,0.4885
1690535528235,-11.2176,-12.254,-12.1855,-2.4961
1690535528239,-12.4937,-15.786,-15.8761,-8.6108
1690535528243,-16.9517,-18.8348,-15.5456,-10.1943
1690535528247,-20.4329,-21.8151,-22.2161,-16.4739
1690535528251,-18.0944,-20.7493,-23.7275,-14.6343
1690535528255,-18.3471,-15.132,-22.0983,-15.8034
1690535528259,-12.4387,-13.1517,-16.7716,-15.604
1690535528263,-9.3897,-9.3775,-14.2361,-4.0737
1690535528267,-10.5337,-7.891,-9.5199,-2.0767
1690535528271,-2.2525,-5.1512,-5.3923,4.1514
1690535528275,7.7625,2.3827,1.8186,11.008
1690535528279,10.7689,6.629,8.4324,9.1071
1690535528283,14.1664,8.2127,9.1361,16.7916
1690535528287,21.8867,15.1402,14.2949,21.2917
1690535528291,20.8778,16.7709,21.7218,22.5146
1690535528295,23.1412,20.7693,20.8502,25.7204
1690535528299,25.1367,21.6171,22.2292,29.3536
1690535528303,17.3236,20.1522,23.4552,28.8319
1690535528307,15.7072,15.1559,17.8487,26.7813
1690535528311,13.9858,9.5671,16.0046,26.706
1690535528315,12.9427,8.9551,8.3821,17.3334
1690535528319,6.3786,1.8026,4.9526,11.7916
1690535528323,4.0173,-2.5889,-3.6302,2.2436
1690535528327,-4.489,-11.4027,-4.5838,6.3748
1690535528331,-10.8936,-10.825,-8.8639,-4.9109
1690535528335,-17.4891,-14.5958,-14.1897,-6.9805
1690535528339,-19.5143,-17.9377,-13.855,-14.51
1690535528343,-19.6885,-22.0344,-17.0684,-17.576
1690535528347,-24.4654,-24.7426,-19.7541,-16.7651
1690535528351,-21.0966,-26.2804,-22.3818,-11.8998
1690535528355,-24.6299,-23.6017,-19.2032,-13.0561
1690535528359,-21.751,-14.646,-14.9195,-12.8552
1690535528363,-17.9225,-13.679,-13.4544,-7.9518
1690535528367,-16.992,-10.7953,-9.6059,-2.627
1690535528371,-10.2912,-1.8823,-6.0156,1.0482
1690535528375,-0.6101,2.1989,0.4001,3.0169
1690535528379,-1.2648,7.3036,4.7436,11.1598
1690535528383,8.6163,11.0249,9.1239,8.8112
1690535528387,9.7398,19.9909,12.2846,13.1039
1690535528391,15.6575,22.1267,18.2368,15.3113
1690535528395,11.6941,22.5308,21.0734,17.9711
1690535528399,15.8021,20.762,24.6239,19.1045
1690535528403,13.5035,22.235,23.6015,20.3675
1690535528407,11.0653,19.7846,18.1306,15.3982
1690535528411,7.1434,16.4515,15.4637,10.9524
1690535528415,2.2521,15.5282,13.3757,6.4203
1690535528419,-1.522,8.5621,6.6019,1.8892
1690535528423,-7.6538,4.1277,1.9688,-4.9291
1690535528427,-14.3707,-0.148,-2.387,-6.4782
1690535528431,-21.328,-12.0988,-6.8264,-18.2816
1690535528435,-20.9118,-14.3327,-10.1373,-18.5411
1690535528439,-23.6122,-11.6001,-18.4501,-22.1339
1690535528443,-27.2041,-15.3978,-18.3717,-31.0959
1690535528447,-29.7848,-19.7986,-23.0021,-26.3686
1690535528451,-29.2312,-20.3623,-18.4367,-26.0046
1690535528455,-30.9019,-20.5812,-22.3516,-27.0785
1690535528459,-24.3228,-14.0513,-17.5363,-24.4694
1690535528463,-23.1921,-11.7997,-12.6507,-19.7143
1690535528467,-15.8848,-11.3199,-5.6791,-19.7212
1690535528471,-10.6243,-3.2452,-3.7581,-14.9746
1690535528475,-4.8515,1.5654,-0.6277,-5.4557
1690535528479,0.5343,6.3124,7.1594,-8.0423
1690535528483,3.7845,10.9109,9.4422,2.7147
1690535528487,5.2042,12.9145,14.6933,6.6154
1690535528491,9.9547,15.8151,23.12,11.6763
1690535528495,16.2718,24.0868,20.4998,8.7372
1690535528499,14.3953,22.927,18.9024,10.8014
1690535528503,14.5533,21.9302,19.6167,7.5694
1690535528507,12.1774,19.9148,11.8796,5.9678
1690535528511,5.6708,15.8191,15.3764,7.4291
1690535528515,1.6876,9.1085,8.4375,-0.1949
1690535528519,-3.4396,2.3022,5.1138,-1.2718
1690535528523,-3.9599,-2.6436,0.4384,-7.8657
1690535528527,-12.1395,-7.5006,-3.9281,-11.8748
1690535528531,-16.4499,-10.4266,-13.1835,-20.3521
1690535528535,-21.5148,-15.6559,-10.831,-20.2475
1690535528539,-24.9459,-21.7264,-13.0611,-22.5781
1690535528543,-26.4548,-22.3011,-16.9714,-23.7516
1690535528547,-25.7532,-22.3846,-15.4008,-24.9207
1690535528551,-30.2105,-24.0722,-16.9435,-26.864
1690535528555,-23.2471,-22.7077,-19.9277,-30.1157
1690535528559,-20.7096,-16.2103,-17.7389,-27.9288
1690535528563,-16.1109,-14.1674,-10.8479,-21.7299
1690535528567,-11.1009,-10.2833,-10.8799,-18.7945
1690535528571,-5.4238,-3.681,-5.7217,-10.6216
1690535528575,6.7535,1.4039,2.2057,-5.1935
1690535528579,8.8927,6.9643,5.7831,0.0472
1690535528583,13.0556,11.1856,9.4489,4.0591
1690535528587,18.162,12.3514,11.9977,10.8683
1690535528591,22.9135,16.0275,17.3593,14.8362
1690535528595,25.5683,24.5516,17.7664,11.6928
1690535528599,23.9538,19.9315,18.7788,12.1054
1690535528603,27.9744,22.3125,17.3992,14.7956
1690535528607,28.5736,22.1065,18.3635,15.635
1690535528611,23.8328,14.7213,16.8824,14.3571
1690535528615,19.8058,10.0871,11.6118,8.9382
1690535528619,14.5737,10.0619,4.7879,7.2876
1690535528623,9.578,8.7975,4.6711,4.1633
1690535528627,4.0666,0.0446,-5.2527,0.273
1690535528631,-3.589,-4.4376,-7.0666,-5.5391
1690535528635,-10.3439,-11.8739,-12.8625,-9.7375
1690535528639,-7.2631,-15.6005,-18.9232,-14.463
1690535528643,-9.4386,-16.1731,-24.1855,-12.12
1690535528647,-9.4963,-20.0431,-21.7753,-17.1597
1690535528651,-15.6396,-22.1382,-19.0745,-16.5487
1690535528655,-11.894,-17.2088,-18.4979,-12.9315
1690535528659,-5.7416,-14.3851,-15.2736,-11.5832
1690535528663,-7.0053,-11.9803,-11.0699,-4.1129
1690535528667,-2.2933,-2.5076,-6.5096,0.3412
1690535528671,3.2221,-3.135,-2.5862,1.8657
1690535528675,6.4795,8.0419,2.9781,9.1028
1690535528679,16.7174,4.9314,12.2122,9.2673
1690535528683,17.933,14.3327,12.5744,15.9353
1690535528687,26.004,15.2929,13.5869,17.012
1690535528691,26.2901,18.2922,17.1774,22.0121
1690535528695,30.3472,21.4617,23.5636,24.6841
1690535528699,26.8053,21.6951,22.4644,28.7774
1690535528703,27.0336,19.8032,19.7724,23.2268
1690535528707,30.9127,21.8225,15.1993,27.6225
1690535528711,23.2685,12.7755,15.093,22.1415
1690535528715,14.3667,8.7243,12.4579,17.1681
1690535528719,17.6734,5.4709,5.2521,15.6056
1690535528723,8.567,3.8523,-0.6076,3.0431
1690535528727,3.8063,-5.7375,-4.6021,-2.606
1690535528731,0.4042,-10.9561,-7.7852,-4.1944
1690535528735,-6.7472,-11.5542,-11.5807,-11.2088
1690535528739,-8.6597,-14.2947,-14.0542,-7.473
1690535528743,-10.2961,-16.2574,-18.1594,-11.8885
1690535528747,-9.5568,-18.1698,-17.8142,-11.9278
1690535528751,-9.533,-21.9246,-18.6899,-18.1623
1690535528755,-11.6226,-23.9029,-18.599,-11.4179
1690535528759,-9.574,-20.3525,-15.7505,-13.087
1690535528763,-8.0616,-17.8511,-12.5933,-9.7667
1690535528767,-6.156,-10.3623,-10.9859,-6.8327
1690535528771,-2.7449,-2.7705,-3.7073,3.4129
1690535528775,6.7486,0.0383,1.1149,4.5496
1690535528779,7.0859,0.0848,4.8703,13.3058
1690535528783,16.7643,10.9078,8.8853,18.235
1690535528787,19.5553,10.9064,15.3292,20.9258
1690535528791,21.0897,15.9927,15.8343,24.4871
1690535528795,20.9039,15.352,23.2712,24.1206
1690535528799,20.4553,17.9953,18.4797,24.5275
1690535528803,24.3758,16.5803,18.948,25.4143
1690535528807,21.1819,16.5679,17.7432,21.4124
1690535528811,14.9288,12.745,14.359,20.5191
1690535528815,14.5507,8.8564,11.1316,13.3119
1690535528819,7.5528,6.3641,5.1817,10.6263
1690535528823,3.2686,0.6413,1.8256,1.0637
1690535528827,-3.1506,-4.8818,-4.8727,-2.2358
1690535528831,-9.8965,-7.7081,-12.5121,-6.8627
1690535528835,-16.4916,-11.1202,-15.9182,-8.9435
1690535528839,-21.7693,-13.0899,-13.5947,-13.4535
1690535528843,-21.2169,-16.4074,-17.4484,-16.8489
1690535528847,-26.4535,-20.8742,-21.0705,-18.2873
1690535528851,-20.127,-17.1711,-22.7482,-19.8351
1690535528855,-22.1055,-16.7148,-17.5443,-22.3689
1690535528859,-21.1016,-13.9074,-16.5958,-15.2918
1690535528863,-15.4601,-18.2572,-17.0799,-12.2123
1690535528867,-10.9741,-7.4552,-8.2765,-11.7909
1690535528871,-12.8969,-3.1057,-0.3607,-5.3174
1690535528875,-1.2903,-2.052,2.0469,-1.0015
1690535528879,0.3363,8.3974,7.3571,4.4527
1690535528883,9.0992,14.8381,12.7974,8.8982
1690535528887,10.21,18.8493,13.762,9.973
1690535528891,12.3053,21.4471,20.4001,13.2875
1690535528895,15.4015,28.7682,20.4213,15.2181
1690535528899,15.6402,22.9693,21.8099,16.312
1690535528903,16.0427,22.9089,15.2202,18.2078
1690535528907,18.7305,20.7936,16.644,13.7731
1690535528911,12.8865,13.5045,12.7836,8.904
1690535528915,8.0519,11.6829,10.8935,10.4716
1690535528919,5.7819,10.981,6.6649,2.1128
1690535528923,3.9486,1.9121,-7.8197,-0.611
1690535528927,-1.0397,-3.0242,-6.4734,-4.8358
1690535528931,-8.3316,-4.9806,-8.6268,-12.7135
1690535528935,-13.2234,-13.5707,-14.0467,-16.554
1690535528939,-16.6807,-18.4933,-11.6996,-19.3565
1690535528943,-19.809,-18.1921,-17.8567,-18.3624
1690535528947,-17.5367,-22.0047,-17.2714,-23.1278
1690535528951,-20.8418,-18.3547,-19.514,-20.7739
1690535528955,-18.1679,-20.0274,-14.4369,-19.2858
1690535528959,-18.074,-14.9886,-15.0098,-17.8593
1690535528963,-12.7387,-11.6839,-11.6622,-13.8039
1690535528967,-10.0719,-11.2174,-10.3292,-10.4916
1690535528971,-6.8249,-7.8914,-1.4063,-3.3709
1690535528975,-3.8301,-1.4956,-0.2684,1.7217
1690535528979,3.9979,4.5765,10.1486,2.2404
1690535528983,7.2376,11.3622,11.6746,13.4122
1690535528987,11.0117,13.212,18.6346,12.6895
1690535528991,10.0111,15.4924,18.5691,16.1351
1690535528995,11.2139,21.7382,18.5827,16.7967
1690535528999,12.8027,22.0452,19.9527,20.6692
1690535529003,13.3377,19.9526,17.1111,14.6639
1690535529007,10.4221,17.574,15.5198,10.4905
1690535529011,10.4665,15.2446,14.7041,13.4207
1690535529015,3.6165,9.7788,13.0355,9.5998
1690535529019,-1.8191,4.4403,5.6717,3.2201
1690535529023,0.3153,2.8499,-1.4962,3.0262
1690535529027,-5.5409,-5.1586,-2.7342,-3.2871
1690535529031,-11.7079,-12.256,-10.2204,-8.8509
1690535529035,-11.2927,-15.8382,-10.2348,-14.0173
1690535529039,-17.4604,-23.9895,-16.5512,-17.6643
1690535529043,-22.0616,-25.0806,-20.4308,-21.9097
1690535529047,-20.961,-26.5569,-21.7126,-20.9976
1690535529051,-18.3989,-21.84,-20.7364,-23.5661
1690535529055,-22.8252,-24.9536,-19.0302,-26.546
1690535529059,-17.0968,-18.4773,-14.4494,-17.9917
1690535529063,-15.3552,-13.3236,-9.5377,-15.7111
1690535529067,-11.0861,-10.7142,-5.5349,-12.7133
1690535529071,-5.7293,-0.2887,-1.122,-3.0186
1690535529075,-2.4557,6.9592,1.0732,-2.4232
1690535529079,4.4429,6.6502,10.3636,-0.0803
1690535529083,7.6358,12.1316,14.2181,8.1084
1690535529087,11.9624,12.572,13.4024,15.5591
1690535529091,12.8408,20.9294,14.7406,10.7062
1690535529095,14.8256,21.1874,18.1349,20.6903
1690535529099,14.8758,23.6553,19.4186,14.5732
1690535529103,13.4787,21.9657,17.2709,18.2159
1690535529107,8.8707,23.7363,14.7773,18.3129
1690535529111,13.681,20.3904,13.8059,18.2968
1690535529115,7.7661,13.4172,12.089,11.4109
1690535529119,0.5903,14.2343,8.8453,4.7285
1690535529123,-4.6419,5.2495,2.2326,0.7317
1690535529127,-5.3523,-6.6335,-2.8996,-2.3383
1690535529131,-10.9571,-6.7458,-9.3576,-11.3086
1690535529135,-15.0741,-11.0115,-13.9661,-15.2927
1690535529139,-14.7533,-15.7156,-18.6061,-16.5698
1690535529143,-19.0303,-21.0252,-16.8221,-20.7306
1690535529147,-23.8194,-20.0727,-19.8507,-22.9616
1690535529151,-24.1587,-21.743,-19.6151,-25.5695
1690535529155,-22.0033,-20.6879,-14.6074,-22.8985
1690535529159,-20.7245,-18.0221,-15.6336,-19.7945
1690535529163,-18.6077,-15.0275,-12.7005,-16.5801
1690535529167,-12.1224,-11.2,-8.713,-12.9554
1690535529171,-11.3289,-7.1162,-2.5205,-7.963
1690535529175,-6.2091,1.139,0.7726,-2.439
1690535529179,2.6564,5.5318,6.499,1.7453
1690535529183,6.3821,14.0119,10.3824,7.6409
1690535529187,11.4535,10.8801,13.3784,10.6095
1690535529191,9.0457,21.1966,14.9602,9.8287
1690535529195,9.8148,21.6096,18.897,16.5686
1690535529199,14.5564,18.0507,16.3534,16.7072
1690535529203,10.049,16.7432,16.6262,14.2936
1690535529207,15.3654,18.1606,14.7939,19.294
1690535529211,14.1253,15.9774,15.7856,8.3558
1690535529215,9.9064,13.8539,12.9866,7.8763
1690535529219,7.2565,5.4153,5.3732,1.59
1690535529223,4.3515,4.3323,5.3792,-2.1763
1690535529227,-3.8412,-7.3227,-3.8479,-9.7038
1690535529231,-6.9272,-13.4983,-8.1823,-9.4212
1690535529235,-11.3339,-16.5223,-13.1629,-15.105
1690535529239,-13.8265,-17.8724,-16.5217,-17.9787
1690535529243,-11.7711,-21.1156,-19.1873,-17.6896
1690535529247,-14.527,-20.7423,-22.4538,-15.4984
1690535529251,-15.2619,-23.1623,-19.9412,-19.6638
1690535529255,-13.4108,-24.055,-17.7196,-14.6943
1690535529259,-10.3993,-21.5301,-17.0147,-13.6344
1690535529263,-10.1228,-16.4183,-10.6245,-8.6578
1690535529267,-3.2605,-16.851,-10.0655,-5.2004
1690535529271,1.0744,-7.1934,-3.3616,-4.111
1690535529275,6.893,-1.5928,5.3997,0.2764
1690535529279,9.5125,2.4137,6.3535,10.7052
1690535529283,14.0183,8.1059,12.0348,12.3373
1690535529287,18.3908,9.5927,17.6642,15.8237
1690535529291,23.5106,16.8518,21.1997,20.5906
1690535529295,22.5946,20.9297,22.0577,23.4191
1690535529299,22.1323,20.9824,15.8584,23.139
1690535529303,24.093,21.7471,15.978,21.9115
1690535529307,23.5751,21.9929,19.0023,20.9996
1690535529311,19.6517,16.6801,13.3179,14.1244
1690535529315,18.3096,13.0465,8.043,12.989
1690535529319,13.974,18.0648,8.6279,10.8859
1690535529323,10.1682,10.3467,3.1099,8.0173
1690535529327,5.9389,2.4187,-4.528,3.1702
1690535529331,2.5385,-4.9646,-9.6763,-0.4141
1690535529335,-4.5596,-11.5952,-13.6656,-7.307
1690535529339,-8.1722,-14.4623,-13.8544,-11.908
1690535529343,-11.5701,-14.8669,-18.9631,-12.8072
1690535529347,-14.1221,-19.4136,-18.4548,-13.1329
1690535529351,-12.901,-19.8803,-20.5852,-13.7942
1690535529355,-11.4874,-16.3147,-16.2516,-13.1949
1690535529359,-8.2974,-15.592,-12.5952,-9.0297
1690535529363,-7.5374,-12.9928,-11.2357,-9.9549
1690535529367,2.9381,-8.0404,-8.4035,-3.5109
1690535529371,3.8318,-3.0709,-6.1513,5.899
1690535529375,10.4287,-2.7932,1.2167,5.8177
1690535529379,16.1587,5.3433,5.1618,13.3661
1690535529383,21.6844,9.5671,9.9014,15.6183
1690535529387,26.5671,15.5243,15.5791,23.1533
1690535529391,29.4509,21.4757,16.846,26.7494
1690535529395,26.7615,17.5558,18.9893,21.0206
1690535529399,29.0872,18.3118,18.2347,29.4352
1690535529403,27.0432,22.4292,15.5097,28.8538
1690535529407,27.7063,21.4896,15.8613,26.7201
1690535529411,21.8298,14.2194,17.8757,25.9357
1690535529415,18.3855,12.8649,7.3494,21.9647
1690535529419,14.6188,8.5263,6.5446,12.3736
1690535529423,13.4015,4.9523,1.0447,9.8356
1690535529427,3.7524,1.8061,-5.4218,5.4542
1690535529431,-1.1409,-4.6688,-10.6685,1.3384
1690535529435,-6.4779,-13.2029,-14.7165,-3.0317
1690535529439,-11.2357,-13.3662,-17.2828,-13.0681
1690535529443,-12.9987,-19.6917,-17.1475,-6.0222
1690535529447,-13.5137,-20.3907,-16.1014,-13.9101
1690535529451,-15.287,-21.1033,-16.1252,-18.5773
1690535529455,-15.5233,-20.7987,-14.6718,-13.7196
1690535529459,-12.1046,-19.7695,-15.7135,-17.8549
1690535529463,-13.335,-17.3972,-13.3485,-9.191
1690535529467,-8.6428,-14.5969,-11.315,-7.6162
1690535529471,-6.6666,-9.2781,-3.8483,-2.5037
1690535529475,-3.6521,-0.756,-1.1892,1.6842
