timestamp,BPOGX,BPOGY,BPOGV,LPD,RPD
1690535469479,0.49344,0.38282,1,17.29197,17.01729
1690535469486,0.484,0.40841,1,17.54073,17.00987
1690535469492,0.49667,0.40871,1,17.42718,17.05018
1690535469499,0.50576,0.40158,1,17.37824,16.89376
1690535469506,0.51826,0.42328,1,17.59676,16.76477
1690535469512,0.50847,0.38804,1,17.63077,16.85052
1690535469519,0.50944,0.41506,1,17.79552,16.99899
1690535469526,0.52118,0.43568,1,17.77851,17.10271
1690535469532,0.51428,0.41987,1,17.61902,17.15899
1690535469539,0.5101,0.43693,1,17.55774,17.23042
1690535469546,0.51033,0.43762,1,17.76643,16.85482
1690535469552,0.50553,0.43639,1,17.73875,17.31234
1690535469559,0.51516,0.46504,1,17.72088,17.18331
1690535469566,0.52316,0.45861,1,17.75816,17.17219
1690535469572,0.51759,0.45146,1,17.6637,17.41604
1690535469579,0.5276,0.42868,1,17.71431,17.12056
1690535469586,0.51252,0.42811,1,17.69687,16.9514
1690535469592,0.51107,0.43268,1,17.86422,17.32107
1690535469599,0.49647,0.41769,1,17.63994,17.07795
1690535469606,0.49296,0.40382,1,17.7927,17.05558
1690535469612,0.48436,0.41138,1,17.79368,16.9334
1690535469619,0.48271,0.41569,1,18.1098,17.33905
1690535469626,0.4743,0.40171,1,17.80326,17.181
1690535469632,0.47547,0.39134,1,18.09358,17.07555
1690535469639,0.47658,0.38494,1,18.01453,17.12389
1690535469646,0.48867,0.38175,1,18.45533,17.26156
1690535469652,0.4917,0.39091,1,18.07674,17.29538
1690535469659,0.49299,0.40711,1,18.27525,17.01873
1690535469666,0.49643,0.36876,1,18.12182,17.27018
1690535469672,0.49781,0.38335,1,18.21648,17.16535
1690535469679,0.4955,0.35869,1,18.02984,17.20197
1690535469686,0.49286,0.36492,1,18.1876,17.32218
1690535469692,0.48349,0.35243,1,18.04119,17.54732
1690535469699,0.47986,0.35249,1,18.16342,17.54964
1690535469706,0.49151,0.34525,1,17.84394,17.49727
1690535469712,0.48845,0.34446,1,17.88567,17.51141
1690535469719,0.49905,0.37221,1,17.81034,17.36549
1690535469726,0.51293,0.36823,1,17.93647,17.43957
1690535469732,0.50457,0.34477,1,18.03469,17.18336
1690535469739,0.49739,0.34844,1,18.11105,17.36551
1690535469746,0.50466,0.3689,1,17.80047,17.39622
1690535469752,0.51081,0.36696,1,17.87861,17.64302
1690535469759,0.51425,0.34755,1,18.11581,17.34222
1690535469766,0.50941,0.35972,1,18.32417,17.56946
1690535469772,0.50638,0.3561,1,17.93282,17.46171
1690535469779,0.50664,0.35683,1,17.95571,17.61771
1690535469786,0.51349,0.37178,1,18.08259,17.4167
1690535469792,0.51179,0.37682,1,18.06736,17.53435
1690535469799,0.51207,0.38779,1,18.12732,17.62631
1690535469806,0.49979,0.44045,1,18.11872,17.88274
1690535469812,0.49457,0.42852,1,18.15339,17.90533
1690535469819,0.48919,0.45698,1,18.04797,17.66566
1690535469826,0.47411,0.45561,1,18.21856,17.65805
1690535469832,0.4627,0.4522,1,18.1134,17.64546
1690535469839,0.47606,0.45925,1,17.91792,17.71183
1690535469846,0.47929,0.44383,1,18.10678,17.73995
1690535469852,0.47833,0.45239,1,18.33014,17.72169
1690535469859,0.47259,0.45569,1,18.25476,17.62399
1690535469866,0.47927,0.45577,1,18.1025,17.5435
1690535469872,0.48181,0.45179,1,18.40333,17.28921
1690535469879,0.47586,0.46612,1,18.20743,17.58127
1690535469886,0.481,0.45109,1,18.37843,17.46335
1690535469892,0.49252,0.43791,1,18.4357,17.47865
1690535469899,0.4781,0.44559,1,18.38204,17.76856
1690535469906,0.47983,0.42805,1,18.39569,17.77671
1690535469912,0.47037,0.4814,1,18.1517,18.04565
1690535469919,0.4585,0.47124,1,18.47474,17.94087
1690535469926,0.45697,0.46661,1,18.51521,17.8633
1690535469932,0.45407,0.47508,1,18.44524,18.16269
1690535469939,0.4678,0.46266,1,18.46773,17.83715
1690535469946,0.47478,0.45687,1,18.566,18.06148
1690535469952,0.47087,0.42264,1,18.33941,18.0897
1690535469959,0.46079,0.42914,1,18.29639,18.15677
1690535469966,0.46557,0.43348,1,18.23373,18.15028
1690535469972,0.46419,0.42114,1,18.12861,18.07545
1690535469979,0.46883,0.40561,1,18.11011,18.22156
1690535469986,0.44824,0.38337,1,18.30715,18.09779
1690535469992,0.45376,0.36031,1,18.33667,18.1276
1690535469999,0.45861,0.36463,1,18.42456,18.24582
1690535470006,0.46622,0.3621,1,18.39578,17.85597
1690535470012,0.46408,0.33388,1,18.25512,17.89757
1690535470019,0.45465,0.31777,1,18.4879,18.10907
1690535470026,0.44485,0.33612,1,18.45946,18.00803
1690535470032,0.45616,0.36911,1,18.36914,18.00175
1690535470039,0.45058,0.35814,1,18.22775,17.80732
1690535470046,0.44542,0.36842,1,18.33173,17.99159
1690535470052,0.44945,0.36177,1,18.23972,17.61658
1690535470059,0.45399,0.36275,1,18.41788,17.77401
1690535470066,0.45572,0.34856,1,18.31688,17.6171
1690535470072,0.45215,0.34878,1,18.34458,17.71032
1690535470079,0.46167,0.32682,1,18.13142,17.83023
1690535470086,0.45394,0.31837,1,18.13591,17.98812
1690535470092,0.46132,0.33146,1,18.23451,17.94374
1690535470099,0.46586,0.35238,1,18.079,17.99023
1690535470106,0.46198,0.35513,1,18.22983,18.02524
1690535470112,0.45627,0.35286,1,18.28192,18.01988
1690535470119,0.45386,0.34733,1,18.27858,18.05583
1690535470126,0.45344,0.38685,1,18.37468,17.92104
1690535470132,0.45943,0.37076,1,18.31705,18.03859
1690535470139,0.45952,0.37929,1,18.21962,18.00976
1690535470146,0.45243,0.37849,1,18.1721,18.11788
1690535470152,0.46457,0.40819,1,18.36927,18.20361
1690535470159,0.46516,0.37222,1,18.30547,18.01961
1690535470166,0.4635,0.40182,1,18.33411,18.10057
1690535470172,0.46553,0.3861,1,18.38443,18.28456
1690535470179,0.46714,0.39557,1,18.24922,18.34771
1690535470186,0.46249,0.39012,1,18.54668,18.39583
1690535470192,0.46727,0.36081,1,18.50249,18.24661
1690535470199,0.45385,0.34683,1,18.53585,18.36783
1690535470206,0.45502,0.38867,1,18.63891,18.59635
1690535470212,0.47228,0.40303,1,18.59911,18.34838
1690535470219,0.45856,0.40437,1,18.90344,18.36659
1690535470226,0.45568,0.4142,1,19.01343,18.45556
1690535470232,0.44403,0.40943,1,18.92391,18.45236
1690535470239,0.42635,0.40036,1,18.94567,18.6168
1690535470246,0.44128,0.38825,1,18.82269,18.38308
1690535470252,0.4404,0.39368,1,18.99788,18.46044
1690535470259,0.45661,0.41231,1,18.82956,18.30113
1690535470266,0.45986,0.43215,1,18.72878,18.58817
1690535470272,0.46011,0.45244,1,18.76876,18.52597
1690535470279,0.44937,0.43562,1,18.56799,18.62902
1690535470286,0.4354,0.45865,1,18.56502,18.64199
1690535470292,0.43504,0.48173,1,18.62572,18.65122
1690535470299,0.45551,0.48383,1,18.63877,18.65234
1690535470306,0.46028,0.51434,1,18.57082,18.71042
1690535470312,0.44808,0.53297,1,18.60592,18.53604
1690535470319,0.45917,0.56801,1,18.75209,18.75832
1690535470326,0.44836,0.52787,1,18.88175,18.66075
1690535470332,0.45213,0.49916,1,18.75299,18.58265
1690535470339,0.44576,0.48091,1,18.74534,18.44697
1690535470346,0.44598,0.46921,1,18.58476,18.62842
1690535470352,0.43946,0.48026,1,18.54286,18.58056
1690535470359,0.42478,0.46802,1,18.17984,18.50862
1690535470366,0.42114,0.47194,1,18.49544,18.48372
1690535470372,0.42982,0.48125,1,18.44836,18.32165
1690535470379,0.42686,0.46714,1,18.62997,18.30674
1690535470386,0.4269,0.49632,1,18.64124,18.55081
1690535470392,0.44124,0.52252,1,18.82168,18.46252
1690535470399,0.44903,0.49483,1,18.82895,18.57114
1690535470406,0.44676,0.5058,1,18.6594,18.35071
1690535470412,0.43013,0.52931,1,18.63949,18.39663
1690535470419,0.41806,0.52288,1,18.68851,18.51113
1690535470426,0.43458,0.54012,1,18.79762,18.52424
1690535470432,0.43278,0.5303,1,18.58789,18.6399
1690535470439,0.43632,0.53765,1,18.70642,18.4004
1690535470446,0.43912,0.56482,1,18.52182,18.46317
1690535470452,0.44172,0.56589,1,18.74531,18.17763
1690535470459,0.42955,0.5702,1,18.66797,18.38086
1690535470466,0.43333,0.5569,1,18.56123,18.28375
1690535470472,0.44749,0.538,1,18.72215,18.49981
1690535470479,0.43826,0.53685,1,18.85501,18.35549
1690535470486,0.43986,0.54919,1,18.68791,18.42349
1690535470492,0.4269,0.5782,1,18.74467,18.5978
1690535470499,0.43418,0.56821,1,18.58563,18.35864
1690535470506,0.43076,0.56639,1,18.59393,18.27254
1690535470512,0.43127,0.55109,1,18.66792,18.24232
1690535470519,0.43704,0.53193,1,18.7018,18.28549
1690535470526,0.4532,0.56025,1,18.78441,18.39195
1690535470532,0.44134,0.57814,1,18.61207,18.37586
1690535470539,0.4365,0.60039,1,18.82733,18.52359
1690535470546,0.44418,0.60119,1,18.84916,18.46757
1690535470552,0.43456,0.59118,1,18.83311,18.52248
1690535470559,0.4365,0.57099,1,18.64521,18.65096
1690535470566,0.43493,0.55067,1,18.7054,18.46911
1690535470572,0.43537,0.54103,1,18.60816,18.49201
1690535470579,0.42981,0.54798,1,18.52155,18.73578
1690535470586,0.43625,0.52856,1,18.79392,18.76044
1690535470592,0.45085,0.53392,1,18.85352,18.7207
1690535470599,0.45249,0.55121,1,18.70102,18.70125
1690535470606,0.46279,0.54503,1,18.5891,18.69384
1690535470612,0.46066,0.54114,1,18.73842,18.56845
1690535470619,0.46448,0.52872,1,18.63254,18.74048
1690535470626,0.46443,0.52991,1,18.64381,18.78119
1690535470632,0.47305,0.55313,1,18.88069,18.82897
1690535470639,0.49171,0.56093,1,18.79089,18.80065
1690535470646,0.48539,0.55651,1,18.71652,18.76768
1690535470652,0.48731,0.57021,1,18.58374,18.70977
1690535470659,0.48845,0.56675,1,18.55419,18.84977
1690535470666,0.49355,0.55183,1,18.52104,18.80997
1690535470672,0.48464,0.5336,1,18.73875,18.80677
1690535470679,0.48986,0.548,1,18.55426,18.65549
1690535470686,0.50571,0.53864,1,18.50973,18.77867
1690535470692,0.50941,0.55008,1,18.58412,18.77777
1690535470699,0.50373,0.55938,1,18.5359,18.852
1690535470706,0.49499,0.5587,1,18.53071,18.69416
1690535470712,0.48546,0.55849,1,18.42868,18.94638
1690535470719,0.47528,0.54649,1,18.24759,18.76139
1690535470726,0.46385,0.53549,1,18.32859,18.83722
1690535470732,0.45727,0.53991,1,18.62405,18.71352
1690535470739,0.46928,0.51819,1,18.63955,18.96488
1690535470746,0.45882,0.51164,1,18.41171,18.77653
1690535470752,0.43318,0.50542,1,18.38332,18.81141
1690535470759,0.43256,0.4926,1,18.41878,18.86497
1690535470766,0.44535,0.45357,1,18.30688,18.91402
1690535470772,0.45573,0.45771,1,18.28301,18.95368
1690535470779,0.46019,0.49114,1,18.3063,18.72491
1690535470786,0.47556,0.52242,1,18.2243,18.87149
1690535470792,0.4768,0.52643,1,18.18302,18.73387
1690535470799,0.46357,0.51405,1,18.32506,18.65226
1690535470806,0.45978,0.51709,1,18.46209,18.75716
1690535470812,0.47156,0.49834,1,18.50671,18.58606
1690535470819,0.46387,0.45658,1,18.40965,18.55981
1690535470826,0.47059,0.44524,1,18.38898,18.43683
1690535470832,0.47264,0.41518,1,18.51526,18.8569
1690535470839,0.45978,0.42238,1,18.38003,18.65872
1690535470846,0.47422,0.39703,1,18.20618,18.67581
1690535470852,0.46868,0.40763,1,18.07486,18.65995
1690535470859,0.46499,0.40835,1,18.11843,18.82862
1690535470866,0.46999,0.43107,1,17.82636,18.74186
1690535470872,0.48292,0.44709,1,17.80913,18.7111
1690535470879,0.48557,0.40857,1,17.81273,18.76371
1690535470886,0.48629,0.38709,1,17.62135,18.80057
1690535470892,0.48386,0.38969,1,17.57698,18.62996
1690535470899,0.48583,0.38241,1,17.9072,18.66255
1690535470906,0.50324,0.41448,1,17.80824,18.50651
1690535470912,0.49582,0.42178,1,17.98449,18.48928
1690535470919,0.50537,0.43003,1,18.2091,18.67914
1690535470926,0.51005,0.4066,1,18.02541,18.79898
1690535470932,0.4947,0.37525,1,18.19089,18.99019
1690535470939,0.49097,0.36586,1,18.11823,18.9296
1690535470946,0.48317,0.35656,1,18.13132,19.0818
1690535470952,0.49161,0.33716,1,18.23069,18.96185
1690535470959,0.49608,0.36329,1,17.91156,19.0516
1690535470966,0.51168,0.38069,1,17.57711,18.99603
1690535470972,0.49522,0.41105,1,17.73001,19.02566
1690535470979,0.47532,0.42057,1,17.6595,19.1685
1690535470986,0.4722,0.43766,1,17.80945,19.25232
1690535470992,0.46945,0.43393,1,17.60901,19.09229
1690535470999,0.46944,0.42457,1,17.73289,18.91055
1690535471006,0.46835,0.43581,1,17.7579,19.17996
1690535471012,0.46931,0.4423,1,17.70354,19.37706
1690535471019,0.46925,0.41848,1,17.67068,19.12515
1690535471026,0.45128,0.39689,1,17.60321,19.28421
1690535471032,0.43039,0.41258,1,17.68712,19.15343
1690535471039,0.43583,0.39852,1,17.72491,19.17977
1690535471046,0.43947,0.37827,1,17.72568,18.99465
1690535471052,0.43512,0.38024,1,17.8172,19.07797
1690535471059,0.43398,0.3641,1,17.74126,19.11383
1690535471066,0.42013,0.35635,1,17.8929,19.20111
1690535471072,0.41043,0.33506,1,17.6397,19.0055
1690535471079,0.40664,0.34164,1,17.72818,19.27738
1690535471086,0.3946,0.30118,1,17.43258,19.19324
1690535471092,0.38611,0.29399,1,17.74116,19.26676
1690535471099,0.38072,0.27689,1,17.38162,19.18073
1690535471106,0.38423,0.27514,1,17.36373,19.47611
1690535471112,0.37537,0.26819,1,17.42366,19.24495
1690535471119,0.37195,0.27205,1,17.5011,19.33873
1690535471126,0.37386,0.25803,1,17.41368,19.31934
1690535471132,0.36986,0.25261,1,17.11796,19.4077
1690535471139,0.35306,0.26693,1,17.24506,19.43275
1690535471146,0.34926,0.29955,1,17.39512,19.45323
1690535471152,0.35574,0.28474,1,17.37396,19.30834
1690535471159,0.36701,0.27234,1,17.46916,19.57224
1690535471166,0.37422,0.29683,1,17.33231,19.26457
1690535471172,0.37975,0.30243,1,17.6141,19.41663
1690535471179,0.38322,0.30046,1,17.77185,19.22179
1690535471186,0.37211,0.28306,1,17.71096,19.06016
1690535471192,0.35234,0.25059,1,17.71338,18.9114
1690535471199,0.34489,0.23917,1,17.42985,19.27088
1690535471206,0.34865,0.24417,1,17.52803,19.10368
1690535471212,0.34835,0.28058,1,17.46919,19.03869
1690535471219,0.3457,0.26545,1,17.48715,19.21086
1690535471226,0.34769,0.28944,1,17.54372,19.30595
1690535471232,0.35069,0.28249,1,17.55004,19.02935
1690535471239,0.37442,0.30351,1,17.77928,19.03662
1690535471246,0.37908,0.289,1,17.64128,19.08842
1690535471252,0.38109,0.31514,1,17.56643,18.97969
1690535471259,0.3926,0.35461,1,17.44888,19.0621
1690535471266,0.40174,0.3567,1,17.41238,18.90578
1690535471272,0.39006,0.37409,1,17.39218,18.84267
1690535471279,0.38691,0.36974,1,17.50133,18.81325
1690535471286,0.39817,0.37814,1,17.54199,18.91277
1690535471292,0.40304,0.40615,1,17.47539,18.72702
1690535471299,0.4164,0.43562,1,17.30257,18.84335
1690535471306,0.42116,0.44729,1,17.69212,18.83734
1690535471312,0.42315,0.45325,1,17.87452,19.08655
1690535471319,0.43543,0.42827,1,17.78451,19.06005
1690535471326,0.46163,0.437,1,17.88158,18.99957
1690535471332,0.46297,0.42696,1,17.7974,18.96423
1690535471339,0.45498,0.4121,1,17.75772,19.05101
1690535471346,0.4575,0.40823,1,17.82369,18.91063
1690535471352,0.44211,0.41759,1,17.82684,18.89857
1690535471359,0.4535,0.40515,1,17.81281,18.96219
1690535471366,0.45572,0.41616,1,17.83741,18.85227
1690535471372,0.43662,0.39038,1,17.65358,18.85974
1690535471379,0.43567,0.38094,1,17.96941,18.91646
1690535471386,0.45353,0.37832,1,17.71834,19.02648
1690535471392,0.44968,0.36468,1,17.90448,19.00343
1690535471399,0.44474,0.36956,1,17.87347,19.1105
1690535471406,0.44238,0.34939,1,17.87362,19.14579
1690535471412,0.43601,0.33607,1,17.92865,19.00635
1690535471419,0.42743,0.34211,1,18.01938,19.164
1690535471426,0.45137,0.36167,1,17.78203,19.07032
1690535471432,0.43822,0.36664,1,17.60958,19.21493
1690535471439,0.43205,0.36157,1,17.51701,19.13168
1690535471446,0.43553,0.36581,1,17.57192,19.11629
1690535471452,0.43155,0.35553,1,17.47585,19.24357
1690535471459,0.41279,0.37717,1,17.49397,19.05919
1690535471466,0.40184,0.394,1,17.60643,19.06268
1690535471472,0.38848,0.42817,1,17.23739,19.20214
1690535471479,0.39228,0.41491,1,17.36295,19.06881
1690535471486,0.38194,0.37288,1,17.38902,19.05044
1690535471492,0.39325,0.38506,1,17.312,19.05557
1690535471499,0.39045,0.40886,1,17.58201,19.02067
1690535471506,0.39437,0.39873,1,17.49794,19.02344
1690535471512,0.40745,0.38791,1,17.63923,18.92877
1690535471519,0.41833,0.40657,1,17.75364,18.9319
1690535471526,0.41497,0.39974,1,17.74188,19.16626
1690535471532,0.40897,0.40141,1,17.71871,19.09475
1690535471539,0.40812,0.40052,1,17.77517,19.39319
1690535471546,0.40986,0.38891,1,17.78116,19.30046
1690535471552,0.39461,0.4077,1,17.91995,19.2406
1690535471559,0.4037,0.4137,1,17.90937,19.43075
1690535471566,0.3993,0.39856,1,17.89592,19.19611
1690535471572,0.41308,0.41327,1,18.10396,19.28506
1690535471579,0.42696,0.38957,1,17.91353,19.10596
1690535471586,0.42742,0.36588,1,17.56252,19.21243
1690535471592,0.42608,0.36524,1,17.82381,19.15546
1690535471599,0.42106,0.35372,1,17.93493,19.38788
1690535471606,0.40994,0.3345,1,18.11051,19.13957
1690535471612,0.42394,0.33379,1,18.05335,18.96993
1690535471619,0.42172,0.33997,1,18.03561,19.20378
1690535471626,0.40428,0.34262,1,18.07653,19.0298
1690535471632,0.41108,0.31853,1,18.22223,18.85643
1690535471639,0.43184,0.33799,1,17.79496,18.73895
1690535471646,0.43657,0.3384,1,17.9883,18.81586
1690535471652,0.43263,0.35353,1,17.81782,18.92099
1690535471659,0.43489,0.35416,1,17.88806,18.86742
1690535471666,0.43937,0.35378,1,18.04747,18.78172
1690535471672,0.42057,0.34985,1,17.91715,18.95222
1690535471679,0.42109,0.3392,1,17.85797,18.82334
1690535471686,0.42052,0.34956,1,17.90419,18.83103
1690535471692,0.41926,0.32842,1,17.94314,18.73527
1690535471699,0.4206,0.33811,1,17.83269,18.55281
1690535471706,0.41748,0.34854,1,17.81331,18.42839
1690535471712,0.4168,0.32331,1,17.62136,18.71017
1690535471719,0.41835,0.31992,1,17.74325,18.42249
1690535471726,0.422,0.27801,1,17.78896,18.36124
1690535471732,0.40674,0.27383,1,17.64302,18.26592
1690535471739,0.42022,0.24492,1,17.70473,18.49633
1690535471746,0.41749,0.24679,1,17.78166,18.44219
1690535471752,0.42948,0.24467,1,17.72259,18.46233
1690535471759,0.43461,0.24242,1,17.82521,18.33504
1690535471766,0.44245,0.24533,1,17.93257,18.48004
1690535471772,0.45767,0.2554,1,17.66064,18.55497
1690535471779,0.45576,0.22089,1,17.68791,18.9071
1690535471786,0.46152,0.21486,1,17.89383,18.80747
1690535471792,0.46928,0.19182,1,17.83037,19.0821
1690535471799,0.47387,0.21017,1,17.67816,18.88623
1690535471806,0.4543,0.18115,1,17.83006,19.02446
1690535471812,0.47395,0.16163,1,17.98238,19.08268
1690535471819,0.48031,0.17573,1,17.85287,18.84864
1690535471826,0.47972,0.17741,1,18.0148,19.25937
1690535471832,0.47288,0.18676,1,17.89798,19.21566
1690535471839,0.47306,0.17506,1,17.82782,19.1919
1690535471846,0.47239,0.20211,1,17.89703,19.23931
1690535471852,0.47714,0.20374,1,17.6846,19.21013
1690535471859,0.4789,0.21662,1,17.55006,19.4754
1690535471866,0.4736,0.24797,1,17.67472,19.51403
1690535471872,0.47378,0.25606,1,17.76326,19.29912
1690535471879,0.47409,0.26048,1,17.51651,19.51578
1690535471886,0.46176,0.29628,1,17.71796,19.54331
1690535471892,0.46234,0.293,1,17.5582,19.75863
1690535471899,0.45809,0.29541,1,17.75588,19.21823
1690535471906,0.45876,0.287,1,17.70193,19.54987
1690535471912,0.47197,0.25401,1,17.7517,19.4931
1690535471919,0.47664,0.26358,1,17.5361,19.49037
1690535471926,0.46889,0.27092,1,17.72009,19.32427
1690535471932,0.49781,0.24618,1,17.64576,19.61515
1690535471939,0.50214,0.25555,1,17.65625,19.51268
1690535471946,0.49915,0.24502,1,17.79047,19.58361
1690535471952,0.49527,0.23206,1,17.7332,19.71905
1690535471959,0.48709,0.22035,1,17.53337,19.88117
1690535471966,0.4852,0.20136,1,17.49587,19.78556
1690535471972,0.46855,0.21162,1,17.73194,19.91425
1690535471979,0.45722,0.20875,1,17.44178,19.99003
1690535471986,0.44795,0.22416,1,17.34843,19.82309
1690535471992,0.47392,0.23116,1,17.37455,19.91185
1690535471999,0.47574,0.21363,1,17.35815,19.7874
1690535472006,0.47194,0.1911,1,17.66072,19.92993
1690535472012,0.476,0.18708,1,17.35364,19.52712
1690535472019,0.46869,0.18174,1,17.50738,19.72054
1690535472026,0.46798,0.21439,1,17.45161,19.55837
1690535472032,0.46195,0.22446,1,17.35419,19.79057
1690535472039,0.46668,0.20898,1,17.47084,19.62342
1690535472046,0.46681,0.17459,1,17.54234,19.70769
1690535472052,0.47383,0.16838,1,17.43365,19.59127
1690535472059,0.4654,0.14447,1,17.60239,19.7109
1690535472066,0.45754,0.12203,1,17.41232,19.61405
1690535472072,0.46545,0.12375,1,17.58778,19.60785
1690535472079,0.47457,0.1321,1,17.4856,19.50317
1690535472086,0.48807,0.12316,1,17.59497,19.53484
1690535472092,0.4908,0.14929,1,17.30285,19.6662
1690535472099,0.47405,0.15774,1,17.39241,19.36793
1690535472106,0.48042,0.18451,1,17.47178,19.3462
1690535472112,0.48399,0.18398,1,17.47099,19.47464
1690535472119,0.48787,0.15898,1,17.49549,19.66476
1690535472126,0.47796,0.19477,1,17.35616,19.68763
1690535472132,0.46249,0.19373,1,17.23056,19.70838
1690535472139,0.4693,0.16967,1,17.38078,19.63768
1690535472146,0.47232,0.16229,1,17.43422,19.56238
1690535472152,0.47707,0.15666,1,17.46815,19.89066
1690535472159,0.48973,0.15284,1,17.3496,19.88935
1690535472166,0.48084,0.17016,1,17.37235,19.53134
1690535472172,0.48948,0.16417,1,17.53804,19.46618
1690535472179,0.49743,0.1807,1,17.53754,19.40047
1690535472186,0.50086,0.16274,1,17.7857,19.77961
1690535472192,0.49529,0.18781,1,17.82266,19.67076
1690535472199,0.51199,0.20831,1,17.89085,19.77033
1690535472206,0.50587,0.23117,1,17.7772,19.48481
1690535472212,0.50873,0.24599,1,17.70802,19.60242
1690535472219,0.48762,0.2498,1,17.53622,19.69462
1690535472226,0.49405,0.2481,1,17.68464,19.65156
1690535472232,0.50012,0.24784,1,17.75325,19.33511
1690535472239,0.50374,0.24648,1,17.46854,19.61499
1690535472246,0.50735,0.24772,1,17.54612,19.50545
1690535472252,0.50588,0.27797,1,17.57583,19.50062
1690535472259,0.5024,0.27726,1,17.71897,19.82261
1690535472266,0.50658,0.27211,1,17.61797,19.53678
1690535472272,0.48758,0.24993,1,17.20696,19.58743
1690535472279,0.5005,0.24018,1,17.4297,19.53215
1690535472286,0.50225,0.25621,1,17.38041,19.4509
1690535472292,0.499,0.29222,1,17.36355,19.24958
1690535472299,0.48785,0.30441,1,17.61867,19.26821
1690535472306,0.47791,0.30034,1,17.5436,19.11854
1690535472312,0.47885,0.30562,1,17.60129,19.17863
1690535472319,0.48913,0.29562,1,17.75381,19.34712
1690535472326,0.50009,0.30324,1,17.87266,19.37236
1690535472332,0.51738,0.29141,1,17.92071,19.0856
1690535472339,0.52079,0.29358,1,17.89755,19.07697
1690535472346,0.51867,0.27225,1,17.77352,19.18769
1690535472352,0.51994,0.25397,1,17.58178,19.33231
1690535472359,0.52188,0.25522,1,17.47231,19.55466
1690535472366,0.5364,0.24312,1,17.35894,19.33054
1690535472372,0.53228,0.24481,1,17.23097,19.40291
1690535472379,0.53485,0.19088,1,17.48043,19.3404
1690535472386,0.53629,0.20114,1,17.37186,19.18132
1690535472392,0.54614,0.20308,1,17.57734,19.03195
1690535472399,0.53745,0.1837,1,17.53421,19.41591
1690535472406,0.54094,0.23691,1,17.50157,19.06079
1690535472412,0.52173,0.23989,1,17.56496,19.1662
1690535472419,0.5114,0.24371,1,17.53951,19.05778
1690535472426,0.51492,0.2472,1,17.73848,18.88185
1690535472432,0.50663,0.24505,1,17.26587,19.11648
1690535472439,0.5191,0.23671,1,17.37326,19.18074
1690535472446,0.51477,0.21667,1,17.35084,19.07979
1690535472452,0.51443,0.22377,1,17.30722,19.07752
1690535472459,0.50906,0.2241,1,17.40665,18.89543
1690535472466,0.5069,0.22874,1,17.70721,18.57014
1690535472472,0.49238,0.23368,1,17.37825,18.60217
1690535472479,0.49184,0.22731,1,17.3906,18.59508
1690535472486,0.48145,0.21425,1,17.45909,18.62256
1690535472492,0.48208,0.22611,1,17.30808,18.9305
1690535472499,0.491,0.22326,1,17.17923,19.03061
1690535472506,0.49519,0.23627,1,17.06673,18.95965
1690535472512,0.50066,0.22268,1,17.08678,18.9866
1690535472519,0.48153,0.21194,1,17.08427,18.84456
1690535472526,0.47601,0.19261,1,17.12978,19.1075
1690535472532,0.47281,0.1661,1,17.32594,18.9718
1690535472539,0.46785,0.18281,1,17.12891,19.10368
1690535472546,0.46238,0.16674,1,17.25438,18.99529
1690535472552,0.44519,0.18975,1,17.00947,19.28395
1690535472559,0.42838,0.17675,1,16.93124,19.20528
1690535472566,0.41994,0.17154,1,16.78571,19.20663
1690535472572,0.41444,0.14126,1,16.89571,19.37105
1690535472579,0.40819,0.1474,1,16.8418,19.07347
1690535472586,0.41036,0.1476,1,16.69256,19.00928
1690535472592,0.42043,0.14061,1,16.81433,19.26922
1690535472599,0.41226,0.12835,1,16.81749,19.32794
1690535472606,0.40754,0.11726,1,16.67716,19.30339
1690535472612,0.40698,0.11132,1,16.59457,19.4226
1690535472619,0.41166,0.09012,1,16.85168,19.24996
1690535472626,0.39549,0.04516,1,16.83036,19.19446
1690535472632,0.39525,0.05962,1,16.63914,19.48536
1690535472639,0.39454,0.03853,1,16.52143,19.53489
1690535472646,0.40392,0.02637,1,16.63135,19.47485
1690535472652,0.40587,-0.00518,1,16.47769,19.63859
1690535472659,0.41282,-0.00061,1,16.5548,19.43822
1690535472666,0.42463,-0.01329,1,16.34265,19.36761
1690535472672,0.42796,-0.04454,1,16.40618,19.37751
1690535472679,0.42033,-0.053,1,16.4063,19.45299
1690535472686,0.4274,-0.04216,1,16.46938,19.70298
1690535472692,0.41712,-0.05949,1,16.52857,19.48038
1690535472699,0.42173,-0.0407,1,16.70227,19.40447
1690535472706,0.41392,-0.04825,1,16.49174,19.54489
1690535472712,0.4237,-0.04196,1,16.54532,19.55026
1690535472719,0.4174,-0.05842,1,16.51158,19.35843
1690535472726,0.4085,-0.07368,1,16.77929,19.3763
1690535472732,0.40873,-0.06269,1,16.48864,19.41177
1690535472739,0.39046,-0.04543,1,16.74753,19.54234
1690535472746,0.38025,-0.01115,1,16.62307,19.20245
1690535472752,0.37262,-0.01773,1,16.77881,19.41497
1690535472759,0.35637,-0.01896,1,16.40555,19.21835
1690535472766,0.36128,-0.0321,1,16.42836,19.06109
1690535472772,0.35637,-0.04168,1,16.49768,19.23095
1690535472779,0.37044,-0.06952,1,16.34857,19.03652
1690535472786,0.3683,-0.08434,1,16.29256,19.16703
1690535472792,0.37262,-0.07376,1,16.37112,19.20708
1690535472799,0.37351,-0.06264,1,16.29017,19.123
1690535472806,0.38368,-0.03534,1,16.2008,19.09248
1690535472812,0.3856,-0.0164,1,16.29462,19.13165
1690535472819,0.41032,-0.02032,1,16.19509,18.61818
1690535472826,0.41528,-0.05259,1,16.09747,18.95877
1690535472832,0.41518,-0.06092,1,16.04853,18.87225
1690535472839,0.41851,-0.0671,1,15.98065,18.80844
1690535472846,0.4311,-0.07264,1,16.10684,18.79595
1690535472852,0.43099,-0.0794,1,16.13363,18.79959
1690535472859,0.42047,-0.07305,1,15.97441,18.85896
1690535472866,0.41442,-0.06253,1,16.28664,18.78988
1690535472872,0.42196,-0.03877,1,15.91655,18.63546
1690535472879,0.40378,-0.03705,1,15.96646,18.58298
1690535472886,0.39946,-0.03006,1,15.76112,18.88493
1690535472892,0.41336,-0.02276,1,15.64565,18.77997
1690535472899,0.42865,-0.02199,1,15.76961,18.86513
1690535472906,0.42336,-0.01635,1,15.56413,18.56306
1690535472912,0.42712,-0.0103,1,15.58584,18.92099
1690535472919,0.43515,-0.01901,1,15.56893,18.59353
1690535472926,0.43031,-0.042,1,15.56126,18.76763
1690535472932,0.42707,-0.02495,1,15.46368,18.71471
1690535472939,0.41064,-0.0239,1,15.46999,18.6182
1690535472946,0.41374,-0.05346,1,15.48336,18.48454
1690535472952,0.42055,-0.0508,1,15.45878,18.54215
1690535472959,0.42084,-0.05697,1,15.48616,18.66654
1690535472966,0.40929,-0.05888,1,15.57412,18.61552
1690535472972,0.412,-0.07071,1,15.6821,18.4749
1690535472979,0.39937,-0.0738,1,15.54597,18.60227
1690535472986,0.38435,-0.08085,1,15.58216,18.44665
1690535472992,0.38073,-0.10775,1,15.443,18.50809
1690535472999,0.40334,-0.11632,1,15.57215,18.50814
1690535473006,0.411,-0.0988,1,15.66323,18.44065
1690535473012,0.41382,-0.12069,1,15.75078,18.67057
1690535473019,0.40955,-0.13621,1,15.56692,18.77974
1690535473026,0.4177,-0.13553,1,15.7128,18.61367
1690535473032,0.40909,-0.16362,1,15.84169,18.8907
1690535473039,0.42047,-0.19552,1,15.77992,18.6806
1690535473046,0.40762,-0.21434,1,15.79802,18.60643
1690535473052,0.41191,-0.18662,1,15.67714,18.46574
1690535473059,0.41861,-0.16988,1,15.74329,18.52446
1690535473066,0.44357,-0.1484,1,15.88684,18.57295
1690535473072,0.44198,-0.16479,1,15.85466,18.49008
1690535473079,0.44327,-0.1737,1,15.63598,18.50795
1690535473086,0.4431,-0.16133,1,15.83542,18.4832
1690535473092,0.44615,-0.16979,1,15.78344,18.42504
1690535473099,0.45557,-0.1469,1,15.76692,18.32072
1690535473106,0.46539,-0.15332,1,15.79283,18.56463
1690535473112,0.47235,-0.13088,1,15.80717,18.41233
1690535473119,0.47222,-0.11643,1,15.72539,18.38841
1690535473126,0.46864,-0.09035,1,15.85508,18.65176
1690535473132,0.47836,-0.10055,1,15.9414,18.66612
1690535473139,0.47144,-0.10601,1,15.75837,18.71451
1690535473146,0.46116,-0.09876,1,15.85374,18.52933
1690535473152,0.46169,-0.08619,1,15.85986,18.86804
1690535473159,0.44195,-0.08159,1,15.63031,18.88481
1690535473166,0.43138,-0.10017,1,15.89246,18.75233
1690535473172,0.43022,-0.11161,1,15.4907,18.98847
1690535473179,0.42994,-0.09667,1,15.45001,18.8825
1690535473186,0.43656,-0.07748,1,15.8644,19.07505
1690535473192,0.44093,-0.10243,1,15.69881,18.94347
1690535473199,0.42246,-0.0908,1,15.76687,19.12196
1690535473206,0.41928,-0.10242,1,15.89988,19.03893
1690535473212,0.41596,-0.1382,1,15.792,18.79779
1690535473219,0.41145,-0.16161,1,15.86578,19.06976
1690535473226,0.41226,-0.14536,1,16.08963,19.02004
1690535473232,0.4084,-0.15144,1,15.85413,18.98093
1690535473239,0.40038,-0.12914,1,15.81171,18.93112
1690535473246,0.39545,-0.14681,1,15.49927,18.82361
1690535473252,0.39518,-0.12917,1,15.90758,19.03217
1690535473259,0.3896,-0.15524,1,16.08096,19.0008
1690535473266,0.38768,-0.18166,1,15.8408,18.76588
1690535473272,0.37517,-0.17252,1,16.11019,18.90741
1690535473279,0.38515,-0.17982,1,15.84524,19.01365
1690535473286,0.38855,-0.15189,1,16.08195,19.12517
1690535473292,0.38286,-0.18398,1,15.85599,19.26711
1690535473299,0.38318,-0.19456,1,15.86937,19.11771
1690535473306,0.38657,-0.18188,1,15.75209,18.83198
1690535473312,0.39793,-0.18135,1,15.89355,18.8534
1690535473319,0.38946,-0.20322,1,15.75245,18.95299
1690535473326,0.39095,-0.20607,1,15.7494,19.04142
1690535473332,0.39894,-0.23425,1,15.73261,18.82714
1690535473339,0.38211,-0.24197,1,15.77318,18.6877
1690535473346,0.39119,-0.23456,1,15.41971,19.02053
1690535473352,0.39544,-0.22947,1,15.47774,18.84802
1690535473359,0.39714,-0.21409,1,15.981,18.96375
1690535473366,0.39875,-0.21997,1,15.74682,18.89651
1690535473372,0.40753,-0.19431,1,15.60475,18.95094
1690535473379,0.42239,-0.18063,1,15.345,18.83657
1690535473386,0.42864,-0.19995,1,15.73684,18.99761
1690535473392,0.42311,-0.14154,1,15.59947,19.02896
1690535473399,0.41084,-0.13938,1,15.57942,18.89496
1690535473406,0.40696,-0.14179,1,15.67952,18.89675
1690535473412,0.39654,-0.19279,1,15.67777,18.94538
1690535473419,0.38537,-0.19398,1,15.59041,18.98259
1690535473426,0.37063,-0.1878,1,15.64934,18.86584
1690535473432,0.37719,-0.20976,1,15.74874,19.05677
1690535473439,0.37352,-0.20904,1,15.52755,19.06626
1690535473446,0.35908,-0.22837,1,15.697,19.19368
1690535473452,0.36289,-0.22347,1,15.76819,19.16624
1690535473459,0.36371,-0.23359,1,15.75876,19.28931
1690535473466,0.36974,-0.24033,1,15.97217,19.26712
1690535473472,0.36682,-0.27225,1,15.81186,19.25742
1690535473479,0.38346,-0.25912,1,15.76186,19.19733
1690535473486,0.39347,-0.26955,1,15.73131,19.46565
1690535473492,0.39757,-0.25705,1,15.86504,19.09671
1690535473499,0.39997,-0.23379,1,15.79403,19.30204
1690535473506,0.39718,-0.23131,1,15.95942,19.48825
1690535473512,0.40239,-0.23802,1,15.77005,19.31742
1690535473519,0.40556,-0.24121,1,15.80697,19.49893
1690535473526,0.40251,-0.25338,1,15.61617,19.42512
1690535473532,0.4067,-0.25494,1,15.80184,19.44696
1690535473539,0.40738,-0.25277,1,15.84803,19.34884
1690535473546,0.40096,-0.23621,1,15.73237,19.43355
1690535473552,0.39821,-0.20437,1,15.80265,19.38113
1690535473559,0.38256,-0.21357,1,15.69459,19.18199
1690535473566,0.39901,-0.21972,1,15.68516,19.48401
1690535473572,0.39777,-0.24094,1,15.68657,19.32243
1690535473579,0.39968,-0.22885,1,15.57552,19.1809
1690535473586,0.40775,-0.25733,1,15.53632,19.15636
1690535473592,0.39717,-0.22668,1,15.44546,19.33044
1690535473599,0.38824,-0.21825,1,15.65549,19.24281
1690535473606,0.36621,-0.22279,1,15.47068,19.26821
1690535473612,0.37366,-0.20294,1,15.6601,19.37103
1690535473619,0.36688,-0.19807,1,15.78335,19.45874
1690535473626,0.34439,-0.22622,1,15.89113,19.21985
1690535473632,0.33327,-0.22301,1,15.75033,19.35302
1690535473639,0.32696,-0.2118,1,15.76489,19.20872
1690535473646,0.3317,-0.19318,1,15.76217,19.63546
1690535473652,0.32744,-0.17131,1,15.77305,19.24834
1690535473659,0.33134,-0.149,1,15.54935,19.33146
1690535473666,0.32956,-0.17642,1,15.58941,19.16675
1690535473672,0.33388,-0.20212,1,15.70081,19.15517
1690535473679,0.32841,-0.1588,1,15.522,19.52821
1690535473686,0.30921,-0.18896,1,15.66724,19.2123
1690535473692,0.31431,-0.21679,1,15.48096,19.50136
1690535473699,0.31874,-0.24166,1,15.55779,19.16355
1690535473706,0.31774,-0.23769,1,15.50914,19.26022
1690535473712,0.31517,-0.26336,1,15.40486,19.5339
1690535473719,0.31288,-0.27004,1,15.43418,19.1596
1690535473726,0.3035,-0.24442,1,15.84243,19.26567
1690535473732,0.31619,-0.24068,1,15.69853,19.15259
1690535473739,0.32812,-0.25223,1,15.84158,19.45413
1690535473746,0.334,-0.25354,1,15.46457,19.47744
1690535473752,0.33913,-0.25225,1,15.78736,19.14257
1690535473759,0.33979,-0.22882,1,15.67861,19.28057
1690535473766,0.34496,-0.25106,1,15.63615,19.31533
1690535473772,0.35954,-0.23607,1,16.00293,19.22388
1690535473779,0.36867,-0.2298,1,15.66913,19.32087
1690535473786,0.36294,-0.24951,1,15.62174,19.21497
1690535473792,0.37098,-0.23789,1,15.77499,19.10569
1690535473799,0.39066,-0.21418,1,15.69234,19.35447
1690535473806,0.38369,-0.22492,1,15.73812,19.28499
1690535473812,0.38147,-0.23533,1,15.41625,19.21336
1690535473819,0.38412,-0.2204,1,15.47278,19.30299
1690535473826,0.39174,-0.22477,1,15.60633,19.41012
1690535473832,0.39658,-0.20941,1,15.37018,19.52485
1690535473839,0.40014,-0.20518,1,15.60103,19.50283
1690535473846,0.39331,-0.19145,1,15.57919,19.47998
1690535473852,0.38321,-0.19264,1,15.64625,19.39242
1690535473859,0.37994,-0.22401,1,15.69634,19.35119
1690535473866,0.37027,-0.21413,1,15.78149,19.30679
1690535473872,0.36576,-0.21865,1,15.84245,19.37733
1690535473879,0.36515,-0.22735,1,15.78363,19.49908
1690535473886,0.37163,-0.24114,1,15.92255,19.64778
1690535473892,0.38318,-0.23351,1,15.8006,19.49588
1690535473899,0.38053,-0.2054,1,15.89234,19.58684
1690535473906,0.36587,-0.2105,1,15.98643,19.51529
1690535473912,0.36312,-0.19146,1,16.02432,19.54477
1690535473919,0.35746,-0.20428,1,16.13104,19.45355
1690535473926,0.36287,-0.21811,1,16.24065,19.6356
1690535473932,0.36161,-0.21484,1,16.14092,19.36671
1690535473939,0.36374,-0.25569,1,16.17596,19.76909
1690535473946,0.354,-0.25006,1,16.07844,19.28277
1690535473952,0.36259,-0.26172,1,16.12349,19.43926
1690535473959,0.3765,-0.21753,1,16.13251,19.66545
1690535473966,0.37146,-0.23791,1,16.21578,19.75541
1690535473972,0.369,-0.24523,1,16.31712,19.49024
1690535473979,0.37187,-0.24687,1,16.36318,19.4899
1690535473986,0.36613,-0.23259,1,16.04913,19.31179
1690535473992,0.34758,-0.25935,1,16.56854,19.37428
1690535473999,0.34787,-0.23666,1,16.1157,19.50999
1690535474006,0.34559,-0.24501,1,16.28797,19.57711
1690535474012,0.35192,-0.24756,1,16.27274,19.54301
1690535474019,0.35312,-0.27606,1,15.99279,19.50648
1690535474026,0.36751,-0.29684,1,16.00935,19.57921
1690535474032,0.36798,-0.31111,1,16.21924,19.66308
1690535474039,0.36508,-0.30613,1,15.83541,19.67847
1690535474046,0.38507,-0.30936,1,16.07483,19.71064
1690535474052,0.37913,-0.31654,1,16.07065,19.65148
1690535474059,0.3856,-0.32101,1,15.96535,19.75525
1690535474066,0.38759,-0.31393,1,16.17825,19.62306
1690535474072,0.37696,-0.29687,1,15.89942,19.73277
1690535474079,0.37012,-0.30675,1,16.05957,19.87946
1690535474086,0.35187,-0.30422,1,15.94435,19.80037
1690535474092,0.34673,-0.32096,1,15.94248,19.71473
1690535474099,0.34665,-0.31219,1,16.13903,19.77094
1690535474106,0.3422,-0.29076,1,16.22156,19.82749
1690535474112,0.34804,-0.27943,1,16.28682,20.01279
1690535474119,0.34921,-0.27606,1,16.28044,19.80404
1690535474126,0.35172,-0.2435,1,16.35293,19.75096
1690535474132,0.36571,-0.21667,1,16.29279,19.77376
1690535474139,0.36801,-0.24835,1,16.27722,19.98515
1690535474146,0.36285,-0.22227,1,16.37317,19.84622
1690535474152,0.37075,-0.18554,1,16.53402,19.87125
1690535474159,0.38392,-0.15689,1,16.65393,19.88397
1690535474166,0.38884,-0.16115,1,16.43354,20.14022
1690535474172,0.38126,-0.16333,1,16.50459,19.96867
1690535474179,0.38838,-0.19196,1,16.57761,19.94785
1690535474186,0.38733,-0.20218,1,16.52587,19.9356
1690535474192,0.38399,-0.19925,1,16.47225,20.03073
1690535474199,0.36894,-0.20477,1,16.37004,19.90018
1690535474206,0.35913,-0.21462,1,16.17892,20.12842
1690535474212,0.33593,-0.2198,1,16.05476,19.80653
1690535474219,0.35415,-0.18723,1,16.19849,19.96968
1690535474226,0.34587,-0.19036,1,16.24638,19.74962
1690535474232,0.34674,-0.15545,1,15.96069,19.7622
1690535474239,0.35032,-0.14684,1,16.13656,19.54402
1690535474246,0.36129,-0.08755,1,16.35718,19.77104
1690535474252,0.3475,-0.05695,1,16.1043,19.75269
1690535474259,0.34895,-0.03475,1,16.41173,19.70617
1690535474266,0.34442,-0.06029,1,16.56528,19.4887
1690535474272,0.33805,-0.07127,1,16.14993,19.60478
1690535474279,0.3446,-0.07846,1,16.0738,19.68036
1690535474286,0.34182,-0.09048,1,16.16281,19.53917
1690535474292,0.34186,-0.10179,1,15.96468,19.45566
1690535474299,0.34022,-0.1184,1,16.00846,19.61682
1690535474306,0.34872,-0.11183,1,16.23258,19.56818
1690535474312,0.35096,-0.10827,1,16.29366,19.55643
1690535474319,0.33292,-0.09644,1,16.26675,19.31771
1690535474326,0.32484,-0.10644,1,16.30804,19.39862
1690535474332,0.30916,-0.11566,1,16.32782,19.39274
1690535474339,0.31436,-0.11978,1,16.44281,19.43843
1690535474346,0.30115,-0.0828,1,16.34734,19.31758
1690535474352,0.31677,-0.07319,1,16.43075,19.31498
1690535474359,0.32859,-0.04801,1,16.32083,19.23198
1690535474366,0.34476,-0.04596,1,16.10865,19.27008
1690535474372,0.3559,-0.06643,1,16.21097,19.38313
1690535474379,0.34715,-0.02237,1,16.21754,19.31781
1690535474386,0.3607,-0.02895,1,16.16217,19.21497
1690535474392,0.38251,0.00289,1,16.19107,19.14831
1690535474399,0.38483,-0.02611,1,16.22096,19.31433
1690535474406,0.38265,-0.01571,1,16.18172,19.4921
1690535474412,0.38805,-0.013,1,16.13522,19.38954
1690535474419,0.38683,-0.01897,1,16.34098,19.09864
1690535474426,0.39706,-0.03789,1,16.325,19.35757
1690535474432,0.40756,-0.06394,1,16.2341,19.30431
1690535474439,0.40991,-0.033,1,16.18653,19.3707
1690535474446,0.41168,-0.03806,1,16.15042,19.61775
1690535474452,0.40347,-0.05975,1,16.13038,19.44178
1690535474459,0.40766,-0.07122,1,16.42531,19.46116
1690535474466,0.41345,-0.07653,1,16.54943,19.53767
1690535474472,0.40864,-0.0881,1,16.26332,19.64525
1690535474479,0.4011,-0.11889,1,16.4415,19.72889
1690535474486,0.39635,-0.10981,1,16.44058,19.96366
1690535474492,0.38531,-0.05961,1,16.54512,19.94397
1690535474499,0.38579,-0.052,1,16.58826,19.95184
1690535474506,0.37805,-0.03049,1,16.56171,20.04523
1690535474512,0.38163,0.00085,1,16.44804,20.05605
1690535474519,0.37613,-0.00576,1,16.5962,20.02865
1690535474526,0.37328,-0.00201,1,16.68647,20.12994
1690535474532,0.39227,0.00425,1,16.57038,20.30067
1690535474539,0.38157,0.0179,1,16.49435,20.3951
1690535474546,0.38532,0.00272,1,16.80577,20.40241
1690535474552,0.39221,-0.05225,1,16.77885,20.23499
1690535474559,0.38973,-0.06787,1,16.71896,20.33186
1690535474566,0.39099,-0.05996,1,16.6691,20.24313
1690535474572,0.40132,-0.06738,1,16.90531,20.19866
1690535474579,0.39757,-0.03198,1,16.81815,20.28539
1690535474586,0.40322,-0.01958,1,16.66689,20.04081
1690535474592,0.41227,-0.04613,1,16.94766,19.9186
1690535474599,0.40766,-0.03328,1,16.66843,20.07327
1690535474606,0.40816,-0.03,1,16.96788,19.72471
1690535474612,0.41475,-0.02026,1,17.04833,19.71194
1690535474619,0.41324,0.01315,1,16.96513,20.08747
1690535474626,0.40733,-0.00712,1,16.9257,19.86313
1690535474632,0.41032,-0.02012,1,16.67643,19.84611
1690535474639,0.4067,-0.01925,1,16.75148,19.67596
1690535474646,0.41005,-0.00906,1,16.63669,19.65752
1690535474652,0.41259,-0.01207,1,16.8008,19.84578
1690535474659,0.40921,-0.04386,1,16.90156,19.72828
1690535474666,0.40676,-0.05655,1,16.93137,19.8318
1690535474672,0.42639,-0.05917,1,16.82797,19.51905
1690535474679,0.42392,-0.07635,1,16.58812,19.57156
1690535474686,0.43553,-0.07932,1,16.5482,19.49453
1690535474692,0.4421,-0.10177,1,16.43754,19.52237
1690535474699,0.44177,-0.11957,1,16.4511,19.58924
1690535474706,0.44025,-0.14685,1,16.3668,19.60024
1690535474712,0.43579,-0.1926,1,16.35379,19.53433
1690535474719,0.43355,-0.1964,1,16.3811,19.56086
1690535474726,0.42816,-0.1414,1,16.51744,19.48216
1690535474732,0.42928,-0.12661,1,16.67302,19.64258
1690535474739,0.44141,-0.11696,1,16.71608,19.63836
1690535474746,0.44363,-0.13607,1,16.35042,19.60015
1690535474752,0.45614,-0.14814,1,16.53826,19.56514
1690535474759,0.45031,-0.16013,1,16.33249,19.61683
1690535474766,0.43515,-0.13827,1,16.41673,19.49986
1690535474772,0.44016,-0.15441,1,16.1341,19.35913
1690535474779,0.43162,-0.12474,1,16.20116,19.45282
1690535474786,0.42868,-0.11138,1,16.23429,19.35898
1690535474792,0.42678,-0.12369,1,16.26222,19.45932
1690535474799,0.42831,-0.11748,1,16.14554,19.43825
1690535474806,0.42694,-0.14822,1,16.29945,19.18506
1690535474812,0.42437,-0.13139,1,16.61847,19.49342
1690535474819,0.41636,-0.12258,1,16.54736,19.40988
1690535474826,0.42929,-0.10939,1,16.36853,19.55409
1690535474832,0.42783,-0.12181,1,16.51827,19.43342
1690535474839,0.41484,-0.12047,1,16.60462,19.30761
1690535474846,0.40329,-0.16535,1,16.45403,19.29473
1690535474852,0.40174,-0.19185,1,16.45564,19.57564
1690535474859,0.40204,-0.18625,1,16.34442,19.39007
1690535474866,0.38123,-0.15916,1,16.55683,19.21438
1690535474872,0.36581,-0.16453,1,16.68356,19.32788
1690535474879,0.36622,-0.17173,1,16.76591,19.31943
1690535474886,0.36909,-0.19937,1,16.40338,19.40745
1690535474892,0.38164,-0.17772,1,16.62316,19.6606
1690535474899,0.39319,-0.18905,1,16.69213,19.35411
1690535474906,0.39442,-0.19982,1,16.75749,19.44939
1690535474912,0.41184,-0.19265,1,16.69609,19.30558
1690535474919,0.41223,-0.20179,1,16.70571,19.43433
1690535474926,0.43046,-0.20921,1,16.59889,19.12591
1690535474932,0.41998,-0.22679,1,16.59173,19.26142
1690535474939,0.41989,-0.23201,1,16.63396,19.2395
1690535474946,0.43021,-0.22866,1,16.54293,19.33324
1690535474952,0.41635,-0.20614,1,16.33755,19.16898
1690535474959,0.42098,-0.21435,1,16.29261,19.12029
1690535474966,0.42133,-0.18443,1,16.56939,19.09448
1690535474972,0.41538,-0.17209,1,16.35292,18.99606
1690535474979,0.42337,-0.1277,1,16.27032,19.08878
1690535474986,0.42739,-0.1334,1,16.46201,19.11269
1690535474992,0.42636,-0.16243,1,16.59593,19.14372
1690535474999,0.42311,-0.14901,1,16.30002,19.05119
1690535475006,0.43103,-0.15248,1,16.4263,19.1114
1690535475012,0.43375,-0.16712,1,16.52501,19.37092
1690535475019,0.42123,-0.16994,1,16.31221,19.36287
1690535475026,0.40962,-0.18404,1,16.34438,19.3473
1690535475032,0.40332,-0.17046,1,16.23611,19.19338
1690535475039,0.40439,-0.16418,1,16.26713,19.15711
1690535475046,0.41664,-0.1581,1,16.34767,19.19265
1690535475052,0.41014,-0.16276,1,16.18854,19.20207
1690535475059,0.40295,-0.15352,1,16.34955,19.33441
1690535475066,0.42359,-0.13885,1,16.32723,19.28681
1690535475072,0.42243,-0.13056,1,16.29692,19.45077
1690535475079,0.42002,-0.124,1,16.31033,19.38284
1690535475086,0.42882,-0.13537,1,16.1935,19.50897
1690535475092,0.41515,-0.17485,1,16.37703,19.36105
1690535475099,0.42518,-0.16157,1,16.30111,19.55241
1690535475106,0.43583,-0.1548,1,16.40365,19.29884
1690535475112,0.43758,-0.14745,1,16.31787,19.4618
1690535475119,0.4307,-0.12732,1,16.29573,19.5718
1690535475126,0.44791,-0.1658,1,16.26045,19.74365
1690535475132,0.44339,-0.14989,1,16.37407,19.62405
1690535475139,0.43978,-0.13989,1,16.23922,19.69334
1690535475146,0.43342,-0.12586,1,16.1968,19.72744
1690535475152,0.44211,-0.11055,1,16.16054,19.73105
1690535475159,0.4474,-0.10085,1,16.28073,19.51604
1690535475166,0.44723,-0.12697,1,16.2719,19.80301
1690535475172,0.42967,-0.12945,1,15.97228,19.74472
1690535475179,0.44102,-0.13087,1,15.98791,19.71418
1690535475186,0.43923,-0.16961,1,16.01117,19.89231
1690535475192,0.43067,-0.16671,1,16.15373,19.75815
1690535475199,0.44531,-0.17185,1,15.97748,19.90179
1690535475206,0.4428,-0.1856,1,15.89503,19.79525
1690535475212,0.44589,-0.19102,1,15.71078,19.83485
1690535475219,0.45057,-0.16133,1,15.88445,19.86807
1690535475226,0.45117,-0.1479,1,15.97809,19.99234
1690535475232,0.43829,-0.14812,1,15.76114,19.90735
1690535475239,0.44424,-0.12325,1,15.71209,19.9086
1690535475246,0.44418,-0.12888,1,16.1264,19.78929
1690535475252,0.45261,-0.11563,1,15.76892,19.63985
1690535475259,0.45671,-0.09756,1,15.7745,19.74398
1690535475266,0.45606,-0.10199,1,15.97123,19.66559
1690535475272,0.45381,-0.12244,1,15.72022,19.47006
1690535475279,0.46115,-0.12363,1,15.75736,19.51438
1690535475286,0.47242,-0.12758,1,16.15281,19.54395
1690535475292,0.47671,-0.12608,1,16.0493,19.64183
1690535475299,0.47397,-0.14726,1,16.09115,19.63717
1690535475306,0.48314,-0.16077,1,15.98737,19.77286
1690535475312,0.46781,-0.1839,1,15.96746,19.7093
1690535475319,0.48275,-0.14731,1,16.20335,19.7951
1690535475326,0.4695,-0.15626,1,15.96323,19.8054
1690535475332,0.46106,-0.13442,1,16.18181,20.08081
1690535475339,0.46433,-0.15529,1,15.95063,19.96746
1690535475346,0.48406,-0.1861,1,15.88968,19.95971
1690535475352,0.49316,-0.1989,1,16.50197,19.94793
1690535475359,0.47693,-0.1807,1,16.26144,20.16077
1690535475366,0.46977,-0.18186,1,16.37631,20.02629
1690535475372,0.48735,-0.16757,1,16.39049,20.12617
1690535475379,0.50255,-0.16632,1,16.26713,20.23391
1690535475386,0.48922,-0.16181,1,16.33854,19.97214
1690535475392,0.49548,-0.16696,1,16.24761,19.75873
1690535475399,0.48941,-0.20641,1,16.54457,19.8282
1690535475406,0.49968,-0.18773,1,16.34189,19.65265
1690535475412,0.50355,-0.19524,1,16.40594,19.78745
1690535475419,0.49838,-0.21427,1,16.41674,19.80114
1690535475426,0.49831,-0.19823,1,16.32108,19.95336
1690535475432,0.49859,-0.19105,1,16.17805,19.97665
1690535475439,0.51868,-0.17356,1,16.26135,19.9205
1690535475446,0.51045,-0.16948,1,16.32076,20.13145
1690535475452,0.50933,-0.16155,1,16.23368,19.9997
1690535475459,0.49852,-0.12639,1,16.43066,19.98946
1690535475466,0.49592,-0.11356,1,16.28034,19.88123
1690535475472,0.51567,-0.12718,1,16.28925,20.04634
1690535475479,0.50969,-0.11454,1,16.43692,19.95273
1690535475486,0.524,-0.13592,1,16.50893,19.62926
1690535475492,0.53447,-0.14211,1,16.4639,19.81724
1690535475499,0.52518,-0.14118,1,16.35625,19.8969
1690535475506,0.4982,-0.16029,1,16.39286,19.82235
1690535475512,0.51867,-0.15368,1,16.25689,19.69951
1690535475519,0.52282,-0.14224,1,16.64445,19.56877
1690535475526,0.50988,-0.12485,1,16.7502,19.68682
1690535475532,0.52008,-0.11459,1,16.74054,19.57039
1690535475539,0.5258,-0.09413,1,16.75457,19.73969
1690535475546,0.52146,-0.07314,1,16.55458,19.35065
1690535475552,0.52843,-0.10236,1,16.71242,19.51551
1690535475559,0.52821,-0.08371,1,16.86565,19.43565
1690535475566,0.51953,-0.06791,1,16.73167,19.3111
1690535475572,0.50493,-0.09413,1,16.84893,19.33716
1690535475579,0.49659,-0.06635,1,16.94441,19.6705
1690535475586,0.50415,-0.06057,1,16.81198,19.41971
1690535475592,0.49308,-0.0681,1,16.87121,19.1988
1690535475599,0.49273,-0.07899,1,17.01726,19.45313
1690535475606,0.5166,-0.07118,1,17.20841,19.38173
1690535475612,0.52257,-0.10427,1,17.22338,19.33761
1690535475619,0.52476,-0.11043,1,17.33531,19.46995
1690535475626,0.53762,-0.09869,1,17.16253,19.13749
1690535475632,0.52966,-0.07139,1,17.24408,19.44798
1690535475639,0.52671,-0.06173,1,17.1816,19.43127
1690535475646,0.528,-0.07396,1,16.99718,19.3834
1690535475652,0.51379,-0.1,1,17.13351,19.50532
1690535475659,0.53221,-0.09061,1,17.06596,19.64264
1690535475666,0.54008,-0.06533,1,17.05579,19.57468
1690535475672,0.53248,-0.08622,1,17.13767,19.67594
1690535475679,0.53321,-0.08049,1,17.39805,19.70447
1690535475686,0.53355,-0.08089,1,17.30914,19.60612
1690535475692,0.52341,-0.06006,1,17.33995,19.60078
1690535475699,0.52102,-0.04338,1,17.38513,19.4677
1690535475706,0.52835,-0.06682,1,17.31172,19.58487
1690535475712,0.53181,-0.05319,1,17.20222,19.5653
1690535475719,0.5269,-0.06184,1,16.94926,19.81591
1690535475726,0.51301,-0.07504,1,17.1581,19.54174
1690535475732,0.50815,-0.08713,1,17.17067,19.5494
1690535475739,0.4964,-0.06298,1,17.37625,19.81674
1690535475746,0.49087,-0.07408,1,17.16259,19.7161
1690535475752,0.51007,-0.07151,1,17.21466,19.82761
1690535475759,0.51331,-0.03674,1,17.44109,19.76201
1690535475766,0.50656,-0.03096,1,17.42258,19.46643
1690535475772,0.51127,0.00636,1,17.34213,19.60621
1690535475779,0.5124,0.02908,1,17.14574,19.63996
1690535475786,0.5098,0.04274,1,17.16001,19.69037
1690535475792,0.50344,0.05254,1,17.19236,19.57769
1690535475799,0.50602,0.06289,1,17.14302,19.42372
1690535475806,0.50823,0.07434,1,17.08022,19.45738
1690535475812,0.50213,0.06924,1,17.39735,19.35541
1690535475819,0.49499,0.06793,1,17.27025,19.44516
1690535475826,0.49414,0.07541,1,17.34259,19.35323
1690535475832,0.48892,0.09541,1,17.39431,19.31017
1690535475839,0.47568,0.10072,1,17.48439,19.50236
1690535475846,0.49726,0.07091,1,17.3374,19.65069
1690535475852,0.50563,0.06673,1,17.33744,19.56192
1690535475859,0.49232,0.06656,1,17.46764,19.52013
1690535475866,0.51244,0.0579,1,17.54603,19.5295
1690535475872,0.50453,0.04547,1,17.50863,19.57777
1690535475879,0.5045,0.02369,1,17.36704,19.56953
1690535475886,0.51735,0.05965,1,17.33589,19.68029
1690535475892,0.52091,0.05347,1,17.43941,19.48299
1690535475899,0.52831,0.08063,1,17.59768,19.56225
1690535475906,0.52972,0.0685,1,17.59008,19.59058
1690535475912,0.52026,0.05137,1,17.55493,19.23132
1690535475919,0.53432,0.06833,1,17.58566,19.38924
1690535475926,0.5318,0.06877,1,17.52075,19.32791
1690535475932,0.5249,0.08116,1,17.48484,19.31738
1690535475939,0.52275,0.09994,1,17.89536,19.66331
1690535475946,0.51525,0.10894,1,17.78704,19.54693
1690535475952,0.50681,0.09169,1,17.85498,19.727
1690535475959,0.51554,0.08695,1,17.77375,19.57116
1690535475966,0.50852,0.10273,1,17.85983,19.52991
1690535475972,0.50784,0.10903,1,17.63056,19.56072
1690535475979,0.5186,0.06949,1,17.52656,19.45375
1690535475986,0.51032,0.06684,1,17.48545,19.5342
1690535475992,0.50377,0.04435,1,17.61909,19.61691
1690535475999,0.50991,0.04804,1,17.76507,19.60423
1690535476006,0.51475,0.07563,1,17.89541,19.5879
1690535476012,0.52209,0.09263,1,17.6344,19.63956
1690535476019,0.51819,0.06556,1,17.84838,19.54099
1690535476026,0.52575,0.06801,1,17.9661,19.45666
1690535476032,0.5392,0.07663,1,17.84175,19.24613
1690535476039,0.54405,0.09644,1,17.97074,19.36217
1690535476046,0.55067,0.08961,1,17.99917,19.57507
1690535476052,0.54715,0.09252,1,17.89373,19.65938
1690535476059,0.53853,0.07627,1,18.04026,19.59875
1690535476066,0.53632,0.07903,1,17.91501,19.50357
1690535476072,0.52825,0.05375,1,17.9485,19.30777
1690535476079,0.52498,0.06737,1,17.83883,19.48088
1690535476086,0.54423,0.0376,1,17.80341,19.35909
1690535476092,0.55251,0.04302,1,17.86109,19.40942
1690535476099,0.55373,0.04872,1,17.79789,19.22355
1690535476106,0.55696,0.05366,1,17.69878,19.2914
1690535476112,0.55361,0.03215,1,17.82402,19.46282
1690535476119,0.55373,0.04697,1,17.53073,19.49528
1690535476126,0.55806,0.05342,1,17.68575,19.39826
1690535476132,0.56412,0.05247,1,17.55396,19.47882
1690535476139,0.54983,0.04582,1,17.8021,19.5321
1690535476146,0.56354,0.03678,1,17.48575,19.47579
1690535476152,0.56002,0.05123,1,17.52662,19.44756
1690535476159,0.55303,0.07787,1,17.78464,19.29726
1690535476166,0.56645,0.09377,1,17.52962,19.32834
1690535476172,0.56016,0.1122,1,17.6548,19.34869
1690535476179,0.55276,0.10117,1,17.69806,19.29737
1690535476186,0.54596,0.08312,1,17.80612,18.98777
1690535476192,0.5424,0.08698,1,17.49838,19.10802
1690535476199,0.55089,0.06847,1,17.65999,19.34474
1690535476206,0.55233,0.05384,1,17.61973,19.01563
1690535476212,0.54908,0.02462,1,17.66977,19.11979
1690535476219,0.55187,0.01235,1,17.75951,19.42786
1690535476226,0.55707,0.01414,1,17.58131,19.47307
1690535476232,0.55241,0.04054,1,17.70618,19.56307
1690535476239,0.55028,0.05162,1,17.47637,19.37216
1690535476246,0.55285,0.09558,1,17.83348,19.51531
1690535476252,0.5554,0.09758,1,17.75333,19.39699
1690535476259,0.549,0.09209,1,17.48036,19.2474
1690535476266,0.54254,0.09796,1,17.53568,19.37998
1690535476272,0.53054,0.07206,1,17.6379,19.59779
1690535476279,0.53657,0.06372,1,17.49741,19.50504
1690535476286,0.54211,0.0452,1,17.42242,19.39856
1690535476292,0.555,0.05333,1,17.3626,19.5495
1690535476299,0.55464,0.07442,1,17.74062,19.52384
1690535476306,0.57909,0.06098,1,17.77693,19.39403
1690535476312,0.58362,0.06126,1,17.53107,19.38988
1690535476319,0.57157,0.06208,1,17.73019,19.361
1690535476326,0.57385,0.07501,1,17.39629,19.43868
1690535476332,0.57416,0.08639,1,17.58744,19.30748
1690535476339,0.5652,0.07852,1,17.625,19.4224
1690535476346,0.56393,0.09833,1,17.43697,19.31794
1690535476352,0.57405,0.10608,1,17.78438,19.32197
1690535476359,0.59082,0.12378,1,17.87415,19.53599
1690535476366,0.60153,0.13253,1,17.4841,19.347
1690535476372,0.60091,0.15119,1,17.54622,19.31053
1690535476379,0.59775,0.12049,1,17.37672,19.33435
1690535476386,0.59112,0.14871,1,17.30402,19.12245
1690535476392,0.59337,0.18032,1,17.5251,19.48349
1690535476399,0.57436,0.21192,1,17.65969,19.16107
1690535476406,0.58019,0.21059,1,17.63753,19.21151
1690535476412,0.58361,0.22591,1,17.60095,19.18871
1690535476419,0.58893,0.20474,1,17.63562,19.14589
1690535476426,0.58638,0.21943,1,17.71197,19.12565
1690535476432,0.59483,0.18655,1,17.58215,19.05381
1690535476439,0.58667,0.21276,1,17.53161,19.10398
1690535476446,0.59836,0.18556,1,17.46527,18.94442
1690535476452,0.59002,0.179,1,17.49475,19.03579
1690535476459,0.57846,0.20324,1,17.35454,19.09754
1690535476466,0.57986,0.17486,1,17.46097,19.27383
1690535476472,0.57717,0.15232,1,17.51063,19.16941
1690535476479,0.5798,0.16038,1,17.57251,19.37688
1690535476486,0.58224,0.15959,1,17.62851,19.42532
1690535476492,0.59191,0.15545,1,17.64952,19.20545
1690535476499,0.60014,0.18964,1,17.64196,19.39955
1690535476506,0.59674,0.18514,1,17.77199,19.23051
1690535476512,0.59491,0.20972,1,17.93389,19.37873
1690535476519,0.6045,0.22143,1,17.94018,19.1776
1690535476526,0.60651,0.19857,1,17.74317,19.24169
1690535476532,0.61537,0.20336,1,17.84968,19.0959
1690535476539,0.596,0.23075,1,17.91185,19.08423
1690535476546,0.58459,0.24252,1,17.93994,18.97426
1690535476552,0.57663,0.2423,1,17.71704,19.10388
1690535476559,0.57629,0.21463,1,17.70229,18.88787
1690535476566,0.57799,0.21623,1,17.83911,18.82483
1690535476572,0.58617,0.2033,1,17.85576,19.0968
1690535476579,0.5836,0.20947,1,17.62668,18.83998
1690535476586,0.57947,0.25103,1,17.72574,19.27898
1690535476592,0.59303,0.22386,1,17.67501,18.9023
1690535476599,0.58994,0.22207,1,17.53665,18.97842
1690535476606,0.58217,0.22593,1,17.70391,18.92085
1690535476612,0.58242,0.19499,1,17.68879,18.93988
1690535476619,0.57109,0.19965,1,17.72158,18.93676
1690535476626,0.56087,0.21611,1,17.53487,19.09989
1690535476632,0.56851,0.19064,1,17.55767,19.10596
1690535476639,0.55859,0.18475,1,17.5823,18.81737
1690535476646,0.58132,0.16894,1,17.56568,19.14173
1690535476652,0.58159,0.16512,1,17.48339,19.03995
1690535476659,0.57615,0.17772,1,17.49232,19.2099
1690535476666,0.58877,0.20149,1,17.45551,19.20477
1690535476672,0.58691,0.21282,1,17.55801,19.63073
1690535476679,0.5829,0.20505,1,17.35157,19.54498
1690535476686,0.59633,0.19516,1,17.47955,19.59914
1690535476692,0.60655,0.18347,1,17.70238,19.48136
1690535476699,0.61547,0.21875,1,17.72621,19.47511
1690535476706,0.61267,0.22015,1,17.41926,19.6985
1690535476712,0.60788,0.21094,1,17.77874,19.22712
1690535476719,0.62213,0.19067,1,17.6182,19.44306
1690535476726,0.62018,0.17343,1,17.62224,19.36899
1690535476732,0.60727,0.15349,1,17.31601,19.39834
1690535476739,0.6192,0.16415,1,17.31722,19.45494
1690535476746,0.60779,0.15823,1,17.48773,19.51935
1690535476752,0.60913,0.14651,1,17.69116,19.46256
1690535476759,0.6118,0.15295,1,17.60388,19.3653
1690535476766,0.6092,0.16456,1,17.25257,19.5377
1690535476772,0.59298,0.14393,1,17.31886,19.43212
1690535476779,0.60144,0.16214,1,17.29217,19.50076
1690535476786,0.61861,0.18053,1,17.29054,19.51766
1690535476792,0.61896,0.18191,1,17.18636,19.36152
1690535476799,0.61861,0.19298,1,17.18403,19.32774
1690535476806,0.62525,0.14888,1,17.19732,19.32048
1690535476812,0.61928,0.14029,1,17.10156,19.30341
1690535476819,0.61956,0.10151,1,17.11847,19.31538
1690535476826,0.60341,0.07198,1,16.9106,19.2404
1690535476832,0.60008,0.05924,1,16.85007,19.38151
1690535476839,0.6135,0.05914,1,17.00584,19.38887
1690535476846,0.61418,0.05033,1,17.10406,19.24939
1690535476852,0.6168,0.01233,1,17.09219,19.54835
1690535476859,0.61639,0.02818,1,16.93892,19.3935
1690535476866,0.61744,0.03424,1,17.04806,19.4116
1690535476872,0.61723,0.02034,1,16.84902,19.26478
1690535476879,0.61625,0.03069,1,17.2787,19.15728
1690535476886,0.60715,0.0068,1,16.92439,19.38296
1690535476892,0.61017,0.00753,1,16.94214,19.51301
1690535476899,0.61312,-0.01106,1,17.2078,19.30655
1690535476906,0.6097,-0.01544,1,17.0307,19.13515
1690535476912,0.63178,-0.00897,1,17.08178,19.19011
1690535476919,0.6332,-0.00668,1,17.11106,19.31125
1690535476926,0.63399,-0.00504,1,17.02876,19.50613
1690535476932,0.63746,0.00256,1,16.79301,19.29891
1690535476939,0.64055,-0.00964,1,16.98214,19.3797
1690535476946,0.63439,-0.00208,1,16.99311,19.36325
1690535476952,0.62404,-0.00108,1,16.92724,19.51504
1690535476959,0.61661,0.00183,1,16.73994,19.52998
1690535476966,0.61778,-0.01758,1,16.59898,19.73081
1690535476972,0.62184,-0.0229,1,16.65533,19.56049
1690535476979,0.62705,-0.04515,1,16.67286,19.48215
1690535476986,0.61293,-0.01396,1,16.68991,19.7609
1690535476992,0.6055,-0.00838,1,16.78266,19.76389
1690535476999,0.59343,-0.01928,1,16.80612,19.77857
1690535477006,0.58789,-0.00727,1,16.6549,19.9891
1690535477012,0.58042,-0.02027,1,16.57743,19.8896
1690535477019,0.58796,-0.00015,1,16.77813,19.7038
1690535477026,0.59389,0.01883,1,16.86411,19.9435
1690535477032,0.59977,0.02608,1,17.18384,20.03807
1690535477039,0.60319,-0.00886,1,16.96708,19.68272
1690535477046,0.60646,-0.018,1,16.79106,19.65827
1690535477052,0.60157,-0.02769,1,16.64308,19.58999
1690535477059,0.60744,-0.0295,1,16.69684,19.85691
1690535477066,0.58886,-0.04143,1,16.84111,19.66877
1690535477072,0.5962,-0.01717,1,16.50268,19.9708
1690535477079,0.6019,-0.02177,1,16.576,19.9029
1690535477086,0.60652,-0.00683,1,16.31977,19.52797
1690535477092,0.60357,0.03453,1,16.6299,19.65787
1690535477099,0.58761,0.04031,1,16.54576,19.46549
1690535477106,0.59051,0.06719,1,16.53434,19.52643
1690535477112,0.60673,0.03175,1,16.45866,19.61914
1690535477119,0.58998,0.01091,1,16.58151,19.31252
1690535477126,0.58912,0.00162,1,16.35529,19.18917
1690535477132,0.59469,0.02589,1,16.16168,19.49888
1690535477139,0.57943,0.00154,1,16.34919,19.41886
1690535477146,0.58535,0.00436,1,16.1861,19.38469
1690535477152,0.5915,0.01649,1,16.16437,19.42295
1690535477159,0.59923,0.02068,1,16.15206,19.6413
1690535477166,0.60224,0.01991,1,16.49991,19.74294
1690535477172,0.605,0.01728,1,16.43688,19.52965
1690535477179,0.61038,-0.00988,1,16.3452,19.79691
1690535477186,0.59699,-0.00305,1,16.38917,19.62774
1690535477192,0.60812,0.01146,1,16.40901,19.79166
1690535477199,0.61006,0.01781,1,16.39858,19.61016
1690535477206,0.6128,-0.00136,1,16.52494,19.58891
1690535477212,0.61773,-0.02532,1,16.5635,19.75485
1690535477219,0.61292,-0.0573,1,16.37036,19.44554
1690535477226,0.62074,-0.06169,1,16.55456,19.47332
1690535477232,0.6133,-0.05839,1,16.49059,19.45694
1690535477239,0.61541,-0.06017,1,16.769,19.58146
1690535477246,0.60724,-0.01012,1,16.44821,19.44467
1690535477252,0.60262,-0.00545,1,16.55217,19.52907
1690535477259,0.60941,-0.0134,1,16.60824,19.41543
1690535477266,0.60575,0.0084,1,16.66972,19.63335
1690535477272,0.60813,0.00738,1,16.65196,19.29121
1690535477279,0.62259,-0.02608,1,16.63615,19.26868
1690535477286,0.62158,-0.01456,1,16.54082,19.19278
1690535477292,0.62227,-0.03429,1,16.70514,19.00257
1690535477299,0.63498,-0.04255,1,16.75436,18.91539
1690535477306,0.63348,-0.03817,1,16.7159,19.13822
1690535477312,0.61754,-0.0537,1,16.82286,19.24464
1690535477319,0.63066,-0.06462,1,16.79309,19.15391
1690535477326,0.64652,-0.02234,1,16.96053,19.10069
1690535477332,0.65246,0.00065,1,17.16234,19.09713
1690535477339,0.64524,0.01512,1,17.21699,19.26544
1690535477346,0.64851,-0.01815,1,17.03401,18.90758
1690535477352,0.65328,-0.02073,1,16.89831,18.90446
1690535477359,0.65344,-0.04826,1,16.98955,19.18019
1690535477366,0.66126,-0.04823,1,17.07727,19.3254
1690535477372,0.67116,-0.03113,1,17.062,19.15364
1690535477379,0.69219,-0.0145,1,17.08852,19.27081
1690535477386,0.70101,-0.00851,1,16.99011,19.20684
1690535477392,0.70605,0.00088,1,16.92807,19.17476
1690535477399,0.71231,-0.00304,1,17.14334,19.20185
1690535477406,0.71459,0.00401,1,16.8623,19.23544
1690535477412,0.72087,0.02101,1,16.91918,19.26961
1690535477419,0.72561,0.01414,1,16.78757,19.34595
1690535477426,0.71924,0.04355,1,16.96032,19.35179
1690535477432,0.71748,0.05334,1,16.85119,19.25409
1690535477439,0.75186,0.04602,1,16.8516,19.50148
1690535477446,0.76261,0.06416,1,16.67274,19.33926
1690535477452,0.76328,0.06335,1,16.72563,19.12517
1690535477459,0.76821,0.04046,1,16.54793,19.40606
1690535477466,0.7471,0.05137,1,16.57183,19.4009
1690535477472,0.75502,0.05097,1,16.83342,19.21076
1690535477479,0.75501,0.07048,1,17.02994,18.96092
1690535477486,0.75594,0.09498,1,16.89831,19.25806
1690535477492,0.76232,0.08799,1,16.80031,19.18472
1690535477499,0.76324,0.07491,1,16.83213,19.1809
1690535477506,0.76875,0.07018,1,17.03355,19.18702
1690535477512,0.76031,0.06273,1,16.83949,18.98981
1690535477519,0.75997,0.07001,1,16.91755,19.39087
1690535477526,0.75902,0.07041,1,16.95302,19.4021
1690535477532,0.76126,0.09014,1,16.80994,19.18921
1690535477539,0.774,0.1052,1,16.85065,19.3434
1690535477546,0.76485,0.07266,1,16.98544,19.37334
1690535477552,0.76366,0.04395,1,16.99772,19.2745
1690535477559,0.76563,0.05232,1,17.07315,19.41696
1690535477566,0.75433,0.02709,1,17.03701,19.24333
1690535477572,0.75682,0.01686,1,16.7137,19.3144
1690535477579,0.75716,-0.00373,1,16.99464,19.11026
1690535477586,0.75086,-0.01816,1,16.75766,19.22203
1690535477592,0.75493,0.00102,1,16.86576,19.25639
1690535477599,0.75017,0.01718,1,16.62137,19.20181
1690535477606,0.74692,0.01165,1,16.78159,19.59962
1690535477612,0.73565,-0.00403,1,16.75011,19.23948
1690535477619,0.74021,-0.01396,1,16.94221,19.35573
1690535477626,0.7507,-0.03501,1,16.80058,19.65057
1690535477632,0.76375,-0.02364,1,16.9603,19.53663
1690535477639,0.764,-0.02508,1,16.92069,19.62589
1690535477646,0.78325,0.0042,1,16.75541,19.42485
1690535477652,0.7845,0.00496,1,16.73495,19.58119
1690535477659,0.78353,-0.0136,1,16.90865,19.62568
1690535477666,0.79227,-0.03003,1,16.96024,19.39904
1690535477672,0.78527,-0.04399,1,16.8318,19.62154
1690535477679,0.77762,-0.05441,1,16.95394,19.45371
1690535477686,0.77885,-0.03877,1,16.75204,19.64764
1690535477692,0.77839,-0.01844,1,16.69382,19.74918
1690535477699,0.7965,-0.02607,1,16.67531,19.51879
1690535477706,0.78148,-0.01245,1,16.84722,19.42939
1690535477712,0.77522,-0.02367,1,16.31933,19.64022
1690535477719,0.78072,-0.02003,1,16.62676,19.66734
1690535477726,0.7845,-0.03326,1,16.51949,19.55723
1690535477732,0.79271,-0.01865,1,16.60736,19.56501
1690535477739,0.78076,-0.01742,1,16.60212,19.70225
1690535477746,0.78226,-0.02953,1,16.78919,19.40715
1690535477752,0.78474,-0.01985,1,17.04271,19.35989
1690535477759,0.79881,-0.00848,1,16.95961,19.40344
1690535477766,0.79555,-0.03588,1,17.02912,19.44441
1690535477772,0.80877,-0.04371,1,16.94732,19.4241
1690535477779,0.82402,-0.01545,1,17.20865,19.34427
1690535477786,0.83104,-0.0057,1,17.13606,19.38011
1690535477792,0.83221,-0.01884,1,17.1109,19.3389
1690535477799,0.8322,-0.01394,1,17.10129,19.23003
1690535477806,0.83959,-0.03539,1,17.16594,19.34946
1690535477812,0.84755,-0.05567,1,16.76345,19.16276
1690535477819,0.84531,-0.03921,1,16.86689,19.33976
1690535477826,0.83718,-0.04337,1,16.7906,19.38502
1690535477832,0.84403,-0.05485,1,16.86378,19.31747
1690535477839,0.84874,-0.03427,1,16.80452,19.07989
1690535477846,0.85712,-0.04902,1,17.11417,19.26006
1690535477852,0.85604,-0.07672,1,17.07981,19.08455
1690535477859,0.8471,-0.07444,1,17.0162,19.24756
1690535477866,0.84123,-0.09223,1,17.27804,19.35243
1690535477872,0.83543,-0.11532,1,17.13813,19.40081
1690535477879,0.83586,-0.06413,1,17.04867,19.30108
1690535477886,0.84039,-0.06401,1,17.14295,19.25213
1690535477892,0.82929,-0.08892,1,17.06664,19.29525
1690535477899,0.82742,-0.05691,1,17.19963,19.49897
1690535477906,0.8308,-0.006,1,17.17352,19.41559
1690535477912,0.84264,-0.01542,1,17.20945,19.52888
1690535477919,0.85587,-0.02511,1,17.07802,19.57153
1690535477926,0.85583,-0.04314,1,17.34553,19.84525
1690535477932,0.85248,-0.06626,1,17.20758,19.62975
1690535477939,0.85667,-0.09074,1,17.21375,19.68388
1690535477946,0.85694,-0.12213,1,17.17853,19.71519
1690535477952,0.8617,-0.11154,1,17.2811,19.46189
1690535477959,0.85244,-0.11954,1,17.21038,19.56046
1690535477966,0.84776,-0.11121,1,17.33386,19.85154
1690535477972,0.84917,-0.08702,1,17.24182,19.48796
1690535477979,0.83958,-0.07915,1,17.34834,19.57662
1690535477986,0.83302,-0.06404,1,17.16659,19.66718
1690535477992,0.83216,-0.03973,1,17.49468,19.78183
1690535477999,0.838,-0.00738,1,17.27555,19.64022
1690535478006,0.83393,0.00751,1,17.22512,19.65714
1690535478012,0.84205,0.03031,1,17.24429,19.63882
1690535478019,0.84755,0.03951,1,17.05126,19.99294
1690535478026,0.85132,0.04187,1,17.15538,19.91577
1690535478032,0.85201,0.05538,1,17.20471,19.84241
1690535478039,0.8429,0.06615,1,17.00542,19.71854
1690535478046,0.84871,0.07117,1,17.07554,19.64821
1690535478052,0.83826,0.08696,1,17.18032,19.80445
1690535478059,0.84253,0.091,1,17.07335,19.95326
1690535478066,0.82538,0.0479,1,17.21743,20.13077
1690535478072,0.84155,0.06045,1,17.24186,19.89852
1690535478079,0.84763,0.06274,1,17.18463,19.88792
1690535478086,0.8546,0.0544,1,17.23987,19.96032
1690535478092,0.84597,0.05582,1,17.3682,19.899
1690535478099,0.85016,0.05526,1,17.12453,19.86455
1690535478106,0.85756,0.03205,1,17.07726,19.75042
1690535478112,0.86527,0.03348,1,17.07928,19.82756
1690535478119,0.87007,0.05983,1,17.26523,19.85675
1690535478126,0.85342,0.08883,1,16.98385,19.87701
1690535478132,0.86608,0.07867,1,17.25187,19.8875
1690535478139,0.85827,0.0847,1,17.12033,19.77604
1690535478146,0.87129,0.06342,1,17.1753,19.64446
1690535478152,0.86132,0.06844,1,17.20492,19.52723
1690535478159,0.85703,0.06661,1,17.06362,19.61444
1690535478166,0.84625,0.06581,1,17.07031,19.52291
1690535478172,0.84948,0.09078,1,17.37254,19.57714
1690535478179,0.82558,0.10558,1,17.23963,19.58818
1690535478186,0.81191,0.12425,1,17.05815,19.79174
1690535478192,0.79731,0.13563,1,17.31195,19.54989
1690535478199,0.78627,0.15904,1,17.38094,19.70726
1690535478206,0.7944,0.16279,1,17.65983,19.70996
1690535478212,0.78966,0.1421,1,17.55303,19.64919
1690535478219,0.79607,0.16741,1,17.3711,19.79924
1690535478226,0.81057,0.14955,1,17.35664,19.6517
1690535478232,0.81878,0.16385,1,17.46036,19.57384
1690535478239,0.81967,0.16343,1,17.24731,19.58283
1690535478246,0.81903,0.15313,1,17.37877,19.71282
1690535478252,0.81985,0.14718,1,17.33686,19.83429
1690535478259,0.81934,0.11595,1,17.35141,19.77533
1690535478266,0.81289,0.11264,1,17.22489,19.60592
1690535478272,0.81969,0.11137,1,17.27619,19.91597
1690535478279,0.80785,0.12387,1,17.34936,19.60369
1690535478286,0.81141,0.12157,1,17.26918,19.75724
1690535478292,0.81393,0.12007,1,17.19668,19.81482
1690535478299,0.7991,0.13403,1,16.96933,19.76359
1690535478306,0.79623,0.10876,1,16.98436,19.60695
1690535478312,0.79645,0.15008,1,17.25691,19.59753
1690535478319,0.80035,0.16489,1,16.87793,19.87345
1690535478326,0.80102,0.15631,1,16.88554,19.85351
1690535478332,0.80275,0.12812,1,17.03108,19.82409
1690535478339,0.80633,0.12264,1,17.12648,19.66639
1690535478346,0.79836,0.12352,1,17.01051,19.67636
1690535478352,0.79981,0.14433,1,16.91086,19.80957
1690535478359,0.80688,0.13968,1,16.86409,19.83227
1690535478366,0.78716,0.14064,1,16.6867,19.75856
1690535478372,0.79626,0.14289,1,17.09526,19.66296
1690535478379,0.78661,0.09758,1,17.0895,19.50468
1690535478386,0.78019,0.08193,1,16.93307,19.57073
1690535478392,0.78005,0.04606,1,16.897,19.70874
1690535478399,0.77939,0.04833,1,16.79693,19.5681
1690535478406,0.7904,0.06158,1,16.77507,19.48114
1690535478412,0.79009,0.04595,1,16.66796,19.55149
1690535478419,0.7982,0.07377,1,16.75132,19.43628
1690535478426,0.80245,0.08264,1,16.82599,19.67234
1690535478432,0.80566,0.08386,1,16.77351,19.52572
1690535478439,0.79892,0.08323,1,16.84669,19.89296
1690535478446,0.79097,0.06319,1,16.85539,19.3358
1690535478452,0.80027,0.02217,1,16.65642,19.63863
1690535478459,0.8023,0.0527,1,17.04885,19.5135
1690535478466,0.80924,0.05317,1,16.96014,19.47908
1690535478472,0.82082,0.09764,1,16.82672,19.57399
1690535478479,0.82095,0.12042,1,16.95285,19.39313
1690535478486,0.81944,0.10504,1,16.61924,19.32139
1690535478492,0.83363,0.12456,1,16.77888,19.28216
1690535478499,0.83727,0.15008,1,16.74373,19.31685
1690535478506,0.82027,0.13986,1,16.78802,19.26669
1690535478512,0.81089,0.1671,1,16.26992,19.01176
1690535478519,0.81933,0.18221,1,16.42718,19.30792
1690535478526,0.81783,0.17538,1,16.67702,19.21609
1690535478532,0.8178,0.1943,1,16.60899,19.06935
1690535478539,0.82098,0.18166,1,16.64139,19.1086
1690535478546,0.81854,0.18494,1,16.66321,19.26171
1690535478552,0.81133,0.22509,1,16.3761,19.4097
1690535478559,0.81067,0.22865,1,16.61417,19.40132
1690535478566,0.78434,0.20557,1,16.53458,19.21045
1690535478572,0.77985,0.21277,1,16.53693,19.36935
1690535478579,0.78697,0.22895,1,16.49186,19.42528
1690535478586,0.78364,0.23495,1,16.51062,19.50271
1690535478592,0.77596,0.24409,1,16.7287,19.48184
1690535478599,0.7694,0.25996,1,16.48413,19.64813
1690535478606,0.77959,0.2669,1,16.59232,19.76896
1690535478612,0.78472,0.2409,1,16.5453,19.58927
1690535478619,0.78717,0.22823,1,16.45925,19.64707
1690535478626,0.7913,0.21648,1,16.18157,19.5338
1690535478632,0.79291,0.22306,1,16.22167,19.51811
1690535478639,0.79681,0.22313,1,16.28004,19.44016
1690535478646,0.7972,0.24202,1,16.0546,19.3744
1690535478652,0.78997,0.20567,1,16.21391,19.36045
1690535478659,0.77951,0.20997,1,16.29097,19.51843
1690535478666,0.78166,0.21237,1,16.08477,19.26017
1690535478672,0.78169,0.20062,1,16.29764,19.45774
1690535478679,0.7699,0.17119,1,16.31087,19.35582
1690535478686,0.76332,0.17042,1,16.09998,19.35196
1690535478692,0.75661,0.21573,1,16.04461,19.54627
1690535478699,0.75523,0.18312,1,16.06802,19.38757
1690535478706,0.76491,0.1793,1,16.02771,19.396
1690535478712,0.76166,0.17113,1,16.07867,19.24072
1690535478719,0.76999,0.17993,1,16.37844,19.36687
1690535478726,0.78534,0.16901,1,16.29822,19.24112
1690535478732,0.78219,0.16596,1,16.35561,19.23854
1690535478739,0.77168,0.18859,1,16.29513,19.19994
1690535478746,0.79085,0.21708,1,16.26372,19.24648
1690535478752,0.78178,0.21193,1,16.42364,19.08131
1690535478759,0.7875,0.2256,1,16.3366,19.18528
1690535478766,0.7938,0.24394,1,16.29123,19.30053
1690535478772,0.77468,0.26453,1,16.27283,19.06008
1690535478779,0.7737,0.28892,1,16.08285,19.23738
1690535478786,0.75734,0.26921,1,16.02172,19.21125
1690535478792,0.74889,0.28364,1,16.08607,19.06815
1690535478799,0.75389,0.3123,1,16.08133,19.04504
1690535478806,0.73174,0.2861,1,16.08422,19.00455
1690535478812,0.75776,0.29225,1,16.31641,19.15978
1690535478819,0.7533,0.26566,1,16.22898,19.02715
1690535478826,0.73607,0.28753,1,16.27803,19.05264
1690535478832,0.7364,0.2756,1,16.28578,18.88675
1690535478839,0.73587,0.27982,1,16.09028,19.03349
1690535478846,0.73186,0.2813,1,16.28879,19.25196
1690535478852,0.73227,0.28029,1,16.324,19.23738
1690535478859,0.73927,0.30164,1,16.42666,19.33161
1690535478866,0.73486,0.29336,1,16.23162,19.02674
1690535478872,0.74076,0.33093,1,16.27242,19.1631
1690535478879,0.74322,0.35603,1,16.27382,19.04631
1690535478886,0.73937,0.33006,1,16.33206,19.21242
1690535478892,0.74951,0.32735,1,16.52873,19.0828
1690535478899,0.7452,0.33013,1,16.27346,19.29372
1690535478906,0.74493,0.29913,1,16.20121,19.36758
1690535478912,0.74611,0.29215,1,16.44692,19.33231
1690535478919,0.75036,0.25876,1,16.27305,19.13519
1690535478926,0.75056,0.29043,1,16.30855,19.27129
1690535478932,0.75418,0.27685,1,16.38751,18.94191
1690535478939,0.76544,0.27773,1,16.36377,18.97761
1690535478946,0.75322,0.28084,1,16.53489,19.27584
1690535478952,0.74114,0.28972,1,16.55139,19.18764
1690535478959,0.74689,0.2698,1,16.64071,19.14142
1690535478966,0.73945,0.27159,1,16.5934,19.13825
1690535478972,0.72463,0.26199,1,16.45525,19.24712
1690535478979,0.71861,0.27716,1,16.55218,19.06817
1690535478986,0.71816,0.29378,1,16.43349,18.93272
1690535478992,0.72369,0.29977,1,16.45478,18.96564
1690535478999,0.70438,0.30086,1,16.45555,18.95236
1690535479006,0.70534,0.2963,1,16.33958,19.2224
1690535479012,0.70336,0.31619,1,16.34015,18.90475
1690535479019,0.69222,0.32781,1,16.6197,19.07427
1690535479026,0.69475,0.33279,1,16.83352,18.87323
1690535479032,0.68504,0.35529,1,16.47378,18.80746
1690535479039,0.68285,0.33747,1,16.7325,18.663
1690535479046,0.67902,0.34759,1,16.53165,18.71291
1690535479052,0.68624,0.35242,1,16.71117,18.62752
1690535479059,0.69525,0.33761,1,16.66703,18.5602
1690535479066,0.69871,0.32596,1,16.789,18.39092
1690535479072,0.69867,0.289,1,16.82405,18.43351
1690535479079,0.68543,0.26307,1,16.84774,18.48869
1690535479086,0.68495,0.28743,1,16.87186,18.25541
1690535479092,0.68914,0.28818,1,16.89377,18.33253
1690535479099,0.6872,0.27473,1,16.86717,18.12959
1690535479106,0.68769,0.28455,1,16.6401,17.9964
1690535479112,0.67985,0.28095,1,17.01176,18.2532
1690535479119,0.68256,0.29566,1,16.70059,18.42975
1690535479126,0.68558,0.32285,1,16.68822,18.22531
1690535479132,0.67617,0.32657,1,16.72789,18.42666
1690535479139,0.67285,0.30957,1,16.70999,18.30823
1690535479146,0.65532,0.28723,1,16.73969,18.56817
1690535479152,0.65195,0.25418,1,16.6629,18.44012
1690535479159,0.66517,0.23768,1,16.7018,18.36421
1690535479166,0.66172,0.2426,1,16.77006,18.38349
1690535479172,0.65958,0.21955,1,16.63175,18.55455
1690535479179,0.65551,0.20324,1,16.90345,18.39248
1690535479186,0.66571,0.20837,1,16.66045,18.38443
1690535479192,0.66748,0.21551,1,16.5595,18.51865
1690535479199,0.66829,0.21459,1,16.90483,18.4429
1690535479206,0.66777,0.21134,1,16.85661,18.52766
1690535479212,0.67102,0.25136,1,16.91336,18.34079
1690535479219,0.66842,0.28861,1,16.86299,18.50172
1690535479226,0.66914,0.30789,1,16.96977,18.45225
1690535479232,0.67604,0.29978,1,16.79911,18.55335
1690535479239,0.68157,0.29478,1,16.72903,18.49017
1690535479246,0.68837,0.28793,1,16.74214,18.45874
1690535479252,0.68844,0.30389,1,16.73455,18.4589
1690535479259,0.68448,0.28654,1,16.73768,18.63655
1690535479266,0.69343,0.30058,1,16.82928,18.4634
1690535479272,0.69731,0.31008,1,16.72476,18.59928
1690535479279,0.71344,0.30005,1,16.81843,18.54896
1690535479286,0.72215,0.29787,1,16.67256,18.71954
1690535479292,0.71568,0.31506,1,16.92321,18.66742
1690535479299,0.71364,0.3511,1,16.68791,18.55717
1690535479306,0.71806,0.33265,1,16.7676,18.24643
1690535479312,0.71685,0.31944,1,16.84577,18.48279
1690535479319,0.7158,0.33319,1,16.93374,18.36484
1690535479326,0.71268,0.33334,1,16.70849,18.33513
1690535479332,0.72216,0.35122,1,16.83738,18.19223
1690535479339,0.72185,0.32375,1,16.71389,18.30415
1690535479346,0.72675,0.32404,1,16.92076,18.31112
1690535479352,0.72869,0.32899,1,17.00409,18.11768
1690535479359,0.72982,0.28906,1,16.99661,18.15125
1690535479366,0.73653,0.29417,1,16.99475,18.53336
1690535479372,0.73622,0.29226,1,16.83135,18.05415
1690535479379,0.74289,0.29185,1,16.73739,18.49727
1690535479386,0.72814,0.2825,1,16.82511,18.30103
1690535479392,0.7321,0.2784,1,16.77219,18.28349
1690535479399,0.73206,0.3088,1,16.97063,18.34138
1690535479406,0.74453,0.28768,1,16.9492,18.14639
1690535479412,0.74708,0.27809,1,16.81183,18.2651
1690535479419,0.74921,0.29482,1,16.97597,18.51665
1690535479426,0.75044,0.2769,1,16.92281,18.10824
1690535479432,0.74256,0.2729,1,16.82722,18.25018
1690535479439,0.7463,0.29103,1,17.08665,18.47645
1690535479446,0.73525,0.28144,1,17.00476,18.2167
1690535479452,0.74082,0.2825,1,16.89783,18.21812
1690535479459,0.72592,0.30536,1,16.98028,18.24477
1690535479466,0.74425,0.32573,1,17.11866,18.29609
1690535479472,0.73598,0.31473,1,17.07558,18.16455
1690535479479,0.741,0.33486,1,17.22415,18.15356
1690535479486,0.75643,0.32395,1,17.16864,18.04003
1690535479492,0.76207,0.34297,1,17.0959,18.01489
1690535479499,0.73829,0.3542,1,16.89218,18.13749
1690535479506,0.75365,0.31453,1,17.09228,18.23372
1690535479512,0.75858,0.31425,1,17.11579,18.33128
1690535479519,0.74575,0.3345,1,17.03083,18.26678
1690535479526,0.73891,0.33494,1,17.18844,18.28403
1690535479532,0.72403,0.34556,1,16.91278,18.58239
1690535479539,0.71169,0.3199,1,16.92453,18.55203
1690535479546,0.70855,0.35277,1,16.82098,18.49387
1690535479552,0.70903,0.37877,1,17.07827,18.40737
1690535479559,0.70258,0.40404,1,17.18635,18.61456
1690535479566,0.71638,0.40152,1,16.89966,18.58978
1690535479572,0.69545,0.4018,1,17.06554,18.51971
1690535479579,0.69297,0.40421,1,17.12494,18.62541
1690535479586,0.69863,0.40177,1,16.9307,18.46562
1690535479592,0.70337,0.39163,1,17.19509,18.31936
1690535479599,0.70028,0.36783,1,17.04284,18.56527
1690535479606,0.69899,0.37627,1,17.24116,18.85757
1690535479612,0.70823,0.38819,1,17.2066,18.59197
1690535479619,0.71721,0.37479,1,17.32007,18.71064
1690535479626,0.72427,0.34814,1,17.3365,18.94328
1690535479632,0.72417,0.32931,1,17.12917,18.93684
1690535479639,0.71707,0.31517,1,17.17786,18.79289
1690535479646,0.71944,0.33195,1,17.46417,18.97156
1690535479652,0.70898,0.34865,1,17.26602,18.86425
1690535479659,0.69796,0.37007,1,17.51039,18.97582
1690535479666,0.67909,0.40643,1,17.58948,18.79253
1690535479672,0.67555,0.39701,1,17.57834,18.86375
1690535479679,0.6721,0.37019,1,17.52802,18.8455
1690535479686,0.67408,0.36256,1,17.36132,18.91672
1690535479692,0.67251,0.39431,1,17.33694,19.19972
1690535479699,0.68311,0.3514,1,17.21598,19.04995
1690535479706,0.68025,0.36146,1,17.49641,18.96249
1690535479712,0.68109,0.37343,1,17.42418,18.94371
1690535479719,0.68136,0.37665,1,17.18532,18.74814
1690535479726,0.66862,0.38066,1,17.43901,18.86462
1690535479732,0.66246,0.35049,1,17.47601,18.92747
1690535479739,0.67071,0.36028,1,17.59794,19.02941
1690535479746,0.66535,0.38702,1,17.74042,18.77209
1690535479752,0.6626,0.3618,1,17.61525,18.95778
1690535479759,0.66564,0.3194,1,17.35196,19.03404
1690535479766,0.67212,0.32178,1,17.52012,18.97729
1690535479772,0.6657,0.31408,1,17.64169,19.02651
1690535479779,0.66043,0.31572,1,17.55273,19.20106
1690535479786,0.67997,0.29748,1,17.57024,19.17765
1690535479792,0.6911,0.34965,1,17.42669,19.22805
1690535479799,0.71183,0.31897,1,17.5227,19.36699
1690535479806,0.71487,0.30315,1,17.76545,19.46763
1690535479812,0.73068,0.30933,1,17.65646,19.50787
1690535479819,0.73797,0.2873,1,17.74191,19.34015
1690535479826,0.73273,0.27792,1,17.58237,19.23178
1690535479832,0.74005,0.33461,1,17.62629,19.27449
1690535479839,0.73693,0.32609,1,17.74341,19.14887
1690535479846,0.73517,0.33458,1,17.75384,19.1708
1690535479852,0.75182,0.35851,1,17.52142,19.11787
1690535479859,0.74845,0.34287,1,17.68315,19.12763
1690535479866,0.72806,0.32539,1,17.49802,19.3029
1690535479872,0.72875,0.31883,1,17.63002,19.20055
1690535479879,0.71904,0.32005,1,17.65897,19.13951
1690535479886,0.71747,0.31279,1,17.72964,19.1717
1690535479892,0.71235,0.34387,1,17.83923,19.21449
1690535479899,0.7111,0.37799,1,17.94096,19.20259
1690535479906,0.71486,0.3783,1,17.47804,19.09609
1690535479912,0.70228,0.38225,1,17.48347,19.00454
1690535479919,0.70923,0.36674,1,17.54619,19.12544
1690535479926,0.7019,0.36096,1,17.46921,18.97132
1690535479932,0.70256,0.31716,1,17.56358,18.86302
1690535479939,0.7085,0.33015,1,17.61469,18.86952
1690535479946,0.70434,0.34927,1,17.71712,19.00681
1690535479952,0.68739,0.32939,1,17.32671,18.90249
1690535479959,0.69485,0.33558,1,17.70042,18.78611
1690535479966,0.69919,0.31819,1,17.65175,18.9341
1690535479972,0.69665,0.33399,1,17.62834,18.92459
1690535479979,0.68805,0.34254,1,17.69835,19.05587
1690535479986,0.68419,0.31944,1,17.70043,18.87858
1690535479992,0.68239,0.32409,1,17.62607,19.10322
1690535479999,0.69498,0.34937,1,17.62262,18.74202
1690535480006,0.69502,0.3426,1,17.78131,18.89415
1690535480012,0.69959,0.34369,1,17.85452,18.90851
1690535480019,0.69726,0.3265,1,17.97456,19.08207
1690535480026,0.70557,0.33205,1,17.90434,18.99311
1690535480032,0.70572,0.34009,1,18.00161,18.77398
1690535480039,0.71387,0.34985,1,18.01907,18.98034
1690535480046,0.70636,0.34011,1,17.74991,19.06874
1690535480052,0.7133,0.30547,1,17.81177,18.98543
1690535480059,0.70551,0.32411,1,17.98413,18.92355
1690535480066,0.70748,0.3582,1,17.94084,19.23225
1690535480072,0.70227,0.37334,1,18.11256,18.89758
1690535480079,0.68912,0.35978,1,17.865,18.72967
1690535480086,0.68086,0.33167,1,17.89998,19.0261
1690535480092,0.67259,0.33452,1,18.01839,19.01695
1690535480099,0.67051,0.37083,1,18.05007,18.70649
1690535480106,0.66946,0.33738,1,18.05221,18.79903
1690535480112,0.67548,0.35739,1,18.06804,18.72939
1690535480119,0.67746,0.34617,1,18.14423,18.72554
1690535480126,0.6789,0.34834,1,18.05383,18.56446
1690535480132,0.67604,0.34756,1,18.15381,18.41357
1690535480139,0.68147,0.37702,1,17.99407,18.62957
1690535480146,0.68165,0.36738,1,18.02164,18.55648
1690535480152,0.67369,0.38086,1,17.91551,18.6098
1690535480159,0.6749,0.37443,1,18.01805,18.54002
1690535480166,0.69056,0.39592,1,18.01252,18.69983
1690535480172,0.67738,0.36565,1,17.70237,18.68326
1690535480179,0.67828,0.3794,1,17.85426,18.69087
1690535480186,0.67617,0.37181,1,17.94083,18.74441
1690535480192,0.68636,0.40112,1,17.90022,18.7433
1690535480199,0.68483,0.3826,1,18.08582,18.66794
1690535480206,0.69618,0.36942,1,18.0976,18.80696
1690535480212,0.68756,0.34439,1,18.09639,18.69287
1690535480219,0.68335,0.33572,1,18.23169,18.92907
1690535480226,0.69883,0.32168,1,18.14337,18.73369
1690535480232,0.6929,0.31139,1,18.44745,18.63084
1690535480239,0.68312,0.2909,1,18.45986,18.72407
1690535480246,0.67029,0.30834,1,18.47282,18.60539
1690535480252,0.6672,0.34228,1,18.37324,18.53098
1690535480259,0.66077,0.32289,1,18.3796,18.69406
1690535480266,0.66531,0.33481,1,18.52673,18.5235
1690535480272,0.66199,0.33573,1,18.41432,18.7177
1690535480279,0.64227,0.33027,1,18.46926,18.82378
1690535480286,0.64849,0.32893,1,18.00787,18.62423
1690535480292,0.65757,0.33539,1,18.20924,18.78747
1690535480299,0.66007,0.32815,1,18.065,18.86525
1690535480306,0.66728,0.34503,1,18.02544,18.65695
1690535480312,0.66415,0.35509,1,18.01509,18.95144
1690535480319,0.66561,0.36027,1,17.96717,18.44049
1690535480326,0.67949,0.36915,1,17.90777,18.79801
1690535480332,0.68997,0.36962,1,18.021,19.034
1690535480339,0.69527,0.36499,1,17.85676,18.96678
1690535480346,0.71576,0.33443,1,17.79239,19.11322
1690535480352,0.70419,0.33698,1,17.68393,19.16027
1690535480359,0.67779,0.34822,1,17.68527,19.09667
1690535480366,0.69088,0.334,1,17.62194,18.79931
1690535480372,0.68061,0.33702,1,17.6804,18.84194
1690535480379,0.69083,0.34236,1,17.75624,18.75361
1690535480386,0.68096,0.35915,1,17.83439,18.77769
1690535480392,0.67841,0.35521,1,18.05965,18.9964
1690535480399,0.6684,0.36099,1,17.74021,18.74448
1690535480406,0.65251,0.3722,1,17.69121,18.80741
1690535480412,0.66174,0.3726,1,17.87255,19.03709
1690535480419,0.65891,0.37088,1,17.55383,19.00116
1690535480426,0.66767,0.36677,1,17.46937,18.88959
1690535480432,0.66053,0.36212,1,17.5545,18.96916
1690535480439,0.65555,0.3894,1,17.49117,18.97288
1690535480446,0.64649,0.392,1,17.58431,19.35878
1690535480452,0.63708,0.40235,1,17.65192,19.20633
1690535480459,0.63092,0.3984,1,17.79389,19.39367
1690535480466,0.62082,0.42403,1,17.65522,19.06953
1690535480472,0.62745,0.41082,1,17.84982,19.4041
1690535480479,0.62392,0.41697,1,17.73775,19.23559
1690535480486,0.6255,0.42759,1,17.79336,19.25877
1690535480492,0.63935,0.43951,1,17.77702,19.07717
1690535480499,0.63806,0.44176,1,17.831,19.20143
1690535480506,0.64964,0.43234,1,17.67549,19.09928
1690535480512,0.64278,0.41669,1,17.83696,19.29817
1690535480519,0.65126,0.40677,1,17.60003,19.44618
1690535480526,0.65198,0.41812,1,17.72146,19.20053
1690535480532,0.6595,0.41862,1,17.52748,19.33
1690535480539,0.65562,0.43686,1,17.42288,19.60873
1690535480546,0.65629,0.43538,1,17.72066,19.5999
1690535480552,0.66666,0.41661,1,17.55243,19.31872
1690535480559,0.66606,0.44201,1,17.48639,19.57532
1690535480566,0.68147,0.43547,1,17.51815,19.58802
1690535480572,0.69224,0.46771,1,17.41911,19.58968
1690535480579,0.71041,0.44954,1,17.48079,19.5217
1690535480586,0.71246,0.45799,1,17.61407,19.36237
1690535480592,0.7204,0.44902,1,17.63582,19.39969
1690535480599,0.71573,0.46142,1,17.50499,19.48675
1690535480606,0.72043,0.46838,1,17.44634,19.2568
1690535480612,0.71306,0.48877,1,17.67628,19.29052
1690535480619,0.71664,0.49847,1,17.6431,19.11108
1690535480626,0.70792,0.51404,1,17.63585,19.07753
1690535480632,0.71734,0.50516,1,17.57001,19.15803
1690535480639,0.70208,0.50248,1,17.5889,19.25193
1690535480646,0.69314,0.51181,1,17.71819,19.39293
1690535480652,0.71308,0.47477,1,17.84489,19.27765
1690535480659,0.71798,0.50174,1,17.77359,19.44108
1690535480666,0.7159,0.51061,1,17.84541,19.5208
1690535480672,0.70239,0.49082,1,17.64868,19.59389
1690535480679,0.70099,0.51241,1,17.54712,19.72003
1690535480686,0.70227,0.5133,1,17.55055,19.47642
1690535480692,0.69727,0.48678,1,17.65151,19.54852
1690535480699,0.70051,0.50721,1,17.58288,19.5859
1690535480706,0.6997,0.50471,1,17.67394,19.39417
1690535480712,0.69941,0.53848,1,17.82071,19.47165
1690535480719,0.69499,0.56127,1,17.68963,19.64432
1690535480726,0.69535,0.56793,1,17.80861,19.34295
1690535480732,0.68514,0.56054,1,17.66993,19.50731
1690535480739,0.68566,0.55424,1,17.8151,19.47022
1690535480746,0.67771,0.53654,1,17.63048,19.18572
1690535480752,0.67084,0.50484,1,17.62337,19.47992
1690535480759,0.67239,0.51044,1,17.4045,19.61368
1690535480766,0.67427,0.49723,1,17.48826,19.4967
1690535480772,0.67178,0.53606,1,17.22354,19.69556
1690535480779,0.65944,0.55373,1,17.44413,19.44213
1690535480786,0.66741,0.5513,1,17.49832,19.46853
1690535480792,0.66279,0.55794,1,17.58703,19.45763
1690535480799,0.66106,0.56092,1,17.6848,19.54522
1690535480806,0.66075,0.56706,1,17.49285,19.58601
1690535480812,0.63661,0.58628,1,17.4563,19.61178
1690535480819,0.64755,0.58193,1,17.59494,19.53227
1690535480826,0.6286,0.59233,1,17.66292,19.71083
1690535480832,0.62202,0.59672,1,17.51515,19.82211
1690535480839,0.61183,0.5975,1,17.64796,19.67783
1690535480846,0.59449,0.58929,1,17.52071,19.72445
1690535480852,0.59993,0.582,1,17.51132,19.69763
1690535480859,0.6177,0.58611,1,17.58833,19.7675
1690535480866,0.60479,0.59299,1,17.61833,19.49878
1690535480872,0.61305,0.58274,1,17.33452,19.64891
1690535480879,0.61299,0.62865,1,17.6517,19.85378
1690535480886,0.63408,0.56577,1,17.27264,19.71203
1690535480892,0.64962,0.54794,1,17.41008,19.87803
1690535480899,0.6384,0.54497,1,17.56707,19.77623
1690535480906,0.63069,0.56248,1,17.81136,19.82899
1690535480912,0.61573,0.55813,1,17.49042,19.86241
1690535480919,0.61637,0.56548,1,17.73068,19.82687
1690535480926,0.62366,0.56432,1,17.74391,19.62344
1690535480932,0.61505,0.5396,1,17.94766,19.71685
1690535480939,0.60744,0.5349,1,17.83109,19.66585
1690535480946,0.61228,0.55105,1,17.8051,19.8931
1690535480952,0.6172,0.56213,1,17.86688,19.83314
1690535480959,0.6221,0.52112,1,17.80732,19.82434
1690535480966,0.62034,0.53016,1,17.81563,19.8
1690535480972,0.61467,0.50332,1,17.74377,19.69801
1690535480979,0.62324,0.51163,1,17.95014,19.69824
1690535480986,0.6384,0.51831,1,17.86398,19.68319
1690535480992,0.61793,0.52472,1,17.94719,19.77508
1690535480999,0.60803,0.48794,1,17.95615,19.81322
1690535481006,0.62989,0.46105,1,18.16591,19.86721
1690535481012,0.62915,0.45839,1,17.84098,19.89899
1690535481019,0.63906,0.45493,1,17.97678,19.75224
1690535481026,0.64138,0.42334,1,17.71813,19.92546
1690535481032,0.64436,0.40735,1,17.74184,19.69182
1690535481039,0.63882,0.40279,1,17.73899,19.91037
1690535481046,0.64175,0.40831,1,17.8523,19.88044
1690535481052,0.63873,0.41716,1,17.74963,19.76584
1690535481059,0.64042,0.40988,1,17.69173,19.70399
1690535481066,0.64522,0.38886,1,17.9388,19.6827
1690535481072,0.65061,0.38141,1,17.7596,19.74401
1690535481079,0.64621,0.39453,1,17.84105,19.63849
1690535481086,0.65407,0.3898,1,17.63706,19.75029
1690535481092,0.64223,0.38902,1,17.6327,19.76827
1690535481099,0.65512,0.41458,1,17.74598,19.7836
1690535481106,0.65795,0.41945,1,17.47942,19.72798
1690535481112,0.65866,0.3783,1,17.47118,19.95847
1690535481119,0.66436,0.39206,1,17.64075,19.91055
1690535481126,0.66048,0.43663,1,17.56697,19.70386
1690535481132,0.67562,0.45192,1,17.68774,19.94575
1690535481139,0.67513,0.47371,1,17.66482,19.77858
1690535481146,0.67172,0.49218,1,17.81507,19.79643
1690535481152,0.67287,0.48064,1,17.79524,19.79248
1690535481159,0.67599,0.4816,1,17.57628,19.87903
1690535481166,0.6749,0.47536,1,17.9039,19.59478
1690535481172,0.66124,0.49219,1,17.75307,19.80975
1690535481179,0.6543,0.51793,1,17.54317,19.86548
1690535481186,0.67887,0.5046,1,18.09842,20.09162
1690535481192,0.67693,0.53705,1,17.72433,19.99842
1690535481199,0.67092,0.53927,1,17.96241,19.80995
1690535481206,0.6672,0.50911,1,17.89127,19.74559
1690535481212,0.65291,0.50237,1,17.8833,19.9797
1690535481219,0.67274,0.49518,1,17.81822,19.66309
1690535481226,0.66554,0.48712,1,17.86816,19.72484
1690535481232,0.66849,0.49213,1,17.88982,19.63589
1690535481239,0.65951,0.47996,1,18.01071,19.29717
1690535481246,0.64905,0.49015,1,17.96273,19.68285
1690535481252,0.66465,0.48728,1,18.02407,19.5755
1690535481259,0.6586,0.46968,1,18.01102,19.38705
1690535481266,0.66056,0.47737,1,18.06906,19.46265
1690535481272,0.66053,0.46546,1,18.04554,19.39532
1690535481279,0.64838,0.43944,1,18.03864,19.31374
1690535481286,0.65348,0.43022,1,17.98509,19.05487
1690535481292,0.6633,0.48917,1,17.96346,19.1715
1690535481299,0.66522,0.45217,1,17.92655,18.88889
1690535481306,0.65163,0.44374,1,17.91822,19.16497
1690535481312,0.62965,0.42819,1,17.93586,19.07551
1690535481319,0.63139,0.4245,1,18.06055,19.28519
1690535481326,0.63306,0.42663,1,17.77983,19.39853
1690535481332,0.64062,0.42167,1,17.76275,19.31168
1690535481339,0.63367,0.38986,1,17.80911,19.37793
1690535481346,0.63264,0.38051,1,17.72186,19.39212
1690535481352,0.65074,0.37813,1,17.74849,19.31496
1690535481359,0.64531,0.34803,1,17.60974,19.40507
1690535481366,0.62496,0.37552,1,17.76689,19.46982
1690535481372,0.62184,0.35141,1,17.47184,19.28721
1690535481379,0.63129,0.35119,1,17.61998,19.47906
1690535481386,0.62936,0.33798,1,17.6485,19.57105
1690535481392,0.63589,0.3466,1,17.4172,19.6255
1690535481399,0.63511,0.32021,1,17.41052,19.99015
1690535481406,0.64548,0.29877,1,17.47797,19.7041
1690535481412,0.64248,0.35877,1,17.35173,19.53839
1690535481419,0.6412,0.35353,1,17.45326,19.34654
1690535481426,0.63402,0.376,1,17.3278,19.405
1690535481432,0.63778,0.35061,1,17.30002,19.41229
1690535481439,0.62764,0.33906,1,17.42977,19.28748
1690535481446,0.62979,0.35961,1,17.51016,19.50202
1690535481452,0.62862,0.34288,1,17.55679,19.56532
1690535481459,0.6229,0.35497,1,17.78169,19.47458
1690535481466,0.62069,0.37095,1,17.61594,19.57636
1690535481472,0.61281,0.3689,1,17.72076,19.63227
1690535481479,0.61152,0.38765,1,17.76439,19.468
1690535481486,0.62019,0.40277,1,17.70801,19.43281
1690535481492,0.61477,0.37833,1,17.64485,19.23282
1690535481499,0.61421,0.36265,1,17.76485,19.3507
1690535481506,0.60537,0.36343,1,18.02271,19.10226
1690535481512,0.60561,0.37217,1,17.9872,19.34447
1690535481519,0.60138,0.34088,1,18.03382,19.24947
1690535481526,0.59725,0.3401,1,18.03449,19.44658
1690535481532,0.58913,0.32972,1,17.89437,19.2883
1690535481539,0.57776,0.32792,1,18.02508,19.36637
1690535481546,0.58365,0.31018,1,18.2017,19.71654
1690535481552,0.57893,0.32108,1,18.07023,19.26057
1690535481559,0.57861,0.28861,1,18.30791,19.29522
1690535481566,0.55607,0.28055,1,18.13555,19.39451
1690535481572,0.56688,0.26568,1,18.21704,19.45678
1690535481579,0.57333,0.25596,1,18.24598,19.52842
1690535481586,0.58004,0.23724,1,18.4152,19.40886
1690535481592,0.57249,0.23921,1,18.03932,19.2438
1690535481599,0.56568,0.23197,1,18.10249,19.36988
1690535481606,0.55644,0.25429,1,18.05977,19.31932
1690535481612,0.57469,0.24204,1,18.28134,19.34763
1690535481619,0.57698,0.23292,1,18.17038,19.4885
1690535481626,0.57178,0.26126,1,18.26071,19.34059
1690535481632,0.57083,0.2451,1,18.02188,19.16742
1690535481639,0.56034,0.26486,1,18.10984,19.13768
1690535481646,0.55446,0.2921,1,18.00512,19.16698
1690535481652,0.55955,0.29286,1,18.40589,19.40446
1690535481659,0.55029,0.28766,1,18.15627,19.22953
1690535481666,0.55354,0.29253,1,18.08632,19.25989
1690535481672,0.5385,0.28449,1,18.05381,19.26139
1690535481679,0.54364,0.28649,1,17.91941,19.46166
1690535481686,0.54801,0.27629,1,17.92492,19.34142
1690535481692,0.56085,0.23272,1,17.90836,19.35596
1690535481699,0.55871,0.25509,1,18.05922,19.43005
1690535481706,0.56659,0.26841,1,17.94619,19.40765
1690535481712,0.55533,0.27826,1,17.81597,19.26153
1690535481719,0.54276,0.28252,1,18.04884,19.65847
1690535481726,0.55451,0.26115,1,17.96971,19.53742
1690535481732,0.56097,0.25206,1,18.0469,19.54311
1690535481739,0.55243,0.22463,1,18.28974,19.73056
1690535481746,0.55082,0.20387,1,18.44565,19.56518
1690535481752,0.55086,0.19334,1,18.47539,19.49263
1690535481759,0.57236,0.20598,1,18.29171,19.30794
1690535481766,0.57111,0.22258,1,18.48714,19.52826
1690535481772,0.5671,0.17854,1,18.32413,19.46162
1690535481779,0.56185,0.14485,1,18.3231,19.44104
1690535481786,0.56606,0.16689,1,18.12782,19.66326
1690535481792,0.56418,0.17964,1,18.25989,19.38135
1690535481799,0.57271,0.15976,1,18.17987,19.5069
1690535481806,0.57032,0.16684,1,18.33422,19.53368
1690535481812,0.57455,0.16707,1,18.13201,19.44496
1690535481819,0.58861,0.17342,1,18.10775,19.6896
1690535481826,0.59916,0.18869,1,18.11372,19.64424
1690535481832,0.60942,0.18845,1,18.12964,19.85276
1690535481839,0.60458,0.19211,1,18.14604,19.62279
1690535481846,0.61112,0.16427,1,18.0783,19.5664
1690535481852,0.61642,0.20061,1,18.08746,19.55966
1690535481859,0.61642,0.20875,1,18.0354,19.47306
1690535481866,0.60962,0.19298,1,18.24895,19.56069
1690535481872,0.60983,0.18322,1,18.16457,19.75625
1690535481879,0.60402,0.19233,1,18.01284,19.61402
1690535481886,0.61773,0.19053,1,18.02958,19.49938
1690535481892,0.63139,0.19481,1,17.92208,19.43938
1690535481899,0.63217,0.18447,1,18.16475,19.47417
1690535481906,0.63164,0.21527,1,18.32501,19.25691
1690535481912,0.63256,0.24508,1,18.2258,19.12802
1690535481919,0.64086,0.23973,1,17.96318,19.00427
1690535481926,0.64104,0.25064,1,18.05982,18.88522
1690535481932,0.62514,0.22679,1,18.06261,18.97197
1690535481939,0.62963,0.19884,1,17.8475,18.92597
1690535481946,0.63457,0.1959,1,18.01726,19.13616
1690535481952,0.63492,0.15672,1,18.23702,18.92036
1690535481959,0.64688,0.20355,1,18.15652,18.93111
1690535481966,0.66047,0.18636,1,18.0606,18.821
1690535481972,0.6649,0.22204,1,18.06716,19.09236
1690535481979,0.66636,0.24178,1,18.1813,18.86766
1690535481986,0.6756,0.23828,1,18.17179,19.02499
1690535481992,0.66759,0.25373,1,18.12536,19.18138
1690535481999,0.65335,0.23505,1,18.27931,19.28983
1690535482006,0.6763,0.2192,1,18.25866,19.27382
1690535482012,0.68705,0.22481,1,18.07712,19.2896
1690535482019,0.70653,0.20652,1,18.15365,19.5796
1690535482026,0.70017,0.17659,1,18.04694,19.41856
1690535482032,0.7081,0.1823,1,18.10066,19.61684
1690535482039,0.70624,0.16185,1,18.0457,19.45337
1690535482046,0.70904,0.15229,1,18.03142,19.38539
1690535482052,0.70507,0.13534,1,18.01771,19.45239
1690535482059,0.71593,0.14217,1,18.05026,19.41234
1690535482066,0.71035,0.12311,1,18.15416,19.55788
1690535482072,0.70222,0.12675,1,18.06969,19.58697
1690535482079,0.70856,0.14905,1,18.14096,19.54426
1690535482086,0.71032,0.13364,1,18.05001,19.65152
1690535482092,0.71409,0.10846,1,18.13032,19.72356
1690535482099,0.69728,0.14974,1,17.93493,19.34339
1690535482106,0.69287,0.15374,1,17.88966,19.27904
1690535482112,0.70838,0.17726,1,17.88769,19.43136
1690535482119,0.71062,0.16412,1,18.09927,19.65744
1690535482126,0.71524,0.15556,1,17.91491,19.41932
1690535482132,0.72582,0.1749,1,18.05175,19.53746
1690535482139,0.72865,0.18457,1,18.0287,19.22065
1690535482146,0.726,0.17902,1,17.92797,19.33448
1690535482152,0.71819,0.15722,1,18.04113,19.54658
1690535482159,0.72509,0.16865,1,17.91073,19.59711
1690535482166,0.72041,0.159,1,17.87811,19.78295
1690535482172,0.72875,0.14894,1,17.99549,19.75836
1690535482179,0.74423,0.15239,1,18.03627,19.74923
1690535482186,0.74532,0.18548,1,18.08151,19.73512
1690535482192,0.7383,0.19018,1,18.19366,19.8024
1690535482199,0.73262,0.21155,1,18.14107,19.73369
1690535482206,0.73369,0.18828,1,18.23899,19.8641
1690535482212,0.73991,0.19669,1,18.28068,19.6703
1690535482219,0.74241,0.20008,1,18.33871,19.92693
1690535482226,0.73366,0.16686,1,18.12091,19.95189
1690535482232,0.74595,0.15367,1,18.2785,19.99367
1690535482239,0.7501,0.13879,1,18.39549,20.02673
1690535482246,0.74727,0.14284,1,18.47267,20.03027
1690535482252,0.73617,0.13645,1,18.4279,19.76278
1690535482259,0.72336,0.13638,1,18.51462,19.54004
1690535482266,0.72569,0.11436,1,18.25525,19.73931
1690535482272,0.71637,0.14794,1,18.33834,19.64691
1690535482279,0.72083,0.13324,1,18.49975,19.7214
1690535482286,0.71561,0.13035,1,18.51911,19.81028
1690535482292,0.70825,0.13224,1,18.39447,19.82746
1690535482299,0.70804,0.11924,1,18.48763,19.69978
1690535482306,0.70485,0.13057,1,18.58021,19.64929
1690535482312,0.70573,0.13431,1,18.43844,19.69615
1690535482319,0.72732,0.12153,1,18.75483,19.48762
1690535482326,0.71375,0.13483,1,18.62629,19.41617
1690535482332,0.72297,0.11629,1,18.6347,19.69748
1690535482339,0.72675,0.09766,1,18.88049,19.38509
1690535482346,0.74072,0.11462,1,18.53057,19.33481
1690535482352,0.74147,0.11566,1,18.38939,19.46408
1690535482359,0.75379,0.14298,1,18.70592,19.44904
1690535482366,0.75463,0.12833,1,18.86024,19.39612
1690535482372,0.75582,0.13405,1,18.67777,19.24368
1690535482379,0.76002,0.14654,1,18.97205,19.20218
1690535482386,0.75496,0.12237,1,18.72481,19.19897
1690535482392,0.75206,0.12568,1,18.86044,19.44823
1690535482399,0.76298,0.10256,1,18.81547,19.53798
1690535482406,0.76483,0.13438,1,18.71564,19.33879
1690535482412,0.75327,0.1257,1,18.70391,19.48188
1690535482419,0.75031,0.11361,1,18.8107,19.31551
1690535482426,0.74116,0.10738,1,18.68491,19.40292
1690535482432,0.73225,0.09826,1,18.53568,19.3849
1690535482439,0.73379,0.11492,1,18.83913,19.37231
1690535482446,0.73656,0.07705,1,18.94328,19.33391
1690535482452,0.7302,0.06218,1,19.01866,19.28644
1690535482459,0.72335,0.05231,1,18.70846,19.29128
1690535482466,0.72937,0.0386,1,19.03426,19.397
1690535482472,0.73441,0.07493,1,18.92992,19.48304
1690535482479,0.74992,0.07547,1,18.99999,19.54456
1690535482486,0.7492,0.08283,1,19.15994,19.3251
1690535482492,0.75431,0.0917,1,18.97425,19.36734
1690535482499,0.76068,0.09678,1,19.14867,19.4335
1690535482506,0.7752,0.09445,1,19.07802,19.54101
1690535482512,0.77505,0.13131,1,19.22299,19.58824
1690535482519,0.78025,0.13767,1,18.99615,19.62181
1690535482526,0.78782,0.16106,1,19.23032,19.51706
1690535482532,0.79237,0.16858,1,19.15711,19.60561
1690535482539,0.79769,0.1504,1,19.14977,19.64511
1690535482546,0.8141,0.1319,1,19.12798,19.60845
1690535482552,0.80513,0.14754,1,18.96704,19.55153
1690535482559,0.79591,0.13922,1,19.00638,19.56384
1690535482566,0.78832,0.14616,1,18.8212,19.91429
1690535482572,0.78997,0.17311,1,19.00665,19.43315
1690535482579,0.78723,0.16661,1,18.8316,19.59651
1690535482586,0.78913,0.15365,1,18.92843,19.57036
1690535482592,0.78011,0.16485,1,19.15604,19.37695
1690535482599,0.77062,0.12915,1,19.30704,19.38527
1690535482606,0.77188,0.13083,1,18.92859,19.4417
1690535482612,0.7744,0.15888,1,19.00695,19.60562
1690535482619,0.783,0.14622,1,18.87944,19.51791
1690535482626,0.78607,0.15362,1,18.85858,19.56673
1690535482632,0.78597,0.13761,1,18.72403,19.27307
1690535482639,0.78385,0.13838,1,19.10886,19.30365
1690535482646,0.77814,0.09966,1,19.2063,19.20735
1690535482652,0.78167,0.09481,1,19.22768,19.24594
1690535482659,0.77721,0.08248,1,19.22751,19.26814
1690535482666,0.79645,0.09051,1,19.24036,19.35349
1690535482672,0.78825,0.0964,1,19.35128,19.22742
1690535482679,0.78575,0.08035,1,19.17468,19.50779
1690535482686,0.79071,0.08273,1,19.21403,19.50305
1690535482692,0.78458,0.0985,1,19.20697,19.30559
1690535482699,0.793,0.09805,1,19.27906,19.14598
1690535482706,0.79937,0.09875,1,19.12019,19.1572
1690535482712,0.80339,0.07358,1,18.98449,19.20115
1690535482719,0.79064,0.09084,1,19.22443,19.27422
1690535482726,0.8015,0.07612,1,19.1588,19.17512
1690535482732,0.79173,0.07926,1,19.04443,19.29569
1690535482739,0.80446,0.06467,1,19.17206,18.98611
1690535482746,0.80863,0.12203,1,18.9591,19.13564
1690535482752,0.81688,0.10398,1,19.15568,18.98178
1690535482759,0.81298,0.10895,1,19.0276,19.18396
1690535482766,0.80949,0.1515,1,18.93144,19.08852
1690535482772,0.80234,0.17346,1,18.93164,19.27038
1690535482779,0.78355,0.16964,1,18.71458,19.30899
1690535482786,0.77723,0.17489,1,18.78676,19.27622
1690535482792,0.78396,0.18056,1,19.00413,19.21093
1690535482799,0.76107,0.16918,1,18.71292,19.1388
1690535482806,0.77127,0.18103,1,18.77367,19.34088
1690535482812,0.76788,0.16223,1,18.90458,19.33488
1690535482819,0.75938,0.15035,1,18.78487,18.98867
1690535482826,0.75005,0.16903,1,18.61084,19.22601
1690535482832,0.75356,0.16626,1,18.67747,19.31098
1690535482839,0.75707,0.17091,1,18.69913,19.09656
1690535482846,0.7603,0.19039,1,18.72512,19.15855
1690535482852,0.77266,0.20791,1,18.69216,18.82577
1690535482859,0.76328,0.23706,1,18.69954,19.05988
1690535482866,0.76039,0.22331,1,18.57085,19.17188
1690535482872,0.74096,0.23265,1,18.46104,19.25929
1690535482879,0.74973,0.25893,1,18.5614,19.25424
1690535482886,0.73707,0.22256,1,18.49595,19.2575
1690535482892,0.74371,0.23376,1,18.28329,19.05856
1690535482899,0.74297,0.25495,1,18.649,18.73705
1690535482906,0.75319,0.24476,1,18.63051,18.66521
1690535482912,0.76016,0.25725,1,18.58938,18.82211
1690535482919,0.76477,0.25681,1,18.47437,18.69706
1690535482926,0.75899,0.25442,1,18.53266,18.68586
1690535482932,0.76949,0.2875,1,18.56876,18.62423
1690535482939,0.76484,0.29524,1,18.2742,18.51294
1690535482946,0.76024,0.28113,1,18.74767,18.60073
1690535482952,0.75418,0.29974,1,18.2565,18.81844
1690535482959,0.75055,0.25353,1,18.38855,18.86657
1690535482966,0.75347,0.26121,1,18.51382,18.6871
1690535482972,0.75095,0.25839,1,18.49112,18.70145
1690535482979,0.76286,0.24831,1,18.5395,18.68434
1690535482986,0.77416,0.27011,1,18.67424,18.9247
1690535482992,0.7721,0.27933,1,18.64623,18.93068
1690535482999,0.76148,0.26134,1,18.6451,18.75148
1690535483006,0.75566,0.24675,1,18.33407,18.78586
1690535483012,0.76482,0.25986,1,18.52322,18.92191
1690535483019,0.77414,0.29412,1,18.4452,18.88741
1690535483026,0.78223,0.31105,1,18.53308,18.92151
1690535483032,0.78104,0.34607,1,18.27664,18.82577
1690535483039,0.78209,0.38471,1,18.54398,18.69192
1690535483046,0.77494,0.38231,1,18.49814,18.85873
1690535483052,0.76984,0.3628,1,18.55558,18.76332
1690535483059,0.76048,0.3575,1,18.65659,18.83323
1690535483066,0.75896,0.34649,1,18.82738,18.56075
1690535483072,0.76183,0.33506,1,18.68198,18.48376
1690535483079,0.76792,0.35861,1,18.57799,18.7922
1690535483086,0.74208,0.37255,1,18.73506,18.5089
1690535483092,0.74263,0.38417,1,18.87074,18.48475
1690535483099,0.72883,0.38928,1,18.89243,18.41422
1690535483106,0.72598,0.37206,1,18.83513,18.51379
1690535483112,0.71539,0.36586,1,18.9518,18.65801
1690535483119,0.71794,0.38017,1,18.86271,18.63696
1690535483126,0.72521,0.39337,1,18.77152,18.70553
1690535483132,0.71261,0.40908,1,18.67573,18.94886
1690535483139,0.71103,0.43438,1,18.7309,18.7622
1690535483146,0.73172,0.46403,1,18.817,18.45922
1690535483152,0.7451,0.47034,1,18.80986,18.43167
1690535483159,0.74576,0.46885,1,18.93135,18.57626
1690535483166,0.75273,0.49305,1,18.76086,18.53311
1690535483172,0.73488,0.48801,1,18.52063,18.64734
1690535483179,0.72649,0.50393,1,18.86152,18.6288
1690535483186,0.72033,0.48542,1,18.7212,18.71871
1690535483192,0.71891,0.49476,1,18.54575,18.60379
1690535483199,0.727,0.49602,1,18.95321,18.86771
1690535483206,0.71878,0.49096,1,18.78883,18.78512
1690535483212,0.70246,0.49233,1,18.58466,18.78189
1690535483219,0.71001,0.47091,1,18.80264,18.66679
1690535483226,0.71151,0.47531,1,18.7047,18.70973
1690535483232,0.71792,0.43604,1,18.81051,18.75919
1690535483239,0.70101,0.43597,1,18.83964,18.6794
1690535483246,0.69138,0.4179,1,18.81816,18.99161
1690535483252,0.70631,0.39243,1,19.03131,18.88006
1690535483259,0.71285,0.36428,1,18.61169,18.69595
1690535483266,0.71455,0.40118,1,18.75359,18.82985
1690535483272,0.71895,0.40867,1,18.96703,18.91677
1690535483279,0.7178,0.44466,1,18.55272,18.74629
1690535483286,0.70538,0.43549,1,18.61703,18.81664
1690535483292,0.71062,0.44937,1,18.83069,18.91397
1690535483299,0.72586,0.46228,1,18.74622,18.82878
1690535483306,0.72676,0.4216,1,18.55389,18.63066
1690535483312,0.72434,0.39718,1,18.52908,18.7012
1690535483319,0.73788,0.39372,1,18.65649,18.69337
1690535483326,0.74457,0.38684,1,18.7248,18.80116
1690535483332,0.74962,0.39545,1,18.67213,18.8233
1690535483339,0.74344,0.40292,1,18.59406,18.83269
1690535483346,0.74327,0.39037,1,18.58459,18.81358
1690535483352,0.74766,0.42609,1,18.60245,18.80401
1690535483359,0.75294,0.43261,1,18.50713,18.62937
1690535483366,0.73462,0.45078,1,18.71522,18.54779
1690535483372,0.73251,0.45932,1,18.50577,18.71626
1690535483379,0.74821,0.43661,1,18.59028,18.71164
1690535483386,0.74343,0.46027,1,18.63682,18.64968
1690535483392,0.73683,0.44751,1,18.5508,18.72305
1690535483399,0.74599,0.43879,1,18.65997,18.77487
1690535483406,0.75364,0.41681,1,18.5594,18.72219
1690535483412,0.7501,0.42706,1,18.77564,18.92056
1690535483419,0.75432,0.43722,1,18.71971,18.82577
1690535483426,0.76077,0.45343,1,18.86873,18.5385
1690535483432,0.76986,0.4699,1,18.66774,18.52632
1690535483439,0.77846,0.50018,1,18.73124,18.50218
1690535483446,0.78607,0.45236,1,18.81559,18.59492
1690535483452,0.78015,0.42389,1,18.90674,18.55709
1690535483459,0.7604,0.38801,1,18.97786,18.6174
1690535483466,0.76248,0.39367,1,18.74975,18.63715
1690535483472,0.74714,0.38881,1,18.88021,18.43873
1690535483479,0.74814,0.3869,1,18.84173,18.66976
1690535483486,0.76393,0.40536,1,18.95725,18.64136
1690535483492,0.78281,0.41452,1,18.86101,18.73775
1690535483499,0.79522,0.42236,1,18.9693,18.4493
1690535483506,0.78575,0.39709,1,18.7687,18.47633
1690535483512,0.77813,0.39558,1,18.69387,18.3724
1690535483519,0.76451,0.38047,1,18.63994,18.30484
1690535483526,0.77866,0.35484,1,18.65996,18.30992
1690535483532,0.76953,0.35556,1,18.63421,18.06918
1690535483539,0.77524,0.32875,1,18.56459,18.00155
1690535483546,0.77381,0.36615,1,18.66173,18.16061
1690535483552,0.76416,0.38256,1,18.62403,18.07068
1690535483559,0.74534,0.36128,1,18.66324,18.27613
1690535483566,0.76703,0.39335,1,18.86337,18.03938
1690535483572,0.76675,0.44264,1,18.72008,17.98196
1690535483579,0.75568,0.44748,1,18.76194,18.14746
1690535483586,0.75374,0.44695,1,18.78006,17.9757
1690535483592,0.74452,0.43606,1,18.57982,17.95198
1690535483599,0.74225,0.45928,1,18.54818,17.90086
1690535483606,0.73745,0.42672,1,18.6128,17.89906
1690535483612,0.72448,0.40659,1,18.43164,18.14097
1690535483619,0.73397,0.39884,1,18.40994,18.26466
1690535483626,0.74349,0.41704,1,18.62476,18.24155
1690535483632,0.74853,0.42675,1,18.53728,18.2017
1690535483639,0.74026,0.42587,1,18.35993,18.14619
1690535483646,0.75799,0.43821,1,18.38495,18.27809
1690535483652,0.74428,0.42861,1,18.53166,18.29021
1690535483659,0.74667,0.4204,1,18.50588,18.26862
1690535483666,0.7324,0.41991,1,18.52518,18.1612
1690535483672,0.73049,0.4256,1,18.60046,18.11864
1690535483679,0.72244,0.40296,1,18.58737,18.22459
1690535483686,0.73006,0.40269,1,18.48792,18.19307
1690535483692,0.72901,0.39204,1,18.50398,18.13846
1690535483699,0.73176,0.3827,1,18.43446,18.43072
1690535483706,0.72481,0.38124,1,18.49441,18.24664
1690535483712,0.73213,0.37506,1,18.75432,18.22761
1690535483719,0.7334,0.38768,1,18.56877,18.42139
1690535483726,0.73996,0.37712,1,18.54549,18.24146
1690535483732,0.74071,0.37889,1,18.51674,18.13786
1690535483739,0.73444,0.37047,1,18.48025,18.18937
1690535483746,0.73482,0.36192,1,18.74461,18.20694
1690535483752,0.74586,0.34536,1,18.6286,18.33781
1690535483759,0.73664,0.37529,1,18.69963,18.46505
1690535483766,0.74136,0.35251,1,18.47794,18.32661
1690535483772,0.74526,0.3496,1,18.56126,18.35644
1690535483779,0.73842,0.37142,1,18.57829,18.36302
1690535483786,0.75379,0.35809,1,18.56464,18.10972
1690535483792,0.73656,0.36734,1,18.84915,18.25955
1690535483799,0.7524,0.36957,1,18.72659,18.27912
1690535483806,0.7586,0.35421,1,18.62493,18.318
1690535483812,0.76654,0.31743,1,18.76527,18.31335
1690535483819,0.75239,0.33915,1,18.83471,18.25473
1690535483826,0.74473,0.34718,1,19.09403,18.35845
1690535483832,0.7322,0.35818,1,18.76951,18.35652
1690535483839,0.72862,0.37604,1,19.09689,18.48377
1690535483846,0.71709,0.35703,1,18.91223,18.29
1690535483852,0.71818,0.37597,1,18.97608,18.49883
1690535483859,0.70595,0.37092,1,19.08071,18.34403
1690535483866,0.71185,0.38103,1,19.16915,18.33163
1690535483872,0.71033,0.38426,1,19.21989,18.33049
1690535483879,0.70476,0.36891,1,19.29723,18.29295
1690535483886,0.72219,0.39192,1,19.02676,18.53938
1690535483892,0.71885,0.39834,1,19.24041,18.75337
1690535483899,0.72785,0.3789,1,19.1868,18.63267
1690535483906,0.72123,0.35039,1,19.23083,18.59044
1690535483912,0.71324,0.33189,1,19.15853,18.62707
1690535483919,0.71473,0.35607,1,19.21798,18.62202
1690535483926,0.71901,0.31477,1,19.33325,18.44156
1690535483932,0.70768,0.32973,1,19.16764,18.58543
1690535483939,0.71946,0.31232,1,19.18932,18.49536
1690535483946,0.71102,0.33361,1,19.11448,18.65257
1690535483952,0.70947,0.33209,1,19.1981,18.83724
1690535483959,0.69445,0.35563,1,19.37277,18.53979
1690535483966,0.7082,0.36358,1,19.29352,18.52491
1690535483972,0.71895,0.32728,1,19.35689,18.66406
1690535483979,0.72831,0.30574,1,19.31517,18.70731
1690535483986,0.7283,0.33001,1,19.35908,18.59776
1690535483992,0.71389,0.33,1,19.17074,18.48907
1690535483999,0.7065,0.31462,1,19.50201,18.36861
1690535484006,0.70271,0.29091,1,19.42716,18.34387
1690535484012,0.69694,0.31211,1,19.11393,18.42156
1690535484019,0.69293,0.27618,1,19.31586,18.25155
1690535484026,0.67839,0.26159,1,19.06703,18.32155
1690535484032,0.67165,0.24883,1,18.98808,18.26632
1690535484039,0.68623,0.24865,1,18.83999,18.13192
1690535484046,0.68694,0.23941,1,18.67572,18.15812
1690535484052,0.70051,0.22801,1,18.84622,18.07408
1690535484059,0.69649,0.22549,1,18.86982,18.02045
1690535484066,0.71284,0.23998,1,18.91556,18.05647
1690535484072,0.71365,0.22562,1,18.99524,17.93441
1690535484079,0.69572,0.20249,1,18.79894,17.97343
1690535484086,0.70239,0.2264,1,18.63767,18.0163
1690535484092,0.69943,0.20167,1,18.47509,17.99123
1690535484099,0.70417,0.20103,1,18.65135,18.00238
1690535484106,0.70277,0.21571,1,18.72564,18.00329
1690535484112,0.7127,0.19549,1,18.54498,17.87297
1690535484119,0.70373,0.23066,1,18.63096,17.74477
1690535484126,0.69462,0.21572,1,18.67772,17.95881
1690535484132,0.68835,0.21481,1,18.77142,17.96837
1690535484139,0.68574,0.2299,1,18.55261,17.92626
1690535484146,0.68543,0.22359,1,18.48194,17.90619
1690535484152,0.67843,0.22052,1,18.53596,17.81515
1690535484159,0.66786,0.26884,1,18.53132,17.90199
1690535484166,0.66463,0.26545,1,18.38156,17.97263
1690535484172,0.65568,0.26986,1,18.40906,17.84973
1690535484179,0.65518,0.27318,1,18.64818,17.88425
1690535484186,0.65203,0.27377,1,18.51423,17.82792
1690535484192,0.65793,0.25182,1,18.47546,17.87925
1690535484199,0.64524,0.2296,1,18.65381,17.5597
1690535484206,0.64538,0.20045,1,18.70735,17.66524
1690535484212,0.66064,0.17846,1,18.65472,17.63826
1690535484219,0.66084,0.195,1,18.5759,17.46819
1690535484226,0.66524,0.23341,1,18.69431,17.59099
1690535484232,0.66991,0.21311,1,18.6255,17.53785
1690535484239,0.67448,0.20982,1,18.52719,17.62307
1690535484246,0.68434,0.21323,1,18.35611,17.60323
1690535484252,0.67907,0.25477,1,18.43871,17.70523
1690535484259,0.66487,0.26146,1,18.213,17.59929
1690535484266,0.66846,0.23933,1,18.62901,17.56746
1690535484272,0.67565,0.21165,1,18.60413,17.41195
1690535484279,0.69769,0.21342,1,18.46549,17.19478
1690535484286,0.69723,0.22812,1,18.58404,17.40621
1690535484292,0.69752,0.23733,1,18.56441,17.04277
1690535484299,0.68643,0.23555,1,18.49662,17.11843
1690535484306,0.70382,0.20603,1,18.37914,17.27733
1690535484312,0.70712,0.17728,1,18.40018,17.22217
1690535484319,0.70472,0.18183,1,18.28168,17.0937
1690535484326,0.7039,0.20336,1,18.49,17.22361
1690535484332,0.70104,0.22122,1,18.38656,17.10603
1690535484339,0.69589,0.21336,1,18.19924,17.28087
1690535484346,0.68948,0.22078,1,18.24474,17.28376
1690535484352,0.69229,0.22242,1,18.09457,17.21524
1690535484359,0.6831,0.2017,1,18.15715,17.44661
1690535484366,0.67724,0.17489,1,18.15482,17.15734
1690535484372,0.67883,0.17092,1,18.21575,17.19384
1690535484379,0.6909,0.16274,1,18.23875,17.24811
1690535484386,0.6975,0.18392,1,18.43989,17.1109
1690535484392,0.70571,0.16279,1,18.70287,17.39379
1690535484399,0.71913,0.18658,1,18.69324,17.10546
1690535484406,0.71413,0.18682,1,18.52159,17.22347
1690535484412,0.71407,0.2122,1,18.54696,16.93352
1690535484419,0.71699,0.22192,1,18.69756,17.07839
1690535484426,0.72,0.22271,1,18.63497,17.13807
1690535484432,0.71959,0.22107,1,18.68965,17.05389
1690535484439,0.71281,0.23296,1,18.79699,17.11036
1690535484446,0.70578,0.21454,1,18.56623,17.0094
1690535484452,0.72819,0.23837,1,18.89818,16.99579
1690535484459,0.72205,0.23692,1,18.76172,17.1284
1690535484466,0.71265,0.22315,1,18.67321,17.10275
1690535484472,0.70959,0.25875,1,18.5818,17.35284
1690535484479,0.7215,0.25481,1,18.51898,17.03134
1690535484486,0.72892,0.22708,1,18.63724,17.10168
1690535484492,0.74113,0.22994,1,18.61788,17.12007
1690535484499,0.75298,0.23661,1,18.70911,17.22473
1690535484506,0.7602,0.21441,1,18.79669,17.21485
1690535484512,0.75246,0.20118,1,18.64074,16.96685
1690535484519,0.74738,0.20037,1,18.7686,16.83756
1690535484526,0.74269,0.21895,1,18.62875,16.95148
1690535484532,0.73242,0.19987,1,18.5678,16.93859
1690535484539,0.72731,0.14888,1,18.76608,16.98774
1690535484546,0.72734,0.13416,1,18.62357,16.8415
1690535484552,0.73144,0.12696,1,18.50757,16.81789
1690535484559,0.71953,0.19226,1,18.26456,16.86042
1690535484566,0.71132,0.2087,1,18.39154,16.86375
1690535484572,0.71098,0.20154,1,18.19216,16.90125
1690535484579,0.70474,0.20397,1,18.19827,16.98486
1690535484586,0.69921,0.21041,1,18.10004,17.05159
1690535484592,0.70012,0.2053,1,18.20124,17.01946
1690535484599,0.70575,0.17812,1,18.19283,16.99321
1690535484606,0.68982,0.19035,1,18.15454,16.89796
1690535484612,0.68623,0.14781,1,18.10147,17.00067
1690535484619,0.68562,0.15822,1,18.09225,16.94224
1690535484626,0.69935,0.10854,1,18.14176,16.82093
1690535484632,0.7125,0.10618,1,18.24085,16.6622
1690535484639,0.71741,0.10454,1,18.13796,16.89079
1690535484646,0.72418,0.1082,1,18.20935,16.66798
1690535484652,0.71365,0.11806,1,18.30931,16.84179
1690535484659,0.70447,0.09592,1,18.38728,17.08459
1690535484666,0.69623,0.13217,1,18.27776,16.82922
1690535484672,0.69116,0.11939,1,18.49736,16.80009
1690535484679,0.67423,0.10462,1,18.48195,16.79769
1690535484686,0.68779,0.10906,1,18.47936,16.92129
1690535484692,0.66912,0.16324,1,18.42547,17.04051
1690535484699,0.67065,0.18137,1,18.35504,16.9578
1690535484706,0.67608,0.18984,1,18.39004,16.98965
1690535484712,0.66818,0.17585,1,18.31861,16.94441
1690535484719,0.65813,0.17728,1,18.27452,16.86237
1690535484726,0.65406,0.12861,1,18.31536,16.70915
1690535484732,0.64547,0.10612,1,18.21665,16.81521
1690535484739,0.64809,0.07382,1,18.14082,16.98338
1690535484746,0.65161,0.06269,1,18.20918,16.83802
1690535484752,0.66486,0.04466,1,18.11525,16.97304
1690535484759,0.66087,0.05012,1,18.09725,17.02618
1690535484766,0.64901,0.05669,1,17.99586,16.81694
1690535484772,0.63864,0.06186,1,17.76829,16.80658
1690535484779,0.63635,0.07137,1,18.00027,16.94019
1690535484786,0.64803,0.06354,1,17.98715,16.75464
1690535484792,0.67423,0.07466,1,17.9791,16.93908
1690535484799,0.67177,0.05519,1,17.79585,16.84341
1690535484806,0.67606,0.01846,1,17.64718,16.69514
1690535484812,0.68929,0.02057,1,17.64372,16.81989
1690535484819,0.68623,0.00129,1,17.84947,16.9509
1690535484826,0.69653,0.0043,1,18.01006,16.84338
1690535484832,0.70693,0.02932,1,17.94834,16.99023
1690535484839,0.7226,0.05354,1,17.84577,17.10648
1690535484846,0.74655,0.02527,1,17.92673,17.02146
1690535484852,0.7528,0.03877,1,17.79157,16.89886
1690535484859,0.74236,0.01723,1,17.96913,16.91968
1690535484866,0.73408,-0.0174,1,17.69341,16.78381
1690535484872,0.73834,-0.01442,1,17.69674,16.92052
1690535484879,0.72383,-0.00808,1,17.84406,16.98988
1690535484886,0.72197,-0.0024,1,17.78883,16.59554
1690535484892,0.72524,-0.01709,1,17.96122,16.90106
1690535484899,0.71787,-0.00726,1,17.98923,16.77968
1690535484906,0.7053,-0.00276,1,17.89955,16.67609
1690535484912,0.69723,0.00728,1,17.94376,16.55224
1690535484919,0.68319,0.01289,1,17.9463,16.51929
1690535484926,0.68157,-0.00892,1,18.02568,16.61996
1690535484932,0.67496,-0.0006,1,17.86752,16.36723
1690535484939,0.66898,-0.00059,1,17.89569,16.56587
1690535484946,0.67062,-0.00486,1,17.96887,16.52583
1690535484952,0.67391,-0.01105,1,17.83671,16.69435
1690535484959,0.67611,-0.00135,1,17.67703,16.52157
1690535484966,0.68426,-0.03395,1,17.63796,16.70217
1690535484972,0.66275,-0.03619,1,17.65975,16.52759
1690535484979,0.65033,-0.05147,1,17.82205,16.65328
1690535484986,0.65368,-0.05446,1,17.77576,16.53388
1690535484992,0.64741,-0.03242,1,17.70639,16.63599
1690535484999,0.65587,-0.04571,1,17.52847,16.77255
1690535485006,0.64043,-0.04143,1,17.52297,16.21185
1690535485012,0.6422,-0.07588,1,17.66483,16.42415
1690535485019,0.63768,-0.08644,1,17.70475,16.49094
1690535485026,0.63403,-0.09201,1,17.8337,16.35758
1690535485032,0.63554,-0.06465,1,17.52216,16.41434
1690535485039,0.62832,-0.03486,1,17.24156,16.5039
1690535485046,0.62207,-0.06718,1,17.53981,16.3091
1690535485052,0.64002,-0.02451,1,17.44742,16.38478
1690535485059,0.63832,-0.05442,1,17.42862,16.40618
1690535485066,0.62951,-0.07214,1,17.44076,16.48876
1690535485072,0.62392,-0.05062,1,17.38439,16.58874
1690535485079,0.63851,-0.03856,1,17.443,16.37828
1690535485086,0.61734,-0.01515,1,17.28005,16.30232
1690535485092,0.61152,-0.01316,1,17.38863,16.48843
1690535485099,0.61771,-0.01179,1,17.43469,16.38084
1690535485106,0.63746,-0.00387,1,17.2955,16.22149
1690535485112,0.64082,0.00564,1,17.41625,16.56884
1690535485119,0.63108,0.00839,1,17.52898,16.47507
1690535485126,0.63287,0.00011,1,17.60612,16.24346
1690535485132,0.64086,-0.00938,1,17.52676,16.45229
1690535485139,0.65014,0.03534,1,17.38411,16.35732
1690535485146,0.65033,0.03533,1,17.63018,16.52033
1690535485152,0.65791,0.01414,1,17.55271,16.50864
1690535485159,0.65247,0.01419,1,17.31895,16.50686
1690535485166,0.65164,0.02008,1,17.6283,16.30613
1690535485172,0.64913,0.02798,1,17.5047,16.4257
1690535485179,0.64447,0.0583,1,17.5027,16.5745
1690535485186,0.64967,0.08772,1,17.39404,16.73969
1690535485192,0.64306,0.05099,1,17.46428,16.64018
1690535485199,0.65272,0.04467,1,17.5304,16.83869
1690535485206,0.65037,0.0505,1,17.62166,16.54114
1690535485212,0.65247,0.02294,1,17.69776,16.70942
1690535485219,0.63567,0.02934,1,17.59408,16.68854
1690535485226,0.64621,0.03645,1,17.75182,16.66124
1690535485232,0.64335,0.05624,1,17.86818,16.57498
1690535485239,0.65683,0.01755,1,17.72164,16.49938
1690535485246,0.65009,0.01176,1,17.92231,16.49391
1690535485252,0.65867,-0.01529,1,17.90981,16.70668
1690535485259,0.65529,-0.02532,1,17.7735,16.62586
1690535485266,0.65095,-0.01643,1,17.83619,16.82117
1690535485272,0.64462,-0.01694,1,17.73117,16.50113
1690535485279,0.63874,0.00246,1,17.81452,16.4655
1690535485286,0.65957,-0.00631,1,17.88114,16.71679
1690535485292,0.65291,-0.0013,1,17.95511,16.51339
1690535485299,0.65282,-0.02766,1,17.79505,16.57312
1690535485306,0.66397,-0.02181,1,17.77394,16.54265
1690535485312,0.64887,0.01919,1,17.92235,16.50127
1690535485319,0.64546,0.01036,1,17.92591,16.5216
1690535485326,0.65338,-0.00477,1,17.87006,16.48262
1690535485332,0.65332,0.00295,1,17.89324,16.34737
1690535485339,0.66091,0.02849,1,18.03217,16.42212
1690535485346,0.66334,0.04391,1,18.0202,16.33512
1690535485352,0.65798,0.05381,1,17.97031,16.39947
1690535485359,0.63867,0.03547,1,17.92374,16.35952
1690535485366,0.64197,0.04558,1,18.09215,16.7024
1690535485372,0.62775,0.04221,1,17.98622,16.70996
1690535485379,0.62681,0.02658,1,17.88347,16.66299
1690535485386,0.63286,0.01144,1,17.87174,16.80962
1690535485392,0.63232,0.03317,1,17.63643,16.83732
1690535485399,0.61324,0.02799,1,17.83484,17.0688
1690535485406,0.60683,0.0707,1,18.07203,17.08344
1690535485412,0.61406,0.06107,1,18.05613,17.09487
1690535485419,0.62303,0.05981,1,18.14509,16.86482
1690535485426,0.62265,0.0697,1,18.21605,17.14905
1690535485432,0.62691,0.05724,1,18.08254,17.25799
1690535485439,0.64098,0.06677,1,18.09406,17.14168
1690535485446,0.65078,0.08333,1,17.99257,17.0356
1690535485452,0.64799,0.06185,1,18.04041,16.53933
1690535485459,0.6541,0.06397,1,18.10267,16.82334
1690535485466,0.65477,0.05198,1,18.2153,16.84211
1690535485472,0.65224,0.03353,1,17.9958,16.8324
1690535485479,0.65554,-0.0071,1,17.97226,16.96747
1690535485486,0.64461,0.00978,1,17.99737,16.86038
1690535485492,0.64235,0.03897,1,18.07312,16.68167
1690535485499,0.63822,0.00245,1,17.95765,16.83593
1690535485506,0.63886,0.01563,1,17.95433,16.83772
1690535485512,0.63745,0.01114,1,17.64996,16.71297
1690535485519,0.62975,0.01515,1,17.94193,16.66049
1690535485526,0.63328,-0.01789,1,17.96111,16.86158
1690535485532,0.64536,-0.0347,1,17.99809,16.7659
1690535485539,0.63313,-0.03368,1,17.88322,16.85981
1690535485546,0.61358,-0.04245,1,17.86189,16.61124
1690535485552,0.61224,-0.06304,1,17.70696,16.76014
1690535485559,0.6108,-0.03217,1,17.86652,16.7582
1690535485566,0.59574,-0.01408,1,17.84756,16.89336
1690535485572,0.5882,-0.01451,1,17.83496,16.60233
1690535485579,0.58879,0.02924,1,17.95398,16.75235
1690535485586,0.58825,0.01582,1,17.98849,16.85642
1690535485592,0.59713,0.00857,1,17.884,16.74958
1690535485599,0.59266,0.01543,1,17.75242,16.81601
1690535485606,0.58257,0.03565,1,17.63912,16.9641
1690535485612,0.57934,0.04528,1,17.83292,17.03761
1690535485619,0.56851,0.06001,1,18.03913,16.87112
1690535485626,0.57173,0.03571,1,18.16807,16.86472
1690535485632,0.56118,0.02941,1,18.04879,17.00259
1690535485639,0.55909,0.03745,1,17.97035,16.89843
1690535485646,0.55152,0.06761,1,17.98849,16.67689
1690535485652,0.55663,0.07752,1,18.09327,16.66262
1690535485659,0.56978,0.08388,1,17.88501,16.68063
1690535485666,0.56878,0.11984,1,17.83468,16.76574
1690535485672,0.56807,0.11413,1,17.8275,16.91764
1690535485679,0.5672,0.10209,1,17.9853,16.42925
1690535485686,0.56096,0.10139,1,17.93315,16.66085
1690535485692,0.55204,0.11629,1,17.65753,16.38997
1690535485699,0.55177,0.08374,1,17.73794,16.48212
1690535485706,0.55829,0.06421,1,18.00162,16.67803
1690535485712,0.53799,0.08433,1,17.90189,16.54861
1690535485719,0.54311,0.07978,1,17.85286,16.60439
1690535485726,0.53981,0.06031,1,17.82154,16.39878
1690535485732,0.54283,0.0012,1,17.99803,16.33321
1690535485739,0.55163,-0.00806,1,17.93859,16.55499
1690535485746,0.54285,-0.03464,1,17.7946,16.25975
1690535485752,0.53253,-0.02029,1,17.88609,16.59651
1690535485759,0.53841,-0.01227,1,17.95159,16.38745
1690535485766,0.53794,-0.05791,1,17.97448,16.14781
1690535485772,0.5378,-0.01736,1,18.01562,16.23473
1690535485779,0.53824,-0.01332,1,18.04864,16.35174
1690535485786,0.54646,0.00982,1,18.14391,16.67435
1690535485792,0.55467,0.02394,1,18.14154,16.49959
1690535485799,0.56143,0.02319,1,17.97805,16.27776
1690535485806,0.56295,0.03328,1,17.73647,16.31808
1690535485812,0.55475,0.05979,1,17.68449,16.59904
1690535485819,0.5506,0.04563,1,17.83198,16.80992
1690535485826,0.53823,0.05554,1,17.82937,16.55419
1690535485832,0.53569,0.06579,1,17.73274,16.56393
1690535485839,0.53343,0.05703,1,17.85171,16.67462
1690535485846,0.51992,0.02544,1,17.85461,16.81035
1690535485852,0.51291,0.04588,1,17.85865,16.44687
1690535485859,0.51677,0.03602,1,18.02588,16.49298
1690535485866,0.52208,0.05286,1,18.01206,16.47972
1690535485872,0.54182,0.0492,1,18.20267,16.18864
1690535485879,0.52654,0.04556,1,18.21993,16.35534
1690535485886,0.52507,0.05984,1,18.25488,16.44281
1690535485892,0.53166,0.06219,1,18.11669,16.26486
1690535485899,0.52802,0.08659,1,17.83039,16.1999
1690535485906,0.53838,0.07321,1,17.98461,16.47771
1690535485912,0.54239,0.04898,1,17.93382,16.11887
1690535485919,0.53866,0.04844,1,18.01195,16.3131
1690535485926,0.54748,0.04746,1,18.14409,16.39867
1690535485932,0.54048,0.08662,1,18.07557,16.37715
1690535485939,0.53677,0.08966,1,18.06826,16.16211
1690535485946,0.53369,0.08448,1,18.05463,16.26366
1690535485952,0.54048,0.08995,1,18.16252,16.50977
1690535485959,0.53727,0.10373,1,17.8816,16.68159
1690535485966,0.55363,0.10085,1,18.03232,16.55967
1690535485972,0.54429,0.07763,1,17.83128,16.43053
1690535485979,0.54889,0.05975,1,17.92558,16.42899
1690535485986,0.55437,0.04898,1,17.73016,16.78438
1690535485992,0.54614,0.06429,1,18.01133,16.96289
1690535485999,0.55642,0.03427,1,18.0175,16.75413
1690535486006,0.5537,0.05607,1,18.03429,16.9822
1690535486012,0.54704,0.02068,1,18.08374,16.97757
1690535486019,0.53458,-0.01429,1,18.12361,17.04236
1690535486026,0.5339,0.0206,1,18.1236,16.95442
1690535486032,0.5528,-0.00849,1,18.17188,16.87388
1690535486039,0.54682,-0.01734,1,18.16972,16.86499
1690535486046,0.54349,-0.02379,1,18.14931,16.91917
1690535486052,0.53357,-0.02148,1,18.11561,16.62297
1690535486059,0.53097,-0.04979,1,18.33052,16.56778
1690535486066,0.53203,-0.06103,1,18.08862,16.65447
1690535486072,0.52855,-0.08514,1,18.39759,16.72133
1690535486079,0.52367,-0.0866,1,18.05174,16.85343
1690535486086,0.50718,-0.10475,1,17.97826,16.77457
1690535486092,0.49372,-0.10874,1,18.12246,16.80057
1690535486099,0.48333,-0.10879,1,18.1231,16.57076
1690535486106,0.50195,-0.13983,1,18.29836,16.41126
1690535486112,0.50632,-0.16495,1,18.26323,16.46008
1690535486119,0.50071,-0.16404,1,18.25914,16.49901
1690535486126,0.48802,-0.17565,1,18.20712,16.3758
1690535486132,0.49282,-0.14078,1,18.05215,16.51453
1690535486139,0.49198,-0.11839,1,18.23282,16.11705
1690535486146,0.48273,-0.13802,1,18.14828,16.35038
1690535486152,0.47293,-0.09635,1,18.4559,16.45762
1690535486159,0.46959,-0.08369,1,18.40153,16.42146
1690535486166,0.47144,-0.08256,1,18.39642,16.39529
1690535486172,0.46521,-0.085,1,18.34807,16.3134
1690535486179,0.47712,-0.06394,1,18.3832,16.15072
1690535486186,0.47803,-0.03551,1,18.36546,16.19011
1690535486192,0.46128,-0.01403,1,18.27987,16.36847
1690535486199,0.46393,0.00534,1,18.30451,16.13372
1690535486206,0.4648,-0.02285,1,18.34195,16.13823
1690535486212,0.47314,-0.02734,1,18.53689,15.95866
1690535486219,0.4861,0.00264,1,18.44752,16.00574
1690535486226,0.48815,0.00568,1,18.46844,15.82463
1690535486232,0.48474,0.03851,1,18.52982,15.79168
1690535486239,0.47054,0.07115,1,18.71428,15.97745
1690535486246,0.46304,0.04024,1,18.64359,15.88874
1690535486252,0.4654,0.0367,1,18.44436,15.83301
1690535486259,0.46225,0.05216,1,18.51075,15.78115
1690535486266,0.4629,0.0252,1,18.31129,15.69827
1690535486272,0.46827,0.03096,1,18.36987,15.7255
1690535486279,0.46254,0.00557,1,18.49557,15.81754
1690535486286,0.46687,0.02597,1,18.50121,15.6681
1690535486292,0.46228,0.04159,1,18.73813,15.70796
1690535486299,0.47151,0.0002,1,18.93941,15.63325
1690535486306,0.46591,0.02554,1,18.57538,15.9179
1690535486312,0.46619,0.04897,1,18.68622,15.87589
1690535486319,0.46574,0.05525,1,18.95147,15.92299
1690535486326,0.46183,0.04654,1,18.5926,15.81862
1690535486332,0.45721,0.05973,1,18.88849,15.96264
1690535486339,0.46321,0.04873,1,18.76802,15.94704
1690535486346,0.47161,0.04425,1,18.70877,16.06489
1690535486352,0.4779,0.03286,1,18.53971,16.04431
1690535486359,0.4683,0.03145,1,18.37804,16.1867
1690535486366,0.47133,0.04073,1,18.6011,16.03297
1690535486372,0.46699,0.07206,1,18.60792,16.43485
1690535486379,0.46468,0.07916,1,18.65114,16.05753
1690535486386,0.47391,0.0904,1,18.65725,15.92939
1690535486392,0.4723,0.1234,1,18.64937,16.16819
1690535486399,0.4752,0.14012,1,18.48068,16.18868
1690535486406,0.48505,0.14279,1,18.59487,16.3613
1690535486412,0.48644,0.15484,1,18.39266,16.0274
1690535486419,0.47121,0.14435,1,18.42176,16.3285
1690535486426,0.4628,0.14621,1,18.45833,16.22473
1690535486432,0.44458,0.15971,1,18.22729,16.22151
1690535486439,0.4481,0.15741,1,18.21836,16.35418
1690535486446,0.45043,0.16372,1,18.47428,16.39724
1690535486452,0.46293,0.12992,1,18.26107,16.18286
1690535486459,0.47092,0.14562,1,18.19211,16.27605
1690535486466,0.47402,0.15555,1,18.15732,15.97472
1690535486472,0.47762,0.16392,1,18.18694,16.21982
1690535486479,0.47575,0.15267,1,18.05929,16.34911
1690535486486,0.48006,0.15107,1,18.09234,16.23238
1690535486492,0.48589,0.15209,1,18.27269,16.35322
1690535486499,0.47713,0.16559,1,18.19226,16.44812
1690535486506,0.48985,0.15889,1,18.3814,16.54693
1690535486512,0.50113,0.15275,1,18.13307,16.58594
1690535486519,0.50319,0.1739,1,17.96467,16.44435
1690535486526,0.51067,0.18096,1,18.47322,16.47206
1690535486532,0.50996,0.17652,1,18.24048,16.53182
1690535486539,0.4933,0.14397,1,18.46899,16.47467
1690535486546,0.49163,0.1472,1,18.26994,16.60125
1690535486552,0.49643,0.14969,1,18.47014,16.50033
1690535486559,0.49746,0.15535,1,18.30485,16.46846
1690535486566,0.51089,0.16725,1,18.49072,16.55262
1690535486572,0.50695,0.17403,1,18.63202,16.22507
1690535486579,0.49469,0.16549,1,18.78695,16.36786
1690535486586,0.49759,0.18728,1,18.6721,16.21205
1690535486592,0.50073,0.18581,1,18.57956,16.30623
1690535486599,0.50487,0.15068,1,18.44732,16.43664
1690535486606,0.50599,0.15511,1,18.53837,16.33939
1690535486612,0.52514,0.20618,1,18.44557,16.67462
1690535486619,0.51753,0.19581,1,18.25978,16.44476
1690535486626,0.51958,0.15967,1,18.37969,16.28865
1690535486632,0.51835,0.16907,1,18.20247,16.48004
1690535486639,0.51502,0.14212,1,18.40865,16.38521
1690535486646,0.5048,0.12068,1,18.20672,16.41521
1690535486652,0.50266,0.12068,1,18.39593,16.69118
1690535486659,0.51211,0.15877,1,18.20825,16.49938
1690535486666,0.502,0.15434,1,18.1701,16.43159
1690535486672,0.49177,0.13649,1,18.20216,16.45619
1690535486679,0.49109,0.1451,1,18.24542,16.36779
1690535486686,0.50716,0.1541,1,17.91939,16.55202
1690535486692,0.51102,0.18255,1,17.92247,16.47757
1690535486699,0.50969,0.17387,1,17.97909,16.55009
1690535486706,0.4908,0.16686,1,17.92665,16.72931
1690535486712,0.46887,0.16541,1,17.95506,16.90763
1690535486719,0.46783,0.15074,1,17.95914,16.73261
1690535486726,0.47702,0.14506,1,17.88079,16.72907
1690535486732,0.46943,0.16944,1,18.07558,16.90916
1690535486739,0.4888,0.12351,1,18.09515,16.94849
1690535486746,0.49798,0.11549,1,18.12895,17.01707
1690535486752,0.5056,0.13625,1,17.91542,16.9286
1690535486759,0.51581,0.09952,1,17.98825,16.89718
1690535486766,0.53901,0.12797,1,17.96192,17.38712
1690535486772,0.5572,0.1448,1,17.92958,17.18187
1690535486779,0.56243,0.16262,1,17.80623,17.19074
1690535486786,0.56877,0.17702,1,18.11036,17.03684
1690535486792,0.57744,0.14073,1,18.08724,16.77793
1690535486799,0.57366,0.14373,1,18.04058,16.76153
1690535486806,0.55936,0.16438,1,18.00108,16.76746
1690535486812,0.56928,0.18127,1,18.11507,16.89304
1690535486819,0.56195,0.13875,1,18.1291,16.88112
1690535486826,0.55867,0.14918,1,18.03445,16.83038
1690535486832,0.57423,0.15146,1,17.94107,16.7442
1690535486839,0.57372,0.18095,1,18.17167,16.72583
1690535486846,0.5597,0.20173,1,18.20696,16.68944
1690535486852,0.55621,0.18368,1,18.31756,16.9893
1690535486859,0.55029,0.19544,1,18.41197,16.73015
1690535486866,0.55263,0.20473,1,18.58847,16.72489
1690535486872,0.55493,0.21917,1,18.39259,16.60993
1690535486879,0.57976,0.22586,1,18.36586,16.68524
1690535486886,0.57703,0.22765,1,18.08698,16.52703
1690535486892,0.57308,0.23284,1,18.48287,16.88018
1690535486899,0.56623,0.26603,1,18.18794,16.89193
1690535486906,0.57398,0.26477,1,18.19303,16.56888
1690535486912,0.56576,0.2658,1,18.14135,16.49807
1690535486919,0.55252,0.28808,1,18.15313,16.69605
1690535486926,0.55934,0.29221,1,18.25068,16.56283
1690535486932,0.55991,0.2628,1,18.29423,16.64419
1690535486939,0.5469,0.27082,1,18.16222,16.72668
1690535486946,0.55991,0.267,1,18.35732,16.83916
1690535486952,0.54756,0.25905,1,18.26296,16.7874
1690535486959,0.54453,0.24928,1,18.35186,16.81917
1690535486966,0.56263,0.25833,1,18.4544,16.5861
1690535486972,0.55888,0.26616,1,18.50247,16.56199
1690535486979,0.55751,0.27566,1,18.32431,16.53881
1690535486986,0.54624,0.25124,1,18.60639,16.70676
1690535486992,0.55281,0.2644,1,18.74161,16.69415
1690535486999,0.54364,0.26999,1,18.83958,16.56658
1690535487006,0.55739,0.26732,1,18.8075,16.59181
1690535487012,0.55072,0.26045,1,18.752,16.57045
1690535487019,0.56029,0.26217,1,18.78605,16.57338
1690535487026,0.56327,0.2529,1,18.49678,16.61569
1690535487032,0.55854,0.26394,1,18.49458,16.74153
1690535487039,0.56377,0.29211,1,18.58576,16.61651
1690535487046,0.56929,0.2833,1,18.62365,16.56162
1690535487052,0.55884,0.31225,1,18.56546,16.78828
1690535487059,0.55121,0.30315,1,18.54778,16.73348
1690535487066,0.5523,0.33204,1,18.63604,16.62269
1690535487072,0.55803,0.33717,1,18.91986,16.77182
1690535487079,0.54909,0.32018,1,18.60255,16.72617
1690535487086,0.55007,0.29679,1,18.51849,16.79319
1690535487092,0.5379,0.29103,1,18.56796,16.73496
1690535487099,0.53895,0.25654,1,18.4301,16.89017
1690535487106,0.54424,0.23936,1,18.4149,16.7378
1690535487112,0.5566,0.24748,1,18.42096,16.57811
1690535487119,0.55435,0.25439,1,18.44323,16.58187
1690535487126,0.56238,0.27733,1,18.4579,16.56243
1690535487132,0.56925,0.29151,1,18.21978,16.39238
1690535487139,0.56453,0.29646,1,18.38149,16.78547
1690535487146,0.561,0.28192,1,18.55822,16.60252
1690535487152,0.56598,0.26432,1,18.37879,16.61807
1690535487159,0.57206,0.24664,1,18.28278,16.36817
1690535487166,0.57596,0.25242,1,18.49808,16.10104
1690535487172,0.57409,0.21742,1,18.29165,16.17501
1690535487179,0.58701,0.18019,1,18.42302,16.25873
1690535487186,0.59137,0.1861,1,18.42793,16.37477
1690535487192,0.57498,0.19463,1,18.56411,16.42784
1690535487199,0.5647,0.21748,1,18.60657,16.33586
1690535487206,0.56742,0.20329,1,18.61046,16.75688
1690535487212,0.5647,0.17449,1,18.39345,16.80235
1690535487219,0.5696,0.19796,1,18.61056,16.69358
1690535487226,0.55884,0.19418,1,18.73222,16.69241
1690535487232,0.55942,0.1887,1,18.53298,16.39067
1690535487239,0.54843,0.17967,1,18.48768,16.54367
1690535487246,0.54692,0.19652,1,18.40353,16.57516
1690535487252,0.57301,0.20403,1,18.31831,16.47651
1690535487259,0.56397,0.22235,1,18.40942,16.5333
1690535487266,0.56223,0.24694,1,18.41817,16.52331
1690535487272,0.54696,0.24991,1,18.44566,16.75571
1690535487279,0.5545,0.2573,1,18.52395,16.62804
1690535487286,0.55939,0.23905,1,18.434,16.55696
1690535487292,0.55153,0.26166,1,18.60014,16.45482
1690535487299,0.5555,0.26572,1,18.5669,16.50903
1690535487306,0.56476,0.25552,1,18.60129,16.68318
1690535487312,0.5605,0.25432,1,18.38626,16.76067
1690535487319,0.54954,0.27391,1,18.42057,16.55355
1690535487326,0.53333,0.25981,1,18.25242,16.56943
1690535487332,0.55268,0.22968,1,18.35994,16.74654
1690535487339,0.5483,0.1939,1,18.16702,16.6101
1690535487346,0.54797,0.20442,1,18.12348,16.45377
1690535487352,0.55285,0.21917,1,18.18549,16.3859
1690535487359,0.53689,0.25778,1,17.9901,16.46075
1690535487366,0.54468,0.24019,1,18.10722,16.46945
1690535487372,0.55215,0.24459,1,18.1032,16.48835
1690535487379,0.54769,0.25084,1,18.3829,16.53752
1690535487386,0.54824,0.25581,1,18.47786,16.3169
1690535487392,0.54071,0.25888,1,18.16605,16.32384
1690535487399,0.54242,0.27623,1,18.42911,16.45687
1690535487406,0.539,0.3043,1,18.32864,16.46782
1690535487412,0.53925,0.28093,1,18.38358,16.51347
1690535487419,0.55401,0.28515,1,18.44196,16.53312
1690535487426,0.55629,0.28733,1,18.20262,16.61449
1690535487432,0.55978,0.29246,1,18.34317,16.53833
1690535487439,0.54329,0.27624,1,18.24366,16.71032
1690535487446,0.53327,0.26668,1,18.48005,16.69913
1690535487452,0.53287,0.26834,1,18.21658,16.43526
1690535487459,0.53309,0.26661,1,18.52386,16.56948
1690535487466,0.54438,0.26447,1,18.38816,16.41098
1690535487472,0.53564,0.26298,1,18.21304,16.1769
1690535487479,0.5508,0.25534,1,18.25835,16.34018
1690535487486,0.54701,0.24633,1,18.11836,16.21408
1690535487492,0.56648,0.27644,1,18.4257,16.2919
1690535487499,0.56993,0.24919,1,18.07724,16.14456
1690535487506,0.57954,0.25947,1,18.38109,16.11698
1690535487512,0.57411,0.24927,1,18.32878,16.09612
1690535487519,0.56043,0.29271,1,18.28597,16.10511
1690535487526,0.569,0.29837,1,18.349,15.97959
1690535487532,0.56008,0.311,1,18.30069,16.09838
1690535487539,0.57453,0.3214,1,18.21216,16.24264
1690535487546,0.57464,0.32839,1,18.16893,16.12515
1690535487552,0.56133,0.33048,1,18.24498,16.0333
1690535487559,0.56654,0.35122,1,18.26636,15.98921
1690535487566,0.55923,0.33811,1,18.33222,16.05439
1690535487572,0.5504,0.34829,1,18.31891,15.93656
1690535487579,0.5566,0.33712,1,18.16146,15.85748
1690535487586,0.54064,0.31445,1,18.11982,16.02234
1690535487592,0.54199,0.30909,1,18.22042,16.08066
1690535487599,0.54159,0.34513,1,18.08448,15.85155
1690535487606,0.54225,0.3532,1,18.18459,15.76048
1690535487612,0.53497,0.32602,1,18.28394,15.84808
1690535487619,0.52244,0.29968,1,18.5855,15.57456
1690535487626,0.52158,0.31158,1,18.44147,15.62264
1690535487632,0.53501,0.33015,1,18.4459,15.58207
1690535487639,0.54358,0.36358,1,18.50399,15.54258
1690535487646,0.56092,0.37867,1,18.36962,15.43465
1690535487652,0.56472,0.36405,1,18.50563,15.38767
1690535487659,0.558,0.33276,1,18.37312,15.57168
1690535487666,0.55417,0.32802,1,18.513,15.38131
1690535487672,0.5489,0.38208,1,18.65872,15.55173
1690535487679,0.54057,0.39329,1,18.61605,15.76488
1690535487686,0.5445,0.37675,1,18.59785,15.71148
1690535487692,0.5409,0.38258,1,18.61146,15.89386
1690535487699,0.54242,0.39148,1,18.7426,15.76218
1690535487706,0.54818,0.40229,1,18.52168,15.48166
1690535487712,0.55213,0.37322,1,18.53474,15.58019
1690535487719,0.55908,0.35446,1,18.59099,15.67379
1690535487726,0.53745,0.37455,1,18.54871,15.66608
1690535487732,0.54136,0.3646,1,18.70927,15.87847
1690535487739,0.55226,0.3951,1,18.73059,15.85116
1690535487746,0.55206,0.40409,1,18.70838,15.87087
1690535487752,0.55626,0.40672,1,18.7105,15.61126
1690535487759,0.5453,0.40093,1,18.58382,15.60281
1690535487766,0.54237,0.39426,1,18.59372,15.68607
1690535487772,0.54409,0.38297,1,18.93098,15.7084
1690535487779,0.55278,0.3558,1,18.82169,15.62718
1690535487786,0.54953,0.38303,1,18.80524,15.6529
1690535487792,0.56367,0.40122,1,18.62549,15.83221
1690535487799,0.55785,0.39672,1,18.54934,15.93821
1690535487806,0.53714,0.40297,1,18.48924,16.02984
1690535487812,0.53229,0.38076,1,18.51996,15.96457
1690535487819,0.5393,0.38621,1,18.66343,15.95691
1690535487826,0.53088,0.38052,1,18.71316,16.2123
1690535487832,0.5355,0.39227,1,18.56369,16.09298
1690535487839,0.54306,0.38338,1,18.5092,16.26523
1690535487846,0.53639,0.3786,1,18.4031,16.32417
1690535487852,0.53558,0.36507,1,18.44446,16.09505
1690535487859,0.54584,0.36679,1,18.47328,16.03036
1690535487866,0.55108,0.3776,1,18.39482,16.21366
1690535487872,0.53473,0.38475,1,18.17075,16.36962
1690535487879,0.54662,0.3917,1,18.48517,16.29468
1690535487886,0.54353,0.40279,1,18.4854,16.04166
1690535487892,0.55409,0.37523,1,18.48504,16.08898
1690535487899,0.55679,0.39924,1,18.46159,16.10055
1690535487906,0.5587,0.38081,1,18.20892,15.99739
1690535487912,0.53838,0.4077,1,18.28591,16.16977
1690535487919,0.5405,0.4112,1,18.49163,16.08776
1690535487926,0.53959,0.38447,1,18.38081,16.1765
1690535487932,0.53522,0.38522,1,18.33972,16.13213
1690535487939,0.54442,0.38158,1,18.4191,16.14329
1690535487946,0.53801,0.38119,1,18.44157,16.15261
1690535487952,0.54663,0.36937,1,18.49083,15.96903
1690535487959,0.55382,0.3555,1,18.459,15.952
1690535487966,0.55986,0.33648,1,18.50143,16.1915
1690535487972,0.55543,0.32343,1,18.6077,16.18031
1690535487979,0.54847,0.32061,1,18.52785,16.0465
1690535487986,0.53341,0.31235,1,18.56003,16.22117
1690535487992,0.53351,0.26616,1,18.48601,16.26132
1690535487999,0.53046,0.26379,1,18.49722,16.06624
1690535488006,0.52926,0.2693,1,18.72919,16.06375
1690535488012,0.5278,0.27899,1,18.38047,16.18747
1690535488019,0.55185,0.28676,1,18.66043,15.99321
1690535488026,0.55634,0.26629,1,18.39171,16.19517
1690535488032,0.55382,0.24403,1,18.5768,16.20319
1690535488039,0.55467,0.24864,1,18.33859,16.28399
1690535488046,0.54272,0.25411,1,18.74059,16.26934
1690535488052,0.54238,0.25319,1,18.62148,16.28551
1690535488059,0.54676,0.2535,1,18.49255,16.21298
1690535488066,0.55849,0.2616,1,18.6581,16.43457
1690535488072,0.54798,0.24774,1,18.67628,16.3092
1690535488079,0.53523,0.22084,1,18.61467,16.1498
1690535488086,0.52216,0.23427,1,18.60743,16.22418
1690535488092,0.51889,0.22395,1,18.49065,16.26367
1690535488099,0.51154,0.22588,1,18.57243,16.01709
1690535488106,0.50818,0.21506,1,18.60884,16.48808
1690535488112,0.51944,0.21788,1,18.63911,16.3607
1690535488119,0.50278,0.22239,1,18.62767,16.33771
1690535488126,0.51236,0.22117,1,18.84183,16.36169
1690535488132,0.50443,0.21036,1,18.6284,16.13236
1690535488139,0.51244,0.19383,1,18.76775,16.48119
1690535488146,0.51628,0.18484,1,18.66421,16.44437
1690535488152,0.50543,0.18953,1,18.80082,16.44504
1690535488159,0.52268,0.16207,1,18.78902,16.43434
1690535488166,0.5183,0.16724,1,18.96877,16.62547
1690535488172,0.50039,0.15495,1,18.80435,16.44858
1690535488179,0.50847,0.16311,1,18.65158,16.52732
1690535488186,0.51376,0.17549,1,18.68164,16.70407
1690535488192,0.50874,0.15404,1,18.88369,16.42436
1690535488199,0.50259,0.15174,1,18.88739,16.34199
1690535488206,0.50863,0.19339,1,18.7339,16.59729
1690535488212,0.49946,0.18578,1,18.86794,16.56072
1690535488219,0.49074,0.17403,1,18.75942,16.59684
1690535488226,0.49482,0.19017,1,18.84329,16.49913
1690535488232,0.49272,0.20162,1,19.04016,16.44486
1690535488239,0.48847,0.18609,1,19.18694,16.37255
1690535488246,0.47481,0.21836,1,18.94837,16.54333
1690535488252,0.47096,0.1696,1,19.00956,16.34236
1690535488259,0.47723,0.18261,1,19.03664,16.53281
1690535488266,0.48071,0.14582,1,18.88768,16.58107
1690535488272,0.46033,0.17774,1,18.8984,16.4627
1690535488279,0.45316,0.20274,1,18.91197,16.56865
1690535488286,0.45742,0.20635,1,18.98665,16.44812
1690535488292,0.4644,0.19286,1,18.947,16.33173
1690535488299,0.46769,0.17618,1,18.71043,16.50798
1690535488306,0.47596,0.2104,1,18.8127,16.34022
1690535488312,0.47383,0.1994,1,18.67242,16.36163
1690535488319,0.47811,0.19941,1,18.46483,16.63481
1690535488326,0.48194,0.23764,1,18.43606,16.59401
1690535488332,0.45914,0.25315,1,18.58337,16.60145
1690535488339,0.46856,0.23102,1,18.52766,16.57222
1690535488346,0.46532,0.20314,1,18.45332,16.68431
1690535488352,0.45499,0.21763,1,18.54031,16.4253
1690535488359,0.44906,0.22916,1,18.565,16.43595
1690535488366,0.45165,0.25113,1,18.4743,16.62162
1690535488372,0.43171,0.25204,1,18.65668,16.6876
1690535488379,0.44135,0.25948,1,18.73405,16.63102
1690535488386,0.43945,0.27697,1,18.77071,16.49282
1690535488392,0.43648,0.28043,1,18.91944,16.63142
1690535488399,0.42643,0.27637,1,18.75222,16.41299
1690535488406,0.42718,0.29884,1,18.62344,16.11693
1690535488412,0.42004,0.32693,1,18.85515,16.26462
1690535488419,0.41241,0.3253,1,18.96909,16.20128
1690535488426,0.41556,0.3332,1,18.84754,16.23034
1690535488432,0.41443,0.3351,1,18.69791,16.35526
1690535488439,0.39861,0.36798,1,18.92187,16.2783
1690535488446,0.40835,0.36583,1,18.7782,16.60896
1690535488452,0.41288,0.36344,1,18.61576,16.58802
1690535488459,0.40591,0.37471,1,18.8083,16.21199
1690535488466,0.40442,0.35778,1,18.77605,16.56342
1690535488472,0.40735,0.40207,1,18.83363,16.43387
1690535488479,0.41451,0.39302,1,19.04175,16.3449
1690535488486,0.41768,0.36359,1,19.26255,16.41773
1690535488492,0.40764,0.37382,1,19.04891,16.38335
1690535488499,0.40811,0.38085,1,19.11368,16.2594
1690535488506,0.40388,0.38609,1,19.24372,16.18072
1690535488512,0.3955,0.41677,1,19.11548,16.2789
1690535488519,0.3875,0.40282,1,18.86436,15.99303
1690535488526,0.37426,0.41207,1,19.28881,15.92479
1690535488532,0.3735,0.42622,1,19.04291,16.13319
1690535488539,0.36989,0.45418,1,19.1398,16.19744
1690535488546,0.35973,0.44281,1,18.96002,16.05485
1690535488552,0.35225,0.42434,1,18.89806,16.09103
1690535488559,0.34359,0.4057,1,18.92286,15.90086
1690535488566,0.32532,0.39683,1,18.80243,15.91342
1690535488572,0.32732,0.37635,1,18.63802,15.9892
1690535488579,0.3236,0.38092,1,18.98156,16.09238
1690535488586,0.34133,0.36791,1,18.90963,15.95626
1690535488592,0.34255,0.34208,1,19.11593,16.05328
1690535488599,0.35601,0.33717,1,18.85468,16.1367
1690535488606,0.35803,0.37449,1,19.00052,15.92017
1690535488612,0.37208,0.40038,1,18.99986,15.92378
1690535488619,0.39493,0.4383,1,18.94126,15.91553
1690535488626,0.39421,0.40505,1,18.98722,15.83564
1690535488632,0.39887,0.4008,1,18.92149,15.76179
1690535488639,0.39965,0.42007,1,18.80618,15.65263
1690535488646,0.38386,0.42551,1,18.87119,15.95644
1690535488652,0.39864,0.44249,1,19.03824,15.74018
1690535488659,0.39059,0.46286,1,19.01351,15.78333
1690535488666,0.37632,0.4522,1,19.09694,15.86226
1690535488672,0.39805,0.46853,1,19.10045,15.96725
1690535488679,0.38512,0.46265,1,19.02553,15.98102
1690535488686,0.38424,0.48829,1,19.068,16.09563
1690535488692,0.38997,0.45741,1,18.95148,16.34824
1690535488699,0.39285,0.43358,1,18.66202,16.30843
1690535488706,0.40262,0.43401,1,18.81098,16.36297
1690535488712,0.39691,0.4151,1,18.94812,16.50715
1690535488719,0.39927,0.43864,1,19.07791,16.53453
1690535488726,0.38268,0.43482,1,19.02708,16.44026
1690535488732,0.37726,0.4507,1,19.11838,16.35061
1690535488739,0.36725,0.46052,1,19.05186,16.51111
1690535488746,0.3613,0.46048,1,19.03022,16.34344
1690535488752,0.34932,0.46914,1,19.2506,16.40256
1690535488759,0.34215,0.41308,1,19.23065,16.45733
1690535488766,0.33773,0.39002,1,19.29314,16.43102
1690535488772,0.32367,0.37446,1,19.33883,16.59366
1690535488779,0.31956,0.36539,1,19.297,16.48159
1690535488786,0.31807,0.36921,1,19.21958,16.51119
1690535488792,0.29948,0.35868,1,19.33028,16.52897
1690535488799,0.29203,0.35437,1,19.32842,16.70635
1690535488806,0.2955,0.36448,1,19.2334,16.82893
1690535488812,0.30926,0.37012,1,19.25719,16.76933
1690535488819,0.32994,0.3751,1,19.37406,16.67527
1690535488826,0.32491,0.37476,1,19.37875,16.68993
1690535488832,0.31736,0.3779,1,19.05649,16.75929
1690535488839,0.32237,0.361,1,19.48733,16.58537
1690535488846,0.32512,0.35624,1,19.13574,16.55675
1690535488852,0.3158,0.38042,1,19.21217,16.83537
1690535488859,0.32892,0.34477,1,19.43611,16.74692
1690535488866,0.3228,0.32826,1,19.21541,16.67886
1690535488872,0.32595,0.3137,1,19.26784,16.76996
1690535488879,0.32856,0.26462,1,19.20803,16.93227
1690535488886,0.33156,0.24545,1,18.97508,16.42785
1690535488892,0.33029,0.23074,1,19.05932,16.76043
1690535488899,0.33431,0.22429,1,19.06557,16.64215
1690535488906,0.3364,0.23247,1,19.07911,16.89733
1690535488912,0.33566,0.24311,1,19.02914,16.9091
1690535488919,0.32299,0.21581,1,19.18051,16.72795
1690535488926,0.34918,0.19015,1,19.13265,16.75149
1690535488932,0.35814,0.19252,1,19.17132,16.88431
1690535488939,0.36262,0.22542,1,18.90403,17.0326
1690535488946,0.35935,0.24268,1,19.17132,16.89025
1690535488952,0.34383,0.27558,1,19.39874,16.86994
1690535488959,0.36943,0.30447,1,19.25738,16.51798
1690535488966,0.37102,0.32279,1,19.30216,16.62071
1690535488972,0.3704,0.34538,1,19.08975,16.72983
1690535488979,0.37707,0.37329,1,19.10463,16.78262
1690535488986,0.37979,0.35573,1,18.98419,16.8158
1690535488992,0.37163,0.33447,1,18.88714,16.9977
1690535488999,0.37559,0.3405,1,18.94174,16.89172
1690535489006,0.37268,0.31017,1,18.99001,16.84822
1690535489012,0.3666,0.28888,1,19.13504,16.96484
1690535489019,0.38192,0.31221,1,18.98264,16.95319
1690535489026,0.37421,0.28079,1,18.99482,16.81783
1690535489032,0.38537,0.29044,1,19.07862,16.68877
1690535489039,0.40808,0.25683,1,19.07569,16.5175
1690535489046,0.3975,0.25579,1,19.15477,16.51239
1690535489052,0.38986,0.23815,1,19.03892,16.5083
1690535489059,0.39661,0.24368,1,19.04635,16.85998
1690535489066,0.39441,0.21998,1,19.0063,16.68725
1690535489072,0.38915,0.22447,1,19.04641,16.55918
1690535489079,0.40064,0.19665,1,19.08352,16.42732
1690535489086,0.39806,0.19377,1,19.04488,16.61741
1690535489092,0.42176,0.23957,1,19.06031,16.60155
1690535489099,0.43532,0.28295,1,19.12955,16.4497
1690535489106,0.446,0.27486,1,18.96095,16.42602
1690535489112,0.46483,0.26702,1,19.09647,16.65931
1690535489119,0.45421,0.24578,1,19.12096,16.86664
1690535489126,0.44644,0.23028,1,18.92746,16.64196
1690535489132,0.43826,0.23643,1,18.92088,16.69934
1690535489139,0.4495,0.21901,1,19.02025,16.62197
1690535489146,0.44598,0.19703,1,18.93743,16.61637
1690535489152,0.43603,0.20774,1,19.08105,16.8895
1690535489159,0.45033,0.22594,1,19.0268,16.76791
1690535489166,0.44553,0.20509,1,18.94619,17.01437
1690535489172,0.44428,0.23382,1,19.2103,16.95935
1690535489179,0.44249,0.22856,1,19.13459,17.02133
1690535489186,0.44833,0.22007,1,19.22316,17.15432
1690535489192,0.45477,0.2038,1,19.4379,17.02874
1690535489199,0.45714,0.18436,1,19.1691,16.92189
1690535489206,0.46174,0.17466,1,19.15921,17.15023
1690535489212,0.4766,0.19751,1,19.34133,17.04357
1690535489219,0.46353,0.20389,1,19.38789,16.8549
1690535489226,0.47492,0.22475,1,19.16699,17.00783
1690535489232,0.46714,0.23253,1,19.25299,16.89663
1690535489239,0.47063,0.25673,1,19.40228,16.77743
1690535489246,0.47912,0.26782,1,19.31931,16.62923
1690535489252,0.48219,0.2456,1,19.27414,16.81197
1690535489259,0.47672,0.26542,1,19.14828,17.04986
1690535489266,0.47734,0.27996,1,19.2575,16.89177
1690535489272,0.48953,0.26685,1,19.32374,16.92805
1690535489279,0.501,0.27071,1,19.27328,17.27019
1690535489286,0.49906,0.30435,1,19.27423,17.00313
1690535489292,0.48524,0.3389,1,19.49082,16.91784
1690535489299,0.49711,0.35647,1,19.08524,17.09339
1690535489306,0.49114,0.30985,1,19.23534,17.1381
1690535489312,0.49151,0.29235,1,19.11674,16.86763
1690535489319,0.48943,0.26823,1,19.12448,16.79024
1690535489326,0.49342,0.28159,1,19.15237,16.90266
1690535489332,0.50152,0.28957,1,19.13598,16.89805
1690535489339,0.50331,0.28947,1,19.11526,17.04373
1690535489346,0.50485,0.27142,1,19.18798,17.07244
1690535489352,0.50415,0.25188,1,18.90338,17.09131
1690535489359,0.50336,0.23391,1,18.98908,16.95191
1690535489366,0.51373,0.23571,1,18.9333,16.87754
1690535489372,0.49803,0.23467,1,18.91142,16.60989
1690535489379,0.4936,0.21449,1,18.91807,17.21568
1690535489386,0.49715,0.185,1,18.90343,16.82797
1690535489392,0.49961,0.16828,1,18.82323,17.01868
1690535489399,0.50238,0.18029,1,18.82762,16.97672
1690535489406,0.49281,0.19215,1,18.8952,16.90816
1690535489412,0.48706,0.2141,1,18.98655,16.94667
1690535489419,0.49456,0.23676,1,18.98733,17.10447
1690535489426,0.50218,0.28056,1,19.20488,16.83085
1690535489432,0.5172,0.28325,1,19.36288,17.08918
1690535489439,0.51758,0.26998,1,19.25305,17.304
1690535489446,0.50938,0.26475,1,19.07518,17.18144
1690535489452,0.52746,0.24297,1,19.23591,17.04582
1690535489459,0.5164,0.241,1,19.35665,16.94959
1690535489466,0.50168,0.22235,1,19.41705,17.1975
1690535489472,0.50762,0.20619,1,19.33447,17.20903
1690535489479,0.50287,0.2226,1,19.46289,17.44412
1690535489486,0.52408,0.2026,1,19.33012,17.42289
1690535489492,0.51725,0.17687,1,19.48468,17.54473
1690535489499,0.52598,0.16895,1,19.4216,17.70368
1690535489506,0.52132,0.19824,1,19.30694,17.53561
1690535489512,0.50375,0.18826,1,19.29765,17.48284
1690535489519,0.51369,0.17703,1,19.19957,17.42309
1690535489526,0.52565,0.20168,1,19.37269,17.53825
1690535489532,0.52378,0.20026,1,19.28786,17.62248
1690535489539,0.52056,0.21747,1,19.47103,17.36131
1690535489546,0.51685,0.23586,1,19.39235,17.18761
1690535489552,0.52312,0.26626,1,19.17277,17.12151
1690535489559,0.52898,0.27589,1,19.4448,17.2194
1690535489566,0.51965,0.27104,1,19.52178,17.26387
1690535489572,0.51431,0.29749,1,19.80657,17.37361
1690535489579,0.50351,0.3004,1,19.44523,17.32907
1690535489586,0.50075,0.30222,1,19.46936,17.15671
1690535489592,0.49441,0.31416,1,19.45971,17.27714
1690535489599,0.49832,0.32999,1,19.4772,17.17486
1690535489606,0.5061,0.31514,1,19.36267,17.07069
1690535489612,0.5012,0.34527,1,19.50022,17.22848
1690535489619,0.50009,0.32642,1,19.49043,17.28125
1690535489626,0.5014,0.33964,1,19.71369,17.15449
1690535489632,0.50023,0.35079,1,19.60337,17.29781
1690535489639,0.49203,0.37634,1,19.52555,17.12848
1690535489646,0.51116,0.34644,1,19.65699,17.38399
1690535489652,0.51745,0.33993,1,19.45685,17.41818
1690535489659,0.51091,0.35228,1,19.82632,17.45935
1690535489666,0.51807,0.35949,1,19.79267,17.22837
1690535489672,0.50822,0.34055,1,19.6708,17.39881
1690535489679,0.50674,0.30825,1,19.59792,17.31567
1690535489686,0.49897,0.27916,1,19.7439,17.38666
1690535489692,0.50406,0.28324,1,19.5154,17.46665
1690535489699,0.49726,0.3119,1,19.60196,17.43902
1690535489706,0.48657,0.28416,1,19.65144,17.417
1690535489712,0.49684,0.32174,1,19.66347,17.65855
1690535489719,0.48255,0.32738,1,19.4699,17.45618
1690535489726,0.47633,0.33966,1,19.5773,17.65179
1690535489732,0.48325,0.34307,1,19.42386,17.50265
1690535489739,0.49936,0.37031,1,19.24051,17.40694
1690535489746,0.50792,0.36698,1,19.55617,17.44255
1690535489752,0.51364,0.32528,1,19.30311,17.5243
1690535489759,0.50809,0.32838,1,19.36357,17.49296
1690535489766,0.48694,0.31789,1,19.27096,17.31332
1690535489772,0.46284,0.27619,1,19.20393,17.44886
1690535489779,0.47364,0.27145,1,19.56908,17.54336
1690535489786,0.46925,0.26923,1,19.43785,17.65809
1690535489792,0.46129,0.2749,1,19.36027,17.62017
1690535489799,0.45493,0.28804,1,19.43173,17.66209
1690535489806,0.46599,0.26951,1,19.38631,17.52453
1690535489812,0.46539,0.27654,1,19.35188,17.5905
1690535489819,0.47299,0.29613,1,19.3219,17.59411
1690535489826,0.46868,0.27129,1,19.67412,17.5102
1690535489832,0.48458,0.27211,1,19.26636,17.42964
1690535489839,0.47491,0.27869,1,19.27145,17.31609
1690535489846,0.47514,0.25283,1,19.19561,17.30046
1690535489852,0.45801,0.24007,1,19.14204,17.26926
1690535489859,0.46486,0.24531,1,19.11438,17.45716
1690535489866,0.46868,0.21378,1,18.92245,17.08721
1690535489872,0.47372,0.2139,1,19.19463,17.24905
1690535489879,0.48822,0.21163,1,19.12764,17.04773
1690535489886,0.48931,0.23247,1,19.0748,17.1091
1690535489892,0.49863,0.22733,1,19.00661,17.05788
1690535489899,0.50665,0.23148,1,19.20895,17.20088
1690535489906,0.51584,0.27461,1,19.25015,17.08789
1690535489912,0.50993,0.28217,1,19.33151,17.10025
1690535489919,0.50905,0.23544,1,19.20377,17.19098
1690535489926,0.52804,0.19818,1,19.28278,16.97579
1690535489932,0.53082,0.20606,1,19.23995,17.01884
1690535489939,0.52842,0.21856,1,19.08746,17.02308
1690535489946,0.51665,0.20369,1,19.21242,17.09973
1690535489952,0.51647,0.19986,1,19.17334,17.20115
1690535489959,0.51883,0.22481,1,19.1598,17.24591
1690535489966,0.53329,0.20478,1,19.06787,17.11698
1690535489972,0.52377,0.22072,1,19.26436,17.17262
1690535489979,0.5162,0.22424,1,19.27573,16.99554
1690535489986,0.50164,0.22513,1,19.03413,16.92856
1690535489992,0.48388,0.21301,1,19.2006,17.0739
1690535489999,0.47758,0.24313,1,19.47264,17.27991
1690535490006,0.47277,0.23323,1,19.22499,17.20565
1690535490012,0.45932,0.23743,1,19.14568,17.15152
1690535490019,0.44203,0.24462,1,19.13162,17.03792
1690535490026,0.4353,0.25359,1,19.2681,17.23886
1690535490032,0.43417,0.25172,1,19.17986,17.13736
1690535490039,0.42793,0.27144,1,18.93717,17.2387
1690535490046,0.42747,0.2681,1,19.02032,17.3847
1690535490052,0.42619,0.30404,1,19.00898,17.17333
1690535490059,0.43437,0.32669,1,18.79412,17.44707
1690535490066,0.44336,0.32015,1,18.83224,17.28931
1690535490072,0.44665,0.28146,1,18.83782,17.348
1690535490079,0.44361,0.28585,1,19.01323,17.31757
1690535490086,0.44655,0.2582,1,18.93218,17.04024
1690535490092,0.45883,0.25162,1,18.96014,17.28791
1690535490099,0.45653,0.23401,1,18.77827,17.34055
1690535490106,0.45884,0.25,1,18.89661,17.04459
1690535490112,0.45105,0.25604,1,19.17234,17.17855
1690535490119,0.45434,0.24026,1,18.86679,17.06529
1690535490126,0.46612,0.21748,1,18.953,17.18187
1690535490132,0.44797,0.18045,1,18.97584,17.27925
1690535490139,0.45064,0.18087,1,19.09074,17.12052
1690535490146,0.44259,0.17073,1,19.19533,17.31198
1690535490152,0.46496,0.17932,1,19.37041,17.48125
1690535490159,0.46701,0.18198,1,19.24764,17.229
1690535490166,0.46282,0.14784,1,19.09446,17.31414
1690535490172,0.47754,0.17549,1,19.15452,17.35573
1690535490179,0.47199,0.17701,1,19.21439,17.1415
1690535490186,0.45016,0.16939,1,18.98008,17.29468
1690535490192,0.45178,0.15228,1,18.99458,17.38547
1690535490199,0.45396,0.16646,1,19.35896,17.51808
1690535490206,0.44624,0.19583,1,19.38025,17.50388
1690535490212,0.45136,0.20977,1,19.148,17.31845
1690535490219,0.45032,0.21259,1,19.5591,17.28479
1690535490226,0.44227,0.22455,1,19.39719,16.98823
1690535490232,0.42691,0.20117,1,19.57245,17.15118
1690535490239,0.42728,0.2488,1,19.36716,17.01315
1690535490246,0.43483,0.24956,1,19.44064,17.1718
1690535490252,0.42599,0.27532,1,19.38371,17.03853
1690535490259,0.4375,0.26102,1,19.13359,16.8661
1690535490266,0.44785,0.25045,1,19.3894,17.01526
1690535490272,0.44866,0.27512,1,19.19558,16.97104
1690535490279,0.45575,0.28045,1,19.19648,16.92292
1690535490286,0.44431,0.26783,1,19.4665,16.94791
1690535490292,0.43462,0.26055,1,19.37987,17.07182
1690535490299,0.42381,0.24957,1,19.30333,17.08873
1690535490306,0.43524,0.23305,1,19.3254,16.9707
1690535490312,0.43067,0.22385,1,19.26375,17.13626
1690535490319,0.44764,0.23448,1,19.10448,17.20478
1690535490326,0.44695,0.26469,1,19.21935,17.05895
1690535490332,0.44866,0.27995,1,19.3852,17.10228
1690535490339,0.44546,0.29115,1,19.26751,17.14782
1690535490346,0.43905,0.30966,1,19.30541,17.14318
1690535490352,0.43652,0.31087,1,19.28445,17.07952
1690535490359,0.43589,0.30296,1,19.3948,17.15204
1690535490366,0.43117,0.28026,1,19.3441,17.39577
1690535490372,0.43659,0.27119,1,19.1664,17.22148
1690535490379,0.44227,0.23849,1,19.41121,17.22819
1690535490386,0.44444,0.24991,1,19.42256,17.17122
1690535490392,0.45443,0.26395,1,19.48632,17.27435
1690535490399,0.46407,0.30989,1,19.50714,17.25767
1690535490406,0.45395,0.28888,1,19.63033,17.51807
1690535490412,0.44871,0.30722,1,19.60048,17.35713
1690535490419,0.45195,0.30121,1,19.45692,17.33175
1690535490426,0.44322,0.30404,1,19.65726,17.25563
1690535490432,0.43589,0.30062,1,19.4876,17.32566
1690535490439,0.43398,0.28762,1,19.53346,17.29339
1690535490446,0.42445,0.28222,1,19.42824,17.44193
1690535490452,0.43569,0.27613,1,19.74041,17.20794
1690535490459,0.44248,0.288,1,19.58977,17.57012
1690535490466,0.44841,0.27904,1,19.69,17.4758
1690535490472,0.45153,0.26103,1,19.46537,17.38588
1690535490479,0.44329,0.24957,1,19.54901,17.5621
1690535490486,0.44195,0.21529,1,19.70702,17.55059
1690535490492,0.43369,0.22707,1,19.61107,17.43432
1690535490499,0.43639,0.22293,1,19.54911,17.58111
1690535490506,0.43588,0.21565,1,19.84938,17.69559
1690535490512,0.43292,0.19716,1,19.44822,17.74235
1690535490519,0.42181,0.14282,1,19.47545,17.90914
1690535490526,0.4204,0.14262,1,19.48566,17.97567
1690535490532,0.42395,0.12977,1,19.37053,17.64706
1690535490539,0.43994,0.1351,1,19.45409,17.69348
1690535490546,0.45056,0.1447,1,19.68366,17.68161
1690535490552,0.4631,0.16022,1,19.43082,17.74697
1690535490559,0.46966,0.16487,1,19.45736,17.96342
1690535490566,0.46517,0.13639,1,19.57824,17.95043
1690535490572,0.46502,0.14994,1,19.52571,17.7722
1690535490579,0.47236,0.15566,1,19.50072,17.78932
1690535490586,0.48106,0.15348,1,19.60776,17.88429
1690535490592,0.47126,0.18296,1,19.56573,17.83419
1690535490599,0.4557,0.1706,1,19.71956,17.88342
1690535490606,0.45694,0.18122,1,19.86203,17.82039
1690535490612,0.45528,0.16498,1,19.74286,17.87909
1690535490619,0.44277,0.15292,1,19.5562,17.75669
1690535490626,0.43768,0.14839,1,19.70203,17.93334
1690535490632,0.42156,0.13578,1,19.45528,18.01047
1690535490639,0.41725,0.16654,1,19.67549,17.84629
1690535490646,0.40503,0.17587,1,19.78414,17.83349
1690535490652,0.41385,0.18544,1,19.80149,17.84807
1690535490659,0.41584,0.18655,1,19.9027,18.20123
1690535490666,0.40913,0.19879,1,19.90927,18.03663
1690535490672,0.40995,0.1718,1,19.80483,18.11008
1690535490679,0.408,0.20439,1,19.84127,18.15707
1690535490686,0.41757,0.18098,1,19.82829,18.24792
1690535490692,0.42505,0.19025,1,19.82218,18.2337
1690535490699,0.41055,0.19927,1,20.05374,18.2593
1690535490706,0.39931,0.21995,1,20.09833,18.46425
1690535490712,0.39142,0.22347,1,19.8918,18.26907
1690535490719,0.39829,0.21948,1,20.14543,18.25791
1690535490726,0.39641,0.20976,1,20.07967,18.25773
1690535490732,0.40543,0.1987,1,20.05852,18.32551
1690535490739,0.39436,0.20757,1,19.91051,18.37291
1690535490746,0.3769,0.2027,1,20.02244,18.53364
1690535490752,0.36607,0.21678,1,19.88511,18.40437
1690535490759,0.35772,0.20605,1,20.1691,18.34028
1690535490766,0.36411,0.21761,1,19.9057,18.3422
1690535490772,0.35435,0.23521,1,19.8346,18.38732
1690535490779,0.35409,0.26815,1,20.04771,18.38864
1690535490786,0.36339,0.27658,1,20.11245,18.48067
1690535490792,0.37632,0.2679,1,19.82349,18.33295
1690535490799,0.36568,0.26127,1,20.12772,18.37276
1690535490806,0.35433,0.33017,1,19.87629,18.14445
1690535490812,0.34167,0.336,1,19.93272,18.30022
1690535490819,0.35544,0.33404,1,19.97948,18.12664
1690535490826,0.35664,0.3424,1,19.8284,18.19606
1690535490832,0.3612,0.33587,1,19.70312,18.36636
1690535490839,0.35642,0.31743,1,19.85294,18.25838
1690535490846,0.34852,0.3184,1,19.73956,18.32417
1690535490852,0.34902,0.29715,1,19.77733,18.58403
1690535490859,0.34125,0.32984,1,19.8463,18.43172
1690535490866,0.32831,0.34656,1,19.82122,18.29632
1690535490872,0.32057,0.3577,1,19.85014,18.57343
1690535490879,0.31473,0.35128,1,19.79753,18.54062
1690535490886,0.30764,0.33929,1,19.55032,18.57455
1690535490892,0.30394,0.3544,1,19.89372,18.60364
1690535490899,0.28423,0.31879,1,19.89959,18.50264
1690535490906,0.28754,0.3311,1,19.57474,18.5925
1690535490912,0.29187,0.3349,1,19.69867,18.85493
1690535490919,0.29046,0.36324,1,19.66067,18.7825
1690535490926,0.28418,0.34717,1,19.543,18.76837
1690535490932,0.29049,0.33686,1,19.64702,18.87008
1690535490939,0.28601,0.33125,1,19.44209,19.01117
1690535490946,0.27743,0.33803,1,19.59711,18.83031
1690535490952,0.26234,0.34187,1,19.69525,19.13288
1690535490959,0.25957,0.32167,1,19.5432,19.0161
1690535490966,0.27001,0.31269,1,19.73216,19.06038
1690535490972,0.26791,0.31946,1,19.61797,19.04867
1690535490979,0.27171,0.3171,1,19.58512,18.85651
1690535490986,0.2737,0.31754,1,19.60603,19.12208
1690535490992,0.2864,0.29761,1,19.57278,19.05837
1690535490999,0.28508,0.3123,1,19.5055,18.78341
1690535491006,0.27396,0.33684,1,19.52888,18.74314
1690535491012,0.27944,0.33846,1,19.42144,18.85589
1690535491019,0.2689,0.3678,1,19.54919,18.89983
1690535491026,0.26693,0.36586,1,19.50936,19.04951
1690535491032,0.26658,0.34552,1,19.48476,18.87989
1690535491039,0.27062,0.34454,1,19.64585,18.94682
1690535491046,0.28631,0.36207,1,19.38487,18.96769
1690535491052,0.28369,0.36713,1,19.29413,19.04546
1690535491059,0.2759,0.3401,1,19.33035,18.86645
1690535491066,0.2624,0.3403,1,19.29602,18.86178
1690535491072,0.26488,0.3176,1,19.36649,19.04242
1690535491079,0.27163,0.29144,1,19.37474,18.83909
1690535491086,0.2664,0.27868,1,19.43763,18.88755
1690535491092,0.2699,0.27704,1,19.42028,18.71156
1690535491099,0.2645,0.29192,1,19.28714,18.75759
1690535491106,0.2703,0.2723,1,19.6459,18.88249
1690535491112,0.26069,0.24831,1,19.68218,18.98838
1690535491119,0.27796,0.24616,1,19.59897,18.92729
1690535491126,0.28944,0.26086,1,19.63651,18.79788
1690535491132,0.31239,0.24455,1,19.50062,18.84795
1690535491139,0.31672,0.24165,1,19.72386,18.73846
1690535491146,0.3292,0.21621,1,19.64463,19.05847
1690535491152,0.33352,0.23717,1,19.88546,19.07836
1690535491159,0.31703,0.22908,1,19.80962,19.01459
1690535491166,0.31147,0.20987,1,19.96003,19.12567
1690535491172,0.30003,0.2376,1,19.94311,19.12881
1690535491179,0.3056,0.23765,1,20.05017,19.4183
1690535491186,0.31104,0.21998,1,20.1144,19.23496
1690535491192,0.32182,0.214,1,20.17095,19.22415
1690535491199,0.31755,0.21577,1,20.13294,19.39928
1690535491206,0.31405,0.21989,1,20.10986,19.27574
1690535491212,0.30781,0.22997,1,20.16557,19.21082
1690535491219,0.29857,0.26277,1,20.13564,19.18284
1690535491226,0.3148,0.29277,1,20.01574,19.33172
1690535491232,0.31849,0.27474,1,20.08554,19.30201
1690535491239,0.33058,0.26133,1,19.94064,19.26566
1690535491246,0.33801,0.2832,1,19.89049,19.47661
1690535491252,0.33831,0.27711,1,20.02183,19.28389
1690535491259,0.33922,0.25902,1,19.97104,19.08626
1690535491266,0.33453,0.26868,1,20.13327,19.37721
1690535491272,0.34054,0.25894,1,20.07242,19.41557
1690535491279,0.34966,0.27896,1,20.03259,19.49488
1690535491286,0.34152,0.27999,1,19.98567,19.4223
1690535491292,0.3362,0.2765,1,19.95147,19.494
1690535491299,0.3367,0.2701,1,19.93263,19.43098
1690535491306,0.33496,0.26983,1,19.73699,19.29507
1690535491312,0.34318,0.25045,1,19.90212,19.43494
1690535491319,0.33786,0.24788,1,19.88379,19.42103
1690535491326,0.32415,0.24675,1,19.6864,19.64363
1690535491332,0.33338,0.28213,1,19.62574,19.73066
1690535491339,0.33848,0.29647,1,19.45249,19.62719
1690535491346,0.33704,0.30617,1,19.32739,19.76821
1690535491352,0.33493,0.28851,1,19.53247,19.44887
1690535491359,0.33277,0.28113,1,19.30389,19.72799
1690535491366,0.30864,0.30813,1,19.29015,19.60881
1690535491372,0.31093,0.31305,1,19.2968,19.83397
1690535491379,0.30401,0.30988,1,19.28037,19.49618
1690535491386,0.31791,0.32421,1,19.25752,19.66154
1690535491392,0.31846,0.34942,1,19.34502,19.43771
1690535491399,0.3133,0.33132,1,19.47532,19.67
1690535491406,0.30776,0.31727,1,19.44546,19.49722
1690535491412,0.30301,0.32272,1,19.65363,19.42994
1690535491419,0.31142,0.30799,1,19.25621,19.22569
1690535491426,0.31622,0.28415,1,19.21965,19.60074
1690535491432,0.32491,0.28545,1,19.22884,19.40627
1690535491439,0.3121,0.30674,1,18.98017,19.44018
1690535491446,0.30656,0.32059,1,19.04083,19.43132
1690535491452,0.29998,0.33338,1,19.02449,19.32544
1690535491459,0.30715,0.34388,1,19.27133,19.46624
1690535491466,0.31872,0.34209,1,19.36343,19.43688
1690535491472,0.31409,0.35201,1,19.54279,19.61441
1690535491479,0.32885,0.3702,1,19.3905,19.47507
1690535491486,0.33468,0.38178,1,19.51633,19.3799
1690535491492,0.33387,0.41519,1,19.35032,19.3646
1690535491499,0.35571,0.41533,1,19.54809,19.69203
1690535491506,0.34001,0.42276,1,19.55951,19.38211
1690535491512,0.3533,0.43749,1,19.46566,19.72997
1690535491519,0.35008,0.4675,1,19.30432,19.67452
1690535491526,0.34853,0.46723,1,19.32015,19.55543
1690535491532,0.34074,0.45184,1,19.7637,19.80854
1690535491539,0.33005,0.41783,1,19.70724,19.60433
1690535491546,0.34496,0.4405,1,19.52302,19.46995
1690535491552,0.34747,0.47045,1,19.67186,19.59204
1690535491559,0.34185,0.47766,1,19.49442,19.67839
1690535491566,0.34551,0.46953,1,19.45972,19.602
1690535491572,0.34624,0.46523,1,19.33216,19.48895
1690535491579,0.35316,0.43562,1,19.44596,19.33612
1690535491586,0.35003,0.43448,1,19.36264,19.55277
1690535491592,0.33911,0.42674,1,19.38479,19.65274
1690535491599,0.34581,0.43506,1,19.50357,19.61159
1690535491606,0.33307,0.44266,1,19.46223,19.74758
1690535491612,0.32163,0.47032,1,19.50458,19.71076
1690535491619,0.31649,0.50842,1,19.52414,19.63831
1690535491626,0.31768,0.52144,1,19.51091,19.80268
1690535491632,0.3266,0.52579,1,19.46167,19.74424
1690535491639,0.34358,0.5336,1,19.31341,19.83383
1690535491646,0.33831,0.5273,1,19.49672,19.57813
1690535491652,0.32999,0.5277,1,19.48877,19.57236
1690535491659,0.32843,0.56504,1,19.51193,19.46464
1690535491666,0.32323,0.59452,1,19.50808,19.54342
1690535491672,0.32691,0.55316,1,19.20392,19.67735
1690535491679,0.33423,0.5329,1,19.28885,19.4828
1690535491686,0.35966,0.53212,1,19.38841,19.56363
1690535491692,0.35949,0.48825,1,19.28477,19.40943
1690535491699,0.36471,0.50187,1,19.27008,19.31898
1690535491706,0.35539,0.47548,1,19.112,19.52888
1690535491712,0.35512,0.51098,1,19.24386,19.49104
1690535491719,0.3573,0.5147,1,19.23248,19.51043
1690535491726,0.36244,0.53461,1,19.33782,19.32439
1690535491732,0.34739,0.5196,1,19.13863,19.28075
1690535491739,0.35021,0.52485,1,19.19038,19.39527
1690535491746,0.33772,0.51335,1,19.36638,19.26548
1690535491752,0.33768,0.5185,1,19.25099,19.30207
1690535491759,0.33716,0.5076,1,19.38546,19.25017
1690535491766,0.34453,0.51016,1,19.38222,19.01074
1690535491772,0.33335,0.54647,1,19.59731,19.25109
1690535491779,0.33319,0.55656,1,19.60659,19.45195
1690535491786,0.33295,0.5447,1,19.38461,19.31008
1690535491792,0.34154,0.54575,1,19.49136,19.23108
1690535491799,0.3386,0.54324,1,19.44553,19.1402
1690535491806,0.32563,0.55301,1,19.45707,19.22462
1690535491812,0.31611,0.56145,1,19.29585,19.25135
1690535491819,0.32401,0.59342,1,19.29622,19.47412
1690535491826,0.32228,0.56413,1,19.34709,19.34701
1690535491832,0.31788,0.56555,1,19.24091,19.22432
1690535491839,0.31696,0.55988,1,19.18464,19.31998
1690535491846,0.31198,0.58462,1,19.22633,19.131
1690535491852,0.31728,0.60877,1,19.024,19.16387
1690535491859,0.31547,0.61257,1,19.28842,19.30898
1690535491866,0.31818,0.5906,1,19.04136,19.14571
1690535491872,0.30566,0.57295,1,19.29888,19.14366
1690535491879,0.31252,0.54697,1,19.22011,19.23749
1690535491886,0.32526,0.47904,1,19.12829,19.30951
1690535491892,0.33428,0.46738,1,19.28552,19.33562
1690535491899,0.34738,0.46975,1,19.30144,19.21546
1690535491906,0.35777,0.46453,1,19.13681,18.92027
1690535491912,0.33538,0.4641,1,19.05834,19.19691
1690535491919,0.33746,0.44121,1,18.94101,18.98054
1690535491926,0.34301,0.46656,1,18.90139,19.31711
1690535491932,0.33598,0.4701,1,18.98847,19.07071
1690535491939,0.3341,0.46144,1,18.80516,19.26838
1690535491946,0.3313,0.46347,1,19.2065,19.16586
1690535491952,0.33055,0.44701,1,19.03947,19.42482
1690535491959,0.32208,0.44882,1,18.94012,19.52104
1690535491966,0.32339,0.42128,1,19.05283,19.41828
1690535491972,0.31388,0.42874,1,19.0421,19.59415
1690535491979,0.31753,0.4292,1,18.81913,19.53899
1690535491986,0.32565,0.42626,1,18.88958,19.40556
1690535491992,0.31661,0.43218,1,18.62748,19.37056
1690535491999,0.29865,0.43324,1,18.82504,19.3013
1690535492006,0.29583,0.43689,1,18.842,19.30165
1690535492012,0.2914,0.44743,1,18.81498,19.26619
1690535492019,0.3048,0.47165,1,18.51122,19.18914
1690535492026,0.31848,0.47463,1,18.33614,19.17286
1690535492032,0.31927,0.4683,1,18.44428,19.08371
1690535492039,0.32351,0.46723,1,18.60187,19.06542
1690535492046,0.33235,0.46219,1,18.55189,19.01652
1690535492052,0.33659,0.45859,1,18.64747,19.49762
1690535492059,0.3161,0.4607,1,18.38161,19.08645
1690535492066,0.30606,0.47134,1,18.55343,19.08124
1690535492072,0.30294,0.44611,1,18.3125,19.01771
1690535492079,0.30343,0.45837,1,18.49829,19.10264
1690535492086,0.3072,0.47657,1,18.45866,19.09563
1690535492092,0.29775,0.46593,1,18.47671,18.95397
1690535492099,0.2922,0.45965,1,18.59928,18.98492
1690535492106,0.28719,0.48602,1,18.56841,18.7114
1690535492112,0.30359,0.48516,1,18.34059,19.08121
1690535492119,0.30158,0.46796,1,18.31938,18.96966
1690535492126,0.30247,0.47725,1,18.34385,19.01586
1690535492132,0.2978,0.50716,1,18.28292,18.92769
1690535492139,0.2987,0.48935,1,18.34204,18.97462
1690535492146,0.29369,0.50196,1,18.16518,18.93466
1690535492152,0.29095,0.46861,1,18.36407,18.79298
1690535492159,0.2825,0.46118,1,18.22568,18.81
1690535492166,0.27565,0.46049,1,18.35642,19.03199
1690535492172,0.27528,0.46509,1,18.50692,19.12992
1690535492179,0.27487,0.4602,1,18.60008,18.97584
1690535492186,0.26432,0.4466,1,18.3633,18.91581
1690535492192,0.25725,0.41856,1,18.67454,18.97147
1690535492199,0.26384,0.39247,1,18.66464,19.34136
1690535492206,0.25903,0.39158,1,18.48305,19.08561
1690535492212,0.26651,0.39469,1,18.63294,18.97623
1690535492219,0.26643,0.40316,1,18.64148,19.22818
1690535492226,0.2797,0.41395,1,18.49835,19.33265
1690535492232,0.28977,0.39807,1,18.53861,19.25429
1690535492239,0.29421,0.40082,1,18.36753,19.16372
1690535492246,0.29164,0.38569,1,18.41857,19.16127
1690535492252,0.28787,0.37285,1,18.62672,19.30236
1690535492259,0.29926,0.36349,1,18.69391,19.206
1690535492266,0.31051,0.35182,1,18.51274,19.14193
1690535492272,0.3165,0.37332,1,18.42316,19.24081
1690535492279,0.30428,0.3909,1,18.809,19.17955
1690535492286,0.3098,0.38437,1,18.70685,19.12959
1690535492292,0.31352,0.41899,1,18.77482,19.47641
1690535492299,0.30695,0.43146,1,18.72427,19.31718
1690535492306,0.31233,0.45376,1,18.84309,19.17682
1690535492312,0.3117,0.47667,1,18.80371,19.3008
1690535492319,0.29839,0.46169,1,18.73295,19.49332
1690535492326,0.31101,0.48335,1,18.86024,19.16705
1690535492332,0.30495,0.50377,1,18.88447,19.39151
1690535492339,0.30237,0.51059,1,18.91352,19.2803
1690535492346,0.29557,0.52147,1,18.76356,19.49752
1690535492352,0.29752,0.53648,1,18.66118,19.37077
1690535492359,0.29633,0.55878,1,18.83702,19.52723
1690535492366,0.30533,0.58691,1,19.03035,19.62323
1690535492372,0.31528,0.59958,1,18.9289,19.5868
1690535492379,0.31156,0.61081,1,19.00525,19.52313
1690535492386,0.30923,0.61504,1,18.72538,19.72066
1690535492392,0.30626,0.63999,1,19.10282,19.72729
1690535492399,0.29819,0.65037,1,18.98337,19.56343
1690535492406,0.31797,0.65025,1,18.84307,19.46564
1690535492412,0.32729,0.65555,1,19.00908,19.68972
1690535492419,0.33728,0.67363,1,19.11853,19.82289
1690535492426,0.31738,0.66205,1,18.93743,19.93859
1690535492432,0.31203,0.66818,1,18.94598,19.8618
1690535492439,0.32131,0.69398,1,19.07961,19.87602
1690535492446,0.31939,0.70071,1,18.94727,20.06358
1690535492452,0.32043,0.66295,1,18.74211,20.07664
1690535492459,0.31711,0.66639,1,18.70308,20.12824
1690535492466,0.32145,0.65119,1,18.7778,19.96559
1690535492472,0.33349,0.68206,1,18.97828,19.7973
1690535492479,0.33417,0.67992,1,18.7943,19.86667
1690535492486,0.3308,0.66431,1,18.72651,20.19146
1690535492492,0.3317,0.67221,1,18.90983,20.30005
1690535492499,0.3332,0.66561,1,18.73425,20.09966
1690535492506,0.35149,0.67442,1,18.74644,20.10136
1690535492512,0.35304,0.6626,1,18.73471,19.85262
1690535492519,0.34596,0.70121,1,18.50454,19.86468
1690535492526,0.35254,0.69505,1,18.23066,19.78855
1690535492532,0.35493,0.66714,1,18.7048,19.85456
1690535492539,0.36451,0.64378,1,18.83937,19.91416
1690535492546,0.37795,0.64134,1,18.7176,19.94951
1690535492552,0.37537,0.61238,1,18.69421,19.71431
1690535492559,0.38208,0.60324,1,18.84401,19.6407
1690535492566,0.36944,0.59716,1,18.7124,19.92017
1690535492572,0.36135,0.582,1,18.59585,19.74916
1690535492579,0.33138,0.5811,1,18.6186,19.73479
1690535492586,0.34101,0.62056,1,18.57359,19.94391
1690535492592,0.34272,0.61515,1,18.77141,20.15291
1690535492599,0.35178,0.6076,1,18.92509,20.19704
1690535492606,0.34371,0.60154,1,18.69506,20.19864
1690535492612,0.33525,0.58767,1,18.50768,20.38568
1690535492619,0.34801,0.55785,1,18.72415,20.27327
1690535492626,0.3388,0.56718,1,18.62828,20.46578
1690535492632,0.32894,0.54562,1,18.66534,20.44843
1690535492639,0.34413,0.50074,1,18.68079,20.47616
1690535492646,0.34091,0.48826,1,18.94409,20.43878
1690535492652,0.34466,0.48466,1,18.94176,20.35222
1690535492659,0.34608,0.49788,1,18.98841,20.36458
1690535492666,0.34934,0.532,1,19.01661,20.44589
1690535492672,0.3488,0.53149,1,19.10133,20.06359
1690535492679,0.34913,0.55232,1,19.08797,20.31029
1690535492686,0.34122,0.57119,1,19.37322,20.23422
1690535492692,0.34433,0.56645,1,19.10924,20.1475
1690535492699,0.34255,0.59177,1,19.12965,20.30431
1690535492706,0.35264,0.57804,1,19.1707,20.2844
1690535492712,0.36301,0.58924,1,19.13865,20.13565
1690535492719,0.35299,0.57946,1,19.0742,20.38421
1690535492726,0.35571,0.58377,1,19.09728,20.17474
1690535492732,0.36761,0.55968,1,19.4197,20.41263
1690535492739,0.3652,0.56797,1,19.31871,20.26775
1690535492746,0.37918,0.58106,1,19.42907,20.21662
1690535492752,0.38028,0.54924,1,19.57806,20.43658
1690535492759,0.3838,0.56258,1,19.34263,20.51837
1690535492766,0.37936,0.54291,1,19.55537,20.49063
1690535492772,0.38325,0.53914,1,19.23633,20.13429
1690535492779,0.37065,0.52533,1,19.38539,20.30782
1690535492786,0.36691,0.48957,1,19.161,20.22915
1690535492792,0.36165,0.44847,1,19.23988,20.33428
1690535492799,0.36799,0.4467,1,19.38284,20.35337
1690535492806,0.37291,0.46276,1,19.2225,20.26441
1690535492812,0.37629,0.44844,1,19.22497,20.25372
1690535492819,0.38251,0.4332,1,19.33319,20.37227
1690535492826,0.39364,0.4345,1,19.31784,20.16628
1690535492832,0.38316,0.43242,1,19.32447,20.30107
1690535492839,0.38366,0.38107,1,19.36069,20.14462
1690535492846,0.38416,0.36401,1,19.26942,20.13266
1690535492852,0.37635,0.34408,1,19.16229,19.95501
1690535492859,0.39727,0.34114,1,19.10842,20.17127
1690535492866,0.41195,0.32423,1,19.23089,19.92844
1690535492872,0.40544,0.30712,1,19.11594,20.00678
1690535492879,0.39527,0.27734,1,19.39462,19.98808
1690535492886,0.38784,0.30173,1,19.31985,20.04663
1690535492892,0.39813,0.31159,1,19.30811,19.70636
1690535492899,0.39559,0.30801,1,19.3725,19.71642
1690535492906,0.3894,0.35992,1,19.71965,19.78642
1690535492912,0.3806,0.38647,1,19.52862,19.86521
1690535492919,0.36457,0.3663,1,19.57792,19.57553
1690535492926,0.36891,0.36133,1,19.83332,19.78127
1690535492932,0.37476,0.33809,1,19.53225,19.66454
1690535492939,0.37644,0.31369,1,19.72178,19.5107
1690535492946,0.37046,0.33306,1,19.67157,19.93258
1690535492952,0.37888,0.36979,1,19.44194,19.86229
1690535492959,0.3753,0.38624,1,19.69336,19.67733
1690535492966,0.37439,0.41646,1,19.56825,19.75024
1690535492972,0.37126,0.41285,1,19.79455,19.83613
1690535492979,0.37447,0.40962,1,19.5164,19.60819
1690535492986,0.39194,0.42056,1,19.68628,19.69846
1690535492992,0.40797,0.44829,1,19.60149,19.55672
1690535492999,0.41254,0.45847,1,19.7761,19.85094
1690535493006,0.40825,0.43717,1,19.48116,19.66657
1690535493012,0.39378,0.43824,1,19.54016,19.65378
1690535493019,0.39126,0.46635,1,19.71227,19.59006
1690535493026,0.3787,0.46633,1,19.79374,19.61165
1690535493032,0.39363,0.48546,1,19.74605,19.68081
1690535493039,0.40481,0.48475,1,19.68967,19.70618
1690535493046,0.39675,0.51737,1,19.63363,20.0554
1690535493052,0.41093,0.52437,1,19.72343,19.81854
1690535493059,0.41323,0.5309,1,19.88859,19.96943
1690535493066,0.42979,0.52045,1,19.88039,19.996
1690535493072,0.44108,0.47545,1,19.82898,19.80442
1690535493079,0.44163,0.49381,1,19.92946,19.98422
1690535493086,0.43716,0.48827,1,19.76251,19.72865
1690535493092,0.43994,0.51915,1,19.89908,19.80536
1690535493099,0.44459,0.5124,1,20.05279,19.94755
1690535493106,0.44319,0.49926,1,20.16491,20.04836
1690535493112,0.44764,0.48909,1,20.16211,20.19119
1690535493119,0.44421,0.51951,1,20.2102,20.10642
1690535493126,0.4392,0.51484,1,20.06342,20.20617
1690535493132,0.44777,0.52909,1,20.13276,20.34906
1690535493139,0.44806,0.53296,1,20.37935,20.24829
1690535493146,0.46261,0.53171,1,20.374,20.14155
1690535493152,0.48647,0.54272,1,20.39899,20.11221
1690535493159,0.48308,0.53215,1,20.45265,19.93537
1690535493166,0.48574,0.48876,1,20.33817,20.2023
1690535493172,0.4943,0.51126,1,20.11073,20.2406
1690535493179,0.49541,0.50466,1,20.19584,20.02782
1690535493186,0.48219,0.50175,1,20.55817,19.98979
1690535493192,0.47514,0.48402,1,20.4357,20.0832
1690535493199,0.47437,0.50802,1,20.66713,19.8499
1690535493206,0.47856,0.50694,1,20.60992,19.95754
1690535493212,0.4844,0.48706,1,20.56708,19.8999
1690535493219,0.48404,0.48696,1,20.74432,19.97708
1690535493226,0.47062,0.50061,1,20.44997,20.01964
1690535493232,0.46773,0.51724,1,20.72055,19.94196
1690535493239,0.47122,0.50638,1,20.45108,19.78671
1690535493246,0.47203,0.50287,1,20.59661,19.90746
1690535493252,0.46847,0.51694,1,20.4066,19.98664
1690535493259,0.4715,0.52149,1,20.58319,20.07564
1690535493266,0.45273,0.54773,1,20.76259,19.96946
1690535493272,0.44546,0.54135,1,20.84713,20.10535
1690535493279,0.44764,0.54194,1,20.61411,20.15719
1690535493286,0.4461,0.54599,1,20.8456,19.70453
1690535493292,0.43443,0.54994,1,20.77025,19.91929
1690535493299,0.42832,0.51637,1,20.90371,19.94866
1690535493306,0.43698,0.54537,1,20.76824,19.99591
1690535493312,0.43683,0.56389,1,20.80002,19.96264
1690535493319,0.44161,0.57784,1,20.84123,20.13915
1690535493326,0.43986,0.58921,1,20.80997,20.13349
1690535493332,0.4399,0.60237,1,21.06357,20.15259
1690535493339,0.43789,0.57257,1,20.70532,20.1328
1690535493346,0.44967,0.58703,1,20.73394,20.20227
1690535493352,0.45902,0.57723,1,20.64588,20.21763
1690535493359,0.4441,0.60088,1,20.85246,20.32578
1690535493366,0.43807,0.61076,1,20.85316,20.32795
1690535493372,0.43463,0.59968,1,20.68919,20.43863
1690535493379,0.44664,0.59471,1,20.9075,20.47472
1690535493386,0.43679,0.60128,1,20.81255,20.42178
1690535493392,0.43574,0.57396,1,20.79009,20.27871
1690535493399,0.42653,0.56304,1,20.71968,20.30212
1690535493406,0.4203,0.55711,1,20.47712,20.0627
1690535493412,0.40038,0.55816,1,20.78023,20.24689
1690535493419,0.4078,0.57758,1,20.81322,20.2064
1690535493426,0.40278,0.59089,1,20.70802,20.04636
1690535493432,0.38629,0.59124,1,20.89753,20.12804
1690535493439,0.37663,0.5884,1,20.7785,20.0273
1690535493446,0.38319,0.57882,1,20.89466,20.15381
1690535493452,0.3953,0.58355,1,20.50548,20.0858
1690535493459,0.39017,0.61573,1,20.63613,20.1044
1690535493466,0.38368,0.6249,1,20.85761,20.01473
1690535493472,0.38086,0.62245,1,20.91616,20.10181
1690535493479,0.38316,0.59174,1,20.97705,19.95151
1690535493486,0.38384,0.56069,1,20.65846,20.21875
1690535493492,0.3965,0.60204,1,20.88587,20.16826
1690535493499,0.39902,0.61525,1,21.07287,20.10077
1690535493506,0.40329,0.62484,1,21.00183,20.19369
1690535493512,0.39847,0.66052,1,20.90848,20.22204
1690535493519,0.41094,0.63547,1,20.81647,20.23784
1690535493526,0.41875,0.64883,1,20.8414,19.98639
1690535493532,0.41911,0.64042,1,21.18064,20.12962
1690535493539,0.43126,0.62712,1,20.87653,20.31123
1690535493546,0.44379,0.66289,1,21.21061,20.06616
1690535493552,0.43131,0.64767,1,21.30288,20.24899
1690535493559,0.43549,0.66839,1,21.1594,20.12545
1690535493566,0.43151,0.67099,1,21.1528,19.80723
1690535493572,0.43236,0.67127,1,21.32092,19.86691
1690535493579,0.44444,0.66096,1,21.25731,19.82214
1690535493586,0.44588,0.67308,1,21.00255,19.74275
1690535493592,0.43585,0.66985,1,20.97491,19.74474
1690535493599,0.45421,0.67257,1,20.89484,19.57455
1690535493606,0.46817,0.65641,1,21.18717,19.72366
1690535493612,0.47518,0.63819,1,21.06529,19.59451
1690535493619,0.47405,0.64922,1,21.11904,19.48766
1690535493626,0.46254,0.6329,1,21.11624,19.20461
1690535493632,0.46717,0.62848,1,21.13412,19.49112
1690535493639,0.4544,0.62973,1,21.00859,19.2865
1690535493646,0.4466,0.6155,1,21.2334,19.56684
1690535493652,0.45342,0.59748,1,20.85177,19.35381
1690535493659,0.46074,0.60564,1,20.91807,19.25713
1690535493666,0.44683,0.62089,1,20.94713,19.32317
1690535493672,0.44704,0.65128,1,21.0797,19.00804
1690535493679,0.44525,0.64759,1,20.96306,18.96315
1690535493686,0.46148,0.66296,1,20.90778,19.13771
1690535493692,0.46479,0.6333,1,21.06185,19.06473
1690535493699,0.4594,0.6257,1,20.8591,19.19906
1690535493706,0.46118,0.62184,1,20.97973,19.26768
1690535493712,0.46701,0.6349,1,20.9417,19.29243
1690535493719,0.4756,0.64861,1,20.67871,19.08344
1690535493726,0.46762,0.60968,1,20.83913,18.95492
1690535493732,0.45867,0.6193,1,20.70179,19.01702
1690535493739,0.47611,0.60327,1,20.90319,18.83746
1690535493746,0.4826,0.60781,1,21.07047,19.02604
1690535493752,0.48447,0.61074,1,20.93336,19.24998
1690535493759,0.48917,0.60528,1,20.86896,19.08141
1690535493766,0.48472,0.6155,1,21.00609,19.20831
1690535493772,0.49001,0.60762,1,21.00407,19.28223
1690535493779,0.47827,0.6257,1,21.02523,19.37
1690535493786,0.49232,0.60132,1,21.09,19.36615
1690535493792,0.48414,0.57634,1,20.90048,19.5069
1690535493799,0.46156,0.55797,1,20.91313,19.247
1690535493806,0.45578,0.55681,1,20.80998,19.45513
1690535493812,0.45709,0.56235,1,20.94165,19.36362
1690535493819,0.4717,0.56228,1,21.05138,19.47212
1690535493826,0.47592,0.56421,1,20.94639,19.28878
1690535493832,0.47923,0.55493,1,20.96136,19.33354
1690535493839,0.46742,0.53591,1,20.76758,19.34999
1690535493846,0.45684,0.52932,1,20.85258,19.2422
1690535493852,0.46396,0.53545,1,20.70317,19.26012
1690535493859,0.45312,0.52916,1,20.60226,19.3493
1690535493866,0.44255,0.52669,1,20.61501,19.42944
1690535493872,0.44951,0.5134,1,20.76232,19.32741
1690535493879,0.45507,0.51538,1,20.43243,19.36133
1690535493886,0.44785,0.53378,1,20.61936,19.33302
1690535493892,0.4386,0.5514,1,20.68197,19.34352
1690535493899,0.42917,0.56345,1,20.58768,19.41738
1690535493906,0.42811,0.59542,1,20.68626,19.2846
1690535493912,0.44192,0.60577,1,20.51252,19.34827
1690535493919,0.44381,0.59793,1,20.54097,19.5424
1690535493926,0.43701,0.60766,1,20.46657,19.34436
1690535493932,0.42931,0.61739,1,20.18031,19.55618
1690535493939,0.43863,0.62666,1,20.52262,19.51766
1690535493946,0.43431,0.60953,1,20.61449,19.25923
1690535493952,0.42578,0.62104,1,20.48653,19.389
1690535493959,0.43114,0.60218,1,20.21946,19.44043
1690535493966,0.43479,0.61692,1,20.10011,19.43113
1690535493972,0.43393,0.6363,1,20.25406,19.55833
1690535493979,0.44943,0.63986,1,20.2137,19.37596
1690535493986,0.45887,0.62538,1,20.28084,19.39061
1690535493992,0.47072,0.62697,1,19.97426,19.43264
1690535493999,0.48338,0.6402,1,19.94872,19.40778
1690535494006,0.46864,0.65532,1,20.06657,19.21294
1690535494012,0.47475,0.67116,1,19.93435,19.247
1690535494019,0.47197,0.68512,1,20.02009,18.85735
1690535494026,0.48872,0.69294,1,20.02519,18.8926
1690535494032,0.48779,0.7085,1,19.93842,19.01689
1690535494039,0.46595,0.69247,1,20.16594,19.11562
1690535494046,0.45943,0.67152,1,20.16986,18.99846
1690535494052,0.44732,0.65927,1,20.01666,19.04026
1690535494059,0.45855,0.6565,1,19.96727,19.17625
1690535494066,0.45373,0.6639,1,20.06991,18.93406
1690535494072,0.4663,0.64498,1,19.96788,18.96999
1690535494079,0.46594,0.63603,1,19.86414,18.98856
1690535494086,0.47291,0.63374,1,19.98289,18.94932
1690535494092,0.47115,0.64321,1,20.14341,18.98141
1690535494099,0.47131,0.67164,1,20.11637,19.13387
1690535494106,0.47074,0.68269,1,20.34239,18.94601
1690535494112,0.468,0.69562,1,20.33606,18.89129
1690535494119,0.48318,0.66751,1,20.33753,18.99456
1690535494126,0.48396,0.63354,1,20.37469,19.14711
1690535494132,0.48953,0.60252,1,20.31633,18.85686
1690535494139,0.5036,0.63245,1,20.19418,19.08249
1690535494146,0.50362,0.61188,1,20.65317,19.14878
1690535494152,0.50343,0.60272,1,20.39884,19.00556
1690535494159,0.51561,0.61845,1,20.29932,19.02372
1690535494166,0.50751,0.64046,1,20.27773,19.12968
1690535494172,0.49948,0.64417,1,20.62398,19.03924
1690535494179,0.49365,0.63846,1,20.5223,19.2515
1690535494186,0.48884,0.6397,1,20.70831,19.31153
1690535494192,0.48291,0.67091,1,20.57109,19.32884
1690535494199,0.47301,0.662,1,20.57725,19.25663
1690535494206,0.47726,0.65589,1,20.49088,19.46121
1690535494212,0.48621,0.65973,1,20.45645,19.5088
1690535494219,0.47736,0.6324,1,20.51725,19.38434
1690535494226,0.48377,0.63423,1,20.69186,19.38804
1690535494232,0.47139,0.6603,1,20.92132,19.3643
1690535494239,0.46423,0.64937,1,20.72151,19.24223
1690535494246,0.46121,0.62459,1,20.83958,19.41934
1690535494252,0.46567,0.64001,1,20.68571,19.30857
1690535494259,0.46224,0.6251,1,20.898,19.2072
1690535494266,0.46844,0.5983,1,20.44246,19.34905
1690535494272,0.47236,0.60736,1,20.60264,19.40341
1690535494279,0.45342,0.62632,1,20.55541,19.15822
1690535494286,0.46472,0.63922,1,20.50188,19.01238
1690535494292,0.47236,0.67029,1,20.62991,19.02747
1690535494299,0.46775,0.67568,1,20.57299,18.95853
1690535494306,0.46415,0.68276,1,20.63726,18.96055
1690535494312,0.47067,0.67077,1,20.84895,19.22
1690535494319,0.46813,0.68422,1,20.74876,19.17561
1690535494326,0.46165,0.69494,1,20.62504,19.12231
1690535494332,0.46342,0.72179,1,20.65296,19.27457
1690535494339,0.48376,0.70678,1,20.55891,18.98554
1690535494346,0.48393,0.68991,1,20.54324,18.89714
1690535494352,0.49354,0.68244,1,20.56024,19.11893
1690535494359,0.50161,0.65409,1,20.36191,19.1674
1690535494366,0.50384,0.63381,1,20.45282,19.00916
1690535494372,0.5041,0.66341,1,20.33904,19.19405
1690535494379,0.50058,0.66631,1,20.47235,19.24096
1690535494386,0.51656,0.68817,1,20.5711,19.12679
1690535494392,0.50066,0.68198,1,20.31092,19.1686
1690535494399,0.50064,0.69038,1,20.48586,19.29844
1690535494406,0.49634,0.70247,1,20.46311,19.32143
1690535494412,0.52908,0.70868,1,20.71942,19.21953
1690535494419,0.54572,0.71341,1,20.57094,19.26164
1690535494426,0.53876,0.71763,1,20.64687,19.38816
1690535494432,0.52061,0.72138,1,20.72657,19.12464
1690535494439,0.53098,0.75263,1,20.69164,19.19191
1690535494446,0.5267,0.76163,1,20.57011,19.02512
1690535494452,0.54527,0.75717,1,20.89713,19.33059
1690535494459,0.52293,0.76712,1,20.92355,19.15703
1690535494466,0.523,0.76965,1,20.78859,18.99236
1690535494472,0.50586,0.71062,1,20.88351,19.0716
1690535494479,0.49187,0.74186,1,20.78533,19.07256
1690535494486,0.49354,0.73157,1,21.00611,19.25166
1690535494492,0.49115,0.71953,1,20.96144,19.3379
1690535494499,0.47166,0.72324,1,20.9387,19.11937
1690535494506,0.45974,0.72858,1,20.82613,19.21687
1690535494512,0.4501,0.70808,1,20.99023,19.27152
1690535494519,0.44617,0.68287,1,20.9227,19.07168
1690535494526,0.43361,0.67577,1,20.88683,19.20137
1690535494532,0.44071,0.69933,1,20.98871,19.03475
1690535494539,0.44451,0.69812,1,20.94232,19.22482
1690535494546,0.44186,0.70855,1,20.7524,19.41538
1690535494552,0.42712,0.74757,1,20.80746,19.35955
1690535494559,0.41952,0.72635,1,20.79264,19.55207
1690535494566,0.41775,0.7003,1,20.62387,19.37897
1690535494572,0.42262,0.70568,1,20.90664,19.31034
1690535494579,0.41844,0.67942,1,21.09175,19.50953
1690535494586,0.43494,0.6545,1,20.68935,19.29524
1690535494592,0.44695,0.64016,1,20.74213,19.14298
1690535494599,0.45708,0.6098,1,20.86947,19.37177
1690535494606,0.45691,0.6205,1,20.83578,19.23776
1690535494612,0.46283,0.61835,1,20.93768,19.14155
1690535494619,0.45415,0.62008,1,20.80625,19.17295
1690535494626,0.44648,0.6081,1,20.87318,19.2079
1690535494632,0.44015,0.60586,1,20.79921,19.01078
1690535494639,0.45092,0.59628,1,20.63546,19.0319
1690535494646,0.45225,0.59305,1,20.58343,18.99625
1690535494652,0.43628,0.5996,1,20.51963,19.19969
1690535494659,0.45347,0.58496,1,20.56323,19.06916
1690535494666,0.45678,0.57581,1,20.54489,19.26492
1690535494672,0.46821,0.56975,1,20.76069,19.01564
1690535494679,0.48033,0.57283,1,20.90664,19.08213
1690535494686,0.48249,0.57345,1,20.7551,19.20261
1690535494692,0.48853,0.59236,1,20.64397,18.95989
1690535494699,0.48928,0.63362,1,20.825,18.98504
1690535494706,0.48834,0.66596,1,20.70027,19.05522
1690535494712,0.50226,0.68309,1,20.5909,19.04686
1690535494719,0.50001,0.68084,1,20.80683,18.8809
1690535494726,0.48974,0.68914,1,20.66439,19.02527
1690535494732,0.50321,0.70437,1,20.5785,19.37552
1690535494739,0.5072,0.69832,1,20.63283,19.19249
1690535494746,0.49517,0.71024,1,20.72108,19.38909
1690535494752,0.49734,0.72492,1,20.60315,19.32836
1690535494759,0.49571,0.7385,1,20.46144,18.92268
1690535494766,0.49273,0.72568,1,20.48823,18.99806
1690535494772,0.4864,0.76102,1,20.50724,19.16954
1690535494779,0.49373,0.74958,1,20.69364,19.19394
1690535494786,0.4876,0.73864,1,20.55279,19.13153
1690535494792,0.48323,0.71121,1,20.67331,19.09934
1690535494799,0.47806,0.71408,1,20.75184,19.15806
1690535494806,0.46548,0.73023,1,20.64384,19.1716
1690535494812,0.46513,0.77245,1,20.62937,19.32887
1690535494819,0.47595,0.76756,1,20.55727,19.3062
1690535494826,0.48097,0.76344,1,20.56918,19.37673
1690535494832,0.4661,0.74215,1,20.57083,19.22773
1690535494839,0.47451,0.73604,1,20.61942,19.32235
1690535494846,0.49312,0.74585,1,20.68189,19.29565
1690535494852,0.49778,0.73552,1,20.504,19.3101
1690535494859,0.49186,0.75508,1,20.56752,19.49386
1690535494866,0.48095,0.73748,1,20.58134,19.40111
1690535494872,0.48093,0.71147,1,20.5059,19.4527
1690535494879,0.47166,0.71218,1,20.38423,19.60537
1690535494886,0.47794,0.70885,1,20.47172,19.47059
1690535494892,0.45963,0.68665,1,20.12518,19.67037
1690535494899,0.46395,0.6916,1,20.1843,19.6688
1690535494906,0.45301,0.702,1,20.36824,19.83488
1690535494912,0.45337,0.70625,1,20.34483,19.72859
1690535494919,0.46231,0.71999,1,20.28545,19.81653
1690535494926,0.45969,0.7087,1,20.27865,19.87602
1690535494932,0.46555,0.68462,1,20.23778,19.73964
1690535494939,0.45769,0.688,1,20.15192,19.99111
1690535494946,0.46557,0.71283,1,20.13457,20.10715
1690535494952,0.46392,0.69546,1,20.23647,19.87783
1690535494959,0.47511,0.70441,1,20.07466,19.92812
1690535494966,0.4686,0.70731,1,20.15643,19.93668
1690535494972,0.47409,0.67698,1,20.29965,20.04071
1690535494979,0.46882,0.6865,1,20.10736,20.11185
1690535494986,0.47146,0.69622,1,20.28231,20.10946
1690535494992,0.45737,0.6945,1,20.34631,19.85556
1690535494999,0.47726,0.69204,1,20.1997,19.93427
1690535495006,0.49129,0.68543,1,20.20577,19.97203
1690535495012,0.51361,0.66269,1,20.31167,19.8768
1690535495019,0.50518,0.659,1,20.24536,19.87204
1690535495026,0.50262,0.69495,1,20.26335,19.96499
1690535495032,0.50378,0.71454,1,19.9252,20.03273
1690535495039,0.50594,0.70386,1,20.05236,19.89447
1690535495046,0.49899,0.69599,1,20.04453,19.78075
1690535495052,0.50037,0.67829,1,20.04878,19.94452
1690535495059,0.49817,0.67981,1,20.05906,19.91844
1690535495066,0.49068,0.6676,1,20.11164,19.5906
1690535495072,0.48538,0.66198,1,20.12522,19.71059
1690535495079,0.48685,0.64929,1,19.92396,19.72378
1690535495086,0.485,0.65406,1,20.06403,19.54641
1690535495092,0.48827,0.65238,1,19.9782,19.80532
1690535495099,0.47842,0.65509,1,19.91506,19.43179
1690535495106,0.46121,0.65203,1,19.85557,19.46424
1690535495112,0.46193,0.65777,1,20.11977,19.30682
1690535495119,0.46553,0.64991,1,20.23474,19.28743
1690535495126,0.44795,0.63703,1,20.05319,19.23364
1690535495132,0.45388,0.63273,1,19.98812,19.28151
1690535495139,0.4622,0.60684,1,20.0876,19.12102
1690535495146,0.47745,0.57608,1,20.11875,19.19909
1690535495152,0.47788,0.58159,1,20.25304,19.24727
1690535495159,0.4717,0.58072,1,20.18219,19.25667
1690535495166,0.44595,0.56601,1,20.31704,19.28273
1690535495172,0.44928,0.56979,1,20.07317,19.38574
1690535495179,0.42497,0.57774,1,20.22192,19.53019
1690535495186,0.44074,0.52773,1,20.31807,19.51048
1690535495192,0.45068,0.52525,1,20.15029,19.45518
1690535495199,0.43746,0.52081,1,20.3125,19.30215
1690535495206,0.42691,0.51267,1,20.48262,19.53347
1690535495212,0.41344,0.51203,1,20.33002,19.72426
1690535495219,0.40753,0.53564,1,20.28371,19.66676
1690535495226,0.41774,0.54293,1,20.20892,19.55963
1690535495232,0.41683,0.55138,1,19.97842,19.65942
1690535495239,0.42025,0.55708,1,20.3177,19.47762
1690535495246,0.4203,0.56081,1,20.48812,19.62906
1690535495252,0.42833,0.57768,1,20.22118,19.33553
1690535495259,0.41922,0.54306,1,20.1676,19.5155
1690535495266,0.42799,0.52389,1,20.40875,19.49014
1690535495272,0.44177,0.5309,1,20.23041,19.52905
1690535495279,0.44425,0.53616,1,20.20439,19.40907
1690535495286,0.4402,0.52007,1,20.2496,19.46936
1690535495292,0.45481,0.52072,1,20.17527,19.58114
1690535495299,0.43365,0.52151,1,20.05019,19.70833
1690535495306,0.44427,0.53743,1,20.13266,19.56178
1690535495312,0.43589,0.55776,1,20.04177,19.67375
1690535495319,0.43135,0.53285,1,19.7478,19.90819
1690535495326,0.41883,0.52438,1,20.03114,19.87155
1690535495332,0.42715,0.52489,1,19.89211,20.02725
1690535495339,0.43196,0.53311,1,19.98999,19.98024
1690535495346,0.44063,0.51346,1,19.94566,19.96143
1690535495352,0.45185,0.53218,1,19.99461,19.74763
1690535495359,0.43298,0.54482,1,20.23774,19.71609
1690535495366,0.44947,0.5623,1,20.1158,19.76594
1690535495372,0.45185,0.59363,1,19.99851,19.80399
1690535495379,0.45102,0.6059,1,20.42588,19.71611
1690535495386,0.46441,0.62743,1,20.31249,19.65031
1690535495392,0.46041,0.61468,1,20.19567,19.54197
1690535495399,0.46989,0.60423,1,20.15632,19.79625
1690535495406,0.47981,0.59904,1,20.09573,19.82585
1690535495412,0.46577,0.59774,1,20.32159,19.57561
1690535495419,0.47032,0.57235,1,20.3244,19.59378
1690535495426,0.47373,0.56549,1,20.31029,19.43358
1690535495432,0.46382,0.57311,1,20.42682,19.29188
1690535495439,0.46357,0.58255,1,20.45076,19.43449
1690535495446,0.46229,0.56779,1,20.13288,19.30295
1690535495452,0.45328,0.5627,1,20.27183,19.28844
1690535495459,0.4637,0.58614,1,20.30433,19.34457
1690535495466,0.4709,0.59487,1,20.09762,19.35675
1690535495472,0.46672,0.5943,1,20.02825,19.25351
1690535495479,0.47614,0.59998,1,20.23232,19.14116
1690535495486,0.48486,0.58497,1,20.01092,19.24161
1690535495492,0.50484,0.56993,1,20.30543,19.4493
1690535495499,0.50176,0.53996,1,20.19356,19.30269
1690535495506,0.49585,0.53303,1,20.23823,19.12288
1690535495512,0.49911,0.56964,1,20.10133,19.31826
1690535495519,0.49689,0.54651,1,20.08563,19.38913
1690535495526,0.50409,0.56091,1,19.99494,19.19281
1690535495532,0.5121,0.53484,1,20.01752,19.166
1690535495539,0.49878,0.53193,1,20.01075,19.13374
1690535495546,0.50318,0.50108,1,19.8108,19.00363
1690535495552,0.50444,0.51854,1,20.20946,18.98485
1690535495559,0.51391,0.52195,1,20.16624,19.29792
1690535495566,0.50755,0.51581,1,20.14691,19.0018
1690535495572,0.51313,0.51917,1,20.296,18.98125
1690535495579,0.50785,0.52657,1,20.10082,18.94854
1690535495586,0.49345,0.52138,1,20.23885,19.14136
1690535495592,0.49453,0.55586,1,20.32815,18.86887
1690535495599,0.48624,0.56238,1,20.26381,18.79857
1690535495606,0.48774,0.56712,1,20.46639,18.71209
1690535495612,0.48469,0.57024,1,20.44661,18.92985
1690535495619,0.49847,0.57689,1,20.41389,18.8217
1690535495626,0.48749,0.56741,1,20.46913,18.93819
1690535495632,0.48367,0.55955,1,20.66168,18.68478
1690535495639,0.49242,0.57509,1,20.53848,18.88584
1690535495646,0.48276,0.56759,1,20.22639,18.68049
1690535495652,0.47881,0.60199,1,20.47692,18.8294
1690535495659,0.48624,0.59084,1,20.23016,18.88528
1690535495666,0.47285,0.57275,1,20.36922,18.95291
1690535495672,0.45955,0.55248,1,20.3653,18.98309
1690535495679,0.44818,0.55384,1,20.49971,18.88894
1690535495686,0.43863,0.54555,1,20.36418,18.80219
1690535495692,0.44369,0.55662,1,20.44954,18.91995
1690535495699,0.44534,0.55106,1,20.39998,18.85989
1690535495706,0.43814,0.52094,1,20.46518,18.88234
1690535495712,0.44788,0.49662,1,20.21859,18.94012
1690535495719,0.45085,0.49411,1,20.41265,18.91374
1690535495726,0.45149,0.46571,1,20.14976,18.89938
1690535495732,0.45276,0.46358,1,20.211,19.032
1690535495739,0.44857,0.42683,1,20.2481,19.2984
1690535495746,0.45374,0.41743,1,20.11543,18.93616
1690535495752,0.45516,0.40644,1,20.22146,18.97543
1690535495759,0.45102,0.388,1,20.46421,19.25638
1690535495766,0.45813,0.36981,1,20.25887,19.39521
1690535495772,0.45776,0.38974,1,20.21018,19.40042
1690535495779,0.45391,0.36083,1,20.38933,19.38833
1690535495786,0.45585,0.38425,1,20.24936,19.34466
1690535495792,0.44291,0.34663,1,20.30315,19.54883
1690535495799,0.43866,0.30258,1,20.31532,19.28686
1690535495806,0.44849,0.30919,1,20.31163,19.51117
1690535495812,0.45935,0.32571,1,20.1799,19.33082
1690535495819,0.46337,0.31497,1,20.29668,19.42571
1690535495826,0.47656,0.29887,1,19.96026,19.20836
1690535495832,0.47092,0.31085,1,20.15791,19.60661
1690535495839,0.47192,0.30062,1,20.22161,19.45434
1690535495846,0.47484,0.27229,1,20.12294,19.37487
1690535495852,0.48244,0.24077,1,20.15341,19.12981
1690535495859,0.47802,0.24939,1,19.99134,19.12649
1690535495866,0.47818,0.23218,1,20.22639,19.26836
1690535495872,0.48051,0.23288,1,20.32195,19.35241
1690535495879,0.48504,0.21681,1,20.20811,19.32061
1690535495886,0.47623,0.19003,1,20.40093,19.1763
1690535495892,0.46224,0.18045,1,20.23804,19.41422
1690535495899,0.45049,0.19134,1,20.15237,19.32616
1690535495906,0.47236,0.19945,1,20.11319,19.08132
1690535495912,0.4747,0.21276,1,20.31961,19.33225
1690535495919,0.46211,0.22351,1,20.13345,19.39245
1690535495926,0.46695,0.20019,1,20.39067,19.38845
1690535495932,0.47692,0.18247,1,20.15528,19.37305
1690535495939,0.48793,0.18095,1,20.37728,19.55644
1690535495946,0.49599,0.16436,1,20.23665,19.3647
1690535495952,0.49524,0.18744,1,20.31312,19.43338
1690535495959,0.49864,0.19465,1,20.28773,19.54798
1690535495966,0.49834,0.22839,1,20.32737,19.27897
1690535495972,0.50323,0.19787,1,20.08463,19.29891
1690535495979,0.50173,0.18936,1,20.29776,19.19506
1690535495986,0.48038,0.20115,1,20.30128,19.21571
1690535495992,0.48256,0.21837,1,20.43685,19.25706
1690535495999,0.48429,0.20764,1,20.55446,19.15756
1690535496006,0.47179,0.20526,1,20.34472,19.15541
1690535496012,0.4876,0.232,1,20.32478,19.26022
1690535496019,0.48922,0.23748,1,20.33443,19.33722
1690535496026,0.48479,0.22559,1,20.4889,19.40255
1690535496032,0.47286,0.23457,1,20.36731,19.44484
1690535496039,0.48202,0.22883,1,20.26498,19.34287
1690535496046,0.48238,0.24649,1,20.15237,19.47533
1690535496052,0.48687,0.26552,1,20.18663,19.52837
1690535496059,0.48594,0.25541,1,20.027,19.44826
1690535496066,0.49323,0.26553,1,20.00169,19.57422
1690535496072,0.5041,0.25492,1,19.87036,19.60187
1690535496079,0.50867,0.233,1,20.02268,19.38663
1690535496086,0.52536,0.22221,1,20.09791,19.57638
1690535496092,0.52198,0.21765,1,20.20103,19.55185
1690535496099,0.53074,0.22214,1,20.36325,19.47969
1690535496106,0.53396,0.25526,1,20.37381,19.51607
1690535496112,0.53309,0.2557,1,20.16948,19.45653
1690535496119,0.53066,0.25911,1,20.37917,19.44307
1690535496126,0.55187,0.25266,1,20.11492,19.45184
1690535496132,0.55351,0.27118,1,20.19733,19.6074
1690535496139,0.53502,0.29561,1,20.22369,19.35903
1690535496146,0.51862,0.30385,1,20.25818,19.39498
1690535496152,0.52104,0.31018,1,20.22185,19.22422
1690535496159,0.50218,0.31983,1,20.29408,19.38214
1690535496166,0.50039,0.32995,1,20.04174,19.18368
1690535496172,0.50968,0.36285,1,20.09327,19.51645
1690535496179,0.50727,0.35522,1,20.03758,19.33263
1690535496186,0.50876,0.35856,1,19.97293,19.46995
1690535496192,0.53121,0.33034,1,20.05273,19.52063
1690535496199,0.51544,0.33594,1,20.21507,19.57713
1690535496206,0.50294,0.34836,1,20.0537,19.39048
1690535496212,0.50738,0.32966,1,20.3315,19.40178
1690535496219,0.49501,0.33184,1,20.27313,19.50763
1690535496226,0.49468,0.32133,1,20.36566,19.39189
1690535496232,0.50543,0.31907,1,20.32022,19.3665
1690535496239,0.49838,0.34345,1,20.44951,19.52342
1690535496246,0.49011,0.32098,1,20.42313,19.18985
1690535496252,0.4798,0.30392,1,20.49073,19.18959
1690535496259,0.47578,0.29781,1,20.3745,19.38736
1690535496266,0.46829,0.32657,1,20.41394,19.24187
1690535496272,0.47249,0.36091,1,20.49193,19.30173
1690535496279,0.46071,0.37657,1,20.52543,19.14255
1690535496286,0.45547,0.34759,1,20.34376,19.09063
1690535496292,0.46581,0.36041,1,20.3994,19.1729
1690535496299,0.4462,0.35603,1,20.66241,19.05064
1690535496306,0.46405,0.35113,1,20.8686,19.27009
1690535496312,0.46528,0.36757,1,20.91808,19.11876
1690535496319,0.44662,0.36679,1,20.72537,19.19046
1690535496326,0.43307,0.33221,1,20.89281,19.2134
1690535496332,0.43419,0.31122,1,21.05772,18.97738
1690535496339,0.41658,0.31278,1,20.83252,18.82879
1690535496346,0.41379,0.33787,1,20.87887,19.0217
1690535496352,0.41541,0.32473,1,21.17216,19.06668
1690535496359,0.41799,0.29074,1,21.04878,19.14943
1690535496366,0.4188,0.27409,1,21.13943,19.03647
1690535496372,0.42545,0.25686,1,21.12,18.97152
1690535496379,0.42436,0.25446,1,21.1641,18.80809
1690535496386,0.42211,0.24696,1,21.0387,18.76014
1690535496392,0.42784,0.26729,1,21.02071,18.71728
1690535496399,0.42843,0.28486,1,20.96702,18.69883
1690535496406,0.42921,0.28967,1,20.89098,18.64036
1690535496412,0.43081,0.28351,1,21.15229,18.71298
1690535496419,0.4471,0.2828,1,21.02042,18.85326
1690535496426,0.46226,0.28611,1,20.71898,18.7495
1690535496432,0.46408,0.28545,1,21.01898,18.60425
1690535496439,0.45697,0.32393,1,20.85851,18.84957
1690535496446,0.44734,0.30035,1,20.81089,18.683
1690535496452,0.43645,0.31411,1,20.74426,18.66209
1690535496459,0.43055,0.28485,1,20.92659,18.62556
1690535496466,0.41705,0.27795,1,20.91222,18.65422
1690535496472,0.3972,0.28371,1,20.60476,18.71807
1690535496479,0.38899,0.27132,1,20.73804,18.72863
1690535496486,0.38235,0.27467,1,20.83539,18.75613
1690535496492,0.3792,0.25698,1,20.68369,18.82948
1690535496499,0.38113,0.23316,1,20.63481,18.67714
1690535496506,0.37234,0.21771,1,20.70309,18.88173
1690535496512,0.37212,0.21152,1,20.78162,18.68052
1690535496519,0.37251,0.22619,1,20.41382,18.62875
1690535496526,0.37358,0.2371,1,20.84758,18.80587
1690535496532,0.38431,0.24652,1,20.65998,18.28625
1690535496539,0.4035,0.21501,1,20.56706,18.58327
1690535496546,0.4141,0.19946,1,20.57233,18.6049
1690535496552,0.40913,0.2233,1,20.57549,18.52394
1690535496559,0.41962,0.25619,1,20.5301,18.65816
1690535496566,0.41806,0.23002,1,20.6246,18.61141
1690535496572,0.4206,0.21578,1,20.80439,18.40186
1690535496579,0.42809,0.2267,1,20.59,18.54857
1690535496586,0.42515,0.23487,1,20.61823,18.26966
1690535496592,0.42298,0.23115,1,20.61532,18.46426
1690535496599,0.42102,0.2483,1,20.59338,18.52337
1690535496606,0.40443,0.23671,1,20.61535,18.25092
1690535496612,0.40277,0.25694,1,20.62821,18.25641
1690535496619,0.40591,0.24608,1,20.60094,18.23621
1690535496626,0.40238,0.22356,1,20.50946,18.2879
1690535496632,0.40302,0.2272,1,20.65653,18.23511
1690535496639,0.39706,0.20547,1,20.79832,18.44278
1690535496646,0.41502,0.22648,1,20.59354,18.24068
1690535496652,0.40113,0.24248,1,20.51672,18.32006
1690535496659,0.39528,0.23181,1,20.43691,18.3053
1690535496666,0.38786,0.21323,1,20.20894,18.38266
1690535496672,0.39236,0.20236,1,20.41306,18.30833
1690535496679,0.39671,0.18725,1,20.31263,18.46611
1690535496686,0.40593,0.19971,1,20.24801,18.26675
1690535496692,0.40099,0.21065,1,20.13973,18.31419
1690535496699,0.3985,0.20066,1,20.26937,17.99444
1690535496706,0.4049,0.23132,1,20.34278,18.14667
1690535496712,0.40743,0.22545,1,20.30925,18.07146
1690535496719,0.41227,0.22589,1,20.38076,18.08074
1690535496726,0.42433,0.21384,1,20.02175,18.24501
1690535496732,0.41605,0.21973,1,20.07205,18.16719
1690535496739,0.4221,0.20554,1,20.0691,17.99092
1690535496746,0.4257,0.26722,1,20.10855,18.13367
1690535496752,0.43132,0.26332,1,20.07517,17.85257
1690535496759,0.43804,0.26884,1,20.17355,18.23092
1690535496766,0.44271,0.26417,1,20.24939,17.99284
1690535496772,0.43777,0.27792,1,20.27504,18.18687
1690535496779,0.43126,0.28319,1,20.14614,18.2067
1690535496786,0.42068,0.29468,1,20.10278,18.01409
1690535496792,0.41431,0.28881,1,20.14524,18.15352
1690535496799,0.41997,0.29489,1,19.86214,18.13126
1690535496806,0.4102,0.30196,1,20.06913,18.08649
1690535496812,0.43529,0.2993,1,20.05212,17.78366
1690535496819,0.42831,0.29233,1,19.97934,18.06035
1690535496826,0.4446,0.32137,1,20.06953,18.13884
1690535496832,0.4403,0.30189,1,20.1359,18.10556
1690535496839,0.43305,0.30705,1,20.20746,18.00555
1690535496846,0.41134,0.30624,1,20.16901,17.96181
1690535496852,0.42291,0.32857,1,20.27361,17.84584
1690535496859,0.4191,0.32991,1,20.11278,17.99769
1690535496866,0.41853,0.3392,1,20.08123,18.06349
1690535496872,0.42286,0.35662,1,19.96632,18.02537
1690535496879,0.43817,0.35844,1,19.82309,18.02997
1690535496886,0.44639,0.37177,1,20.14895,17.95145
1690535496892,0.45074,0.39412,1,19.93294,18.05133
1690535496899,0.44462,0.36643,1,20.16815,17.8874
1690535496906,0.43604,0.36883,1,20.12945,18.07655
1690535496912,0.45376,0.39148,1,20.43472,17.88171
1690535496919,0.46459,0.41503,1,20.18763,17.96389
1690535496926,0.4583,0.41833,1,20.39606,17.91022
1690535496932,0.4703,0.43447,1,20.5042,17.82395
1690535496939,0.46208,0.43851,1,20.56682,17.50358
1690535496946,0.4606,0.42628,1,20.33488,17.40464
1690535496952,0.47358,0.42919,1,20.36192,17.46526
1690535496959,0.47265,0.40763,1,20.2016,17.50255
1690535496966,0.46911,0.40834,1,20.59533,17.54337
1690535496972,0.48463,0.40246,1,20.43866,17.44467
1690535496979,0.4903,0.40972,1,20.20928,17.35716
1690535496986,0.49318,0.42935,1,20.34599,16.98236
1690535496992,0.49137,0.42865,1,20.29768,17.27265
1690535496999,0.48962,0.42153,1,20.01492,17.18943
1690535497006,0.48934,0.43118,1,19.86666,17.19432
1690535497012,0.49248,0.41786,1,19.94291,17.36948
1690535497019,0.49022,0.41353,1,19.923,17.30137
1690535497026,0.49161,0.3748,1,19.86944,17.32664
1690535497032,0.474,0.37215,1,19.79672,17.31028
1690535497039,0.46296,0.35339,1,19.94637,17.32584
1690535497046,0.44713,0.36384,1,19.65607,17.29806
1690535497052,0.44098,0.37986,1,19.61382,17.32182
1690535497059,0.44678,0.34583,1,19.72284,17.30909
1690535497066,0.4413,0.34721,1,19.61596,17.2998
1690535497072,0.437,0.36837,1,19.67745,17.2792
1690535497079,0.4405,0.36323,1,19.87082,17.48826
1690535497086,0.44344,0.3438,1,19.5501,17.3316
1690535497092,0.43311,0.30127,1,19.66782,17.28612
1690535497099,0.42568,0.31501,1,19.39478,17.4039
1690535497106,0.42502,0.33795,1,19.51329,17.43519
1690535497112,0.41033,0.36085,1,19.66901,17.6069
1690535497119,0.42137,0.34138,1,19.41008,17.5328
1690535497126,0.43609,0.35002,1,19.23802,17.64358
1690535497132,0.43332,0.35781,1,19.58815,17.39306
1690535497139,0.43141,0.3527,1,19.37627,17.46756
1690535497146,0.43201,0.34713,1,19.51368,17.65798
1690535497152,0.42816,0.32995,1,19.36158,17.60958
1690535497159,0.42598,0.32878,1,19.41782,17.36349
1690535497166,0.41371,0.34506,1,19.41614,17.71535
1690535497172,0.4261,0.39037,1,19.34347,17.4924
1690535497179,0.41137,0.37937,1,19.48705,17.41426
1690535497186,0.41312,0.36989,1,19.29678,17.5859
1690535497192,0.4094,0.39226,1,19.12075,17.82986
1690535497199,0.38677,0.39353,1,19.12155,17.94562
1690535497206,0.38349,0.39008,1,19.1206,17.75926
1690535497212,0.40145,0.39322,1,19.21682,17.64205
1690535497219,0.38631,0.3953,1,19.31045,17.6462
1690535497226,0.38863,0.42204,1,19.20078,17.72218
1690535497232,0.38305,0.41913,1,19.27097,17.50648
1690535497239,0.38959,0.42581,1,19.07538,17.58952
1690535497246,0.40514,0.43225,1,19.12243,17.56937
1690535497252,0.39345,0.44851,1,19.11266,17.42794
1690535497259,0.40403,0.43542,1,19.03967,17.58814
1690535497266,0.3986,0.39722,1,19.2538,17.70952
1690535497272,0.40333,0.40618,1,19.25157,17.69877
1690535497279,0.39292,0.36217,1,19.31721,17.58992
1690535497286,0.3934,0.35577,1,19.39469,17.67958
1690535497292,0.39088,0.33997,1,19.16171,17.76371
1690535497299,0.3928,0.35234,1,19.30802,17.75355
1690535497306,0.38244,0.35112,1,19.39655,18.03826
1690535497312,0.38882,0.35679,1,19.39593,17.83477
1690535497319,0.38903,0.36538,1,19.35179,18.06824
1690535497326,0.37818,0.37777,1,19.26634,18.04529
1690535497332,0.37744,0.33713,1,19.25631,17.86052
1690535497339,0.37203,0.3596,1,19.44706,17.71092
1690535497346,0.37217,0.34709,1,19.29217,17.6545
1690535497352,0.38055,0.34113,1,19.27792,17.93666
1690535497359,0.37261,0.3738,1,19.09519,17.71267
1690535497366,0.36507,0.3566,1,19.10869,17.62888
1690535497372,0.37053,0.34722,1,19.18836,17.88649
1690535497379,0.3624,0.33863,1,19.06687,17.70301
1690535497386,0.36065,0.32803,1,19.26922,17.76378
1690535497392,0.35726,0.32614,1,19.18729,17.8494
1690535497399,0.37424,0.31443,1,19.23348,17.94524
1690535497406,0.36735,0.27718,1,19.17751,18.1778
1690535497412,0.37177,0.28132,1,19.06301,18.12079
1690535497419,0.35725,0.2828,1,19.36743,17.90638
1690535497426,0.36157,0.25604,1,19.3435,17.99363
1690535497432,0.3656,0.24788,1,19.23467,18.3112
1690535497439,0.36322,0.24152,1,19.26086,18.30798
1690535497446,0.37327,0.21739,1,19.19194,18.1451
1690535497452,0.38855,0.20533,1,19.1851,18.07044
1690535497459,0.38665,0.21603,1,19.23349,18.18331
1690535497466,0.3642,0.18276,1,19.17961,18.10114
1690535497472,0.36119,0.20087,1,19.18519,18.22814
1690535497479,0.3634,0.19119,1,19.08929,17.90834
1690535497486,0.35953,0.17183,1,19.16921,17.88069
1690535497492,0.35451,0.15084,1,19.17345,18.15679
1690535497499,0.36766,0.14814,1,19.05842,18.06924
1690535497506,0.37251,0.16169,1,19.16141,17.9611
1690535497512,0.383,0.16847,1,19.05027,18.10009
1690535497519,0.38082,0.17541,1,18.94619,17.96656
1690535497526,0.36933,0.17245,1,19.02943,18.01286
1690535497532,0.38649,0.15138,1,19.24165,17.96761
1690535497539,0.38333,0.12874,1,19.32657,18.1069
1690535497546,0.38799,0.11562,1,19.45208,18.00511
1690535497552,0.38448,0.16149,1,19.2286,18.09673
1690535497559,0.37651,0.1609,1,19.15329,17.84954
1690535497566,0.37896,0.16611,1,19.31815,17.66646
1690535497572,0.37606,0.19616,1,19.28847,17.6987
1690535497579,0.37842,0.19008,1,19.16936,17.7875
1690535497586,0.3639,0.16676,1,19.28796,17.59347
1690535497592,0.35431,0.15048,1,19.17209,17.56507
1690535497599,0.34947,0.16288,1,19.2494,17.51827
1690535497606,0.34202,0.18209,1,19.22053,17.60039
1690535497612,0.34388,0.18035,1,18.8459,17.41657
1690535497619,0.34729,0.18473,1,18.97583,17.58743
1690535497626,0.35258,0.16721,1,19.05493,17.66246
1690535497632,0.36819,0.17655,1,19.01429,17.64761
1690535497639,0.36828,0.17329,1,19.08557,17.53309
1690535497646,0.36314,0.17633,1,18.9558,17.87056
1690535497652,0.34366,0.17502,1,18.8876,17.63063
1690535497659,0.35529,0.17444,1,18.98483,17.71898
1690535497666,0.35656,0.16607,1,18.85062,17.64848
1690535497672,0.35316,0.13741,1,19.08959,17.51674
1690535497679,0.3499,0.12504,1,18.89352,17.55983
1690535497686,0.35042,0.08793,1,18.90523,17.67656
1690535497692,0.35096,0.0872,1,18.91828,17.21126
1690535497699,0.35238,0.06973,1,18.76574,17.39629
1690535497706,0.35922,0.06336,1,18.66691,17.18839
1690535497712,0.36273,0.05552,1,18.57722,17.05035
1690535497719,0.35194,0.08759,1,18.51636,17.36403
1690535497726,0.3634,0.13285,1,18.67612,17.32847
1690535497732,0.35694,0.13838,1,18.87295,17.24582
1690535497739,0.3783,0.15939,1,18.92215,17.14141
1690535497746,0.38454,0.19488,1,18.94667,17.28828
1690535497752,0.39107,0.17131,1,18.61974,17.19983
1690535497759,0.39303,0.1688,1,18.7853,17.2757
1690535497766,0.3947,0.19528,1,18.78137,16.96984
1690535497772,0.40778,0.17621,1,18.85531,17.06216
1690535497779,0.41046,0.20429,1,18.82683,17.08895
1690535497786,0.41688,0.1958,1,18.55929,17.0901
1690535497792,0.42897,0.18901,1,18.61445,16.98673
1690535497799,0.43096,0.20669,1,18.51129,16.95532
1690535497806,0.43827,0.2044,1,18.66789,17.0769
1690535497812,0.44023,0.22599,1,18.57093,16.99322
1690535497819,0.44683,0.21721,1,18.38046,16.95849
1690535497826,0.44451,0.19445,1,18.64387,17.04456
1690535497832,0.45121,0.17088,1,18.80404,16.99709
1690535497839,0.46038,0.18915,1,18.61112,16.91108
1690535497846,0.45805,0.17655,1,18.71793,16.71321
1690535497852,0.46489,0.17516,1,18.80989,16.6062
1690535497859,0.47343,0.18904,1,18.81235,16.88211
1690535497866,0.46973,0.18024,1,18.64894,16.683
1690535497872,0.46269,0.20647,1,18.7519,16.9751
1690535497879,0.43681,0.21553,1,18.76577,16.79772
1690535497886,0.42577,0.19675,1,18.78208,17.06094
1690535497892,0.41555,0.18422,1,18.97486,16.88181
1690535497899,0.40632,0.159,1,18.68315,16.82449
1690535497906,0.39234,0.16612,1,19.03273,17.02083
1690535497912,0.40659,0.16307,1,18.83062,17.08511
1690535497919,0.42967,0.15219,1,18.95279,16.83366
1690535497926,0.43608,0.17633,1,18.6459,16.98181
1690535497932,0.43196,0.21363,1,18.64018,16.84126
1690535497939,0.43067,0.23657,1,18.69823,16.93754
1690535497946,0.43222,0.23205,1,18.8595,16.87854
1690535497952,0.4464,0.23583,1,19.01199,16.8366
1690535497959,0.43807,0.25581,1,18.80776,16.91403
1690535497966,0.44402,0.24244,1,19.03454,16.84622
1690535497972,0.44182,0.24772,1,19.09091,16.91566
1690535497979,0.44478,0.25277,1,18.91378,16.61579
1690535497986,0.4376,0.28504,1,18.88677,16.81442
1690535497992,0.43824,0.26849,1,19.10988,16.91405
1690535497999,0.45528,0.29933,1,18.98352,16.97714
1690535498006,0.44741,0.30966,1,18.98253,16.95598
1690535498012,0.4431,0.29419,1,18.88155,16.75593
1690535498019,0.42847,0.32214,1,19.22043,16.81747
1690535498026,0.42856,0.29628,1,18.89336,17.09423
1690535498032,0.42321,0.29697,1,18.89024,17.08408
1690535498039,0.42308,0.30614,1,19.13416,17.15057
1690535498046,0.41521,0.3419,1,19.02055,17.06598
1690535498052,0.41014,0.31668,1,18.9363,17.01996
1690535498059,0.40821,0.28979,1,19.0568,16.83056
1690535498066,0.40378,0.2934,1,19.25494,16.79422
1690535498072,0.40911,0.30625,1,19.17035,16.78041
1690535498079,0.40588,0.29542,1,19.3275,16.69323
1690535498086,0.40928,0.27657,1,18.97098,16.65882
1690535498092,0.41591,0.25088,1,18.98616,16.81359
1690535498099,0.40731,0.23088,1,18.91754,16.69312
1690535498106,0.40486,0.24013,1,18.9803,16.85959
1690535498112,0.39571,0.24028,1,18.96652,16.67238
1690535498119,0.39159,0.22902,1,18.9721,16.77966
1690535498126,0.3772,0.18219,1,18.94242,16.72916
1690535498132,0.37472,0.18035,1,19.17338,16.67666
1690535498139,0.3741,0.13768,1,19.13708,16.62437
1690535498146,0.37966,0.14489,1,19.29437,16.27114
1690535498152,0.37186,0.14197,1,19.1179,16.46442
1690535498159,0.38034,0.1247,1,19.28032,16.20291
1690535498166,0.36541,0.14715,1,19.21939,16.22928
1690535498172,0.37237,0.15955,1,19.20338,16.28573
1690535498179,0.38105,0.15141,1,19.23379,16.44011
1690535498186,0.37985,0.13025,1,19.20254,16.35078
1690535498192,0.38087,0.12609,1,19.41688,16.37064
1690535498199,0.39845,0.14236,1,19.42307,16.25308
1690535498206,0.39561,0.14248,1,19.12063,16.29008
1690535498212,0.3825,0.1638,1,19.53575,16.36288
1690535498219,0.38885,0.15764,1,19.35001,16.44635
1690535498226,0.38617,0.16001,1,19.49658,16.30417
1690535498232,0.38733,0.15268,1,19.44962,16.14386
1690535498239,0.3839,0.15091,1,19.71953,16.19982
1690535498246,0.36807,0.16081,1,19.5624,16.26826
1690535498252,0.37429,0.17315,1,19.4405,16.09389
1690535498259,0.37326,0.16142,1,19.46195,16.19789
1690535498266,0.37729,0.15615,1,19.65368,16.15088
1690535498272,0.37058,0.13878,1,19.49245,16.38892
1690535498279,0.35975,0.15189,1,19.33636,16.29859
1690535498286,0.35107,0.12543,1,19.2524,16.26481
1690535498292,0.35851,0.12918,1,19.15508,16.30868
1690535498299,0.34826,0.13289,1,18.97483,16.40878
1690535498306,0.37148,0.14595,1,18.87154,16.51619
1690535498312,0.36535,0.13022,1,19.01624,16.34267
1690535498319,0.35988,0.0835,1,19.12408,16.21039
1690535498326,0.35906,0.09632,1,19.14396,16.25276
1690535498332,0.35038,0.07294,1,19.14366,16.26896
1690535498339,0.36424,0.08174,1,19.11918,16.47843
1690535498346,0.35842,0.07925,1,18.8961,16.17598
1690535498352,0.3633,0.08481,1,18.66025,16.63725
1690535498359,0.38042,0.07012,1,18.83194,16.3118
1690535498366,0.37625,0.07928,1,18.64382,16.41498
1690535498372,0.38031,0.05754,1,18.52636,16.29991
1690535498379,0.37502,0.00749,1,18.61472,16.28189
1690535498386,0.395,-0.01125,1,18.51793,16.39984
1690535498392,0.38864,0.02047,1,18.59683,16.32318
1690535498399,0.38533,0.0121,1,18.75806,16.31662
1690535498406,0.39957,0.02488,1,18.68766,16.26942
1690535498412,0.4091,0.01655,1,18.82508,16.5764
1690535498419,0.4183,0.01886,1,18.73358,16.28605
1690535498426,0.41817,0.011,1,18.74585,16.55074
1690535498432,0.41301,0.00873,1,18.60475,16.53473
1690535498439,0.40175,0.01503,1,18.65078,16.34412
1690535498446,0.40631,0.01832,1,18.71917,16.0463
1690535498452,0.42629,0.01523,1,18.80464,16.26704
1690535498459,0.43515,0.02183,1,18.85302,16.04946
1690535498466,0.41363,0.00895,1,18.7794,16.25734
1690535498472,0.41408,0.00687,1,18.73408,16.41391
1690535498479,0.42012,0.00043,1,18.87395,16.38589
1690535498486,0.42663,0.00267,1,18.84911,16.40459
1690535498492,0.43291,0.00645,1,19.12102,16.25503
1690535498499,0.4421,0.03301,1,18.94839,16.07887
1690535498506,0.45425,0.03912,1,18.8812,16.30719
1690535498512,0.45851,0.04016,1,18.70604,16.5959
1690535498519,0.44485,0.03526,1,18.84005,16.27094
1690535498526,0.43648,0.02983,1,18.5361,16.43107
1690535498532,0.45357,0.03975,1,18.69391,16.28863
1690535498539,0.45171,0.04022,1,18.80381,16.15052
1690535498546,0.44519,0.03177,1,18.46462,16.14016
1690535498552,0.44264,0.03835,1,18.79092,16.36303
1690535498559,0.43873,0.05579,1,18.4998,16.17104
1690535498566,0.45547,0.08386,1,18.70846,16.36471
1690535498572,0.46716,0.08881,1,18.62437,16.21078
1690535498579,0.48509,0.06442,1,18.41193,16.15323
1690535498586,0.48383,0.08614,1,18.7896,16.42292
1690535498592,0.48461,0.07402,1,18.46269,16.25809
1690535498599,0.47404,0.09665,1,18.55884,16.4987
1690535498606,0.47556,0.08019,1,18.50354,16.16924
1690535498612,0.46851,0.06738,1,18.56126,16.30582
1690535498619,0.47036,0.08824,1,18.44446,16.181
1690535498626,0.46944,0.04724,1,18.50279,16.29787
1690535498632,0.47359,0.04769,1,18.8215,16.2359
1690535498639,0.45621,0.06646,1,18.61252,16.33903
1690535498646,0.45421,0.06952,1,18.77133,16.28507
1690535498652,0.43895,0.06892,1,18.90725,16.3963
1690535498659,0.4311,0.07162,1,18.73349,16.6194
1690535498666,0.43672,0.05651,1,18.54341,16.57413
1690535498672,0.42413,0.0589,1,18.62364,16.53812
1690535498679,0.42156,0.07111,1,18.39861,16.47059
1690535498686,0.41539,0.03432,1,18.38731,16.72752
1690535498692,0.40364,0.00404,1,18.38083,16.85591
1690535498699,0.41747,0.0207,1,18.52078,16.62902
1690535498706,0.40219,0.02708,1,18.36259,16.5589
1690535498712,0.39856,0.06956,1,18.19955,16.56634
1690535498719,0.3935,0.05862,1,18.3348,16.66162
1690535498726,0.38599,0.07934,1,18.35081,16.32004
1690535498732,0.38737,0.08931,1,18.26283,16.54399
1690535498739,0.38837,0.07338,1,18.34637,16.36869
1690535498746,0.3735,0.07869,1,18.37669,16.40852
1690535498752,0.36896,0.08539,1,18.60694,16.38772
1690535498759,0.35995,0.07407,1,18.2882,16.25152
1690535498766,0.35658,0.11506,1,18.43673,16.32743
1690535498772,0.35603,0.0975,1,18.2952,16.52977
1690535498779,0.36614,0.1242,1,18.31931,16.52503
1690535498786,0.35521,0.17044,1,18.4958,16.4055
1690535498792,0.34326,0.16609,1,18.55069,16.38541
1690535498799,0.344,0.1962,1,18.46695,16.54521
1690535498806,0.34228,0.1702,1,18.45139,16.49658
1690535498812,0.3252,0.1741,1,18.50109,16.39967
1690535498819,0.33199,0.16318,1,18.39177,16.67901
1690535498826,0.33379,0.13713,1,18.42232,16.52666
1690535498832,0.33965,0.14093,1,18.24846,16.50889
1690535498839,0.34375,0.16683,1,18.38511,16.66671
1690535498846,0.34074,0.1581,1,18.3474,16.47527
1690535498852,0.33911,0.15727,1,18.24775,16.74697
1690535498859,0.34357,0.16181,1,18.20847,16.7826
1690535498866,0.34316,0.17641,1,18.15404,16.78677
1690535498872,0.33135,0.18723,1,18.16109,16.82987
1690535498879,0.32284,0.22161,1,18.30379,16.77782
1690535498886,0.31716,0.26033,1,18.24692,16.62437
1690535498892,0.31156,0.28491,1,18.20858,16.7253
1690535498899,0.30617,0.27034,1,18.3784,16.69221
1690535498906,0.28776,0.26052,1,18.24984,16.63891
1690535498912,0.27267,0.28138,1,18.30149,16.2695
1690535498919,0.26681,0.27646,1,18.14003,16.43724
1690535498926,0.27207,0.27956,1,17.963,16.53433
1690535498932,0.28754,0.25067,1,18.38272,16.63968
1690535498939,0.28853,0.24373,1,18.29248,16.59244
1690535498946,0.29646,0.21968,1,18.10003,16.54702
1690535498952,0.28975,0.23636,1,18.15418,16.7695
1690535498959,0.28809,0.24072,1,18.13244,16.60043
1690535498966,0.28315,0.23449,1,17.95664,16.73613
1690535498972,0.2766,0.23234,1,18.2684,16.67318
1690535498979,0.28325,0.20911,1,18.11231,16.72366
1690535498986,0.26275,0.20364,1,18.19595,16.54312
1690535498992,0.26607,0.19375,1,18.08769,16.55712
1690535498999,0.25668,0.16107,1,18.05822,16.80686
1690535499006,0.25913,0.17041,1,18.02387,16.70881
1690535499012,0.27301,0.17485,1,18.01888,16.8347
1690535499019,0.28115,0.16344,1,18.12977,16.7422
1690535499026,0.25581,0.17008,1,18.16488,16.98639
1690535499032,0.26648,0.16801,1,18.23445,16.79498
1690535499039,0.2743,0.15395,1,18.16967,16.94291
1690535499046,0.28301,0.14552,1,18.15608,16.85793
1690535499052,0.2808,0.17101,1,18.07821,16.71651
1690535499059,0.27494,0.17496,1,18.4089,16.77646
1690535499066,0.27422,0.14248,1,18.56842,16.95332
1690535499072,0.26847,0.14829,1,18.35987,17.25569
1690535499079,0.26761,0.11782,1,18.6418,17.14771
1690535499086,0.26762,0.16053,1,18.20203,17.0974
1690535499092,0.2708,0.15187,1,18.41899,17.02681
1690535499099,0.27539,0.14223,1,18.29254,16.92413
1690535499106,0.27572,0.15292,1,18.2842,17.0441
1690535499112,0.28384,0.13332,1,18.31942,16.92632
1690535499119,0.27771,0.13705,1,18.33119,16.88777
1690535499126,0.28068,0.13822,1,18.37841,16.81976
1690535499132,0.28333,0.12847,1,18.03226,16.72527
1690535499139,0.27269,0.15145,1,18.29576,16.87912
1690535499146,0.27324,0.17181,1,18.22538,16.67668
1690535499152,0.26517,0.22116,1,18.27878,16.85901
1690535499159,0.2718,0.19956,1,18.20733,16.64762
1690535499166,0.25924,0.20577,1,18.12979,16.72174
1690535499172,0.25749,0.21926,1,18.16886,16.4386
1690535499179,0.26775,0.22844,1,18.34002,16.5767
1690535499186,0.25834,0.21866,1,18.26145,16.71641
1690535499192,0.26299,0.21695,1,18.11251,16.51959
1690535499199,0.27487,0.20722,1,18.39219,16.76359
1690535499206,0.27226,0.18397,1,18.35044,16.57769
1690535499212,0.2546,0.1663,1,18.08308,16.60458
1690535499219,0.25999,0.15129,1,18.20427,16.46276
1690535499226,0.2652,0.15612,1,18.33965,16.59925
1690535499232,0.27787,0.16072,1,18.05947,16.62778
1690535499239,0.28981,0.16874,1,17.90294,16.74199
1690535499246,0.28788,0.16166,1,18.17848,16.4093
1690535499252,0.28711,0.19789,1,17.79151,16.80588
1690535499259,0.29399,0.17019,1,17.61843,16.53616
1690535499266,0.30701,0.15185,1,17.76332,16.60734
1690535499272,0.31924,0.17694,1,18.00341,16.42622
1690535499279,0.31326,0.15649,1,17.6502,16.63049
1690535499286,0.31852,0.16192,1,17.825,16.63368
1690535499292,0.31746,0.14244,1,17.78868,16.56873
1690535499299,0.32215,0.1417,1,17.74199,16.80093
1690535499306,0.32584,0.13386,1,17.52905,16.60292
1690535499312,0.31181,0.13873,1,17.57226,16.43161
1690535499319,0.32445,0.15414,1,17.4182,16.69535
1690535499326,0.31541,0.17743,1,17.58348,16.49391
1690535499332,0.3214,0.17656,1,17.72416,16.65828
1690535499339,0.31205,0.18521,1,17.43148,16.62865
1690535499346,0.30761,0.18737,1,17.61236,16.62968
1690535499352,0.30469,0.19011,1,17.38941,16.63446
1690535499359,0.30771,0.15626,1,17.40071,16.63839
1690535499366,0.31387,0.14046,1,17.67957,16.50855
1690535499372,0.30467,0.13122,1,17.27599,16.5395
1690535499379,0.29381,0.14814,1,17.4484,16.41945
1690535499386,0.27442,0.15223,1,17.43771,16.8711
1690535499392,0.27342,0.15976,1,17.55633,16.85548
1690535499399,0.26681,0.16108,1,17.64997,17.02203
1690535499406,0.26223,0.13873,1,17.51646,16.62412
1690535499412,0.25958,0.15959,1,17.52497,17.0265
1690535499419,0.24422,0.1843,1,17.70337,17.00445
1690535499426,0.24984,0.17102,1,17.6976,17.15626
1690535499432,0.26331,0.1553,1,17.69488,17.01613
1690535499439,0.26506,0.13008,1,17.37184,17.30274
1690535499446,0.27047,0.12426,1,17.57055,17.15267
1690535499452,0.26543,0.11055,1,17.41457,17.2043
1690535499459,0.26476,0.08924,1,17.33566,17.23993
1690535499466,0.25661,0.07672,1,17.39213,17.37955
1690535499472,0.24137,0.09283,1,17.25687,17.34938
1690535499479,0.24812,0.09416,1,17.24417,17.31581
1690535499486,0.25445,0.09883,1,17.25189,17.25734
1690535499492,0.26571,0.09987,1,17.28797,17.31143
1690535499499,0.27326,0.1182,1,17.30705,17.29505
1690535499506,0.2705,0.11234,1,17.56554,17.61044
1690535499512,0.27014,0.10218,1,17.23656,17.58222
1690535499519,0.2826,0.12426,1,17.43016,17.54238
1690535499526,0.27911,0.16096,1,17.30313,17.58697
1690535499532,0.2798,0.15106,1,17.14556,17.62404
1690535499539,0.28855,0.15892,1,17.22782,17.51172
1690535499546,0.28106,0.16752,1,17.17911,17.4667
1690535499552,0.26684,0.18154,1,17.66611,17.46869
1690535499559,0.27082,0.16645,1,17.42981,17.58933
1690535499566,0.26016,0.17258,1,17.44978,17.74955
1690535499572,0.27027,0.17746,1,17.25848,17.76991
1690535499579,0.2801,0.19617,1,17.65338,17.83782
1690535499586,0.28685,0.22264,1,17.51338,17.86757
1690535499592,0.27639,0.207,1,17.64237,17.89185
1690535499599,0.27955,0.18168,1,17.44563,17.51034
1690535499606,0.28831,0.20845,1,17.67994,17.55489
1690535499612,0.29248,0.18461,1,17.53685,17.64948
1690535499619,0.29293,0.22667,1,17.63901,17.63099
1690535499626,0.30804,0.22966,1,17.84004,17.73813
1690535499632,0.31928,0.23836,1,17.45786,17.43078
1690535499639,0.32683,0.2341,1,17.51778,17.86096
1690535499646,0.32312,0.23535,1,17.76954,17.56478
1690535499652,0.32473,0.25003,1,17.65019,17.74993
1690535499659,0.32056,0.24715,1,17.81541,18.12725
1690535499666,0.32199,0.19018,1,17.69121,17.86388
1690535499672,0.30065,0.17135,1,17.62812,17.6169
1690535499679,0.30251,0.14805,1,17.5428,17.51981
1690535499686,0.30733,0.15418,1,17.63758,17.75341
1690535499692,0.30942,0.11522,1,17.66292,17.70049
1690535499699,0.30978,0.10044,1,17.50632,17.82949
1690535499706,0.30349,0.1076,1,17.50925,17.50291
1690535499712,0.31112,0.09354,1,17.38177,17.64833
1690535499719,0.30584,0.1094,1,17.64393,17.33243
1690535499726,0.31418,0.10841,1,17.61136,17.30362
1690535499732,0.31387,0.11495,1,17.6801,17.3899
1690535499739,0.3298,0.07931,1,17.67055,17.24657
1690535499746,0.33858,0.05324,1,17.40378,17.34824
1690535499752,0.33729,0.08341,1,17.73476,17.42173
1690535499759,0.34678,0.03787,1,17.57606,17.38318
1690535499766,0.33878,0.05692,1,17.48995,17.18256
1690535499772,0.33126,0.05788,1,17.62611,17.15718
1690535499779,0.33171,0.07381,1,17.51973,17.1936
1690535499786,0.33693,0.0962,1,17.58088,17.22202
1690535499792,0.3331,0.08502,1,17.61481,17.40076
1690535499799,0.33554,0.07619,1,17.64374,17.29616
1690535499806,0.33653,0.07391,1,17.81412,17.1696
1690535499812,0.32454,0.07766,1,17.42844,17.1626
1690535499819,0.32905,0.09265,1,17.58124,17.05466
1690535499826,0.3428,0.11755,1,17.54187,17.03169
1690535499832,0.35225,0.1062,1,17.62876,17.1608
1690535499839,0.34845,0.10193,1,17.49124,17.27335
1690535499846,0.34441,0.09005,1,17.42334,17.06085
1690535499852,0.34964,0.10422,1,17.41266,17.16408
1690535499859,0.35813,0.08165,1,17.39307,17.02786
1690535499866,0.35822,0.07494,1,17.28112,17.12719
1690535499872,0.36831,0.0692,1,17.51507,16.87314
1690535499879,0.37406,0.08229,1,17.31516,16.98515
1690535499886,0.39329,0.08723,1,17.3996,16.9071
1690535499892,0.39536,0.08857,1,17.37651,16.8287
1690535499899,0.39417,0.09305,1,17.84431,16.82421
1690535499906,0.39263,0.10037,1,17.61906,16.86298
1690535499912,0.38697,0.08506,1,17.61418,16.8126
1690535499919,0.38328,0.07641,1,17.49725,16.64049
1690535499926,0.38235,0.08562,1,17.04603,17.05924
1690535499932,0.39217,0.11,1,17.3289,16.82188
1690535499939,0.39939,0.10358,1,17.31652,16.75892
1690535499946,0.42123,0.09157,1,17.58296,16.8146
1690535499952,0.41803,0.07211,1,17.73682,16.94029
1690535499959,0.4089,0.10271,1,17.65886,16.94281
1690535499966,0.41474,0.09981,1,17.49567,17.0864
1690535499972,0.41524,0.0832,1,17.60101,16.91457
1690535499979,0.41456,0.07498,1,17.42005,16.7908
1690535499986,0.41279,0.0492,1,17.52225,16.84369
1690535499992,0.41531,0.03603,1,17.48766,16.97598
1690535499999,0.41493,0.04124,1,17.4911,17.02907
1690535500006,0.41399,0.07787,1,17.37236,16.96961
1690535500012,0.42902,0.08406,1,17.31495,16.90355
1690535500019,0.4268,0.10416,1,17.45855,16.78362
1690535500026,0.4242,0.09018,1,17.35421,17.10231
1690535500032,0.43652,0.07339,1,17.39359,17.08321
1690535500039,0.44667,0.08172,1,17.27287,17.07717
1690535500046,0.4291,0.09822,1,17.29312,17.14447
1690535500052,0.43699,0.1229,1,17.01842,17.22808
1690535500059,0.45339,0.14603,1,16.98361,17.26658
1690535500066,0.46386,0.1221,1,17.00579,17.14811
1690535500072,0.47094,0.10164,1,17.00194,17.08423
1690535500079,0.47226,0.12908,1,17.12699,17.19248
1690535500086,0.46312,0.16941,1,17.0055,17.39202
1690535500092,0.4628,0.16071,1,17.08356,17.42034
1690535500099,0.47561,0.16193,1,17.26088,17.50868
1690535500106,0.47965,0.15834,1,17.08039,17.68861
1690535500112,0.47044,0.17458,1,17.12055,17.63705
1690535500119,0.46065,0.18128,1,16.89614,17.54831
1690535500126,0.44877,0.17969,1,17.01944,17.48772
1690535500132,0.44599,0.19851,1,16.85515,17.38398
1690535500139,0.45096,0.21476,1,17.15819,17.63674
1690535500146,0.45002,0.2245,1,16.91926,17.51636
1690535500152,0.45281,0.21704,1,16.98854,17.36278
1690535500159,0.44257,0.21199,1,17.06231,17.41426
1690535500166,0.44387,0.20037,1,16.76674,17.61492
1690535500172,0.44913,0.18101,1,17.09533,17.40204
1690535500179,0.4468,0.18002,1,16.94521,17.48371
1690535500186,0.44475,0.18365,1,17.1481,17.38675
1690535500192,0.43782,0.24725,1,17.00499,17.44363
1690535500199,0.44936,0.24563,1,17.07209,17.29463
1690535500206,0.4607,0.25461,1,17.02749,17.47407
1690535500212,0.45082,0.23592,1,16.9386,17.30912
1690535500219,0.451,0.25158,1,16.89889,17.33702
1690535500226,0.43973,0.28097,1,17.00289,17.35284
1690535500232,0.43569,0.27784,1,17.1136,17.56671
1690535500239,0.41465,0.25938,1,17.03585,17.24144
1690535500246,0.41077,0.25219,1,16.89361,17.46468
1690535500252,0.40687,0.25633,1,17.10062,17.47955
1690535500259,0.39942,0.27465,1,17.01229,17.46582
1690535500266,0.39549,0.27532,1,16.86126,17.42728
1690535500272,0.38057,0.31082,1,16.9444,17.44332
1690535500279,0.38688,0.31137,1,16.96595,17.2399
1690535500286,0.37757,0.30715,1,16.80182,17.43994
1690535500292,0.38139,0.32548,1,16.88695,17.82534
1690535500299,0.39312,0.32662,1,16.74773,17.36296
1690535500306,0.39388,0.3205,1,16.87461,17.39792
1690535500312,0.39189,0.32242,1,16.99385,17.23909
1690535500319,0.38982,0.29552,1,17.12234,17.36199
1690535500326,0.38185,0.28273,1,17.02916,17.36085
1690535500332,0.37051,0.24187,1,16.91472,17.55333
1690535500339,0.37011,0.23882,1,16.80067,17.40131
1690535500346,0.3684,0.22459,1,16.82786,17.59218
1690535500352,0.36869,0.19825,1,16.99176,17.42141
1690535500359,0.35482,0.21258,1,16.9064,17.53017
1690535500366,0.34476,0.24721,1,17.02082,17.36482
1690535500372,0.3468,0.23563,1,17.09058,17.25102
1690535500379,0.35853,0.23472,1,17.0278,17.30642
1690535500386,0.37177,0.25523,1,17.05632,17.55503
1690535500392,0.36749,0.22515,1,17.12481,17.26521
1690535500399,0.37745,0.20685,1,17.12266,17.16427
1690535500406,0.38457,0.18564,1,17.26738,17.23668
1690535500412,0.38669,0.17966,1,17.51948,17.21445
1690535500419,0.39218,0.17951,1,17.49113,17.2748
1690535500426,0.40618,0.16725,1,17.05878,17.18888
1690535500432,0.41014,0.16868,1,17.41119,17.16467
1690535500439,0.41072,0.16642,1,17.72775,17.3151
1690535500446,0.39788,0.13809,1,17.82053,17.48529
1690535500452,0.40719,0.11658,1,17.73115,17.59438
1690535500459,0.42477,0.11018,1,17.55275,17.42088
1690535500466,0.40935,0.08776,1,17.41813,17.33424
1690535500472,0.40792,0.0917,1,17.6125,17.61509
1690535500479,0.3976,0.10271,1,17.61415,17.31678
1690535500486,0.39976,0.10144,1,17.62118,17.23284
1690535500492,0.40773,0.09182,1,17.77415,17.21087
1690535500499,0.39932,0.0752,1,17.77949,17.12213
1690535500506,0.39957,0.05976,1,17.70721,17.02338
1690535500512,0.39876,0.03503,1,17.74496,17.14467
1690535500519,0.40529,0.03749,1,17.83129,17.42561
1690535500526,0.41873,0.05719,1,17.61889,17.26301
1690535500532,0.42622,0.01689,1,17.85612,17.43971
1690535500539,0.42826,0.01989,1,17.73835,17.63875
1690535500546,0.45204,0.0245,1,17.69562,17.51329
1690535500552,0.45835,0.03544,1,17.82877,17.67476
1690535500559,0.47423,-0.00117,1,17.77932,17.47827
1690535500566,0.46959,0.00018,1,17.82239,17.36009
1690535500572,0.47122,0.00576,1,17.94416,17.46696
1690535500579,0.46575,0.00753,1,17.8117,17.50124
1690535500586,0.47074,0.02138,1,17.82143,17.49708
1690535500592,0.45395,-0.00601,1,17.75253,17.73651
1690535500599,0.45556,-0.03829,1,17.89646,17.4929
1690535500606,0.45405,-0.00955,1,17.85583,17.47349
1690535500612,0.46421,0.04012,1,17.76106,17.93877
1690535500619,0.47355,0.03641,1,17.73337,17.54344
1690535500626,0.48267,0.04575,1,17.69523,17.41772
1690535500632,0.50587,0.02585,1,17.85816,17.40002
1690535500639,0.51109,0.02334,1,17.96517,17.35042
1690535500646,0.49324,0.05555,1,17.74084,17.2126
1690535500652,0.49457,0.0477,1,17.72196,17.24403
1690535500659,0.49915,0.03151,1,17.59852,17.34538
1690535500666,0.48692,0.03341,1,17.44926,17.20576
1690535500672,0.48117,0.03309,1,17.53035,17.18787
1690535500679,0.46729,0.04733,1,17.51797,17.16243
1690535500686,0.46436,0.04641,1,17.56728,17.35821
1690535500692,0.46176,0.05699,1,17.46094,17.35446
1690535500699,0.46119,0.05669,1,17.59665,17.19975
1690535500706,0.44614,0.04928,1,17.48535,17.27861
1690535500712,0.457,0.07781,1,17.56819,17.1517
1690535500719,0.45932,0.05557,1,17.53177,17.37877
1690535500726,0.46732,0.05911,1,17.66824,17.2331
1690535500732,0.46919,0.03032,1,17.60098,17.54723
1690535500739,0.48406,0.02646,1,17.78451,17.45226
1690535500746,0.48727,0.04122,1,17.79631,17.39216
1690535500752,0.48176,0.03237,1,17.99258,17.50792
1690535500759,0.49252,0.03396,1,17.64582,17.52767
1690535500766,0.49473,0.01898,1,17.59293,17.53368
1690535500772,0.48287,0.05096,1,17.74724,17.65149
1690535500779,0.49288,0.05362,1,17.71941,17.40791
1690535500786,0.48892,0.06171,1,17.65955,17.5151
1690535500792,0.48906,0.01813,1,17.87027,17.46671
1690535500799,0.49509,0.01553,1,17.79552,17.61436
1690535500806,0.50373,0.02409,1,17.79832,17.53604
1690535500812,0.51655,0.02274,1,17.75214,17.52384
1690535500819,0.52317,0.05507,1,17.74067,17.53934
1690535500826,0.5371,0.07816,1,17.49966,17.48194
1690535500832,0.52104,0.0444,1,17.63479,17.48259
1690535500839,0.52362,0.04249,1,17.66027,17.68025
1690535500846,0.52785,0.04468,1,17.64265,17.70748
1690535500852,0.53459,0.0484,1,17.68649,17.71676
1690535500859,0.52834,0.06299,1,17.70802,17.71902
1690535500866,0.53477,0.05298,1,17.68065,17.9175
1690535500872,0.54254,0.05746,1,17.90718,17.84041
1690535500879,0.54007,0.09185,1,17.68579,17.90659
1690535500886,0.52989,0.06319,1,17.70549,17.78076
1690535500892,0.53814,0.05674,1,17.90499,17.74934
1690535500899,0.53761,0.04594,1,17.85768,17.79657
1690535500906,0.52633,0.03604,1,17.70451,17.85553
1690535500912,0.52647,0.05201,1,17.60725,17.7708
1690535500919,0.5406,0.08285,1,17.61774,17.66026
1690535500926,0.5304,0.09572,1,17.81219,17.94357
1690535500932,0.52855,0.089,1,17.81405,17.83913
1690535500939,0.52503,0.09392,1,17.78466,17.90458
1690535500946,0.5168,0.12152,1,17.80278,18.00501
1690535500952,0.52558,0.10473,1,17.84343,17.71086
1690535500959,0.52289,0.10253,1,17.62211,17.96127
1690535500966,0.50485,0.1085,1,17.81308,17.8698
1690535500972,0.50506,0.12186,1,17.67325,17.74201
1690535500979,0.51829,0.1161,1,17.70557,17.74985
1690535500986,0.52074,0.10353,1,17.65478,17.54948
1690535500992,0.52933,0.05852,1,17.96505,17.69917
1690535500999,0.51427,0.08509,1,17.98872,17.64149
1690535501006,0.51605,0.10803,1,17.76041,17.62717
1690535501012,0.51538,0.16311,1,17.99959,17.88713
1690535501019,0.52029,0.15308,1,18.11811,17.74923
1690535501026,0.52173,0.14249,1,18.09703,17.94226
1690535501032,0.50046,0.16462,1,17.97849,17.96186
1690535501039,0.50763,0.18649,1,18.22877,17.83695
1690535501046,0.50134,0.18291,1,18.18275,17.78241
1690535501052,0.479,0.17501,1,18.14619,17.95822
1690535501059,0.47505,0.18492,1,18.05106,18.01097
1690535501066,0.47704,0.18089,1,18.04526,17.82151
1690535501072,0.49497,0.18183,1,18.03929,17.84045
1690535501079,0.49493,0.16131,1,18.21934,18.00849
1690535501086,0.47837,0.18795,1,18.2391,18.08877
1690535501092,0.46877,0.1828,1,18.03711,18.12766
1690535501099,0.47216,0.175,1,18.10832,18.12766
1690535501106,0.47753,0.20481,1,18.07257,18.0345
1690535501112,0.47339,0.21628,1,18.13277,18.03432
1690535501119,0.4754,0.22329,1,18.12722,18.07467
1690535501126,0.47827,0.2186,1,18.29063,18.22322
1690535501132,0.48127,0.21505,1,18.1539,18.02349
1690535501139,0.48965,0.22495,1,18.08067,18.03553
1690535501146,0.4815,0.25023,1,18.02593,17.97696
1690535501152,0.48271,0.25618,1,18.46039,18.06315
1690535501159,0.48493,0.26854,1,18.33974,18.17572
1690535501166,0.48975,0.258,1,18.47412,18.18101
1690535501172,0.47951,0.27128,1,18.49999,18.27662
1690535501179,0.48724,0.26104,1,18.25958,18.11527
1690535501186,0.48909,0.2493,1,18.32729,18.26711
1690535501192,0.48349,0.24674,1,18.32364,18.36323
1690535501199,0.4767,0.23814,1,18.24242,18.30372
1690535501206,0.48249,0.22994,1,18.31861,18.04347
1690535501212,0.47448,0.19587,1,18.5527,18.18034
1690535501219,0.486,0.23442,1,18.53199,18.16731
1690535501226,0.50014,0.23394,1,18.47639,18.31101
1690535501232,0.49486,0.25895,1,18.42861,18.23034
1690535501239,0.49664,0.26497,1,18.36554,18.3598
1690535501246,0.4849,0.24681,1,18.36098,18.16677
1690535501252,0.49136,0.21312,1,18.56559,18.10619
1690535501259,0.48694,0.2279,1,18.37618,18.18774
1690535501266,0.48005,0.26926,1,18.3681,18.0801
1690535501272,0.48665,0.25425,1,18.16604,18.23384
1690535501279,0.47949,0.23739,1,18.20843,18.14602
1690535501286,0.48592,0.23289,1,18.12046,18.16057
1690535501292,0.47352,0.26844,1,18.17734,18.16832
1690535501299,0.48752,0.25481,1,18.20908,18.03154
1690535501306,0.4968,0.26328,1,18.2524,18.167
1690535501312,0.48339,0.27291,1,18.11604,17.94964
1690535501319,0.47217,0.26491,1,18.04687,17.8687
1690535501326,0.4724,0.25919,1,18.12734,18.17989
1690535501332,0.4634,0.26479,1,18.05535,18.15754
1690535501339,0.4609,0.2502,1,17.90042,17.76962
1690535501346,0.45117,0.25659,1,18.01119,17.94105
1690535501352,0.44815,0.22988,1,18.11022,17.7626
1690535501359,0.44748,0.22329,1,18.02571,17.89129
1690535501366,0.44742,0.24476,1,18.15159,17.76525
1690535501372,0.4562,0.25719,1,18.17072,17.80163
1690535501379,0.4504,0.2619,1,18.32607,18.08061
1690535501386,0.45364,0.2457,1,18.18608,18.04153
1690535501392,0.44583,0.21644,1,18.41957,18.05674
1690535501399,0.44737,0.21254,1,18.23849,17.94383
1690535501406,0.476,0.20411,1,18.0831,17.93635
1690535501412,0.47132,0.19586,1,18.31626,17.94939
1690535501419,0.48873,0.18762,1,18.10244,18.07854
1690535501426,0.48913,0.18056,1,18.1108,17.91007
1690535501432,0.49328,0.20249,1,18.20154,18.03163
1690535501439,0.49206,0.22704,1,18.35849,17.6642
1690535501446,0.48761,0.20685,1,18.33333,17.8642
1690535501452,0.48154,0.22292,1,18.43798,17.65311
1690535501459,0.48061,0.22296,1,18.2754,17.62412
1690535501466,0.49685,0.24584,1,18.29625,17.7575
1690535501472,0.50605,0.25637,1,18.40045,17.72019
1690535501479,0.50446,0.26205,1,18.20815,17.73728
1690535501486,0.51169,0.25817,1,18.21147,17.78944
1690535501492,0.52268,0.2406,1,18.42627,17.93376
1690535501499,0.52184,0.24604,1,18.42396,17.93524
1690535501506,0.51512,0.21657,1,18.56387,17.94923
1690535501512,0.50743,0.24024,1,18.35262,17.91715
1690535501519,0.51423,0.25287,1,18.48105,17.95933
1690535501526,0.4969,0.24602,1,18.39375,17.9239
1690535501532,0.50547,0.23698,1,18.43675,17.81501
1690535501539,0.51488,0.24933,1,18.58848,18.13049
1690535501546,0.51725,0.22776,1,18.33817,18.16451
1690535501552,0.51795,0.24226,1,18.25544,18.05897
1690535501559,0.50793,0.24927,1,18.29277,18.02007
1690535501566,0.50446,0.2381,1,18.29517,18.01645
1690535501572,0.50918,0.20749,1,18.26481,18.02998
1690535501579,0.5046,0.18906,1,18.18212,18.26003
1690535501586,0.50768,0.19672,1,18.44792,18.13061
1690535501592,0.51075,0.19412,1,18.30702,18.08949
1690535501599,0.50126,0.20027,1,18.41895,18.02172
1690535501606,0.49922,0.20616,1,18.40615,18.15166
1690535501612,0.50743,0.22699,1,18.4492,18.14234
1690535501619,0.50492,0.20417,1,18.32121,18.11848
1690535501626,0.50814,0.21742,1,18.27356,18.14711
1690535501632,0.51172,0.21141,1,18.32197,18.06306
1690535501639,0.51294,0.20211,1,18.4879,18.07239
1690535501646,0.51044,0.22611,1,18.32559,18.21611
1690535501652,0.51276,0.2295,1,18.30709,17.98991
1690535501659,0.51788,0.23251,1,18.22131,18.0109
1690535501666,0.52111,0.22634,1,18.11691,18.07205
1690535501672,0.49605,0.25356,1,18.23902,18.2607
1690535501679,0.48869,0.24084,1,18.4145,18.19669
1690535501686,0.49623,0.26011,1,18.48024,18.22726
1690535501692,0.50349,0.25991,1,18.39979,18.22266
1690535501699,0.50186,0.28904,1,18.46737,18.26866
1690535501706,0.49915,0.28346,1,18.38884,18.26557
1690535501712,0.50616,0.29958,1,18.3258,18.30466
1690535501719,0.51145,0.25485,1,18.4976,18.14557
1690535501726,0.50789,0.26602,1,18.26567,18.30016
1690535501732,0.49974,0.24886,1,18.54386,18.09495
1690535501739,0.50259,0.28284,1,18.47843,18.50217
1690535501746,0.50847,0.29977,1,18.50283,18.27059
1690535501752,0.52162,0.2958,1,18.49673,18.20654
1690535501759,0.52818,0.26372,1,18.55003,18.08548
1690535501766,0.53849,0.2731,1,18.67539,17.92503
1690535501772,0.55609,0.29438,1,18.79444,18.11689
1690535501779,0.54354,0.30712,1,18.75409,18.12916
1690535501786,0.55262,0.28658,1,18.6679,18.23859
1690535501792,0.55586,0.27928,1,18.74461,18.0911
1690535501799,0.55828,0.26268,1,18.61113,18.09717
1690535501806,0.55307,0.24814,1,18.67507,18.17975
1690535501812,0.54923,0.25917,1,18.835,18.09049
1690535501819,0.56366,0.26831,1,18.5881,18.30657
1690535501826,0.56027,0.27438,1,18.84242,18.34418
1690535501832,0.56542,0.29457,1,18.7798,18.45965
1690535501839,0.55757,0.29999,1,18.7694,18.25105
1690535501846,0.54864,0.30585,1,18.7913,18.46163
1690535501852,0.52615,0.31288,1,18.60952,18.00507
1690535501859,0.52989,0.29541,1,18.73451,18.15205
1690535501866,0.52459,0.28138,1,18.73142,18.33498
1690535501872,0.52207,0.25637,1,19.01923,18.20308
1690535501879,0.51721,0.2625,1,18.96088,18.39432
1690535501886,0.498,0.2473,1,18.93414,18.152
1690535501892,0.49421,0.26371,1,18.85683,18.39258
1690535501899,0.50115,0.24758,1,18.86835,18.46576
1690535501906,0.50628,0.21257,1,18.68941,18.26579
1690535501912,0.50624,0.22075,1,18.53347,18.175
1690535501919,0.4985,0.21431,1,18.67512,18.26677
1690535501926,0.49587,0.20038,1,18.72132,17.90127
1690535501932,0.51387,0.19821,1,18.49231,17.99217
1690535501939,0.51813,0.19755,1,18.52302,17.98876
1690535501946,0.50767,0.15765,1,18.83111,18.12042
1690535501952,0.4999,0.13637,1,18.68146,18.09502
1690535501959,0.51029,0.15357,1,18.6864,17.92829
1690535501966,0.50888,0.14998,1,18.81411,18.16027
1690535501972,0.51621,0.17906,1,18.79091,18.08567
1690535501979,0.50955,0.17795,1,18.9947,18.15779
1690535501986,0.51265,0.18279,1,18.81683,18.1492
1690535501992,0.50959,0.17561,1,19.01397,18.0923
1690535501999,0.5155,0.15407,1,19.03658,17.95041
1690535502006,0.51403,0.15752,1,18.83556,18.15202
1690535502012,0.52267,0.16755,1,18.92962,18.04571
1690535502019,0.52829,0.2042,1,19.24872,17.97239
1690535502026,0.55125,0.20647,1,19.04112,18.17377
1690535502032,0.55005,0.19389,1,19.009,18.02368
1690535502039,0.53571,0.18351,1,19.03198,18.23712
1690535502046,0.5299,0.14485,1,19.00925,18.32704
1690535502052,0.53181,0.14408,1,19.08717,18.26738
1690535502059,0.54981,0.13836,1,19.03371,18.07551
1690535502066,0.5578,0.13201,1,18.95378,18.08032
1690535502072,0.53967,0.1583,1,19.1138,17.91379
1690535502079,0.54659,0.1867,1,18.87703,17.90127
1690535502086,0.53008,0.1879,1,18.85597,18.03082
1690535502092,0.51747,0.19102,1,18.94099,17.8478
1690535502099,0.51377,0.21967,1,18.73021,17.79269
1690535502106,0.50552,0.21508,1,18.9294,18.17947
1690535502112,0.51492,0.22086,1,18.94758,18.04914
1690535502119,0.49659,0.20415,1,19.11098,17.95615
1690535502126,0.49497,0.24115,1,18.83711,17.94042
1690535502132,0.49051,0.22748,1,19.01649,17.76799
1690535502139,0.49716,0.20903,1,18.68187,18.00877
1690535502146,0.5043,0.216,1,19.04202,17.98873
1690535502152,0.50486,0.22152,1,18.99043,18.03127
1690535502159,0.51448,0.21579,1,18.90558,18.16061
1690535502166,0.5175,0.21868,1,19.12034,17.89698
1690535502172,0.51255,0.2175,1,19.25038,18.03806
1690535502179,0.49038,0.23311,1,19.09935,17.79675
1690535502186,0.47633,0.2253,1,18.86715,18.00793
1690535502192,0.49551,0.22058,1,18.95441,17.66614
1690535502199,0.4999,0.23239,1,18.94724,17.97
1690535502206,0.5058,0.27611,1,19.11135,18.04637
1690535502212,0.51535,0.24951,1,18.76502,18.20896
1690535502219,0.51543,0.2847,1,18.80714,18.03949
1690535502226,0.51697,0.28859,1,18.64888,18.2414
1690535502232,0.50476,0.28208,1,18.41547,18.07913
1690535502239,0.50061,0.28347,1,18.63137,18.23764
1690535502246,0.50315,0.30945,1,18.75372,18.17271
1690535502252,0.51371,0.32945,1,18.69523,18.40471
1690535502259,0.4992,0.30264,1,18.95508,18.5098
1690535502266,0.51072,0.2831,1,18.64656,18.26477
1690535502272,0.51341,0.26992,1,19.07153,18.21732
1690535502279,0.51166,0.2568,1,18.97287,18.26852
1690535502286,0.5096,0.22394,1,19.09398,18.12122
1690535502292,0.50512,0.22667,1,19.02538,18.45714
1690535502299,0.49802,0.25015,1,18.78218,18.26249
1690535502306,0.4916,0.27056,1,18.92954,18.25454
1690535502312,0.49354,0.2873,1,18.71996,18.35389
1690535502319,0.49661,0.28833,1,18.713,18.32384
1690535502326,0.49655,0.30205,1,18.82411,18.25334
1690535502332,0.49086,0.29209,1,18.57153,18.50214
1690535502339,0.48701,0.30033,1,18.83471,18.35927
1690535502346,0.4817,0.30827,1,18.65423,18.23381
1690535502352,0.48942,0.29928,1,18.66181,18.03866
1690535502359,0.48614,0.31475,1,18.73003,18.18822
1690535502366,0.49174,0.35223,1,18.67229,18.30417
1690535502372,0.49207,0.36873,1,18.52979,18.20121
1690535502379,0.47951,0.36123,1,18.43074,18.20033
1690535502386,0.49421,0.34324,1,18.72031,18.24947
1690535502392,0.49329,0.31771,1,18.7155,18.10409
1690535502399,0.49488,0.35729,1,18.83215,18.35285
1690535502406,0.49347,0.37511,1,18.59456,18.25537
1690535502412,0.50971,0.34466,1,18.53739,18.3186
1690535502419,0.51613,0.30807,1,18.80076,18.11655
1690535502426,0.51354,0.32479,1,18.43266,18.20976
1690535502432,0.51371,0.30299,1,18.64686,18.27159
1690535502439,0.51629,0.30448,1,18.62097,18.32242
1690535502446,0.51544,0.31974,1,18.32334,18.4339
1690535502452,0.51203,0.30454,1,18.60497,18.41836
1690535502459,0.51089,0.29024,1,18.50543,18.3474
1690535502466,0.50239,0.31156,1,18.40582,18.47832
1690535502472,0.50051,0.28594,1,18.40928,18.3654
1690535502479,0.49982,0.24507,1,18.36892,18.7239
1690535502486,0.51369,0.24164,1,18.44901,18.68111
1690535502492,0.5298,0.23169,1,18.56585,18.73863
1690535502499,0.53632,0.22948,1,18.24238,18.84902
1690535502506,0.53495,0.25285,1,18.31134,18.86757
1690535502512,0.529,0.26559,1,18.4381,18.68894
1690535502519,0.5365,0.27784,1,18.51123,18.90416
1690535502526,0.52958,0.26676,1,18.50587,18.81425
1690535502532,0.53599,0.25804,1,18.49821,18.50578
1690535502539,0.53183,0.24068,1,18.34084,18.67509
1690535502546,0.54557,0.2301,1,18.2274,18.58887
1690535502552,0.54019,0.2385,1,18.1745,18.64079
1690535502559,0.54624,0.28136,1,18.32447,18.69007
1690535502566,0.54852,0.27953,1,18.39924,18.76967
1690535502572,0.54496,0.29168,1,18.41757,18.61687
1690535502579,0.53695,0.27448,1,18.52768,18.70293
1690535502586,0.52494,0.25939,1,18.44391,18.76779
1690535502592,0.54039,0.2315,1,18.58785,18.68308
1690535502599,0.55039,0.21209,1,18.46596,18.68975
1690535502606,0.55515,0.23823,1,18.51366,18.78374
1690535502612,0.55621,0.2712,1,18.41013,18.68309
1690535502619,0.59096,0.29169,1,18.40166,18.88858
1690535502626,0.57968,0.28441,1,18.3116,18.94119
1690535502632,0.5809,0.28793,1,18.49123,19.13329
1690535502639,0.57547,0.24607,1,18.40272,18.87667
1690535502646,0.5823,0.23741,1,18.23949,18.73482
1690535502652,0.56854,0.23351,1,18.29374,18.80846
1690535502659,0.57276,0.21665,1,18.24376,18.94768
1690535502666,0.57921,0.1819,1,18.22856,18.88187
1690535502672,0.57654,0.17571,1,18.10501,18.66743
1690535502679,0.583,0.17431,1,18.31665,18.66281
1690535502686,0.59263,0.1603,1,18.30441,18.70825
1690535502692,0.59779,0.16765,1,18.63222,18.68724
1690535502699,0.59556,0.15789,1,18.6625,18.89699
1690535502706,0.59323,0.15926,1,18.44923,18.63753
1690535502712,0.58482,0.16667,1,18.48391,18.83153
1690535502719,0.58236,0.15334,1,18.33642,19.08166
1690535502726,0.57835,0.1438,1,18.12326,18.79616
1690535502732,0.57485,0.12187,1,18.40649,18.71051
1690535502739,0.55387,0.09489,1,18.2601,18.67926
1690535502746,0.55028,0.08286,1,18.32127,18.85518
1690535502752,0.56877,0.0783,1,18.31864,18.57628
1690535502759,0.56836,0.09726,1,18.41355,18.62572
1690535502766,0.57587,0.11614,1,18.17364,18.79865
1690535502772,0.57279,0.1144,1,18.32273,18.91624
1690535502779,0.5605,0.10067,1,18.27553,18.55711
1690535502786,0.54871,0.12236,1,18.0993,18.71653
1690535502792,0.55678,0.13046,1,18.20354,18.70693
1690535502799,0.54341,0.12719,1,18.01363,18.79925
1690535502806,0.55006,0.13132,1,18.21667,18.68498
1690535502812,0.54222,0.11039,1,18.17602,19.17728
1690535502819,0.54218,0.11902,1,18.11247,18.88208
1690535502826,0.53998,0.14011,1,18.23683,18.8741
1690535502832,0.53439,0.15607,1,18.31663,18.8582
1690535502839,0.53077,0.14646,1,18.48382,19.13049
1690535502846,0.53203,0.10388,1,18.33075,19.33364
1690535502852,0.51699,0.10281,1,18.5385,19.41531
1690535502859,0.51208,0.09174,1,18.68753,19.2362
1690535502866,0.50906,0.09205,1,18.41089,19.27238
1690535502872,0.51922,0.09694,1,18.43139,19.22301
1690535502879,0.51566,0.10306,1,18.7344,19.25369
1690535502886,0.51295,0.1042,1,18.5187,19.50335
1690535502892,0.51938,0.07218,1,18.51861,19.49474
1690535502899,0.50674,0.07093,1,18.47449,19.42585
1690535502906,0.50894,0.0903,1,18.30408,19.41218
1690535502912,0.50823,0.09207,1,18.48693,19.17437
1690535502919,0.50348,0.06499,1,18.50319,19.24773
1690535502926,0.50698,0.04818,1,18.76941,19.32703
1690535502932,0.51737,0.04608,1,18.44314,19.39849
1690535502939,0.49912,0.04871,1,18.45682,19.30381
1690535502946,0.50083,0.04865,1,18.57587,19.10476
1690535502952,0.48585,0.06424,1,18.37925,19.31062
1690535502959,0.48402,0.05992,1,18.25105,19.22465
1690535502966,0.49021,0.05254,1,18.62533,18.98209
1690535502972,0.47359,0.0354,1,18.33804,19.15714
1690535502979,0.46532,0.04896,1,18.3238,19.37014
1690535502986,0.46272,0.00623,1,18.38992,19.21039
1690535502992,0.45897,0.0353,1,18.44761,19.15796
1690535502999,0.45552,0.05461,1,18.29138,19.17271
1690535503006,0.46113,0.09202,1,18.35674,18.96869
1690535503012,0.44947,0.1235,1,18.43823,19.03244
1690535503019,0.44824,0.12573,1,18.49306,19.03615
1690535503026,0.4389,0.09462,1,18.22252,19.17594
1690535503032,0.44231,0.07176,1,18.37349,19.29526
1690535503039,0.43314,0.07543,1,18.56327,18.83637
1690535503046,0.4299,0.04661,1,18.56448,18.7203
1690535503052,0.43626,0.03211,1,18.37153,18.69301
1690535503059,0.42914,0.05755,1,18.05955,18.72222
1690535503066,0.42102,0.0836,1,18.38071,18.70328
1690535503072,0.42622,0.11006,1,18.3365,18.9362
1690535503079,0.42875,0.08012,1,18.3312,18.81385
1690535503086,0.44321,0.07114,1,18.36846,18.86495
1690535503092,0.44481,0.0742,1,18.28131,18.92141
1690535503099,0.45742,0.11769,1,18.30496,18.86488
1690535503106,0.4544,0.16471,1,18.34115,18.93606
1690535503112,0.45642,0.13967,1,18.34063,18.64638
1690535503119,0.45998,0.17174,1,18.42619,18.7309
1690535503126,0.45929,0.19391,1,18.27397,18.80725
1690535503132,0.48229,0.22391,1,18.37683,18.87923
1690535503139,0.47559,0.22097,1,18.31564,18.83605
1690535503146,0.47502,0.21768,1,18.34266,18.84462
1690535503152,0.47178,0.22312,1,18.26259,18.94292
1690535503159,0.46568,0.21308,1,18.19966,18.84701
1690535503166,0.49092,0.19877,1,18.58045,18.78254
1690535503172,0.48952,0.16544,1,18.26945,18.89181
1690535503179,0.50128,0.17387,1,18.19039,18.6518
1690535503186,0.50659,0.17692,1,18.00771,18.65331
1690535503192,0.5017,0.18013,1,18.14956,18.96607
1690535503199,0.51209,0.17446,1,18.09556,18.88508
1690535503206,0.49847,0.21312,1,18.01859,18.77281
1690535503212,0.49284,0.23508,1,17.96995,18.80962
1690535503219,0.48557,0.26132,1,17.854,18.85993
1690535503226,0.49748,0.25461,1,17.94207,18.71076
1690535503232,0.51381,0.24948,1,17.93214,18.74001
1690535503239,0.50823,0.25905,1,17.96266,18.72141
1690535503246,0.51549,0.29691,1,17.99107,18.78847
1690535503252,0.50628,0.28882,1,17.93491,18.62623
1690535503259,0.51559,0.28977,1,17.93265,18.90504
1690535503266,0.51294,0.26195,1,17.80686,18.74531
1690535503272,0.51726,0.28294,1,17.74286,18.80696
1690535503279,0.52521,0.27036,1,17.82115,18.86961
1690535503286,0.54162,0.24024,1,17.90123,18.6419
1690535503292,0.53953,0.25744,1,18.26648,18.83311
1690535503299,0.5315,0.27355,1,18.17289,18.51593
1690535503306,0.52882,0.25707,1,18.24258,18.79844
1690535503312,0.51729,0.24729,1,18.20243,18.77973
1690535503319,0.51481,0.25022,1,18.25678,18.65733
1690535503326,0.51553,0.21903,1,18.22595,18.93324
1690535503332,0.51397,0.18833,1,18.16886,18.48132
1690535503339,0.51734,0.21611,1,18.05189,18.63428
1690535503346,0.51003,0.24626,1,18.0946,18.72437
1690535503352,0.52408,0.26619,1,18.31361,18.8017
1690535503359,0.53172,0.26187,1,18.1214,18.66534
1690535503366,0.53884,0.26892,1,18.16376,18.82845
1690535503372,0.5295,0.26195,1,18.17641,18.78938
1690535503379,0.5462,0.26728,1,18.16803,18.48509
1690535503386,0.54576,0.27487,1,18.17222,18.61738
1690535503392,0.54276,0.28319,1,17.96977,18.47539
1690535503399,0.54102,0.24709,1,18.06563,18.53028
1690535503406,0.54965,0.26352,1,18.44903,18.73156
1690535503412,0.53046,0.2548,1,18.22169,18.49654
1690535503419,0.5338,0.28386,1,18.45847,18.58507
1690535503426,0.53137,0.29538,1,18.23171,18.23224
1690535503432,0.5357,0.31268,1,18.495,18.34949
1690535503439,0.53043,0.31143,1,18.36907,18.48219
1690535503446,0.52897,0.26558,1,18.21649,18.44658
1690535503452,0.53087,0.26564,1,18.22592,18.41119
1690535503459,0.5392,0.2505,1,18.35963,18.48752
1690535503466,0.51898,0.23942,1,18.46625,18.64703
1690535503472,0.5144,0.24766,1,18.42225,18.83713
1690535503479,0.50711,0.25202,1,18.61975,18.51932
1690535503486,0.50191,0.26646,1,18.6072,18.55471
1690535503492,0.50191,0.25222,1,18.61221,18.47666
1690535503499,0.50362,0.25884,1,18.51196,18.65761
1690535503506,0.50441,0.26094,1,18.74429,18.4483
1690535503512,0.50473,0.26262,1,18.65034,18.62004
1690535503519,0.51871,0.27846,1,18.62883,18.62219
1690535503526,0.50403,0.27879,1,18.51746,18.69422
1690535503532,0.5182,0.27176,1,18.50044,18.5866
1690535503539,0.51808,0.25334,1,18.49148,18.51414
1690535503546,0.51561,0.26338,1,18.5034,18.88501
1690535503552,0.5247,0.25478,1,18.29589,18.58839
1690535503559,0.52214,0.24279,1,18.38193,18.55291
1690535503566,0.52655,0.27007,1,18.3089,18.73816
1690535503572,0.52707,0.28174,1,18.44544,18.61033
1690535503579,0.53346,0.27223,1,18.32594,18.63461
1690535503586,0.54715,0.25582,1,18.58648,18.65749
1690535503592,0.55402,0.22193,1,18.58168,18.50505
1690535503599,0.54818,0.21051,1,18.42365,18.60578
1690535503606,0.53963,0.21496,1,18.62167,18.63712
1690535503612,0.52521,0.24528,1,18.54448,18.36013
1690535503619,0.52467,0.28101,1,18.54996,18.48013
1690535503626,0.53008,0.22901,1,18.67607,18.67886
1690535503632,0.54539,0.21703,1,18.71173,18.38309
1690535503639,0.54181,0.21172,1,18.68965,18.25125
1690535503646,0.53303,0.21013,1,18.69074,18.47439
1690535503652,0.53615,0.22587,1,18.73303,18.42908
1690535503659,0.53128,0.21341,1,18.50331,18.2877
1690535503666,0.5397,0.19887,1,18.73393,18.3049
1690535503672,0.51275,0.20866,1,18.56406,18.18403
1690535503679,0.50707,0.18441,1,18.56399,18.14486
1690535503686,0.50488,0.13758,1,18.36018,18.19156
1690535503692,0.48752,0.14388,1,18.68524,18.24079
1690535503699,0.49789,0.11421,1,18.50226,18.28862
1690535503706,0.50722,0.10819,1,18.50562,18.17517
1690535503712,0.49695,0.1192,1,18.51489,18.26086
1690535503719,0.50524,0.13992,1,18.38964,18.26691
1690535503726,0.50299,0.13019,1,18.69011,18.10157
1690535503732,0.50663,0.14306,1,18.4926,17.99598
1690535503739,0.52144,0.14022,1,18.47747,17.90947
1690535503746,0.51166,0.12635,1,18.25513,18.24117
1690535503752,0.51887,0.12614,1,18.51394,18.02361
1690535503759,0.50587,0.13164,1,18.41667,18.2659
1690535503766,0.50189,0.18222,1,18.34293,18.29779
1690535503772,0.50226,0.20423,1,18.44504,18.22567
1690535503779,0.49038,0.20294,1,18.44837,18.33184
1690535503786,0.49298,0.18865,1,18.33417,18.22995
1690535503792,0.50165,0.1883,1,18.45417,18.48741
1690535503799,0.51462,0.19287,1,18.38558,18.37598
1690535503806,0.52213,0.20545,1,18.30168,18.52269
1690535503812,0.5396,0.20331,1,18.27576,18.48307
1690535503819,0.54153,0.20747,1,18.47961,18.53322
1690535503826,0.5448,0.21257,1,18.38373,18.68679
1690535503832,0.54843,0.22266,1,18.30229,18.59508
1690535503839,0.54936,0.22039,1,18.24479,18.43558
1690535503846,0.55276,0.25635,1,18.18882,18.44397
1690535503852,0.54864,0.20894,1,18.24118,18.42336
1690535503859,0.55629,0.2039,1,18.19467,18.2234
1690535503866,0.547,0.20169,1,18.38293,18.39142
1690535503872,0.54609,0.20968,1,18.34624,18.0758
1690535503879,0.53499,0.19787,1,17.97101,18.15722
1690535503886,0.53763,0.20022,1,18.15232,18.20768
1690535503892,0.53819,0.2192,1,18.28291,18.30639
1690535503899,0.53124,0.21533,1,18.17502,18.0608
1690535503906,0.53734,0.22771,1,18.33992,18.0194
1690535503912,0.54756,0.23347,1,18.34747,18.19379
1690535503919,0.55185,0.2434,1,18.37477,17.94793
1690535503926,0.5636,0.26484,1,18.45433,17.97751
1690535503932,0.5845,0.25139,1,18.54258,18.13572
1690535503939,0.59436,0.23339,1,18.38547,17.94672
1690535503946,0.6028,0.25872,1,18.3876,18.05922
1690535503952,0.59195,0.25709,1,18.46495,17.99533
1690535503959,0.59378,0.27376,1,18.38789,17.97381
1690535503966,0.59006,0.2744,1,18.61932,18.21554
1690535503972,0.5871,0.29138,1,18.24337,18.0974
1690535503979,0.58477,0.27168,1,18.11931,18.01262
1690535503986,0.58453,0.27843,1,18.28308,17.92687
1690535503992,0.58451,0.27835,1,18.20687,18.01082
1690535503999,0.58788,0.27199,1,18.40558,18.24092
1690535504006,0.57313,0.28113,1,18.35397,18.13847
1690535504012,0.56896,0.30436,1,18.34568,18.33969
1690535504019,0.58151,0.31621,1,18.4457,18.26022
1690535504026,0.5852,0.31018,1,18.2857,18.27706
1690535504032,0.57102,0.32128,1,18.35856,18.13438
1690535504039,0.56852,0.30951,1,18.31223,18.34737
1690535504046,0.57894,0.26927,1,18.37678,18.00609
1690535504052,0.56885,0.25594,1,18.23469,18.0332
1690535504059,0.55226,0.29162,1,18.33248,18.19852
1690535504066,0.5471,0.29089,1,18.14736,18.11207
1690535504072,0.53243,0.33619,1,18.10554,18.04563
1690535504079,0.54086,0.32497,1,18.12739,18.23122
1690535504086,0.535,0.3115,1,17.81828,18.13443
1690535504092,0.53194,0.31294,1,18.07637,18.35666
1690535504099,0.53545,0.27879,1,17.81276,18.40592
1690535504106,0.51973,0.25757,1,17.76098,18.50448
1690535504112,0.54439,0.24435,1,17.85325,18.37312
1690535504119,0.54131,0.2362,1,17.88905,18.36527
1690535504126,0.51973,0.20686,1,17.76664,18.28096
1690535504132,0.52276,0.18721,1,17.80623,18.37368
1690535504139,0.52199,0.17041,1,17.91912,18.20792
1690535504146,0.51496,0.17824,1,18.10418,18.25256
1690535504152,0.51795,0.14474,1,17.77074,18.22871
1690535504159,0.51566,0.11621,1,17.63514,18.13935
1690535504166,0.53036,0.12256,1,17.54897,18.37809
1690535504172,0.52422,0.14931,1,17.66343,18.46836
1690535504179,0.52786,0.12052,1,17.79805,18.41978
1690535504186,0.52282,0.10708,1,17.74616,18.42653
1690535504192,0.51628,0.11191,1,17.76187,18.39354
1690535504199,0.51985,0.07766,1,17.63908,18.28155
1690535504206,0.52642,0.06355,1,17.71195,18.30857
1690535504212,0.53329,0.07277,1,17.54433,18.63914
1690535504219,0.53717,0.0948,1,17.49282,18.43577
1690535504226,0.53724,0.06835,1,17.60833,18.58183
1690535504232,0.53881,0.04285,1,17.73368,18.50391
1690535504239,0.52794,0.03721,1,17.84421,18.56911
1690535504246,0.54839,0.02302,1,17.65138,18.3857
1690535504252,0.54634,0.01294,1,17.68845,18.59072
1690535504259,0.55337,-0.00016,1,17.3766,18.68637
1690535504266,0.54785,0.00042,1,17.5197,18.58181
1690535504272,0.54103,0.01699,1,17.45486,18.56856
1690535504279,0.55116,0.02619,1,17.54883,18.48202
1690535504286,0.55101,0.03272,1,17.52126,18.64231
1690535504292,0.56147,0.01569,1,17.59539,18.71639
1690535504299,0.56269,0.00206,1,17.73012,18.32152
1690535504306,0.54858,0.01455,1,17.56349,18.47141
1690535504312,0.55162,0.00824,1,17.43037,18.4553
1690535504319,0.55107,-0.01592,1,17.58705,18.72573
1690535504326,0.5558,-0.02189,1,17.54988,18.73024
1690535504332,0.55482,-0.01104,1,17.53158,18.72036
1690535504339,0.54178,-0.002,1,17.50891,18.72945
1690535504346,0.55231,0.00104,1,17.62738,18.50933
1690535504352,0.55227,0.01839,1,17.3703,18.69554
1690535504359,0.55415,0.01271,1,17.32976,18.70125
1690535504366,0.55253,0.02992,1,17.48379,18.90273
1690535504372,0.551,0.00543,1,17.43003,18.63992
1690535504379,0.56433,0.03292,1,17.5684,18.87248
1690535504386,0.55897,0.05104,1,17.41995,18.67435
1690535504392,0.5501,0.03621,1,17.49141,18.8784
1690535504399,0.54107,-0.00047,1,17.2692,18.6946
1690535504406,0.55632,0.02159,1,17.33163,18.76776
1690535504412,0.57721,0.03922,1,17.21036,18.68926
1690535504419,0.58752,0.04859,1,17.64991,18.72694
1690535504426,0.59711,0.08203,1,17.33286,18.63003
1690535504432,0.6003,0.06986,1,17.48259,18.6689
1690535504439,0.59938,0.09021,1,17.42927,18.63971
1690535504446,0.59845,0.10391,1,17.32079,18.38487
1690535504452,0.60091,0.11695,1,17.2729,18.75274
1690535504459,0.60163,0.10486,1,17.1194,18.68519
1690535504466,0.60453,0.1115,1,17.00438,18.60885
1690535504472,0.60737,0.09413,1,17.22662,18.51272
1690535504479,0.6154,0.08146,1,17.50106,18.61527
1690535504486,0.61199,0.08702,1,17.3608,18.75685
1690535504492,0.6161,0.11259,1,17.54223,18.80685
1690535504499,0.61684,0.1069,1,17.71557,18.41503
1690535504506,0.60268,0.08072,1,17.44876,18.61204
1690535504512,0.60321,0.05878,1,17.52279,18.47521
1690535504519,0.60667,0.03476,1,17.55633,18.6297
1690535504526,0.60942,0.03952,1,17.80182,18.36015
1690535504532,0.59866,0.01753,1,17.7257,18.37582
1690535504539,0.60356,0.01607,1,17.73866,18.34355
1690535504546,0.61972,0.02397,1,17.85282,18.22774
1690535504552,0.62813,0.04566,1,17.96294,18.07887
1690535504559,0.62487,0.02221,1,17.7215,18.11478
1690535504566,0.63002,0.01074,1,17.61978,17.91095
1690535504572,0.63796,-0.02197,1,17.67197,17.90429
1690535504579,0.64603,-0.01206,1,17.8028,17.96816
1690535504586,0.64458,-0.03495,1,17.79242,18.04228
1690535504592,0.6559,-0.06474,1,17.81876,17.75559
1690535504599,0.65492,-0.0654,1,17.89767,17.84578
1690535504606,0.67118,-0.07508,1,17.9107,17.88275
1690535504612,0.66538,-0.08949,1,17.90749,17.9094
1690535504619,0.66924,-0.09764,1,17.98128,17.93319
1690535504626,0.68338,-0.13697,1,18.19003,17.55951
1690535504632,0.67573,-0.14285,1,18.37431,17.83481
1690535504639,0.67907,-0.15699,1,17.84921,17.87118
1690535504646,0.68727,-0.15758,1,18.04855,17.76841
1690535504652,0.68513,-0.18812,1,17.86345,17.83564
1690535504659,0.68504,-0.20585,1,17.79765,17.84236
1690535504666,0.68244,-0.20208,1,17.9946,17.49579
1690535504672,0.68201,-0.17528,1,18.0796,17.66896
1690535504679,0.68161,-0.20208,1,17.88038,17.88793
1690535504686,0.67562,-0.19674,1,17.94357,17.86941
1690535504692,0.66684,-0.18675,1,18.09209,17.69407
1690535504699,0.65781,-0.17217,1,18.0932,17.7591
1690535504706,0.65707,-0.17698,1,18.14682,17.79266
1690535504712,0.66091,-0.18338,1,17.84023,17.82729
1690535504719,0.65945,-0.18088,1,17.84936,17.76743
1690535504726,0.65207,-0.21271,1,17.85932,17.60851
1690535504732,0.64696,-0.2082,1,17.95045,17.77468
1690535504739,0.63603,-0.19725,1,17.93277,17.87387
1690535504746,0.63525,-0.20138,1,18.0033,17.83345
1690535504752,0.62935,-0.21361,1,17.96197,17.63975
1690535504759,0.62668,-0.21739,1,18.20248,17.59387
1690535504766,0.62492,-0.21044,1,17.9491,17.90677
1690535504772,0.63092,-0.24467,1,17.91201,17.75618
1690535504779,0.6496,-0.2594,1,18.13968,17.82557
1690535504786,0.6432,-0.26147,1,18.0955,17.72167
1690535504792,0.64299,-0.23096,1,18.10955,17.6758
1690535504799,0.63038,-0.23957,1,17.9854,17.67662
1690535504806,0.63098,-0.23586,1,17.99665,17.75461
1690535504812,0.63982,-0.21179,1,18.23643,17.74594
1690535504819,0.65963,-0.18653,1,18.12144,17.4665
1690535504826,0.6472,-0.2013,1,18.15923,17.4146
1690535504832,0.65772,-0.20165,1,17.97427,17.53054
1690535504839,0.64647,-0.15436,1,18.04587,17.40674
1690535504846,0.64782,-0.14572,1,17.90194,17.56779
1690535504852,0.6747,-0.13517,1,18.22532,17.75606
1690535504859,0.67449,-0.10106,1,17.98252,17.49831
1690535504866,0.68605,-0.12587,1,17.91801,17.63239
1690535504872,0.69114,-0.11195,1,18.20135,17.39645
1690535504879,0.68512,-0.14778,1,17.98476,17.47957
1690535504886,0.6824,-0.12906,1,18.08055,17.59248
1690535504892,0.6783,-0.09142,1,18.16571,17.34363
1690535504899,0.67049,-0.0655,1,18.09641,17.51444
1690535504906,0.67458,-0.07007,1,18.02418,17.44626
1690535504912,0.67487,-0.05036,1,18.22954,17.33947
1690535504919,0.67818,-0.0288,1,18.13004,17.57599
1690535504926,0.67716,-0.04069,1,17.95653,17.61497
1690535504932,0.67657,-0.07543,1,18.10029,17.60499
1690535504939,0.68429,-0.07079,1,17.80996,17.51754
1690535504946,0.68183,-0.09872,1,17.95551,17.4787
1690535504952,0.66924,-0.13189,1,17.88146,17.58445
1690535504959,0.67704,-0.0943,1,17.73252,17.6824
1690535504966,0.67385,-0.08587,1,17.88685,17.54517
1690535504972,0.66941,-0.1166,1,18.00441,17.49936
1690535504979,0.65918,-0.15247,1,17.84225,17.59008
1690535504986,0.65728,-0.13299,1,17.92043,17.39372
1690535504992,0.65757,-0.11589,1,17.91974,17.55178
1690535504999,0.66741,-0.10408,1,17.6934,17.39205
1690535505006,0.67199,-0.07957,1,17.82294,17.74743
1690535505012,0.67457,-0.07233,1,18.05505,17.61655
1690535505019,0.66794,-0.12025,1,17.97494,17.6998
1690535505026,0.663,-0.11803,1,17.93804,17.67773
1690535505032,0.65744,-0.1189,1,18.05051,17.79559
1690535505039,0.66877,-0.10906,1,18.02257,17.61979
1690535505046,0.68033,-0.11379,1,17.70096,17.94635
1690535505052,0.69078,-0.07074,1,17.92634,17.97861
1690535505059,0.6828,-0.07972,1,17.86101,17.95198
1690535505066,0.68259,-0.04643,1,17.7853,17.80501
1690535505072,0.69717,-0.04671,1,17.91412,17.80021
1690535505079,0.68572,-0.04761,1,17.85284,17.8372
1690535505086,0.67246,-0.02615,1,17.85424,17.87733
1690535505092,0.67415,-0.02739,1,17.99629,17.83684
1690535505099,0.68212,-0.02507,1,17.99177,17.80998
1690535505106,0.69207,-0.04504,1,18.07126,17.86267
1690535505112,0.70159,-0.04963,1,17.84317,17.93512
1690535505119,0.69825,-0.04634,1,18.1497,17.87183
1690535505126,0.71281,-0.05566,1,18.07743,18.03776
1690535505132,0.71955,-0.05734,1,17.84419,18.24787
1690535505139,0.70834,-0.045,1,17.57052,18.24658
1690535505146,0.69773,-0.06651,1,17.61521,18.31707
1690535505152,0.70659,-0.02827,1,17.84047,18.26553
1690535505159,0.70024,-0.02568,1,17.90429,18.26498
1690535505166,0.70965,-0.01554,1,17.8323,18.27603
1690535505172,0.70389,-0.01533,1,17.90788,18.33472
1690535505179,0.70553,-0.01561,1,18.16438,18.31744
1690535505186,0.7134,-0.03693,1,17.91018,18.37684
1690535505192,0.72331,-0.02157,1,17.8485,18.37154
1690535505199,0.72694,0.00613,1,17.99263,18.44618
1690535505206,0.7384,0.02476,1,17.8698,18.3347
1690535505212,0.73223,0.01263,1,17.96275,18.28801
1690535505219,0.74131,0.01675,1,17.73788,18.33045
1690535505226,0.75499,0.01693,1,17.91255,18.40148
1690535505232,0.75561,0.04296,1,17.6112,18.34279
1690535505239,0.75085,0.04038,1,18.01254,18.15488
1690535505246,0.76227,0.03359,1,17.81804,18.19353
1690535505252,0.75447,0.06563,1,17.91002,18.36739
1690535505259,0.77041,0.06595,1,17.97946,18.33452
1690535505266,0.75978,0.09797,1,17.87919,18.25907
1690535505272,0.75676,0.12792,1,17.9712,18.46693
1690535505279,0.75017,0.1895,1,18.06549,18.21855
1690535505286,0.74949,0.21182,1,18.06828,18.29798
1690535505292,0.75584,0.21575,1,17.83394,18.32344
1690535505299,0.75033,0.22175,1,17.8174,18.34708
1690535505306,0.75331,0.19349,1,17.91331,18.12186
1690535505312,0.75338,0.22438,1,18.02692,18.11148
1690535505319,0.76517,0.22151,1,17.9058,18.07908
1690535505326,0.76991,0.21136,1,18.21829,18.07125
1690535505332,0.771,0.17853,1,18.03135,18.23488
1690535505339,0.77232,0.20497,1,17.89803,18.39064
1690535505346,0.77125,0.2397,1,18.20615,18.23802
1690535505352,0.77364,0.20987,1,18.30552,18.19276
1690535505359,0.76786,0.2073,1,18.26272,18.10546
1690535505366,0.75404,0.21527,1,18.32526,18.28667
1690535505372,0.75691,0.23395,1,18.31409,18.29542
1690535505379,0.76709,0.26962,1,18.34942,18.33077
1690535505386,0.76484,0.29991,1,18.31255,18.48331
1690535505392,0.76884,0.28485,1,18.42231,18.14507
1690535505399,0.75874,0.27991,1,18.53968,18.40245
1690535505406,0.75809,0.28669,1,18.48123,18.34531
1690535505412,0.74372,0.29147,1,18.43147,18.44939
1690535505419,0.74336,0.2775,1,18.45647,18.43371
1690535505426,0.75248,0.24925,1,18.59346,18.40276
1690535505432,0.73749,0.23175,1,18.48904,18.0805
1690535505439,0.74978,0.23517,1,18.26715,18.30167
1690535505446,0.75286,0.2165,1,18.39702,18.17452
1690535505452,0.73338,0.22057,1,18.50214,18.32903
1690535505459,0.73868,0.22641,1,18.51821,18.72689
1690535505466,0.72859,0.20956,1,18.589,18.36039
1690535505472,0.734,0.1938,1,18.78453,18.65436
1690535505479,0.74767,0.17429,1,18.73633,18.61336
1690535505486,0.74121,0.16175,1,18.82051,18.67981
1690535505492,0.73307,0.16752,1,18.72869,18.61517
1690535505499,0.73795,0.17132,1,18.61742,18.65469
1690535505506,0.72758,0.20436,1,18.72878,18.52943
1690535505512,0.73248,0.19954,1,18.83499,18.47776
1690535505519,0.74523,0.22071,1,18.65156,18.41499
1690535505526,0.74358,0.23677,1,18.54445,18.3774
1690535505532,0.75295,0.23616,1,18.63325,18.22173
1690535505539,0.75505,0.2587,1,18.54181,18.3868
1690535505546,0.74258,0.26948,1,18.7869,18.22287
1690535505552,0.74283,0.26028,1,18.64504,18.27687
1690535505559,0.76647,0.27107,1,18.70136,18.06726
1690535505566,0.74581,0.28544,1,18.72079,18.35146
1690535505572,0.7376,0.2651,1,18.79074,18.34119
1690535505579,0.74043,0.28909,1,18.77375,18.30433
1690535505586,0.74398,0.27169,1,18.58983,18.15452
1690535505592,0.75112,0.27011,1,18.65981,18.39813
1690535505599,0.7453,0.26588,1,18.39385,18.30169
1690535505606,0.74229,0.2374,1,18.46716,18.37567
1690535505612,0.74034,0.22043,1,18.44453,18.53533
1690535505619,0.73031,0.22787,1,18.5095,18.36646
1690535505626,0.70856,0.22072,1,18.62839,18.07446
1690535505632,0.71604,0.21354,1,18.52708,18.27212
1690535505639,0.71448,0.20347,1,18.72475,18.02218
1690535505646,0.70451,0.20368,1,18.69161,18.10561
1690535505652,0.70172,0.17831,1,18.60418,18.22596
1690535505659,0.69407,0.1683,1,18.58503,18.02159
1690535505666,0.69512,0.16062,1,18.62233,17.98552
1690535505672,0.6843,0.15814,1,18.90561,18.07117
1690535505679,0.69371,0.18722,1,18.81446,17.98727
1690535505686,0.69851,0.23766,1,18.53892,17.84012
1690535505692,0.71629,0.21823,1,18.48358,17.92569
1690535505699,0.70755,0.22174,1,18.53981,18.09572
1690535505706,0.69031,0.25801,1,18.52808,17.95726
1690535505712,0.68124,0.27071,1,18.65217,18.04675
1690535505719,0.66876,0.30458,1,18.82438,18.05078
1690535505726,0.66479,0.27991,1,18.68154,18.07859
1690535505732,0.67474,0.26661,1,18.54252,17.73629
1690535505739,0.67839,0.22434,1,18.77611,17.916
1690535505746,0.6893,0.22217,1,18.99022,17.90115
1690535505752,0.68322,0.23099,1,18.78617,17.85444
1690535505759,0.67555,0.23,1,18.72179,17.55029
1690535505766,0.68887,0.22791,1,18.82053,17.97833
1690535505772,0.66806,0.23072,1,18.63349,17.96348
1690535505779,0.67167,0.21933,1,18.74613,17.97995
1690535505786,0.67168,0.21112,1,18.42635,17.81505
1690535505792,0.68424,0.19928,1,18.27332,17.62391
1690535505799,0.66955,0.18969,1,18.42766,17.85003
1690535505806,0.67321,0.18874,1,18.20033,17.80375
1690535505812,0.65666,0.15982,1,18.19599,17.95262
1690535505819,0.63193,0.15408,1,18.36672,17.86526
1690535505826,0.63428,0.1528,1,18.22921,17.98965
1690535505832,0.646,0.12624,1,18.27631,17.68941
1690535505839,0.64528,0.17052,1,17.98527,17.67908
1690535505846,0.6472,0.15403,1,18.04255,17.42571
1690535505852,0.64479,0.13854,1,18.04577,17.5116
1690535505859,0.65656,0.13494,1,18.05702,17.52984
1690535505866,0.66224,0.12167,1,18.17212,17.49062
1690535505872,0.66679,0.15101,1,18.00501,17.58132
1690535505879,0.65676,0.13883,1,17.98688,17.29795
1690535505886,0.66728,0.14693,1,18.16855,17.18719
1690535505892,0.65827,0.13593,1,18.02926,17.21463
1690535505899,0.67388,0.14514,1,17.74173,16.91308
1690535505906,0.66957,0.14562,1,17.98263,17.04198
1690535505912,0.65615,0.13812,1,17.69327,17.23241
1690535505919,0.62912,0.12869,1,17.45487,16.95742
1690535505926,0.62872,0.14132,1,17.70172,16.82181
1690535505932,0.62743,0.11642,1,17.52707,16.96485
1690535505939,0.63752,0.12289,1,17.4788,17.01409
1690535505946,0.6278,0.08256,1,17.62834,17.07512
1690535505952,0.61611,0.07137,1,17.46133,17.0225
1690535505959,0.6175,0.05737,1,17.36243,17.0285
1690535505966,0.61793,0.08415,1,17.59571,17.03683
1690535505972,0.61987,0.09232,1,17.78687,16.94607
1690535505979,0.60876,0.09202,1,17.74835,16.85443
1690535505986,0.6217,0.06998,1,17.50697,17.14225
1690535505992,0.59399,0.07379,1,17.52601,16.90343
1690535505999,0.58192,0.08226,1,17.53884,17.06104
1690535506006,0.59242,0.09851,1,17.61148,17.13427
1690535506012,0.59258,0.1,1,17.40403,17.02845
1690535506019,0.59584,0.09142,1,17.6995,17.01061
1690535506026,0.57325,0.1158,1,17.58955,17.10433
1690535506032,0.57031,0.11872,1,17.41618,17.27386
1690535506039,0.5652,0.13423,1,17.49494,17.36361
1690535506046,0.56551,0.10836,1,17.37536,16.91992
1690535506052,0.56213,0.10094,1,17.35454,17.02073
1690535506059,0.57212,0.10039,1,17.41013,17.12532
1690535506066,0.57268,0.08403,1,17.55536,17.07294
1690535506072,0.5782,0.06948,1,17.55951,16.97246
1690535506079,0.58694,0.07088,1,17.38367,17.03817
1690535506086,0.57779,0.12143,1,17.34015,17.05164
1690535506092,0.57129,0.12555,1,17.43682,17.17856
1690535506099,0.57117,0.12375,1,17.32518,16.89934
1690535506106,0.57162,0.13743,1,17.34956,17.02773
1690535506112,0.59769,0.1504,1,17.44775,16.94812
1690535506119,0.59485,0.15422,1,17.43795,17.07554
1690535506126,0.58685,0.13746,1,17.55198,17.12996
1690535506132,0.58967,0.14049,1,17.36053,17.08206
1690535506139,0.58207,0.13285,1,17.42614,17.10629
1690535506146,0.58785,0.12141,1,17.46989,17.20961
1690535506152,0.59564,0.15394,1,17.49856,17.37044
1690535506159,0.57678,0.12624,1,17.44247,17.21687
1690535506166,0.57186,0.117,1,17.51817,17.22275
1690535506172,0.56763,0.10844,1,17.37495,17.05942
1690535506179,0.56535,0.14165,1,17.25916,17.11955
1690535506186,0.55654,0.14203,1,17.61109,17.08052
1690535506192,0.54927,0.14171,1,17.68102,17.10007
1690535506199,0.54673,0.13901,1,17.67851,17.02606
1690535506206,0.53874,0.14251,1,17.71239,16.98545
1690535506212,0.52725,0.13822,1,17.45756,17.31395
1690535506219,0.52258,0.13002,1,17.30646,17.27065
1690535506226,0.52676,0.13801,1,17.73664,17.3248
1690535506232,0.52756,0.14034,1,17.60189,17.2
1690535506239,0.52624,0.12305,1,17.88788,17.30156
1690535506246,0.5306,0.10667,1,17.75319,17.27137
1690535506252,0.51763,0.11016,1,17.67058,17.2739
1690535506259,0.52179,0.04521,1,17.80844,17.28338
1690535506266,0.51559,0.03645,1,17.70253,17.46472
1690535506272,0.51743,0.04113,1,17.81867,17.42046
1690535506279,0.51607,0.06127,1,17.62997,17.72014
1690535506286,0.52189,0.03273,1,17.64227,17.45561
1690535506292,0.53257,0.04077,1,17.6826,17.53816
1690535506299,0.52959,0.06304,1,17.89961,17.56692
1690535506306,0.51793,0.08424,1,17.57461,17.68974
1690535506312,0.53147,0.12507,1,17.46351,17.56253
1690535506319,0.52231,0.13866,1,17.38551,17.57056
1690535506326,0.52296,0.13277,1,17.52349,17.3503
1690535506332,0.52249,0.12594,1,17.55926,17.65127
1690535506339,0.52371,0.09793,1,17.63762,17.59835
1690535506346,0.52602,0.10349,1,17.61443,17.89957
1690535506352,0.51569,0.13146,1,17.86632,17.69299
1690535506359,0.51539,0.11633,1,17.60622,17.77856
1690535506366,0.51351,0.08871,1,17.62477,17.5932
1690535506372,0.50405,0.10874,1,17.78376,17.85953
1690535506379,0.50505,0.07862,1,17.72346,17.71429
1690535506386,0.49874,0.02522,1,17.48374,17.61488
1690535506392,0.49331,0.04157,1,17.75287,17.51663
1690535506399,0.48412,0.06251,1,17.74898,17.50611
1690535506406,0.49621,0.03325,1,17.78219,17.42622
1690535506412,0.4858,0.03463,1,17.5911,17.44855
1690535506419,0.48027,0.0403,1,17.65232,17.65399
1690535506426,0.4737,0.06869,1,17.80781,17.48048
1690535506432,0.47833,0.1023,1,17.49064,17.53564
1690535506439,0.48933,0.08434,1,17.47412,17.55532
1690535506446,0.48517,0.05217,1,17.66044,17.79625
1690535506452,0.49194,0.04437,1,17.64081,17.6547
1690535506459,0.48614,0.05173,1,17.74522,17.83917
1690535506466,0.48587,0.01896,1,17.94868,17.73379
1690535506472,0.49601,0.01246,1,17.53963,17.55722
1690535506479,0.49436,0.01143,1,17.76513,17.64997
1690535506486,0.48955,0.00971,1,17.69844,17.59148
1690535506492,0.49314,0.03093,1,17.72175,17.676
1690535506499,0.48952,0.02209,1,17.7423,17.80856
1690535506506,0.4857,0.04977,1,17.65692,17.71896
1690535506512,0.48389,0.04272,1,17.71427,17.83796
1690535506519,0.49061,0.03934,1,17.83768,17.79567
1690535506526,0.49684,0.05543,1,17.82863,18.04189
1690535506532,0.479,0.03183,1,17.93155,17.86033
1690535506539,0.47211,0.06771,1,17.95896,18.03672
1690535506546,0.48013,0.09401,1,17.92648,18.23317
1690535506552,0.47872,0.1004,1,18.02324,18.1956
1690535506559,0.48323,0.07178,1,17.72762,18.02813
1690535506566,0.47373,0.09008,1,17.6492,18.10015
1690535506572,0.47991,0.04256,1,17.9205,18.02181
1690535506579,0.48525,0.06889,1,17.79401,18.14962
1690535506586,0.48115,0.05322,1,17.86949,18.2583
1690535506592,0.48126,0.04714,1,17.94872,17.94348
1690535506599,0.47094,0.05667,1,17.80858,17.81859
1690535506606,0.45919,0.04765,1,17.81618,17.89341
1690535506612,0.4452,0.0417,1,17.90339,17.90754
1690535506619,0.43962,0.04416,1,17.79779,17.91436
1690535506626,0.4297,0.069,1,17.90808,17.95859
1690535506632,0.42149,0.04709,1,17.62084,17.85121
1690535506639,0.41248,0.05585,1,17.8831,18.0726
1690535506646,0.41497,0.06771,1,17.71202,17.97732
1690535506652,0.42313,0.08626,1,17.69224,17.97464
1690535506659,0.41398,0.11051,1,17.59259,17.91965
1690535506666,0.40829,0.10789,1,17.84064,18.06636
1690535506672,0.40448,0.09328,1,17.61105,18.02254
1690535506679,0.41008,0.07591,1,17.71414,17.97672
1690535506686,0.40214,0.05647,1,17.72818,18.16997
1690535506692,0.40538,0.0666,1,17.63703,17.80915
1690535506699,0.39882,0.09033,1,17.37914,17.83989
1690535506706,0.3956,0.08614,1,17.52848,17.90652
1690535506712,0.39163,0.09297,1,17.60556,18.26833
1690535506719,0.3935,0.09838,1,17.56479,17.99666
1690535506726,0.39532,0.08848,1,17.38248,17.77431
1690535506732,0.40114,0.08619,1,17.66482,17.71575
1690535506739,0.39621,0.06497,1,17.65793,17.70984
1690535506746,0.40251,0.0535,1,17.55645,17.63523
1690535506752,0.41081,0.06909,1,17.61291,17.92869
1690535506759,0.41362,0.06707,1,17.39675,18.0631
1690535506766,0.41427,0.05627,1,17.38349,17.97922
1690535506772,0.41809,0.02177,1,17.15745,17.78568
1690535506779,0.41889,0.02245,1,17.15524,17.65893
1690535506786,0.42588,0.02971,1,17.25379,17.49704
1690535506792,0.42725,0.03794,1,17.13055,17.44298
1690535506799,0.42227,0.02957,1,17.25803,17.40269
1690535506806,0.43992,0.02578,1,17.4083,17.36908
1690535506812,0.42676,0.03078,1,17.33707,17.49614
1690535506819,0.41845,0.01659,1,17.62181,17.74102
1690535506826,0.42361,0.04237,1,17.62951,18.02079
1690535506832,0.42604,0.0102,1,17.39007,17.81816
1690535506839,0.42195,0.00671,1,17.57933,17.81796
1690535506846,0.43303,0.01955,1,17.50242,17.96461
1690535506852,0.43277,-0.01171,1,17.7522,17.99417
1690535506859,0.4323,-0.03511,1,17.47414,17.80483
1690535506866,0.42922,-0.04842,1,17.68142,17.88176
1690535506872,0.4489,-0.05995,1,17.66906,17.77215
1690535506879,0.43878,-0.10344,1,17.42711,18.04968
1690535506886,0.43947,-0.11463,1,17.66914,17.91698
1690535506892,0.44857,-0.12749,1,17.69429,17.86674
1690535506899,0.44651,-0.15687,1,17.68332,17.84954
1690535506906,0.43939,-0.17688,1,17.71772,17.79226
1690535506912,0.4407,-0.18586,1,17.54685,17.78583
1690535506919,0.43897,-0.16274,1,17.59442,17.73773
1690535506926,0.42485,-0.20626,1,17.80569,17.84619
1690535506932,0.41853,-0.19999,1,17.5368,17.76022
1690535506939,0.41068,-0.25205,1,17.76253,18.10868
1690535506946,0.42351,-0.21311,1,17.82256,18.13943
1690535506952,0.44168,-0.17374,1,17.86811,18.23031
1690535506959,0.44378,-0.19394,1,17.54184,18.04875
1690535506966,0.4511,-0.19897,1,17.68449,18.00026
1690535506972,0.45494,-0.21282,1,17.78575,17.83575
1690535506979,0.45543,-0.20582,1,17.72367,18.19087
1690535506986,0.44697,-0.20706,1,17.95388,18.02351
1690535506992,0.46223,-0.2133,1,17.91816,18.04525
1690535506999,0.46274,-0.24434,1,17.86031,18.21999
1690535507006,0.45107,-0.2454,1,17.94484,18.19894
1690535507012,0.47001,-0.25472,1,17.68183,18.18248
1690535507019,0.46837,-0.28334,1,17.98277,18.03576
1690535507026,0.48072,-0.30349,1,17.98925,17.69378
1690535507032,0.4746,-0.30317,1,17.9773,17.94182
1690535507039,0.46781,-0.3416,1,17.83427,18.10489
1690535507046,0.45783,-0.36404,1,18.00452,17.98307
1690535507052,0.46591,-0.35261,1,17.82068,17.86971
1690535507059,0.4613,-0.33963,1,17.9974,17.86318
1690535507066,0.47292,-0.32965,1,17.88019,17.87683
1690535507072,0.48286,-0.3159,1,17.7963,17.86726
1690535507079,0.48812,-0.3161,1,17.92052,18.03015
1690535507086,0.49154,-0.29335,1,17.89813,17.94972
1690535507092,0.49368,-0.30271,1,17.98545,17.85537
1690535507099,0.49939,-0.3102,1,17.83245,17.98496
1690535507106,0.50045,-0.31275,1,17.84517,17.97085
1690535507112,0.49706,-0.35263,1,18.15468,17.87684
1690535507119,0.49424,-0.34656,1,17.97253,17.8126
1690535507126,0.50026,-0.34049,1,18.06213,17.70779
1690535507132,0.50035,-0.31322,1,18.09204,17.94657
1690535507139,0.50509,-0.29677,1,17.79742,17.9151
1690535507146,0.50072,-0.28884,1,17.94892,17.79286
1690535507152,0.49547,-0.29839,1,17.7038,17.6712
1690535507159,0.50461,-0.26872,1,17.82807,17.80042
1690535507166,0.50577,-0.25675,1,17.89369,17.63927
1690535507172,0.50749,-0.2529,1,18.00518,17.79337
1690535507179,0.50776,-0.26792,1,17.98047,17.876
1690535507186,0.51164,-0.29113,1,18.04779,17.80612
1690535507192,0.52042,-0.30334,1,17.96996,17.85954
1690535507199,0.51106,-0.30058,1,17.85783,17.88588
1690535507206,0.5118,-0.30031,1,17.78366,17.84075
1690535507212,0.51051,-0.27499,1,17.92305,17.89821
1690535507219,0.50262,-0.2724,1,17.76574,17.86019
1690535507226,0.49856,-0.29073,1,17.89527,17.83023
1690535507232,0.4899,-0.27122,1,17.93758,18.08579
1690535507239,0.48217,-0.27745,1,18.02814,17.79844
1690535507246,0.49021,-0.29003,1,18.15724,17.65337
1690535507252,0.49782,-0.29417,1,18.05251,17.96106
1690535507259,0.48557,-0.30542,1,18.13389,18.02175
1690535507266,0.48521,-0.28515,1,18.01131,17.82991
1690535507272,0.47224,-0.26976,1,18.27778,17.90628
1690535507279,0.47464,-0.26543,1,18.06466,17.87212
1690535507286,0.4814,-0.27708,1,18.17226,17.91648
1690535507292,0.48116,-0.29918,1,17.86042,17.90373
1690535507299,0.481,-0.27768,1,18.0761,17.77501
1690535507306,0.47586,-0.2799,1,18.00594,17.8667
1690535507312,0.48653,-0.28451,1,17.99883,17.87621
1690535507319,0.49471,-0.26069,1,18.0896,17.93022
1690535507326,0.49757,-0.24907,1,18.13098,17.62433
1690535507332,0.50723,-0.25459,1,17.95152,17.91002
1690535507339,0.51204,-0.24956,1,18.02108,17.85737
1690535507346,0.52288,-0.25223,1,17.68345,17.61757
1690535507352,0.50788,-0.26509,1,17.89125,17.74345
1690535507359,0.51486,-0.30223,1,17.9596,17.818
1690535507366,0.52443,-0.28535,1,18.00999,17.81316
1690535507372,0.53519,-0.31017,1,17.98287,17.56914
1690535507379,0.52839,-0.34129,1,17.94407,17.44578
1690535507386,0.52127,-0.34065,1,17.91827,17.66955
1690535507392,0.51905,-0.31365,1,17.65088,17.58592
1690535507399,0.53062,-0.29435,1,17.74177,17.6712
1690535507406,0.52628,-0.33751,1,17.61882,17.52742
1690535507412,0.53123,-0.35556,1,17.55808,17.63206
1690535507419,0.51166,-0.38233,1,17.63694,17.56805
1690535507426,0.51168,-0.41349,1,17.80932,17.74424
1690535507432,0.5072,-0.40343,1,17.69933,17.74434
1690535507439,0.50811,-0.41622,1,17.9119,17.82912
1690535507446,0.50733,-0.40987,1,17.61108,17.80608
1690535507452,0.49632,-0.40011,1,17.63513,17.67293
1690535507459,0.50315,-0.4068,1,17.96124,17.82814
1690535507466,0.4909,-0.4217,1,17.82487,17.73347
1690535507472,0.48811,-0.41889,1,17.63094,17.89355
1690535507479,0.49033,-0.4232,1,17.70425,17.96786
1690535507486,0.4846,-0.43264,1,17.76039,17.74392
1690535507492,0.4796,-0.39837,1,18.06878,17.96322
1690535507499,0.47318,-0.42021,1,17.92106,17.87103
1690535507506,0.48019,-0.39971,1,18.00071,17.83964
1690535507512,0.4864,-0.39442,1,17.76067,17.62214
1690535507519,0.47198,-0.38861,1,17.89828,17.76792
1690535507526,0.47337,-0.38679,1,17.84462,17.66284
1690535507532,0.46487,-0.38094,1,17.96871,17.74073
1690535507539,0.46237,-0.37005,1,18.12075,17.74679
1690535507546,0.47079,-0.35654,1,17.91056,17.56081
1690535507552,0.46288,-0.34539,1,17.82602,17.60831
1690535507559,0.45743,-0.33955,1,18.06189,17.44362
1690535507566,0.45322,-0.36183,1,18.08061,17.52886
1690535507572,0.46142,-0.37205,1,18.05612,17.56586
1690535507579,0.46853,-0.37182,1,17.94018,17.37453
1690535507586,0.47042,-0.38724,1,17.87022,17.27849
1690535507592,0.47481,-0.40232,1,17.89809,17.28666
1690535507599,0.47201,-0.38167,1,18.06508,17.36272
1690535507606,0.46929,-0.3975,1,18.01294,17.28267
1690535507612,0.48687,-0.40312,1,17.79599,17.5319
1690535507619,0.49178,-0.39755,1,17.769,17.35209
1690535507626,0.48577,-0.37428,1,17.71269,17.43642
1690535507632,0.48884,-0.40934,1,17.90801,17.64212
1690535507639,0.4906,-0.40733,1,17.88737,17.72634
1690535507646,0.47556,-0.38465,1,17.87881,17.29499
1690535507652,0.47026,-0.36962,1,17.91797,17.51729
1690535507659,0.46533,-0.40747,1,17.71391,17.38953
1690535507666,0.4585,-0.44086,1,17.86114,17.45341
1690535507672,0.45458,-0.45001,1,17.6546,17.49065
1690535507679,0.46904,-0.4587,1,17.75408,17.15284
1690535507686,0.47236,-0.42063,1,17.70564,17.28786
1690535507692,0.48644,-0.42207,1,17.6386,17.2424
1690535507699,0.4786,-0.42324,1,17.56617,17.28734
1690535507706,0.47215,-0.41582,1,17.64396,17.43081
1690535507712,0.47808,-0.43086,1,17.71859,17.45433
1690535507719,0.49016,-0.40363,1,17.63241,17.23319
1690535507726,0.49098,-0.4081,1,17.7375,17.08901
1690535507732,0.51197,-0.42795,1,17.55487,17.11214
1690535507739,0.50066,-0.42828,1,17.81683,17.05089
1690535507746,0.51558,-0.4187,1,17.65817,16.95704
1690535507752,0.51515,-0.39205,1,17.63647,17.02859
1690535507759,0.51643,-0.42482,1,17.34445,17.11281
1690535507766,0.50652,-0.43772,1,17.65904,16.85068
1690535507772,0.50879,-0.44293,1,17.70821,17.20504
1690535507779,0.50666,-0.39936,1,17.55233,17.15
1690535507786,0.50365,-0.37214,1,17.43831,17.05342
1690535507792,0.50774,-0.38008,1,17.79326,17.01501
1690535507799,0.51011,-0.39105,1,17.77771,16.87043
1690535507806,0.50967,-0.37757,1,17.8748,16.99383
1690535507812,0.50027,-0.3705,1,17.77119,16.99954
1690535507819,0.49285,-0.35889,1,17.77192,16.98451
1690535507826,0.48959,-0.34664,1,17.6895,16.87483
1690535507832,0.48674,-0.36034,1,17.88256,16.7939
1690535507839,0.49056,-0.35617,1,18.03723,16.7254
1690535507846,0.50554,-0.33986,1,17.7384,16.87897
1690535507852,0.51129,-0.32057,1,17.82809,16.89821
1690535507859,0.52841,-0.30066,1,17.95661,16.70193
1690535507866,0.52169,-0.29346,1,17.73696,16.72996
1690535507872,0.51853,-0.29503,1,18.02304,16.78154
1690535507879,0.52994,-0.3236,1,17.67001,16.7419
1690535507886,0.53532,-0.28416,1,18.02104,16.38284
1690535507892,0.53162,-0.26424,1,17.9661,16.8339
1690535507899,0.54325,-0.25431,1,17.95864,16.74461
1690535507906,0.55248,-0.24855,1,17.8644,16.53792
1690535507912,0.55538,-0.24655,1,18.02833,16.74579
1690535507919,0.56809,-0.23522,1,17.93273,16.68121
1690535507926,0.57722,-0.27174,1,17.84765,16.6303
1690535507932,0.56429,-0.26175,1,17.97211,16.79256
1690535507939,0.56091,-0.27181,1,17.89096,16.77368
1690535507946,0.55102,-0.25579,1,17.88306,16.81797
1690535507952,0.56482,-0.26709,1,17.9613,16.74229
1690535507959,0.56647,-0.29893,1,17.86718,16.64455
1690535507966,0.57377,-0.27688,1,17.70957,16.75582
1690535507972,0.56437,-0.25822,1,17.91004,16.80992
1690535507979,0.5715,-0.25935,1,18.02833,16.90949
1690535507986,0.57573,-0.27925,1,18.11882,16.69157
1690535507992,0.56332,-0.29505,1,18.17471,16.56454
1690535507999,0.57833,-0.29623,1,18.35508,16.80983
1690535508006,0.57336,-0.30283,1,18.17643,16.82571
1690535508012,0.56973,-0.29727,1,17.92591,16.68849
1690535508019,0.56706,-0.30894,1,18.12514,16.6471
1690535508026,0.54961,-0.32363,1,18.12199,16.64825
1690535508032,0.54665,-0.33899,1,18.02125,16.70092
1690535508039,0.55247,-0.36956,1,18.16882,16.58038
1690535508046,0.54004,-0.36311,1,18.13824,16.34894
1690535508052,0.5351,-0.35901,1,18.29191,16.47436
1690535508059,0.53377,-0.3631,1,18.13728,16.21649
1690535508066,0.52777,-0.34849,1,18.42137,16.32171
1690535508072,0.51338,-0.34313,1,18.18875,16.08686
1690535508079,0.51839,-0.30669,1,18.49464,16.17641
1690535508086,0.51218,-0.33104,1,18.50668,16.23273
1690535508092,0.5321,-0.34015,1,18.3896,16.22373
1690535508099,0.52612,-0.33427,1,18.39573,16.19408
1690535508106,0.52782,-0.36052,1,18.49735,16.22603
1690535508112,0.49797,-0.36099,1,18.36949,16.16846
1690535508119,0.49935,-0.34777,1,18.28858,15.89329
1690535508126,0.4896,-0.33273,1,18.40305,16.00949
1690535508132,0.4815,-0.35338,1,18.54689,16.31353
1690535508139,0.47556,-0.37079,1,18.45375,16.21301
1690535508146,0.46739,-0.39319,1,18.39203,16.40145
1690535508152,0.45518,-0.41151,1,18.40021,16.40973
1690535508159,0.44424,-0.41384,1,18.47753,16.24714
1690535508166,0.44622,-0.39239,1,18.23798,16.24935
1690535508172,0.43984,-0.38752,1,18.36534,16.37807
1690535508179,0.43114,-0.38288,1,18.43443,16.18017
1690535508186,0.42923,-0.39366,1,18.57914,16.20987
1690535508192,0.42349,-0.3968,1,18.54468,16.22839
1690535508199,0.4262,-0.39278,1,18.60498,16.14123
1690535508206,0.42582,-0.38486,1,18.90973,16.06173
1690535508212,0.42228,-0.40163,1,18.61136,15.84563
1690535508219,0.42228,-0.38654,1,18.66922,15.71309
1690535508226,0.41545,-0.39382,1,18.60655,15.79492
1690535508232,0.41975,-0.37408,1,18.46511,15.62215
1690535508239,0.42457,-0.35833,1,18.72286,15.52757
1690535508246,0.41982,-0.35764,1,18.64601,15.40372
1690535508252,0.40668,-0.36024,1,18.58397,15.63051
1690535508259,0.39435,-0.34204,1,18.487,15.73377
1690535508266,0.38735,-0.35696,1,18.39977,15.64163
1690535508272,0.38372,-0.34294,1,18.49955,15.46236
1690535508279,0.37547,-0.34441,1,18.3759,15.61971
1690535508286,0.37394,-0.33681,1,18.49718,15.80298
1690535508292,0.3663,-0.37001,1,18.52404,15.86801
1690535508299,0.36157,-0.35751,1,18.64783,15.96585
1690535508306,0.35723,-0.34647,1,18.64557,15.93723
1690535508312,0.36448,-0.40146,1,18.38613,15.87627
1690535508319,0.36251,-0.39731,1,18.46444,15.76539
1690535508326,0.36258,-0.39753,1,18.57699,15.94798
1690535508332,0.36272,-0.35872,1,18.5612,15.99101
1690535508339,0.34719,-0.3542,1,18.60156,15.93797
1690535508346,0.34924,-0.35501,1,18.58599,15.79244
1690535508352,0.35554,-0.34244,1,18.66512,15.74973
1690535508359,0.3346,-0.36089,1,18.66716,16.16806
1690535508366,0.34075,-0.39053,1,18.61267,15.89055
1690535508372,0.33774,-0.36474,1,18.44768,15.93601
1690535508379,0.33458,-0.37118,1,18.53981,15.79437
1690535508386,0.31576,-0.37617,1,18.70192,15.87641
1690535508392,0.30705,-0.37573,1,18.52402,15.78775
1690535508399,0.30451,-0.36751,1,18.60645,15.63763
1690535508406,0.30078,-0.3439,1,18.48958,15.8407
1690535508412,0.3069,-0.34388,1,18.62237,15.76814
1690535508419,0.31416,-0.33001,1,18.5401,15.8291
1690535508426,0.31824,-0.29911,1,18.72342,15.91524
1690535508432,0.32194,-0.28532,1,18.5435,15.99862
1690535508439,0.31754,-0.28038,1,18.49501,16.04309
1690535508446,0.31527,-0.24128,1,18.35505,15.99529
1690535508452,0.30594,-0.25395,1,18.56864,15.92631
1690535508459,0.28655,-0.24044,1,18.43415,15.98213
1690535508466,0.30063,-0.2556,1,18.62734,16.12029
1690535508472,0.30325,-0.25726,1,18.37405,15.79793
1690535508479,0.30417,-0.26185,1,18.27392,15.82387
1690535508486,0.30704,-0.24982,1,18.27703,16.01758
1690535508492,0.32177,-0.24273,1,18.42675,15.8612
1690535508499,0.30879,-0.26195,1,18.39529,15.90471
1690535508506,0.32765,-0.24633,1,18.54206,15.78451
1690535508512,0.32655,-0.21877,1,18.40412,15.90411
1690535508519,0.31844,-0.186,1,18.50107,16.1008
1690535508526,0.31442,-0.16354,1,18.50632,16.12658
1690535508532,0.31188,-0.17536,1,18.42552,16.18803
1690535508539,0.30499,-0.19686,1,18.30531,16.12757
1690535508546,0.29922,-0.21036,1,18.53696,15.91483
1690535508552,0.29747,-0.17392,1,18.62902,16.30579
1690535508559,0.29806,-0.17572,1,18.7053,16.03338
1690535508566,0.30129,-0.16983,1,18.7212,15.86762
1690535508572,0.30208,-0.18774,1,18.94216,15.88683
1690535508579,0.30646,-0.16265,1,18.84317,15.81711
1690535508586,0.31161,-0.17892,1,18.71132,15.92747
1690535508592,0.31666,-0.15882,1,18.78521,16.01522
1690535508599,0.32667,-0.15243,1,18.64544,16.0022
1690535508606,0.30953,-0.15634,1,18.56866,15.98526
1690535508612,0.31418,-0.1391,1,18.90045,16.05978
1690535508619,0.31523,-0.12991,1,18.4897,15.84176
1690535508626,0.31518,-0.10701,1,18.58214,15.98519
1690535508632,0.32117,-0.10378,1,18.34487,16.00556
1690535508639,0.32738,-0.11571,1,18.51735,15.8685
1690535508646,0.32706,-0.08419,1,18.34644,16.00333
1690535508652,0.32386,-0.10033,1,18.46664,16.04781
1690535508659,0.33536,-0.08282,1,18.36035,15.96438
1690535508666,0.32248,-0.03138,1,18.3334,15.97692
1690535508672,0.31766,-0.02141,1,18.36513,15.9559
1690535508679,0.32061,-0.02857,1,18.16878,15.95994
1690535508686,0.32965,0.00278,1,18.07573,15.88547
1690535508692,0.33827,-0.02469,1,18.06001,15.94066
1690535508699,0.34944,-0.02835,1,18.00688,16.03942
1690535508706,0.37559,-0.04154,1,17.95387,16.20064
1690535508712,0.37741,-0.03947,1,18.15962,15.98865
1690535508719,0.37019,-0.03974,1,17.98919,16.07786
1690535508726,0.35975,-0.0399,1,17.96253,16.0123
1690535508732,0.3645,-0.07215,1,18.01149,16.0231
1690535508739,0.36009,-0.11905,1,17.83905,15.82419
1690535508746,0.35427,-0.11361,1,17.92741,15.92716
1690535508752,0.35058,-0.12972,1,17.83023,15.87633
1690535508759,0.35025,-0.11329,1,17.62322,16.01175
1690535508766,0.33824,-0.09498,1,17.84508,16.01989
1690535508772,0.34715,-0.0759,1,17.74264,16.10651
1690535508779,0.35079,-0.07181,1,17.81529,16.14306
1690535508786,0.34765,-0.07338,1,17.89973,16.1332
1690535508792,0.3517,-0.07664,1,17.89645,16.13031
1690535508799,0.36414,-0.06444,1,17.71697,16.03199
1690535508806,0.36218,-0.05913,1,17.96076,15.72855
1690535508812,0.36657,-0.06463,1,17.90371,15.84316
1690535508819,0.35835,-0.03691,1,18.15243,15.92013
1690535508826,0.35249,-0.02329,1,18.18476,15.75298
1690535508832,0.36872,-0.04305,1,18.25768,15.83939
1690535508839,0.37277,-0.0243,1,18.01044,16.04758
1690535508846,0.37831,-0.00077,1,18.1261,15.87218
1690535508852,0.37975,0.02241,1,18.06501,15.83526
1690535508859,0.38345,0.0425,1,18.16229,15.74646
1690535508866,0.39211,0.03449,1,18.00672,15.62888
1690535508872,0.37913,0.01723,1,17.77849,15.48852
1690535508879,0.37542,0.03061,1,17.94482,15.62656
1690535508886,0.37824,0.0272,1,18.05042,15.64939
1690535508892,0.38168,0.0106,1,18.00241,15.61588
1690535508899,0.38882,0.01824,1,17.97128,15.57203
1690535508906,0.39435,0.02038,1,17.78918,15.57859
1690535508912,0.40415,0.02411,1,17.97499,15.58933
1690535508919,0.40067,0.02231,1,18.08875,15.58675
1690535508926,0.40906,0.02974,1,18.05749,15.7619
1690535508932,0.41609,0.03086,1,17.79825,15.69709
1690535508939,0.40275,0.03103,1,17.62538,15.78937
1690535508946,0.40313,0.06405,1,17.96621,15.89175
1690535508952,0.39864,0.07738,1,17.89535,15.9014
1690535508959,0.41147,0.07073,1,17.9986,15.87257
1690535508966,0.39758,0.10617,1,17.78776,15.85548
1690535508972,0.39471,0.10967,1,18.10007,15.97983
1690535508979,0.39776,0.11633,1,18.1213,15.98381
1690535508986,0.38775,0.1241,1,18.0863,15.86366
1690535508992,0.39441,0.12496,1,17.96501,15.73175
1690535508999,0.40376,0.11799,1,18.14521,15.92397
1690535509006,0.41279,0.11805,1,17.95504,15.89372
1690535509012,0.39751,0.11533,1,18.15841,15.99697
1690535509019,0.42185,0.11609,1,18.21469,16.05289
1690535509026,0.43188,0.0901,1,18.20829,15.93844
1690535509032,0.43746,0.0678,1,18.25364,16.01251
1690535509039,0.43579,0.0629,1,18.26388,15.99973
1690535509046,0.44316,0.07092,1,18.17262,16.04554
1690535509052,0.4507,0.0968,1,18.1546,16.31979
1690535509059,0.44454,0.08117,1,18.52243,15.83773
1690535509066,0.44217,0.10639,1,18.34067,16.20493
1690535509072,0.43077,0.07554,1,18.52515,16.20858
1690535509079,0.43691,0.08632,1,18.47035,16.17988
1690535509086,0.44309,0.07742,1,18.27972,16.08355
1690535509092,0.44996,0.05615,1,18.4518,15.84945
1690535509099,0.44776,0.07777,1,18.62346,15.90819
1690535509106,0.44544,0.08529,1,18.45991,15.83955
1690535509112,0.46036,0.11502,1,18.6333,15.7684
1690535509119,0.46263,0.10514,1,18.43102,15.85884
1690535509126,0.46269,0.10519,1,18.59074,15.92214
1690535509132,0.47085,0.08514,1,18.73575,16.06372
1690535509139,0.4665,0.09357,1,18.66831,16.20485
1690535509146,0.45589,0.10809,1,18.73352,16.14987
1690535509152,0.45714,0.1168,1,18.85559,16.22656
1690535509159,0.45233,0.13034,1,18.61209,16.28074
1690535509166,0.45184,0.12451,1,18.62508,16.42571
1690535509172,0.44531,0.13051,1,18.76204,16.46233
1690535509179,0.44782,0.11584,1,18.83074,16.37485
1690535509186,0.46319,0.1324,1,18.92992,16.44842
1690535509192,0.46832,0.13424,1,18.58999,16.35986
1690535509199,0.46835,0.15633,1,18.60339,16.372
1690535509206,0.45668,0.14393,1,18.83416,16.36048
1690535509212,0.45421,0.13019,1,18.78776,16.38821
1690535509219,0.46677,0.12187,1,18.70789,16.51192
1690535509226,0.45814,0.10171,1,18.79005,16.59878
1690535509232,0.46202,0.1062,1,18.67122,16.78849
1690535509239,0.4619,0.07336,1,18.68584,17.21388
1690535509246,0.46219,0.05043,1,18.71833,17.10641
1690535509252,0.47847,0.06938,1,18.30509,16.9683
1690535509259,0.48965,0.06482,1,18.50363,17.06509
1690535509266,0.47348,0.05905,1,18.60173,16.8787
1690535509272,0.45696,0.09655,1,18.56793,16.9183
1690535509279,0.46795,0.12097,1,18.41513,16.87257
1690535509286,0.45234,0.15641,1,18.42569,17.00021
1690535509292,0.45545,0.1676,1,18.57404,17.05369
1690535509299,0.44745,0.16925,1,18.51916,16.99954
1690535509306,0.46223,0.18373,1,18.66504,16.79892
1690535509312,0.45847,0.17373,1,18.33447,16.55462
1690535509319,0.46515,0.18023,1,18.39378,16.85956
1690535509326,0.47181,0.16736,1,18.21893,16.73389
1690535509332,0.46634,0.1476,1,18.28967,16.95899
1690535509339,0.46973,0.17545,1,18.36824,16.7876
1690535509346,0.46564,0.14968,1,18.13365,16.83082
1690535509352,0.44852,0.1466,1,18.24741,16.63871
1690535509359,0.43751,0.17989,1,18.3792,16.74543
1690535509366,0.44649,0.19459,1,18.07817,16.80619
1690535509372,0.4527,0.21304,1,17.91786,16.77905
1690535509379,0.45386,0.19436,1,18.08192,16.84987
1690535509386,0.44944,0.20926,1,18.04422,16.64445
1690535509392,0.44935,0.21707,1,18.10289,16.66443
1690535509399,0.44553,0.21761,1,18.02811,16.68081
1690535509406,0.43485,0.20458,1,18.20796,16.80215
1690535509412,0.42968,0.22123,1,18.5077,16.74299
1690535509419,0.43097,0.24107,1,18.01126,16.61824
1690535509426,0.4454,0.22267,1,18.26896,16.77628
1690535509432,0.43234,0.23348,1,18.13981,16.53822
1690535509439,0.43172,0.23146,1,18.24504,16.75833
1690535509446,0.41928,0.22462,1,18.18536,16.51961
1690535509452,0.42464,0.22521,1,18.11719,16.65252
1690535509459,0.43369,0.23118,1,18.06754,16.55386
1690535509466,0.44254,0.23102,1,17.96501,16.55808
1690535509472,0.43698,0.24837,1,18.08338,16.73598
1690535509479,0.44723,0.27374,1,17.90809,16.5361
1690535509486,0.46163,0.26017,1,17.90496,16.67073
1690535509492,0.45781,0.25803,1,18.02628,16.95233
1690535509499,0.45411,0.22528,1,18.3402,16.90892
1690535509506,0.45055,0.21332,1,17.91609,16.72482
1690535509512,0.46382,0.2098,1,17.93288,16.89218
1690535509519,0.46012,0.23531,1,18.03918,16.87044
1690535509526,0.47157,0.22826,1,18.10976,16.76582
1690535509532,0.4666,0.20947,1,18.09065,16.7762
1690535509539,0.46591,0.19217,1,17.92339,16.78412
1690535509546,0.46019,0.21619,1,17.80328,16.86536
1690535509552,0.47205,0.22327,1,17.73097,17.12141
1690535509559,0.46829,0.22519,1,17.72347,17.07155
1690535509566,0.46082,0.20544,1,17.66655,17.26883
1690535509572,0.45281,0.19685,1,17.7405,17.02777
1690535509579,0.46359,0.189,1,17.68478,17.09718
1690535509586,0.47552,0.18009,1,17.79938,17.0031
1690535509592,0.47009,0.15946,1,17.57431,17.0676
1690535509599,0.46819,0.18778,1,17.76759,17.07694
1690535509606,0.46687,0.2044,1,17.84053,16.86947
1690535509612,0.45054,0.20153,1,17.66913,16.69733
1690535509619,0.45786,0.20515,1,17.55381,16.6935
1690535509626,0.46492,0.2199,1,17.54493,16.67451
1690535509632,0.4768,0.22106,1,17.55805,16.71951
1690535509639,0.49071,0.21605,1,17.42329,16.75757
1690535509646,0.5063,0.20617,1,17.66832,16.99289
1690535509652,0.49414,0.19036,1,17.64368,16.73643
1690535509659,0.50712,0.1788,1,17.71714,16.90061
1690535509666,0.50551,0.18249,1,17.76854,16.87625
1690535509672,0.51013,0.16868,1,17.69007,16.86182
1690535509679,0.53033,0.18943,1,17.6508,16.89039
1690535509686,0.51527,0.15781,1,17.5655,16.83914
1690535509692,0.49967,0.14119,1,17.77576,16.73416
1690535509699,0.48222,0.14121,1,17.71964,16.99552
1690535509706,0.48498,0.14629,1,17.65596,16.85972
1690535509712,0.48539,0.13559,1,17.602,16.73366
1690535509719,0.4789,0.13222,1,17.64126,16.89561
1690535509726,0.49946,0.10626,1,17.54146,16.79373
1690535509732,0.51751,0.08954,1,17.56237,16.86698
1690535509739,0.52842,0.06244,1,17.60774,17.0016
1690535509746,0.52924,0.08324,1,17.66362,16.9197
1690535509752,0.5266,0.09062,1,17.59104,16.92115
1690535509759,0.52501,0.10973,1,17.54861,17.0777
1690535509766,0.53164,0.11206,1,17.52694,16.84285
1690535509772,0.52988,0.11588,1,17.19883,16.8359
1690535509779,0.53993,0.11377,1,17.34747,16.66276
1690535509786,0.54169,0.13493,1,17.26766,16.72553
1690535509792,0.55511,0.11889,1,17.19728,16.9435
1690535509799,0.53779,0.14482,1,17.32795,17.10402
1690535509806,0.53491,0.14644,1,17.39226,16.78143
1690535509812,0.53326,0.14867,1,17.23026,16.94447
1690535509819,0.53618,0.13768,1,17.36672,16.64732
1690535509826,0.53434,0.16407,1,17.22635,16.74007
1690535509832,0.53671,0.1563,1,17.07442,16.76865
1690535509839,0.54039,0.13886,1,17.14693,16.64573
1690535509846,0.53764,0.14176,1,17.49672,16.55697
1690535509852,0.52037,0.10598,1,17.41452,16.61273
1690535509859,0.50643,0.10752,1,17.51378,16.68625
1690535509866,0.50438,0.12225,1,17.37967,16.64144
1690535509872,0.51062,0.09839,1,17.22866,16.76814
1690535509879,0.51072,0.10004,1,17.33168,16.80207
1690535509886,0.49975,0.13425,1,17.46034,16.91561
1690535509892,0.50063,0.14508,1,17.39702,16.85983
1690535509899,0.50923,0.11899,1,17.46825,16.56756
1690535509906,0.52184,0.10653,1,17.14435,16.63376
1690535509912,0.52095,0.0706,1,17.44193,16.66488
1690535509919,0.51516,0.0747,1,17.42758,16.70073
1690535509926,0.50325,0.08543,1,17.35851,16.57929
1690535509932,0.49266,0.08691,1,17.09643,16.47616
1690535509939,0.48712,0.10425,1,17.19554,16.76123
1690535509946,0.4931,0.13422,1,17.31007,16.94058
1690535509952,0.49046,0.13857,1,17.39403,17.21139
1690535509959,0.48141,0.13704,1,17.32072,16.88324
1690535509966,0.47814,0.13963,1,17.50104,16.85131
1690535509972,0.49008,0.17631,1,17.44512,16.95719
1690535509979,0.48307,0.18756,1,17.36557,16.8631
1690535509986,0.4743,0.17192,1,17.41295,16.6248
1690535509992,0.47607,0.15112,1,16.94136,16.66239
1690535509999,0.47436,0.1657,1,17.1322,16.44575
1690535510006,0.47409,0.15744,1,17.23992,16.2744
1690535510012,0.47844,0.18488,1,17.27033,16.36994
1690535510019,0.47368,0.1902,1,17.06535,16.68358
1690535510026,0.46465,0.19079,1,16.92985,16.76473
1690535510032,0.45264,0.14198,1,17.1185,16.64409
1690535510039,0.455,0.1684,1,17.15222,16.62883
1690535510046,0.4538,0.15937,1,17.01962,16.85053
1690535510052,0.45635,0.09489,1,17.13326,16.7134
1690535510059,0.44577,0.10253,1,17.31201,16.71097
1690535510066,0.45785,0.08865,1,17.13099,16.64258
1690535510072,0.45319,0.08335,1,17.23319,16.52113
1690535510079,0.4493,0.09492,1,17.17012,16.58535
1690535510086,0.45687,0.0676,1,17.01846,16.42933
1690535510092,0.45463,0.0442,1,17.14036,16.61173
1690535510099,0.46916,0.04275,1,17.09078,16.27199
1690535510106,0.47072,0.05426,1,17.26324,16.54667
1690535510112,0.47775,0.03532,1,17.38051,16.53893
1690535510119,0.47645,0.02184,1,17.18333,16.51489
1690535510126,0.48711,0.01241,1,17.39853,16.39505
1690535510132,0.50248,0.0289,1,17.37133,16.70533
1690535510139,0.49463,0.04884,1,17.25498,16.62027
1690535510146,0.51202,0.06473,1,17.30545,16.9075
1690535510152,0.51557,0.05099,1,17.07309,17.04565
1690535510159,0.53388,0.06747,1,17.35871,17.03355
1690535510166,0.5275,0.07648,1,17.22153,17.02403
1690535510172,0.52395,0.09302,1,17.25061,16.75664
1690535510179,0.51033,0.07886,1,17.099,16.67703
1690535510186,0.50315,0.07305,1,17.17061,16.93119
1690535510192,0.51648,0.09665,1,17.14543,16.77046
1690535510199,0.52595,0.11805,1,17.02395,16.71902
1690535510206,0.53558,0.16178,1,17.18042,17.09286
1690535510212,0.53735,0.14115,1,16.99265,16.97099
1690535510219,0.53885,0.1641,1,16.88124,17.1425
1690535510226,0.54868,0.19409,1,16.59998,16.93025
1690535510232,0.55033,0.16064,1,16.7393,16.93894
1690535510239,0.55057,0.18278,1,16.92309,16.98295
1690535510246,0.56914,0.2132,1,16.76975,16.97114
1690535510252,0.57215,0.20723,1,16.79114,17.11461
1690535510259,0.56949,0.20131,1,16.91741,16.63692
1690535510266,0.56235,0.17685,1,16.92019,16.94101
1690535510272,0.57378,0.1868,1,16.6621,16.88615
1690535510279,0.58356,0.15763,1,16.80833,16.78509
1690535510286,0.57979,0.14232,1,16.75067,16.87514
1690535510292,0.58338,0.14632,1,16.45822,16.63767
1690535510299,0.5828,0.16859,1,16.57001,16.61673
1690535510306,0.57662,0.16848,1,16.4064,16.73508
1690535510312,0.58628,0.12848,1,16.72313,16.75871
1690535510319,0.58229,0.07233,1,16.76212,16.66029
1690535510326,0.58381,0.05733,1,16.75405,16.59311
1690535510332,0.57533,0.06632,1,16.92314,16.94901
1690535510339,0.56402,0.03079,1,16.71081,16.75096
1690535510346,0.55902,0.04737,1,16.80913,16.7681
1690535510352,0.55349,0.05029,1,16.76854,16.82208
1690535510359,0.53743,0.04668,1,16.52486,16.66922
1690535510366,0.54338,0.04073,1,16.88822,16.97749
1690535510372,0.54008,0.03338,1,16.66177,16.77532
1690535510379,0.5477,0.04206,1,16.82969,16.9077
1690535510386,0.5331,0.07112,1,16.8982,17.09859
1690535510392,0.53992,0.08528,1,16.63734,16.89504
1690535510399,0.52819,0.07867,1,16.70439,17.08525
1690535510406,0.52339,0.07773,1,16.60028,16.95401
1690535510412,0.52757,0.06473,1,16.8628,17.08998
1690535510419,0.52796,0.07389,1,16.64484,16.95814
1690535510426,0.52046,0.08307,1,16.62707,17.25616
1690535510432,0.50676,0.09952,1,16.50184,17.16305
1690535510439,0.50341,0.07888,1,16.67885,17.30549
1690535510446,0.50984,0.0636,1,16.76956,17.23738
1690535510452,0.53301,0.09476,1,16.92168,17.26559
1690535510459,0.53341,0.14471,1,16.83002,17.35781
1690535510466,0.55885,0.16111,1,16.8652,17.20094
1690535510472,0.55931,0.18206,1,16.64737,17.4391
1690535510479,0.57007,0.18911,1,16.99514,17.40265
1690535510486,0.56231,0.22098,1,16.74111,17.36669
1690535510492,0.57258,0.23386,1,16.87497,17.54871
1690535510499,0.59015,0.22779,1,17.10285,17.63595
1690535510506,0.59195,0.24308,1,17.12903,17.60765
1690535510512,0.5879,0.261,1,16.83162,17.31097
1690535510519,0.59998,0.26231,1,17.11602,17.45649
1690535510526,0.6073,0.24741,1,16.9467,17.06897
1690535510532,0.60401,0.26323,1,16.8572,17.16536
1690535510539,0.60567,0.24009,1,16.93776,17.06654
1690535510546,0.6096,0.24319,1,16.85875,16.88326
1690535510552,0.61598,0.24922,1,16.8223,16.92268
1690535510559,0.6132,0.25109,1,16.61415,17.10986
1690535510566,0.6073,0.24304,1,16.69855,17.17389
1690535510572,0.607,0.26381,1,16.86387,17.5143
1690535510579,0.61634,0.26716,1,16.89107,17.24031
1690535510586,0.6141,0.27966,1,16.63628,17.29208
1690535510592,0.61974,0.27484,1,16.42383,17.51835
1690535510599,0.60983,0.29644,1,16.75729,17.57062
1690535510606,0.6081,0.31899,1,16.65334,17.18843
1690535510612,0.60708,0.30931,1,16.64199,17.26576
1690535510619,0.6123,0.26687,1,16.64553,17.24798
1690535510626,0.61592,0.27279,1,16.65637,17.01302
1690535510632,0.60701,0.26012,1,16.85104,16.94508
1690535510639,0.60305,0.23616,1,16.87476,16.97655
1690535510646,0.61341,0.21059,1,16.93058,16.96963
1690535510652,0.61058,0.22178,1,16.56073,16.81762
1690535510659,0.61223,0.19854,1,16.6465,16.79632
1690535510666,0.60567,0.22418,1,16.73715,16.54365
1690535510672,0.60493,0.23554,1,16.60632,16.62589
1690535510679,0.61769,0.23273,1,16.74028,17.01667
1690535510686,0.61397,0.19143,1,16.83398,16.70191
1690535510692,0.60823,0.16867,1,16.62695,16.96227
1690535510699,0.59896,0.17919,1,16.7242,17.03282
1690535510706,0.59986,0.17134,1,16.69974,17.0786
1690535510712,0.60535,0.17226,1,16.37117,17.02954
1690535510719,0.59986,0.16707,1,16.81876,17.12773
1690535510726,0.60239,0.18351,1,16.84503,17.12502
1690535510732,0.59904,0.17629,1,16.83613,17.07383
1690535510739,0.58893,0.17531,1,16.6968,17.14142
1690535510746,0.58746,0.16215,1,16.54254,17.00439
1690535510752,0.57231,0.17948,1,16.49871,17.08733
1690535510759,0.59166,0.16229,1,16.49493,17.11148
1690535510766,0.61541,0.14773,1,16.4661,17.18017
1690535510772,0.61905,0.13793,1,16.55052,17.24343
1690535510779,0.61757,0.11543,1,16.49223,17.04381
1690535510786,0.62317,0.14829,1,16.40323,16.89863
1690535510792,0.61518,0.15512,1,16.37208,17.20289
1690535510799,0.59917,0.09878,1,16.46294,17.14878
1690535510806,0.61049,0.09845,1,16.43507,17.02169
1690535510812,0.60618,0.09924,1,16.35677,17.0067
1690535510819,0.60309,0.09704,1,16.34239,16.97635
1690535510826,0.60036,0.12508,1,16.46876,16.94281
1690535510832,0.60234,0.10877,1,16.51498,17.03967
1690535510839,0.59683,0.07946,1,16.70982,17.13891
1690535510846,0.60432,0.04483,1,16.27141,17.2298
1690535510852,0.60608,0.05503,1,16.32653,17.34795
1690535510859,0.61394,0.0397,1,16.43809,17.11961
1690535510866,0.61742,0.03756,1,16.57988,17.22529
1690535510872,0.61371,0.03352,1,16.48545,17.01844
1690535510879,0.59533,0.04907,1,16.57402,17.3615
1690535510886,0.5777,0.05532,1,16.58228,17.13261
1690535510892,0.57305,0.01972,1,16.52862,17.33717
1690535510899,0.57678,0.0451,1,16.6187,17.12563
1690535510906,0.57232,0.03873,1,16.45771,17.05247
1690535510912,0.5577,0.06714,1,16.6663,16.92495
1690535510919,0.55909,0.09883,1,16.55673,16.68561
1690535510926,0.56154,0.10825,1,16.40652,16.79549
1690535510932,0.55077,0.13169,1,16.79407,16.90653
1690535510939,0.56553,0.11853,1,16.70425,16.71648
1690535510946,0.57169,0.11493,1,16.94423,16.97674
1690535510952,0.56052,0.10112,1,16.76681,16.98624
1690535510959,0.56181,0.10743,1,16.78174,16.95313
1690535510966,0.57793,0.12146,1,16.82487,16.62981
1690535510972,0.57893,0.13417,1,16.63496,16.54949
1690535510979,0.5663,0.12829,1,16.44772,16.6275
1690535510986,0.55751,0.12136,1,16.50072,16.50528
1690535510992,0.55405,0.12053,1,16.48379,16.74234
1690535510999,0.561,0.11985,1,16.38664,16.55529
1690535511006,0.56164,0.11249,1,16.61399,16.66154
1690535511012,0.56459,0.12611,1,16.66703,16.52151
1690535511019,0.55026,0.13935,1,16.72291,16.54163
1690535511026,0.55013,0.15522,1,16.66602,16.63185
1690535511032,0.56121,0.13753,1,16.72958,16.57704
1690535511039,0.57388,0.13106,1,16.70494,16.72737
1690535511046,0.55892,0.11375,1,16.5559,16.91292
1690535511052,0.55093,0.11414,1,16.74527,16.86618
1690535511059,0.56198,0.11761,1,16.65873,16.7425
1690535511066,0.56659,0.12615,1,16.90774,17.03575
1690535511072,0.56927,0.14248,1,16.63814,16.98922
1690535511079,0.57932,0.12913,1,16.74823,17.02345
1690535511086,0.59174,0.13705,1,16.71281,16.91762
1690535511092,0.58194,0.13144,1,16.54042,17.1341
1690535511099,0.57031,0.11972,1,16.62378,17.10474
1690535511106,0.56342,0.09559,1,16.56232,17.13152
1690535511112,0.56207,0.0708,1,16.80182,17.00482
1690535511119,0.54878,0.05614,1,16.4849,17.15842
1690535511126,0.55119,0.06313,1,16.5226,17.05268
1690535511132,0.54823,0.0811,1,16.60533,17.28506
1690535511139,0.54998,0.05785,1,16.58355,17.08491
1690535511146,0.54933,0.09143,1,16.62837,17.00084
1690535511152,0.54442,0.07857,1,16.87678,16.96839
1690535511159,0.54988,0.069,1,16.73106,16.9937
1690535511166,0.54455,0.08021,1,16.69448,17.09556
1690535511172,0.55825,0.06649,1,16.77334,17.06409
1690535511179,0.5518,0.05928,1,16.73378,17.23155
1690535511186,0.55681,0.07677,1,16.74106,17.12962
1690535511192,0.56178,0.10344,1,16.57999,17.3209
1690535511199,0.56544,0.1016,1,16.71288,16.97155
1690535511206,0.56606,0.10849,1,16.58025,17.07156
1690535511212,0.54548,0.13628,1,16.70334,17.06962
1690535511219,0.5468,0.10339,1,16.37015,16.93935
1690535511226,0.55002,0.1267,1,16.34814,16.79767
1690535511232,0.54283,0.10573,1,16.14736,16.8555
1690535511239,0.52855,0.10837,1,16.32096,16.86921
1690535511246,0.5372,0.08491,1,16.41838,16.83862
1690535511252,0.53648,0.0777,1,16.55527,16.75658
1690535511259,0.55156,0.07469,1,16.42503,17.04042
1690535511266,0.54837,0.07773,1,16.49666,16.91711
1690535511272,0.54356,0.07652,1,16.13173,17.03833
1690535511279,0.54952,0.06076,1,16.40234,17.03985
1690535511286,0.55702,0.07526,1,16.25528,16.95191
1690535511292,0.57088,0.08815,1,16.2272,17.02927
1690535511299,0.5745,0.07198,1,16.23362,17.24826
1690535511306,0.58234,0.07566,1,16.29481,17.23938
1690535511312,0.59725,0.09142,1,15.94468,17.30415
1690535511319,0.58263,0.10941,1,15.71989,17.11255
1690535511326,0.5706,0.12468,1,15.54826,17.10504
1690535511332,0.57711,0.10867,1,15.60466,16.96089
1690535511339,0.58406,0.10465,1,15.52535,16.96283
1690535511346,0.57843,0.12834,1,15.67051,16.95763
1690535511352,0.58323,0.14638,1,15.83154,16.73325
1690535511359,0.57634,0.12378,1,15.76025,16.81566
1690535511366,0.57363,0.13562,1,15.73633,16.67134
1690535511372,0.55637,0.10956,1,15.53605,16.94172
1690535511379,0.56265,0.12344,1,15.71009,17.00639
1690535511386,0.55225,0.13814,1,15.73854,16.77539
1690535511392,0.55601,0.14439,1,15.74075,16.94888
1690535511399,0.56486,0.15125,1,15.89985,16.93701
1690535511406,0.58209,0.14333,1,15.74273,16.98471
1690535511412,0.58391,0.12853,1,15.83447,16.73117
1690535511419,0.57147,0.13157,1,15.99783,16.78304
1690535511426,0.56989,0.14661,1,15.71019,16.99109
1690535511432,0.5603,0.15219,1,15.86009,17.20244
1690535511439,0.55183,0.16874,1,15.93723,16.93635
1690535511446,0.56101,0.16287,1,15.68208,16.96177
1690535511452,0.5526,0.17766,1,15.79154,17.07984
1690535511459,0.57153,0.18157,1,15.56025,17.00367
1690535511466,0.582,0.19061,1,15.45029,16.90368
1690535511472,0.58657,0.17274,1,15.53192,17.1298
1690535511479,0.59461,0.1534,1,15.51122,17.11527
1690535511486,0.57724,0.15231,1,15.58372,17.22722
1690535511492,0.57657,0.16704,1,15.4618,17.07815
1690535511499,0.57705,0.17938,1,15.54734,16.98485
1690535511506,0.59458,0.15023,1,15.58815,17.12945
1690535511512,0.57672,0.20527,1,15.54188,17.06048
1690535511519,0.57776,0.22301,1,15.39827,17.19696
1690535511526,0.5802,0.22555,1,15.4953,17.41976
1690535511532,0.57165,0.26735,1,15.52714,17.01725
1690535511539,0.55111,0.26051,1,15.59116,17.02697
1690535511546,0.54348,0.26202,1,15.52721,17.00458
1690535511552,0.54179,0.25075,1,15.65781,16.78396
1690535511559,0.55474,0.23258,1,15.37713,16.9762
1690535511566,0.56384,0.23145,1,15.61945,16.99409
1690535511572,0.55844,0.21764,1,15.79106,17.17434
1690535511579,0.56713,0.24373,1,15.48752,17.30947
1690535511586,0.57915,0.24226,1,15.81704,17.04022
1690535511592,0.58044,0.21617,1,15.2851,17.13595
1690535511599,0.58508,0.22129,1,15.66457,17.14652
1690535511606,0.58767,0.23335,1,15.7853,17.15958
1690535511612,0.58009,0.26188,1,15.38614,17.28715
1690535511619,0.59226,0.2758,1,15.71615,17.41592
1690535511626,0.5869,0.25556,1,15.48813,17.41824
1690535511632,0.59103,0.284,1,15.73244,17.46692
1690535511639,0.57312,0.28403,1,15.6228,17.47203
1690535511646,0.57045,0.26023,1,15.56687,17.48615
1690535511652,0.56346,0.25836,1,15.54316,17.51354
1690535511659,0.55723,0.2941,1,15.52133,17.7707
1690535511666,0.55039,0.30547,1,15.55125,17.61318
1690535511672,0.55715,0.32086,1,15.30166,17.66863
1690535511679,0.55023,0.2805,1,15.50065,17.4947
1690535511686,0.55085,0.26938,1,15.39145,17.57424
1690535511692,0.53698,0.26833,1,15.29474,17.37379
1690535511699,0.5468,0.30394,1,15.45942,17.58689
1690535511706,0.5478,0.31292,1,15.58919,17.17519
1690535511712,0.53256,0.30316,1,15.64986,17.28541
1690535511719,0.55528,0.26142,1,15.65458,17.39034
1690535511726,0.56574,0.29015,1,15.62587,17.35431
1690535511732,0.55782,0.29657,1,15.69097,17.22118
1690535511739,0.54086,0.29852,1,15.7635,17.08727
1690535511746,0.55134,0.28059,1,15.61598,17.10003
1690535511752,0.54078,0.26856,1,15.71851,17.08727
1690535511759,0.56114,0.28519,1,15.8631,16.86222
1690535511766,0.56739,0.28478,1,15.64463,17.14866
1690535511772,0.55653,0.29905,1,15.82702,17.21833
1690535511779,0.56448,0.2981,1,15.85081,17.27777
1690535511786,0.57713,0.26144,1,15.65316,17.07295
1690535511792,0.58396,0.25631,1,15.51531,17.22657
1690535511799,0.57832,0.22532,1,15.72534,17.41403
1690535511806,0.57517,0.25008,1,15.81046,17.42468
1690535511812,0.57348,0.22519,1,15.7559,17.31465
1690535511819,0.57728,0.21426,1,15.53844,17.53998
1690535511826,0.57585,0.24325,1,15.84888,17.53887
1690535511832,0.57465,0.24097,1,15.68835,17.29511
1690535511839,0.5788,0.22647,1,15.8829,17.31319
1690535511846,0.586,0.20822,1,15.9648,17.36539
1690535511852,0.5756,0.20261,1,15.68015,17.31806
1690535511859,0.57155,0.21973,1,15.98095,17.12025
1690535511866,0.55996,0.23244,1,15.94999,17.16765
1690535511872,0.55466,0.21938,1,15.98622,16.94346
1690535511879,0.56097,0.23718,1,15.87956,17.18755
1690535511886,0.54798,0.20847,1,15.97103,17.23112
1690535511892,0.55421,0.20093,1,15.95712,16.91289
1690535511899,0.54768,0.18666,1,16.04608,16.96836
1690535511906,0.55273,0.17181,1,16.35204,17.16001
1690535511912,0.53706,0.1588,1,16.15178,16.98696
1690535511919,0.54493,0.15806,1,16.15744,16.97687
1690535511926,0.55201,0.12536,1,16.12003,16.93627
1690535511932,0.55664,0.11916,1,16.33162,17.01753
1690535511939,0.55461,0.14796,1,16.30474,17.07558
1690535511946,0.55774,0.15051,1,16.20208,17.08246
1690535511952,0.57373,0.1333,1,16.02793,17.08579
1690535511959,0.55414,0.12999,1,16.02731,16.98657
1690535511966,0.54457,0.13054,1,16.08657,16.88024
1690535511972,0.5461,0.11042,1,16.03359,16.89741
1690535511979,0.53581,0.07954,1,15.89513,16.54239
1690535511986,0.54939,0.08233,1,16.04852,16.89677
1690535511992,0.55188,0.08729,1,15.74098,16.7971
1690535511999,0.55747,0.09931,1,15.74838,16.72162
1690535512006,0.56514,0.09019,1,16.09291,16.75496
1690535512012,0.56851,0.09903,1,16.04264,16.70522
1690535512019,0.56254,0.13291,1,16.13254,16.66909
1690535512026,0.55598,0.11599,1,15.7267,16.71383
1690535512032,0.54479,0.10906,1,15.86328,16.94784
1690535512039,0.54731,0.14232,1,15.77405,16.87317
1690535512046,0.54341,0.12743,1,15.78475,16.66262
1690535512052,0.54422,0.1239,1,16.11398,16.5661
1690535512059,0.55419,0.1274,1,15.7967,16.70967
1690535512066,0.54495,0.10419,1,16.09894,16.62687
1690535512072,0.55385,0.09644,1,16.03184,16.59758
1690535512079,0.54876,0.12184,1,16.16065,16.54318
1690535512086,0.54794,0.11934,1,16.09103,16.50002
1690535512092,0.54563,0.1022,1,16.28195,16.60527
1690535512099,0.54096,0.10593,1,16.12867,16.74716
1690535512106,0.56277,0.10326,1,15.93769,16.53099
1690535512112,0.5651,0.12699,1,16.25948,16.72424
1690535512119,0.55319,0.13221,1,16.11325,16.74384
1690535512126,0.54872,0.12369,1,16.00872,16.42531
1690535512132,0.54504,0.12859,1,15.91896,16.51555
1690535512139,0.53973,0.13239,1,15.90612,16.41421
1690535512146,0.54653,0.12608,1,15.94987,16.4855
1690535512152,0.53699,0.14082,1,15.87264,16.54647
1690535512159,0.53411,0.12184,1,15.7778,16.47829
1690535512166,0.53751,0.11343,1,15.86348,16.58763
1690535512172,0.54181,0.10183,1,15.78815,16.50561
1690535512179,0.53676,0.11216,1,15.98647,16.49542
1690535512186,0.53022,0.11654,1,15.99825,16.28978
1690535512192,0.52931,0.09174,1,15.69029,16.05002
1690535512199,0.53397,0.09066,1,15.95543,15.95325
1690535512206,0.52395,0.09338,1,16.01831,16.13785
1690535512212,0.5227,0.11063,1,15.68335,15.86202
1690535512219,0.52293,0.12704,1,15.9217,15.84678
1690535512226,0.52532,0.14215,1,15.95695,16.05394
1690535512232,0.51421,0.12721,1,15.88601,16.12069
1690535512239,0.52164,0.15473,1,15.88665,15.89566
1690535512246,0.52554,0.1537,1,15.86172,15.73677
1690535512252,0.51947,0.16903,1,15.75582,15.92588
1690535512259,0.51798,0.18545,1,16.10121,15.86299
1690535512266,0.51329,0.17578,1,16.18648,16.11679
1690535512272,0.52192,0.17646,1,16.14472,16.10296
1690535512279,0.51133,0.15556,1,15.99291,16.13669
1690535512286,0.51533,0.16126,1,15.92783,16.23183
1690535512292,0.52294,0.1604,1,15.82703,16.20249
1690535512299,0.51915,0.1395,1,15.77081,16.31558
1690535512306,0.53558,0.11156,1,15.65075,16.13015
1690535512312,0.52607,0.10436,1,15.42664,16.12564
1690535512319,0.52864,0.10037,1,15.58156,16.03866
1690535512326,0.51402,0.08155,1,15.61741,16.07689
1690535512332,0.50797,0.04179,1,15.7653,16.0868
1690535512339,0.50157,0.0183,1,15.70614,16.21775
1690535512346,0.49473,-0.00851,1,15.72438,15.93217
1690535512352,0.47942,-0.01819,1,15.77569,16.13939
1690535512359,0.47112,-0.02726,1,15.80319,16.2088
1690535512366,0.46722,-0.00984,1,15.8017,16.069
1690535512372,0.48923,-0.01412,1,15.53705,16.10483
1690535512379,0.47863,-0.01345,1,15.76032,15.83134
1690535512386,0.47158,-0.02598,1,15.77692,16.09211
1690535512392,0.46509,-0.01122,1,15.76005,15.78525
1690535512399,0.46608,0.00541,1,15.50178,15.82556
1690535512406,0.45126,0.01749,1,15.81963,16.03736
1690535512412,0.43714,0.00803,1,15.92412,15.8585
1690535512419,0.43983,0.01,1,15.84212,16.0192
1690535512426,0.43386,-0.01028,1,15.88658,16.10895
1690535512432,0.42822,-0.03689,1,16.00903,15.8335
1690535512439,0.42418,-0.01545,1,15.71284,16.00045
1690535512446,0.43701,-0.00864,1,15.90588,15.88841
1690535512452,0.4347,0.00568,1,15.74478,15.88768
1690535512459,0.4359,-0.00721,1,15.33593,15.90995
1690535512466,0.43862,0.01239,1,15.85244,16.14719
1690535512472,0.42318,0.02868,1,15.61184,15.9258
1690535512479,0.42122,-0.00043,1,15.48895,15.81368
1690535512486,0.42081,0.00386,1,15.42867,16.11508
1690535512492,0.42493,-0.02264,1,15.23941,16.18621
1690535512499,0.41789,0.00468,1,15.52243,15.88445
1690535512506,0.42753,-0.00261,1,15.39609,16.13517
1690535512512,0.42683,-0.01469,1,15.50081,16.08103
1690535512519,0.42183,-0.02802,1,15.57023,16.05219
1690535512526,0.42973,-0.07175,1,15.34653,16.32705
1690535512532,0.41856,-0.04572,1,15.53102,16.23841
1690535512539,0.42533,-0.03245,1,15.19936,16.47493
1690535512546,0.42937,-0.02609,1,15.02036,16.64425
1690535512552,0.42155,0.00755,1,14.8847,16.45568
1690535512559,0.43159,0.03028,1,15.07619,16.52062
1690535512566,0.44686,0.00401,1,15.21568,16.69755
1690535512572,0.46064,-0.00189,1,15.1239,16.77486
1690535512579,0.45922,-0.0294,1,15.17616,16.85187
1690535512586,0.45303,-0.01902,1,15.15312,16.93582
1690535512592,0.45801,0.00126,1,15.24029,16.89228
1690535512599,0.44952,-0.03398,1,15.32936,16.87703
1690535512606,0.42765,-0.04083,1,15.1985,16.71453
1690535512612,0.41855,-0.05597,1,15.17782,16.78512
1690535512619,0.40217,-0.03965,1,15.17733,16.51707
1690535512626,0.38091,-0.0487,1,15.27097,16.64493
1690535512632,0.37917,-0.07621,1,15.29882,16.69507
1690535512639,0.38178,-0.1114,1,15.43313,16.87033
1690535512646,0.38491,-0.12771,1,15.32255,16.78224
1690535512652,0.38986,-0.15027,1,15.34739,17.00987
1690535512659,0.39055,-0.16419,1,15.25705,16.85126
1690535512666,0.39105,-0.14352,1,15.1399,16.8961
1690535512672,0.39979,-0.11913,1,15.46925,17.26958
1690535512679,0.39519,-0.14744,1,15.10614,17.19143
1690535512686,0.40766,-0.16156,1,15.48273,17.18187
1690535512692,0.41316,-0.16245,1,15.25902,17.0059
1690535512699,0.4184,-0.20356,1,15.20762,16.88291
1690535512706,0.42262,-0.20899,1,15.14051,16.88295
1690535512712,0.42348,-0.18636,1,15.07486,16.96673
1690535512719,0.42763,-0.16336,1,14.98948,16.95029
1690535512726,0.44291,-0.15241,1,14.96046,17.09705
1690535512732,0.46007,-0.14764,1,15.07355,16.84006
1690535512739,0.46004,-0.16462,1,15.15956,16.73295
1690535512746,0.46829,-0.1591,1,15.26029,16.76406
1690535512752,0.46269,-0.16156,1,15.34446,16.80048
1690535512759,0.46882,-0.17716,1,15.13468,16.73609
1690535512766,0.47072,-0.17097,1,15.1216,16.86888
1690535512772,0.48279,-0.14789,1,15.14649,16.77811
1690535512779,0.48947,-0.11829,1,15.0731,16.67173
1690535512786,0.48241,-0.15136,1,15.02201,16.72042
1690535512792,0.46964,-0.16904,1,14.81205,16.88942
1690535512799,0.46283,-0.1933,1,15.04618,16.79547
1690535512806,0.47104,-0.22712,1,14.76756,17.01172
1690535512812,0.47697,-0.19275,1,15.00298,17.17824
1690535512819,0.46988,-0.22613,1,15.13017,16.9543
1690535512826,0.48435,-0.20625,1,14.92351,16.91583
1690535512832,0.47992,-0.16382,1,14.97272,16.84476
1690535512839,0.49611,-0.18157,1,14.98516,17.16514
1690535512846,0.49591,-0.18601,1,14.87855,17.01934
1690535512852,0.50303,-0.18644,1,14.97789,17.32808
1690535512859,0.50112,-0.17575,1,15.12198,17.30128
1690535512866,0.48578,-0.15804,1,14.94692,17.22317
1690535512872,0.47862,-0.16883,1,15.0227,17.21588
1690535512879,0.46594,-0.15562,1,14.91257,17.12754
1690535512886,0.47224,-0.16405,1,14.92414,17.36472
1690535512892,0.45616,-0.14916,1,14.83501,17.57906
1690535512899,0.45524,-0.15064,1,15.01799,17.39869
1690535512906,0.45945,-0.17252,1,14.85437,17.22469
1690535512912,0.46746,-0.15798,1,14.88377,17.21508
1690535512919,0.46403,-0.1559,1,15.14791,17.2232
1690535512926,0.47077,-0.15746,1,15.03835,17.19663
1690535512932,0.45695,-0.16688,1,14.96574,17.46727
1690535512939,0.44824,-0.17723,1,15.04726,17.44432
1690535512946,0.43911,-0.16448,1,14.86511,17.25864
1690535512952,0.44213,-0.1989,1,14.79398,17.39521
1690535512959,0.44089,-0.19054,1,15.06757,17.54399
1690535512966,0.43608,-0.23296,1,14.96239,17.5474
1690535512972,0.42776,-0.22185,1,14.84794,17.44785
1690535512979,0.42941,-0.23162,1,14.72952,17.45222
1690535512986,0.42445,-0.2116,1,14.52775,17.46734
1690535512992,0.42376,-0.22276,1,14.75904,17.49963
1690535512999,0.40378,-0.24986,1,14.62033,17.16865
1690535513006,0.40906,-0.25429,1,14.82963,17.46732
1690535513012,0.4075,-0.27205,1,14.74107,17.52592
1690535513019,0.40382,-0.28304,1,14.75555,17.64548
1690535513026,0.41014,-0.27666,1,14.65521,17.60657
1690535513032,0.42338,-0.28105,1,14.75521,17.83093
1690535513039,0.43335,-0.29627,1,14.73851,17.73545
1690535513046,0.43872,-0.28198,1,14.6993,17.80285
1690535513052,0.43619,-0.25681,1,14.78003,17.74548
1690535513059,0.4406,-0.26352,1,14.9239,17.83456
1690535513066,0.44447,-0.25447,1,15.03886,17.8998
1690535513072,0.44204,-0.24099,1,14.66211,17.87207
1690535513079,0.42297,-0.22556,1,14.97029,17.78479
1690535513086,0.42689,-0.20612,1,14.77818,17.90366
1690535513092,0.43585,-0.20447,1,14.86931,17.82623
1690535513099,0.4368,-0.20731,1,14.82826,17.9718
1690535513106,0.42894,-0.20875,1,14.99759,17.98499
1690535513112,0.42658,-0.20925,1,14.81218,17.94539
1690535513119,0.41478,-0.17772,1,14.86672,17.83989
1690535513126,0.41942,-0.12549,1,15.17468,18.01069
1690535513132,0.40957,-0.08873,1,14.85516,17.94751
1690535513139,0.39067,-0.10538,1,14.85997,18.04234
1690535513146,0.39839,-0.10806,1,15.16044,18.09838
1690535513152,0.38284,-0.10529,1,15.004,18.05677
1690535513159,0.38653,-0.11139,1,14.86823,18.06521
1690535513166,0.38967,-0.11152,1,15.03572,18.09879
1690535513172,0.38087,-0.14836,1,15.02919,17.92802
1690535513179,0.361,-0.14402,1,14.73786,18.09794
1690535513186,0.3918,-0.14257,1,14.89459,18.25623
1690535513192,0.39206,-0.13479,1,14.88331,17.95091
1690535513199,0.38818,-0.11836,1,14.87506,18.04495
1690535513206,0.38571,-0.14692,1,14.93489,18.09637
1690535513212,0.39125,-0.1602,1,14.97063,17.77978
1690535513219,0.3991,-0.13919,1,15.0051,17.84041
1690535513226,0.40203,-0.12111,1,15.04041,17.92513
1690535513232,0.40443,-0.11765,1,15.05008,17.96884
1690535513239,0.40634,-0.10683,1,15.06852,17.98117
1690535513246,0.42078,-0.07323,1,15.14303,17.83799
1690535513252,0.42583,-0.09475,1,15.12573,17.56033
1690535513259,0.41452,-0.08455,1,15.04467,17.57939
1690535513266,0.40257,-0.06748,1,14.90002,17.64044
1690535513272,0.41198,-0.05391,1,14.86696,17.619
1690535513279,0.40772,-0.07648,1,14.75246,17.63263
1690535513286,0.40894,-0.0471,1,15.03401,17.74651
1690535513292,0.40791,-0.03273,1,14.74078,17.69945
1690535513299,0.39699,-0.02249,1,14.56417,17.6278
1690535513306,0.39961,-0.07945,1,14.71601,17.62072
1690535513312,0.38621,-0.07742,1,14.81783,17.63329
1690535513319,0.40136,-0.08734,1,14.74414,17.89154
1690535513326,0.4102,-0.08307,1,14.517,17.53741
1690535513332,0.41468,-0.08582,1,14.69409,17.66015
1690535513339,0.40144,-0.08993,1,14.78205,17.61487
1690535513346,0.41778,-0.10065,1,14.51009,17.49731
1690535513352,0.41124,-0.09696,1,14.68798,17.65396
1690535513359,0.40883,-0.10875,1,14.52769,17.70447
1690535513366,0.41314,-0.12266,1,14.7485,17.94773
1690535513372,0.42912,-0.07018,1,14.8081,17.89492
1690535513379,0.42543,-0.0819,1,14.63998,17.87072
1690535513386,0.42241,-0.08427,1,14.58409,17.5525
1690535513392,0.41338,-0.07786,1,14.56296,17.99389
1690535513399,0.42954,-0.06493,1,14.72359,17.78213
1690535513406,0.43572,-0.11971,1,14.58207,17.72652
1690535513412,0.44065,-0.09871,1,14.60258,17.8506
1690535513419,0.44212,-0.1086,1,14.86933,17.97675
1690535513426,0.45947,-0.09089,1,14.76804,18.05031
1690535513432,0.45804,-0.0771,1,14.62188,18.08718
1690535513439,0.46154,-0.07938,1,14.84723,18.13488
1690535513446,0.48867,-0.10951,1,14.60092,18.04024
1690535513452,0.50039,-0.10082,1,14.70998,18.35289
1690535513459,0.49525,-0.11994,1,14.60807,18.19768
1690535513466,0.494,-0.10259,1,14.80425,18.12085
1690535513472,0.48194,-0.12477,1,14.6858,18.11638
1690535513479,0.47532,-0.15692,1,14.62549,18.13106
1690535513486,0.47009,-0.14574,1,14.714,18.10752
1690535513492,0.47333,-0.14961,1,14.75774,18.34457
1690535513499,0.47133,-0.15951,1,14.87908,18.11044
1690535513506,0.45881,-0.12671,1,14.79538,18.15575
1690535513512,0.46748,-0.14038,1,14.82895,18.19886
1690535513519,0.49027,-0.17217,1,14.87427,18.33355
1690535513526,0.50926,-0.15581,1,14.87423,18.28795
1690535513532,0.50832,-0.17247,1,14.90324,18.10649
1690535513539,0.52546,-0.1924,1,15.11249,18.12611
1690535513546,0.53188,-0.19967,1,14.83548,18.33618
1690535513552,0.52683,-0.20629,1,14.64997,18.47622
1690535513559,0.54543,-0.22524,1,14.8183,18.27003
1690535513566,0.55538,-0.22512,1,14.78413,18.51843
1690535513572,0.55932,-0.21057,1,14.69602,18.05994
1690535513579,0.56409,-0.2083,1,15.05874,17.98568
1690535513586,0.57163,-0.19985,1,14.79755,18.10743
1690535513592,0.58998,-0.21382,1,15.04431,18.17008
1690535513599,0.5922,-0.18911,1,15.18455,18.19499
1690535513606,0.59548,-0.18252,1,14.83477,18.33631
1690535513612,0.59167,-0.18823,1,14.99856,18.33727
1690535513619,0.58831,-0.20834,1,14.90785,18.24642
1690535513626,0.59215,-0.19296,1,15.18759,18.23229
1690535513632,0.59659,-0.19367,1,15.07939,18.30391
1690535513639,0.60185,-0.18721,1,15.10565,18.47752
1690535513646,0.60726,-0.18112,1,15.20653,18.54496
1690535513652,0.61154,-0.1969,1,15.00133,18.49131
1690535513659,0.60066,-0.18007,1,14.9156,18.37845
1690535513666,0.59342,-0.18412,1,14.93677,18.37392
1690535513672,0.5883,-0.17439,1,14.98449,18.53324
1690535513679,0.59771,-0.17348,1,14.84184,18.50856
1690535513686,0.5938,-0.20109,1,14.83903,18.42175
1690535513692,0.5883,-0.20341,1,14.85339,18.3374
1690535513699,0.58743,-0.197,1,14.92922,18.42626
1690535513706,0.57779,-0.20613,1,14.76713,18.56197
1690535513712,0.5666,-0.22509,1,15.09852,18.27933
1690535513719,0.55323,-0.19647,1,15.16783,18.64189
1690535513726,0.55871,-0.21737,1,15.012,18.85154
1690535513732,0.5437,-0.20917,1,14.88908,18.80622
1690535513739,0.54294,-0.2402,1,15.03798,18.67185
1690535513746,0.54723,-0.22781,1,15.00473,18.66764
1690535513752,0.55134,-0.20496,1,15.10949,18.62098
1690535513759,0.53314,-0.2136,1,15.02844,18.72191
1690535513766,0.54053,-0.20648,1,15.25963,18.74848
1690535513772,0.53589,-0.20999,1,14.93806,18.81834
1690535513779,0.54044,-0.18177,1,15.20449,18.7585
1690535513786,0.54607,-0.20264,1,15.1805,18.78822
1690535513792,0.56137,-0.19881,1,15.3678,19.01337
1690535513799,0.52881,-0.19185,1,15.02444,18.92856
1690535513806,0.52254,-0.17539,1,15.15953,19.05296
1690535513812,0.52155,-0.19119,1,15.16658,18.93564
1690535513819,0.53098,-0.17274,1,15.3514,18.8085
1690535513826,0.54495,-0.19592,1,15.20321,18.82372
1690535513832,0.55304,-0.21515,1,15.30086,18.7862
1690535513839,0.53907,-0.24343,1,15.20068,18.82277
1690535513846,0.53108,-0.2509,1,15.63158,18.65387
1690535513852,0.53361,-0.23813,1,15.40837,18.61926
1690535513859,0.53728,-0.24905,1,15.14385,18.76569
1690535513866,0.52906,-0.25443,1,15.39611,18.59525
1690535513872,0.52906,-0.25115,1,15.25838,18.41188
1690535513879,0.53235,-0.23315,1,15.47599,18.41992
1690535513886,0.53688,-0.24366,1,15.21415,18.35162
1690535513892,0.52946,-0.23506,1,15.49514,18.44242
1690535513899,0.53982,-0.22417,1,15.54625,18.67022
1690535513906,0.53845,-0.23585,1,15.41236,18.63338
1690535513912,0.52637,-0.22794,1,15.27947,18.81119
1690535513919,0.52127,-0.26139,1,15.20959,18.485
1690535513926,0.52333,-0.27543,1,15.35267,18.62406
1690535513932,0.51412,-0.26735,1,15.07187,18.7715
1690535513939,0.51366,-0.28683,1,14.99302,18.83447
1690535513946,0.51906,-0.28451,1,14.95838,18.86747
1690535513952,0.50389,-0.30409,1,15.2564,18.90128
1690535513959,0.50906,-0.27482,1,14.92619,19.1092
1690535513966,0.50413,-0.31857,1,15.11754,18.90322
1690535513972,0.48727,-0.32801,1,15.09,18.93356
1690535513979,0.49218,-0.28946,1,15.17797,18.89602
1690535513986,0.48229,-0.27119,1,15.25139,18.94119
1690535513992,0.47448,-0.26198,1,15.03753,18.89986
1690535513999,0.48835,-0.28828,1,15.27515,18.84547
1690535514006,0.50511,-0.29232,1,14.91445,18.93601
1690535514012,0.50651,-0.26164,1,14.97716,18.95468
1690535514019,0.50862,-0.2527,1,15.20445,18.81517
1690535514026,0.51693,-0.23586,1,15.20687,18.91215
1690535514032,0.52022,-0.21512,1,15.33755,18.9927
1690535514039,0.51219,-0.25698,1,14.96031,18.99938
1690535514046,0.52012,-0.26486,1,15.32978,19.06987
1690535514052,0.51089,-0.26702,1,15.15349,19.07294
1690535514059,0.51889,-0.24721,1,14.97046,18.97067
1690535514066,0.51796,-0.23043,1,14.92408,18.95785
1690535514072,0.52085,-0.22448,1,15.11403,19.212
1690535514079,0.52981,-0.21855,1,15.03881,19.11549
1690535514086,0.52304,-0.2457,1,14.78246,19.21519
1690535514092,0.52163,-0.2754,1,15.0471,18.99583
1690535514099,0.53895,-0.2619,1,14.82085,19.2846
1690535514106,0.53567,-0.27661,1,14.6661,19.27912
1690535514112,0.54463,-0.28823,1,14.59603,19.27901
1690535514119,0.53925,-0.25406,1,14.81342,19.28646
1690535514126,0.53753,-0.28641,1,14.62803,19.21261
1690535514132,0.53296,-0.28156,1,14.65646,19.41928
1690535514139,0.52098,-0.28002,1,14.70651,19.16116
1690535514146,0.52007,-0.26242,1,14.63564,19.21216
1690535514152,0.52105,-0.28479,1,14.57522,19.0598
1690535514159,0.50463,-0.29605,1,14.78914,19.09024
1690535514166,0.4959,-0.31119,1,14.63199,19.04009
1690535514172,0.4828,-0.30453,1,14.72472,19.13963
1690535514179,0.49256,-0.31102,1,14.83467,19.17466
1690535514186,0.48759,-0.29446,1,14.9792,19.31059
1690535514192,0.49034,-0.29269,1,14.772,19.26107
1690535514199,0.48644,-0.26636,1,14.89,19.40344
1690535514206,0.4766,-0.25008,1,15.15818,19.25433
1690535514212,0.46702,-0.26901,1,15.03625,19.24568
1690535514219,0.46307,-0.28205,1,14.86901,19.47188
1690535514226,0.46236,-0.27927,1,15.02128,19.38634
1690535514232,0.46216,-0.26967,1,15.19657,19.58771
1690535514239,0.4947,-0.24844,1,14.95288,19.71733
1690535514246,0.49769,-0.25229,1,15.14555,19.64036
1690535514252,0.49664,-0.23646,1,15.17982,19.30069
1690535514259,0.4892,-0.26564,1,15.11769,19.21064
1690535514266,0.47971,-0.26299,1,15.12121,19.10386
1690535514272,0.48582,-0.2803,1,15.15932,19.19201
1690535514279,0.50011,-0.27921,1,15.13068,18.97457
1690535514286,0.48685,-0.27215,1,14.82863,19.01515
1690535514292,0.47427,-0.25134,1,14.97779,18.9051
1690535514299,0.47526,-0.23681,1,14.78331,18.79847
1690535514306,0.46385,-0.22236,1,14.87401,18.86274
1690535514312,0.4784,-0.22643,1,14.57188,18.9009
1690535514319,0.48585,-0.18787,1,14.83253,19.0223
1690535514326,0.4703,-0.19548,1,14.51018,18.92115
1690535514332,0.47471,-0.21655,1,14.74343,18.60073
1690535514339,0.48819,-0.18366,1,14.51244,19.01723
1690535514346,0.49484,-0.17144,1,14.39999,18.77958
1690535514352,0.48429,-0.18493,1,14.54154,18.7959
1690535514359,0.4884,-0.16542,1,14.76407,18.82777
1690535514366,0.49101,-0.18424,1,14.4979,18.73708
1690535514372,0.48078,-0.20108,1,14.6769,18.61921
1690535514379,0.47866,-0.19592,1,14.87871,18.92073
1690535514386,0.47109,-0.16145,1,14.70276,18.88498
1690535514392,0.49652,-0.16005,1,14.74128,18.54695
1690535514399,0.50218,-0.18064,1,14.77539,18.72496
1690535514406,0.49826,-0.15042,1,14.9184,18.58843
1690535514412,0.50151,-0.14285,1,14.4624,18.3293
1690535514419,0.49075,-0.11638,1,14.89103,18.31881
1690535514426,0.48908,-0.15411,1,14.62851,18.43291
1690535514432,0.48154,-0.12763,1,14.73182,18.20823
1690535514439,0.47552,-0.11973,1,14.46969,18.58822
1690535514446,0.46287,-0.13382,1,14.5319,18.6861
1690535514452,0.47568,-0.13042,1,14.79557,18.5133
1690535514459,0.48844,-0.12067,1,14.53037,18.75681
1690535514466,0.49161,-0.11072,1,14.8117,18.84145
1690535514472,0.48941,-0.10653,1,14.78355,18.88622
1690535514479,0.48421,-0.11683,1,14.32759,18.92038
1690535514486,0.48747,-0.13706,1,14.74449,18.71301
1690535514492,0.48852,-0.17604,1,14.77022,18.56474
1690535514499,0.48064,-0.19951,1,14.54654,18.76619
1690535514506,0.47262,-0.19989,1,14.74554,18.82053
1690535514512,0.46178,-0.1837,1,14.82792,18.87348
1690535514519,0.45606,-0.18484,1,14.7835,18.78666
1690535514526,0.43539,-0.21267,1,14.80707,18.77942
1690535514532,0.44108,-0.17374,1,14.84297,18.72822
1690535514539,0.44191,-0.16965,1,14.58429,18.74713
1690535514546,0.43052,-0.13958,1,14.93439,18.79305
1690535514552,0.42154,-0.13703,1,14.83439,18.7658
1690535514559,0.42798,-0.13123,1,14.70091,18.84547
1690535514566,0.42092,-0.14963,1,14.61465,18.81074
1690535514572,0.41094,-0.19119,1,14.77047,18.83638
1690535514579,0.41106,-0.21105,1,14.86689,18.92083
1690535514586,0.41704,-0.21662,1,14.93126,18.7574
1690535514592,0.40858,-0.23494,1,14.72906,18.84003
1690535514599,0.40311,-0.22288,1,14.88858,18.87809
1690535514606,0.40227,-0.21551,1,14.89714,18.9363
1690535514612,0.40573,-0.22082,1,14.99516,18.93449
1690535514619,0.3984,-0.20175,1,14.97078,18.89297
1690535514626,0.40821,-0.18737,1,14.78081,19.06224
1690535514632,0.41144,-0.19396,1,14.80476,18.94573
1690535514639,0.40166,-0.19425,1,14.87419,19.08282
1690535514646,0.41193,-0.17067,1,14.925,19.11171
1690535514652,0.4083,-0.17354,1,14.5755,18.80307
1690535514659,0.41313,-0.16951,1,14.75463,18.71513
1690535514666,0.4218,-0.17781,1,14.4444,18.75992
1690535514672,0.42682,-0.14868,1,14.44362,18.60831
1690535514679,0.41493,-0.11872,1,14.52787,18.55918
1690535514686,0.41907,-0.12358,1,14.5672,18.99098
1690535514692,0.40827,-0.12334,1,14.64877,18.57987
1690535514699,0.41058,-0.14187,1,14.48479,18.56603
1690535514706,0.42528,-0.10816,1,14.6964,18.65948
1690535514712,0.43114,-0.07492,1,14.68562,18.62131
1690535514719,0.43837,-0.059,1,14.74617,18.79355
1690535514726,0.43249,-0.06001,1,14.82078,18.62668
1690535514732,0.4201,-0.03528,1,14.65942,18.8634
1690535514739,0.42331,-0.00811,1,14.77628,18.62704
1690535514746,0.42937,-0.00226,1,14.6232,18.53474
1690535514752,0.41883,0.02807,1,14.68009,18.47294
1690535514759,0.42219,0.03378,1,14.9212,18.63192
1690535514766,0.43688,0.05792,1,14.86804,18.77688
1690535514772,0.40821,0.04445,1,14.70918,18.52835
1690535514779,0.40829,0.05601,1,14.56965,18.5472
1690535514786,0.40531,0.06705,1,14.77496,18.45147
1690535514792,0.41331,0.04494,1,14.75927,18.51102
1690535514799,0.42297,0.02316,1,14.81143,18.33224
1690535514806,0.41729,0.05508,1,14.76254,18.32533
1690535514812,0.41663,0.05531,1,14.63734,18.43824
1690535514819,0.40903,0.07491,1,14.66378,18.2448
1690535514826,0.41924,0.10996,1,14.45548,18.26602
1690535514832,0.41288,0.10172,1,14.60831,18.33318
1690535514839,0.42175,0.09844,1,14.56476,18.18462
1690535514846,0.43412,0.07199,1,14.6036,18.1955
1690535514852,0.41925,0.08314,1,14.64685,18.17059
1690535514859,0.42294,0.08476,1,14.52232,18.24487
1690535514866,0.40301,0.06789,1,14.6723,18.11151
1690535514872,0.40704,0.03661,1,14.58375,18.50447
1690535514879,0.41058,0.02956,1,14.41438,18.50279
1690535514886,0.40003,0.02722,1,14.63243,18.36074
1690535514892,0.3984,0.02793,1,14.40598,18.27382
1690535514899,0.40395,0.00261,1,14.52756,18.17364
1690535514906,0.40968,0.00833,1,14.48489,18.3826
1690535514912,0.41947,0.03299,1,14.43601,18.15337
1690535514919,0.41656,0.01215,1,14.7459,18.30002
1690535514926,0.41178,0.00366,1,14.54518,18.30317
1690535514932,0.41414,0.03619,1,14.61742,18.26115
1690535514939,0.39232,0.04633,1,14.5344,18.18782
1690535514946,0.40217,0.0467,1,14.71995,18.50548
1690535514952,0.39949,0.03689,1,14.56808,18.20935
1690535514959,0.39573,0.03486,1,14.72602,18.32052
1690535514966,0.39156,0.04693,1,14.67585,18.54244
1690535514972,0.39028,0.02188,1,14.70898,18.23253
1690535514979,0.39986,0.02607,1,14.68635,18.17952
1690535514986,0.40702,0.03498,1,14.78189,18.21234
1690535514992,0.41,0.02413,1,14.43001,18.54537
1690535514999,0.42538,0.01998,1,14.73169,18.37232
1690535515006,0.42521,0.03457,1,14.69423,18.25249
1690535515012,0.40735,0.03007,1,14.39954,18.17378
1690535515019,0.4,0.02265,1,14.57259,18.23649
1690535515026,0.39001,0.01749,1,14.6585,18.12857
1690535515032,0.40292,0.0273,1,14.76684,18.0853
1690535515039,0.38781,0.00829,1,14.81834,17.99935
1690535515046,0.36857,-0.00679,1,14.60941,18.05672
1690535515052,0.38778,-0.02763,1,14.59913,18.12416
1690535515059,0.38169,-0.01869,1,14.31079,18.05538
1690535515066,0.36411,-0.03992,1,14.37509,18.05864
1690535515072,0.36006,-0.02841,1,14.41759,18.02944
1690535515079,0.36325,-0.03959,1,14.4673,17.86882
1690535515086,0.36863,-0.02135,1,14.71744,17.63169
1690535515092,0.36657,-0.01985,1,14.49369,17.76953
1690535515099,0.3629,-0.07416,1,14.38041,17.64974
1690535515106,0.35391,-0.05539,1,14.5193,17.56817
1690535515112,0.35765,-0.05458,1,14.55575,17.39316
1690535515119,0.34866,-0.04699,1,14.55469,17.39347
1690535515126,0.34899,-0.06698,1,14.65503,17.31707
1690535515132,0.35743,-0.05426,1,14.53424,17.45693
1690535515139,0.35531,-0.05208,1,14.53244,17.26259
1690535515146,0.35852,-0.07695,1,14.51873,17.04953
1690535515152,0.35852,-0.09136,1,14.28864,17.23636
1690535515159,0.36907,-0.09673,1,14.57881,17.3075
1690535515166,0.38589,-0.09533,1,14.60295,17.51062
1690535515172,0.38612,-0.1008,1,14.3841,17.32302
1690535515179,0.37813,-0.07502,1,14.37376,17.30876
1690535515186,0.35194,-0.09494,1,14.65846,17.18483
1690535515192,0.346,-0.14278,1,14.68698,17.20346
1690535515199,0.35428,-0.15581,1,14.66525,17.26501
1690535515206,0.36155,-0.12945,1,14.60263,17.38923
1690535515212,0.37127,-0.15707,1,14.48277,17.31577
1690535515219,0.38532,-0.17037,1,14.62677,17.34287
1690535515226,0.40441,-0.17249,1,14.45637,17.42983
1690535515232,0.40726,-0.13888,1,14.51848,17.33847
1690535515239,0.3999,-0.13875,1,14.43454,17.31478
1690535515246,0.38721,-0.13575,1,14.24276,17.29364
1690535515252,0.39275,-0.15992,1,14.60192,17.26579
1690535515259,0.37122,-0.15742,1,14.56729,17.24434
1690535515266,0.3725,-0.17475,1,14.53875,17.4261
1690535515272,0.35891,-0.18941,1,14.63912,17.39733
1690535515279,0.36189,-0.21696,1,14.63812,17.36133
1690535515286,0.37141,-0.22063,1,14.69772,17.37505
1690535515292,0.38832,-0.21023,1,14.67559,17.41732
1690535515299,0.38474,-0.22164,1,14.60627,17.53563
1690535515306,0.37093,-0.22881,1,14.61981,17.41792
1690535515312,0.35934,-0.24203,1,14.31979,17.63475
1690535515319,0.36852,-0.23448,1,14.5041,17.31531
1690535515326,0.36087,-0.24799,1,14.30117,17.39287
1690535515332,0.3645,-0.28678,1,14.38294,17.47813
1690535515339,0.37382,-0.27044,1,14.29101,17.54064
1690535515346,0.38027,-0.29237,1,14.01051,17.72641
1690535515352,0.38169,-0.27776,1,14.08281,17.51576
1690535515359,0.37846,-0.29827,1,14.11978,17.47742
1690535515366,0.37816,-0.29451,1,14.1577,17.42949
1690535515372,0.38131,-0.30298,1,14.20818,17.18728
1690535515379,0.38104,-0.29879,1,14.13106,17.4622
1690535515386,0.37513,-0.29061,1,14.46571,17.33836
1690535515392,0.37823,-0.29163,1,14.36596,17.46182
1690535515399,0.38535,-0.3115,1,14.30635,17.49152
1690535515406,0.39186,-0.33006,1,14.37083,17.19658
1690535515412,0.40798,-0.36182,1,14.40713,17.52829
1690535515419,0.40733,-0.33592,1,14.15408,17.42604
1690535515426,0.40018,-0.32283,1,14.1666,17.4261
1690535515432,0.40567,-0.32461,1,14.16121,17.63716
1690535515439,0.40494,-0.31373,1,14.28264,17.29646
1690535515446,0.39147,-0.30251,1,14.13026,17.56982
1690535515452,0.39667,-0.28954,1,14.04778,17.14708
1690535515459,0.38843,-0.30593,1,13.96618,17.54762
1690535515466,0.37128,-0.31055,1,14.12789,17.35101
1690535515472,0.39084,-0.33482,1,14.03468,17.514
1690535515479,0.38955,-0.34687,1,13.93857,17.54135
1690535515486,0.39316,-0.36023,1,14.17867,17.3892
1690535515492,0.38859,-0.36808,1,14.16634,17.39271
1690535515499,0.373,-0.39217,1,14.03894,17.35266
1690535515506,0.38211,-0.38506,1,13.85621,17.37399
1690535515512,0.38043,-0.39021,1,13.72353,17.53542
1690535515519,0.38259,-0.39536,1,13.81566,17.79684
1690535515526,0.37956,-0.38262,1,14.06981,17.54337
1690535515532,0.3875,-0.38719,1,13.96831,17.59097
1690535515539,0.39588,-0.37418,1,13.69298,17.46244
1690535515546,0.3924,-0.39163,1,13.77784,17.33901
1690535515552,0.3939,-0.35894,1,13.93894,17.72897
1690535515559,0.38281,-0.38075,1,13.90612,17.62689
1690535515566,0.38294,-0.37547,1,13.81105,17.7603
1690535515572,0.37707,-0.35511,1,13.68897,17.56923
1690535515579,0.37169,-0.3362,1,13.60177,17.61126
1690535515586,0.38349,-0.34562,1,13.43055,17.68505
1690535515592,0.38466,-0.34566,1,13.53688,17.8359
1690535515599,0.38348,-0.35835,1,13.68364,17.63185
1690535515606,0.39383,-0.32231,1,13.61934,17.93063
1690535515612,0.38895,-0.35032,1,13.57773,17.8779
1690535515619,0.38516,-0.33828,1,13.71422,17.71878
1690535515626,0.38781,-0.35292,1,13.69001,17.91913
1690535515632,0.39327,-0.34579,1,13.78871,17.84414
1690535515639,0.39879,-0.34217,1,13.80986,17.80858
1690535515646,0.40815,-0.33774,1,13.73334,17.7976
1690535515652,0.40835,-0.34708,1,13.79556,17.72102
1690535515659,0.3992,-0.33935,1,13.88364,17.67307
1690535515666,0.39308,-0.33997,1,13.77303,17.78711
1690535515672,0.39604,-0.31644,1,13.78795,17.65487
1690535515679,0.38793,-0.29316,1,13.79789,17.86652
1690535515686,0.38038,-0.28707,1,13.7275,17.54255
1690535515692,0.38294,-0.29989,1,13.92744,17.73764
1690535515699,0.3946,-0.33082,1,14.16933,17.75353
1690535515706,0.39103,-0.34726,1,13.84323,17.66294
1690535515712,0.3878,-0.33857,1,13.85669,17.49342
1690535515719,0.39211,-0.34194,1,13.80725,17.68426
1690535515726,0.40395,-0.3263,1,13.99231,17.76275
1690535515732,0.41866,-0.34411,1,14.07856,17.74396
1690535515739,0.40898,-0.33165,1,14.05773,17.5088
1690535515746,0.40804,-0.36122,1,14.15078,17.46328
1690535515752,0.40643,-0.3696,1,14.07438,17.25796
1690535515759,0.40796,-0.35396,1,14.14045,17.3536
1690535515766,0.40621,-0.32475,1,14.25577,17.26883
1690535515772,0.39395,-0.31092,1,14.253,17.54562
1690535515779,0.40361,-0.30279,1,14.15377,17.35217
1690535515786,0.40043,-0.32011,1,14.09648,17.23859
1690535515792,0.39025,-0.30752,1,14.47327,17.17727
1690535515799,0.39667,-0.28624,1,14.04079,17.07699
1690535515806,0.39393,-0.31165,1,14.27691,17.29119
1690535515812,0.39648,-0.32417,1,14.17496,17.23313
1690535515819,0.38908,-0.34154,1,14.01036,17.20911
1690535515826,0.39453,-0.32195,1,13.92055,17.11077
1690535515832,0.39309,-0.31944,1,13.99001,17.24969
1690535515839,0.39253,-0.32479,1,14.16391,17.12106
1690535515846,0.3849,-0.31623,1,13.97128,17.15016
1690535515852,0.38371,-0.32912,1,13.93307,17.3024
1690535515859,0.36483,-0.33005,1,13.93687,17.43055
1690535515866,0.35584,-0.36504,1,14.00598,17.13213
1690535515872,0.3427,-0.38323,1,14.11122,17.22496
1690535515879,0.34699,-0.37824,1,14.06259,17.03078
1690535515886,0.34586,-0.41844,1,13.89944,17.1552
1690535515892,0.33958,-0.39974,1,14.07792,17.23893
1690535515899,0.34332,-0.35498,1,13.9802,17.17893
1690535515906,0.33587,-0.33893,1,13.82139,17.33806
1690535515912,0.34232,-0.30456,1,13.90596,17.11661
1690535515919,0.33653,-0.29352,1,13.87406,17.37192
1690535515926,0.33139,-0.28025,1,13.82905,17.17116
1690535515932,0.32626,-0.27291,1,13.82985,17.22644
1690535515939,0.32824,-0.25682,1,13.92443,17.35591
1690535515946,0.33303,-0.23527,1,14.1302,17.58563
1690535515952,0.33735,-0.21609,1,14.10855,17.43858
1690535515959,0.33999,-0.21387,1,14.04204,17.53197
1690535515966,0.35004,-0.2388,1,14.0502,17.26428
1690535515972,0.35046,-0.22741,1,14.00995,17.28959
1690535515979,0.3449,-0.22962,1,14.19392,17.27034
1690535515986,0.3345,-0.21599,1,14.20265,17.2995
1690535515992,0.33875,-0.21269,1,14.18737,17.31517
1690535515999,0.33068,-0.20874,1,14.11315,17.59977
1690535516006,0.3385,-0.18865,1,14.34473,17.27771
1690535516012,0.33206,-0.18308,1,14.13261,17.56173
1690535516019,0.34787,-0.19695,1,14.35148,17.426
1690535516026,0.34697,-0.19362,1,14.15787,17.28269
1690535516032,0.35651,-0.19201,1,14.14043,17.217
1690535516039,0.36541,-0.16721,1,14.2166,17.00932
1690535516046,0.36133,-0.17509,1,14.25427,17.15547
1690535516052,0.36023,-0.16664,1,14.14163,17.06953
1690535516059,0.37381,-0.14024,1,14.16736,17.33427
1690535516066,0.36534,-0.15867,1,14.12276,17.11581
1690535516072,0.3751,-0.16816,1,13.94625,17.18971
1690535516079,0.3677,-0.15608,1,14.07341,17.25958
1690535516086,0.3843,-0.17642,1,14.24844,17.29753
1690535516092,0.37622,-0.17874,1,14.15833,17.2086
1690535516099,0.35655,-0.16452,1,14.20172,17.29314
1690535516106,0.37461,-0.16611,1,13.92317,17.32761
1690535516112,0.3715,-0.1672,1,14.19967,16.96498
1690535516119,0.37358,-0.19526,1,14.18306,17.05006
1690535516126,0.38284,-0.21318,1,14.05951,17.00076
1690535516132,0.38552,-0.22614,1,13.97246,16.96939
1690535516139,0.3772,-0.20551,1,13.82395,17.1911
1690535516146,0.36853,-0.1855,1,13.8053,17.33599
1690535516152,0.38088,-0.17528,1,13.95973,17.05607
1690535516159,0.39052,-0.15263,1,13.94975,17.41081
1690535516166,0.36692,-0.14227,1,14.04134,17.00747
1690535516172,0.37779,-0.15202,1,14.1642,17.05888
1690535516179,0.37246,-0.12384,1,14.07318,16.90994
1690535516186,0.36424,-0.13223,1,14.2556,17.04351
1690535516192,0.37406,-0.13896,1,14.17934,17.0232
1690535516199,0.37509,-0.13513,1,14.19576,17.15679
1690535516206,0.37952,-0.14796,1,14.12029,17.00442
1690535516212,0.39944,-0.15197,1,14.21592,16.88749
1690535516219,0.41038,-0.17297,1,14.317,16.90605
1690535516226,0.41594,-0.18886,1,14.29464,16.91707
1690535516232,0.41603,-0.19478,1,14.2538,16.85423
1690535516239,0.42746,-0.20546,1,14.48197,16.87213
1690535516246,0.4239,-0.18995,1,14.46188,16.76549
1690535516252,0.41066,-0.18191,1,14.5106,16.7932
1690535516259,0.4089,-0.1346,1,14.25567,16.65074
1690535516266,0.41812,-0.14284,1,14.39678,16.69223
1690535516272,0.42543,-0.15172,1,14.28359,16.56088
1690535516279,0.43144,-0.14585,1,14.46883,16.71916
1690535516286,0.45232,-0.12322,1,14.29743,16.65675
1690535516292,0.45666,-0.12792,1,14.49083,16.57206
1690535516299,0.44626,-0.1469,1,14.99418,16.35104
1690535516306,0.45122,-0.14617,1,14.92023,16.7979
1690535516312,0.46974,-0.14163,1,14.75888,16.32486
1690535516319,0.48958,-0.15463,1,14.60169,16.35739
1690535516326,0.48901,-0.17048,1,15.06028,16.48725
1690535516332,0.48467,-0.16196,1,14.81861,16.22241
1690535516339,0.4725,-0.17394,1,15.04266,16.39088
1690535516346,0.46776,-0.16561,1,14.90578,16.57623
1690535516352,0.4581,-0.14059,1,14.80022,16.41191
1690535516359,0.46013,-0.15678,1,14.82049,16.36429
1690535516366,0.46455,-0.18467,1,14.93067,16.46798
1690535516372,0.46612,-0.19155,1,14.81854,16.52149
1690535516379,0.47778,-0.16804,1,15.02093,16.45517
1690535516386,0.46865,-0.17205,1,14.90948,16.54674
1690535516392,0.46768,-0.14177,1,14.85899,16.57551
1690535516399,0.47981,-0.12971,1,14.94944,16.20109
1690535516406,0.47385,-0.11576,1,15.11696,16.28022
1690535516412,0.47387,-0.1513,1,14.83059,16.49262
1690535516419,0.47559,-0.13461,1,14.92251,16.43453
1690535516426,0.46848,-0.11755,1,14.76991,16.25717
1690535516432,0.46476,-0.09494,1,14.77944,16.2164
1690535516439,0.45646,-0.08439,1,14.70431,15.99283
1690535516446,0.45414,-0.04886,1,14.53577,16.22062
1690535516452,0.46012,-0.05023,1,14.73756,16.36953
1690535516459,0.45719,-0.06405,1,14.49247,16.32812
1690535516466,0.46355,-0.08134,1,14.57286,16.27163
1690535516472,0.46166,-0.06585,1,14.54923,16.15706
1690535516479,0.46365,-0.05135,1,14.6473,16.35933
1690535516486,0.47037,-0.05467,1,14.14558,16.12701
1690535516492,0.45824,-0.05728,1,14.54157,16.50474
1690535516499,0.4673,-0.03998,1,14.6941,16.68176
1690535516506,0.45548,-0.06345,1,14.49437,16.30359
1690535516512,0.4569,-0.05442,1,14.58071,16.38781
1690535516519,0.45744,-0.04155,1,14.79097,16.14414
1690535516526,0.44863,-0.06463,1,14.70485,16.16969
1690535516532,0.46418,-0.08415,1,14.87835,16.31198
1690535516539,0.47763,-0.09409,1,14.82025,16.25212
1690535516546,0.48288,-0.02027,1,14.44876,16.11276
1690535516552,0.50123,-0.00415,1,14.714,16.28241
1690535516559,0.49928,0.02266,1,14.65654,16.4002
1690535516566,0.50313,0.00623,1,14.74784,16.40372
1690535516572,0.48872,-0.01069,1,14.81304,16.29433
1690535516579,0.48983,-0.0012,1,14.88001,16.37329
1690535516586,0.4751,-0.0177,1,14.94474,16.34782
1690535516592,0.488,0.00899,1,14.77407,16.36214
1690535516599,0.49108,0.00086,1,14.83545,16.19703
1690535516606,0.50031,-0.02065,1,14.8404,16.08091
1690535516612,0.50258,-0.00669,1,14.8664,16.23029
1690535516619,0.5026,-0.02305,1,14.96768,16.14866
1690535516626,0.50636,-0.00176,1,14.91331,16.32794
1690535516632,0.52143,-0.0031,1,14.61636,16.15501
1690535516639,0.54274,0.01217,1,14.84793,16.19452
1690535516646,0.53582,0.0241,1,14.78616,16.17662
1690535516652,0.53062,-0.00889,1,14.76824,16.39261
1690535516659,0.52365,0.00406,1,14.92944,16.28307
1690535516666,0.5287,0.02577,1,15.11551,16.16087
1690535516672,0.53364,0.01523,1,15.05749,16.3353
1690535516679,0.52989,0.00515,1,15.37297,16.46183
1690535516686,0.52691,0.02422,1,15.09872,16.32423
1690535516692,0.53716,0.00152,1,15.10918,16.40715
1690535516699,0.53034,0.0235,1,15.20447,16.23163
1690535516706,0.53432,0.01119,1,14.89696,16.24108
1690535516712,0.53671,-0.00741,1,15.15333,16.2879
1690535516719,0.53964,0.02544,1,15.2227,16.25953
1690535516726,0.53766,0.03057,1,14.9569,16.28972
1690535516732,0.52008,0.03579,1,15.12886,16.63632
1690535516739,0.51231,0.03314,1,15.09569,16.38268
1690535516746,0.5154,0.06151,1,15.08893,16.40303
1690535516752,0.51625,0.05856,1,14.94089,16.38838
1690535516759,0.52255,0.03923,1,15.20681,16.4613
1690535516766,0.51319,0.06584,1,14.80673,16.095
1690535516772,0.52467,0.07203,1,15.15204,16.52843
1690535516779,0.52288,0.08842,1,14.96784,16.49953
1690535516786,0.52446,0.0839,1,14.968,16.31131
1690535516792,0.54348,0.07331,1,14.68986,16.28256
1690535516799,0.55496,0.05658,1,15.02326,16.27816
1690535516806,0.5434,0.06696,1,14.90076,16.41494
1690535516812,0.54473,0.0973,1,15.04124,16.30285
1690535516819,0.54201,0.09641,1,14.94856,16.44206
1690535516826,0.53878,0.17003,1,15.16584,16.08529
1690535516832,0.52452,0.22755,1,15.25401,16.29985
1690535516839,0.54988,0.22858,1,15.12889,16.29341
1690535516846,0.54218,0.24366,1,15.39408,16.21741
1690535516852,0.54766,0.2308,1,15.32528,16.51306
1690535516859,0.54599,0.24743,1,15.16854,16.40807
1690535516866,0.53645,0.22994,1,15.19857,16.7229
1690535516872,0.53555,0.24465,1,15.17436,16.72186
1690535516879,0.53497,0.24964,1,15.2387,16.69865
1690535516886,0.52598,0.22781,1,15.19923,16.64499
1690535516892,0.52878,0.24031,1,15.45477,16.59001
1690535516899,0.52257,0.2527,1,15.29949,16.44659
1690535516906,0.53457,0.2458,1,15.25495,16.57945
1690535516912,0.52812,0.20271,1,15.2233,16.65295
1690535516919,0.51324,0.20272,1,15.44376,16.55859
1690535516926,0.50987,0.22918,1,15.50506,16.82632
1690535516932,0.49547,0.22215,1,15.37732,16.6543
1690535516939,0.50195,0.21137,1,15.47319,16.60332
1690535516946,0.52115,0.22772,1,15.53663,16.46327
1690535516952,0.51597,0.2229,1,15.50779,16.46957
1690535516959,0.50982,0.26804,1,15.5684,16.39024
1690535516966,0.52105,0.31708,1,15.55767,16.19986
1690535516972,0.50862,0.33603,1,15.32506,16.49636
1690535516979,0.50205,0.34257,1,15.45186,16.67745
1690535516986,0.51181,0.35005,1,15.13635,16.64816
1690535516992,0.53122,0.35343,1,15.45337,16.61887
1690535516999,0.52891,0.34112,1,15.4745,16.73004
1690535517006,0.53466,0.34065,1,15.61156,16.71238
1690535517012,0.53436,0.36165,1,15.45297,16.55817
1690535517019,0.53755,0.362,1,15.39816,16.53412
1690535517026,0.55185,0.31395,1,15.41913,16.54957
1690535517032,0.55818,0.34171,1,15.55156,16.71483
1690535517039,0.53242,0.32077,1,15.63649,16.77963
1690535517046,0.5384,0.3203,1,15.45233,16.7941
1690535517052,0.5538,0.32908,1,15.402,16.86014
1690535517059,0.55113,0.31443,1,15.41514,16.66432
1690535517066,0.55922,0.32405,1,15.44381,16.67811
1690535517072,0.55033,0.29622,1,15.38036,16.52008
1690535517079,0.54905,0.29107,1,15.43817,16.67178
1690535517086,0.55511,0.27869,1,15.64762,16.63509
1690535517092,0.54863,0.29116,1,15.54021,16.69412
1690535517099,0.53604,0.29791,1,15.48105,16.77859
1690535517106,0.53847,0.28479,1,15.5069,16.87006
1690535517112,0.54959,0.2777,1,15.68411,17.09421
1690535517119,0.53565,0.27255,1,15.67629,17.18209
1690535517126,0.52742,0.244,1,15.58018,17.14889
1690535517132,0.53323,0.25766,1,15.26833,17.05738
1690535517139,0.53584,0.28292,1,15.33173,17.04252
1690535517146,0.55328,0.30705,1,15.51605,17.07877
1690535517152,0.55771,0.3137,1,15.48574,17.00054
1690535517159,0.53653,0.3196,1,15.4725,16.98709
1690535517166,0.54639,0.33538,1,15.75895,16.93684
1690535517172,0.54277,0.34555,1,15.55837,16.85097
1690535517179,0.55181,0.35038,1,15.40018,16.91126
1690535517186,0.55862,0.32159,1,15.20453,17.21615
1690535517192,0.5575,0.36092,1,15.22546,17.14052
1690535517199,0.57074,0.35936,1,15.38787,17.11922
1690535517206,0.57442,0.37027,1,15.51668,17.10748
1690535517212,0.56963,0.38099,1,15.66873,17.19869
1690535517219,0.57727,0.38136,1,15.58442,17.35696
1690535517226,0.57671,0.38137,1,15.54651,17.42113
1690535517232,0.56157,0.36824,1,15.4943,17.22243
1690535517239,0.56385,0.39682,1,15.39212,17.29061
1690535517246,0.5488,0.41355,1,15.71086,17.49565
1690535517252,0.56067,0.40755,1,15.65556,17.46822
1690535517259,0.56131,0.40013,1,15.57701,17.5496
1690535517266,0.55437,0.36949,1,15.69224,17.49456
1690535517272,0.55713,0.38372,1,15.67469,17.35156
1690535517279,0.5538,0.39329,1,15.70709,17.69957
1690535517286,0.5508,0.37463,1,15.73798,17.65119
1690535517292,0.5552,0.3656,1,15.43254,17.66475
1690535517299,0.5595,0.35372,1,15.62461,17.61941
1690535517306,0.55465,0.3644,1,15.91046,17.88534
1690535517312,0.55368,0.36186,1,15.73402,17.736
1690535517319,0.5564,0.34408,1,15.87654,17.6188
1690535517326,0.5365,0.35541,1,15.53849,17.61184
1690535517332,0.54493,0.34312,1,15.54879,17.82304
1690535517339,0.54116,0.36046,1,15.5519,17.54662
1690535517346,0.53429,0.35996,1,15.60248,17.55451
1690535517352,0.53529,0.35723,1,15.58998,17.64718
1690535517359,0.54277,0.38485,1,15.52378,17.69917
1690535517366,0.54595,0.39407,1,15.8401,17.87718
1690535517372,0.55308,0.38639,1,15.47042,17.74098
1690535517379,0.55189,0.36626,1,15.37365,17.93692
1690535517386,0.55373,0.3798,1,15.42812,17.82161
1690535517392,0.55427,0.37544,1,15.44525,17.85695
1690535517399,0.54743,0.38797,1,15.55728,17.85456
1690535517406,0.54235,0.36719,1,15.12226,17.98759
1690535517412,0.52694,0.34134,1,15.57301,17.89458
1690535517419,0.54403,0.3469,1,15.19679,17.95848
1690535517426,0.55549,0.36275,1,15.27213,17.92335
1690535517432,0.54521,0.34391,1,15.30271,17.74603
1690535517439,0.55077,0.35143,1,15.37812,17.69899
1690535517446,0.55755,0.37469,1,15.07377,17.76008
1690535517452,0.55727,0.38365,1,15.03474,17.90734
1690535517459,0.55876,0.39317,1,15.194,17.69488
1690535517466,0.56889,0.38751,1,15.05463,17.70256
1690535517472,0.56108,0.39035,1,15.18336,17.53501
1690535517479,0.56197,0.40365,1,15.23971,17.50676
1690535517486,0.5585,0.39852,1,15.38366,17.56517
1690535517492,0.55128,0.3912,1,15.54623,17.34872
1690535517499,0.54927,0.38224,1,15.51282,17.55155
1690535517506,0.53862,0.37749,1,15.49253,17.49103
1690535517512,0.55714,0.38922,1,15.28082,17.52423
1690535517519,0.5428,0.43129,1,15.16955,17.47114
1690535517526,0.53593,0.40223,1,15.24546,17.28984
1690535517532,0.52387,0.38487,1,15.10611,17.14149
1690535517539,0.51382,0.37443,1,15.22545,17.31313
1690535517546,0.50471,0.39165,1,15.18843,17.23755
1690535517552,0.4994,0.37548,1,15.32839,17.19562
1690535517559,0.48456,0.40145,1,15.13904,17.37235
1690535517566,0.47538,0.38608,1,15.31634,17.37467
1690535517572,0.48774,0.36603,1,15.18397,17.21587
1690535517579,0.48954,0.36016,1,15.37669,17.0882
1690535517586,0.48715,0.34493,1,15.44345,17.19111
1690535517592,0.48688,0.36737,1,15.34664,17.35385
1690535517599,0.49155,0.34469,1,15.24712,17.44861
1690535517606,0.50392,0.32354,1,15.33668,17.22815
1690535517612,0.49183,0.32757,1,15.34637,17.47705
1690535517619,0.49768,0.3237,1,15.29448,17.69979
1690535517626,0.5043,0.33342,1,15.14674,17.40587
1690535517632,0.50418,0.36105,1,15.24527,17.49007
1690535517639,0.49998,0.3251,1,15.32313,17.77025
1690535517646,0.49607,0.29947,1,15.30836,17.41387
1690535517652,0.49408,0.28689,1,15.71669,17.34782
1690535517659,0.4925,0.28473,1,15.26845,17.37566
1690535517666,0.49032,0.33009,1,15.46038,17.55805
1690535517672,0.49332,0.3374,1,15.49586,17.37056
1690535517679,0.50341,0.31681,1,15.44544,17.6153
1690535517686,0.50005,0.32169,1,15.31932,17.50744
1690535517692,0.51344,0.32049,1,15.42503,17.61675
1690535517699,0.52973,0.29352,1,15.37718,17.66408
1690535517706,0.54222,0.28211,1,15.3946,17.5136
1690535517712,0.54234,0.26381,1,15.4909,17.64185
1690535517719,0.54993,0.24775,1,15.39266,17.46332
1690535517726,0.54374,0.2448,1,15.44081,17.40689
1690535517732,0.54007,0.24748,1,15.3188,17.5083
1690535517739,0.5472,0.22081,1,15.41445,17.62473
1690535517746,0.55539,0.24668,1,15.33993,17.5736
1690535517752,0.5549,0.2544,1,15.1291,17.74096
1690535517759,0.53449,0.24088,1,15.19726,17.58539
1690535517766,0.54118,0.2574,1,15.31465,17.61939
1690535517772,0.54131,0.2774,1,15.42775,17.71818
1690535517779,0.53076,0.25955,1,15.14642,17.61622
1690535517786,0.55837,0.27052,1,15.35688,17.47938
1690535517792,0.56637,0.2602,1,15.33509,17.65145
1690535517799,0.5781,0.23026,1,15.09928,17.68701
1690535517806,0.59881,0.25152,1,14.97295,17.59057
1690535517812,0.59421,0.25686,1,15.13129,17.62716
1690535517819,0.59231,0.2758,1,14.89126,17.74873
1690535517826,0.5943,0.23937,1,14.92837,17.65223
1690535517832,0.58652,0.22046,1,15.04067,17.94407
1690535517839,0.57559,0.23732,1,15.10555,17.87758
1690535517846,0.5507,0.23709,1,15.10637,18.02612
1690535517852,0.54733,0.23849,1,15.12017,17.80817
1690535517859,0.53608,0.24428,1,14.94378,17.86747
1690535517866,0.551,0.25486,1,15.22029,17.58695
1690535517872,0.54456,0.25834,1,15.19841,17.73936
1690535517879,0.54784,0.27882,1,15.29171,17.95062
1690535517886,0.54409,0.30482,1,15.25427,17.80831
1690535517892,0.53886,0.2768,1,14.97554,17.66458
1690535517899,0.5407,0.26068,1,15.1496,17.57266
1690535517906,0.54733,0.28659,1,15.07497,17.54098
1690535517912,0.54622,0.28255,1,15.31389,17.74319
1690535517919,0.54265,0.28124,1,15.02324,17.78504
1690535517926,0.52926,0.25553,1,15.31702,17.97195
1690535517932,0.5258,0.21407,1,15.31646,17.99378
1690535517939,0.5259,0.22594,1,15.26844,17.91599
1690535517946,0.50902,0.23681,1,15.35322,17.86889
1690535517952,0.50654,0.20917,1,15.19098,17.67584
1690535517959,0.50813,0.19926,1,15.25104,17.9277
1690535517966,0.50151,0.17571,1,15.16867,17.79109
1690535517972,0.49254,0.1881,1,14.96013,17.82392
1690535517979,0.49816,0.1904,1,15.15106,17.90138
1690535517986,0.49572,0.15248,1,15.20404,17.77562
1690535517992,0.48205,0.11922,1,15.00751,17.7954
1690535517999,0.48213,0.1524,1,15.23215,17.78506
1690535518006,0.48773,0.16736,1,15.09178,17.85829
1690535518012,0.47856,0.15697,1,15.13514,17.95462
1690535518019,0.47245,0.15796,1,15.26558,18.00998
1690535518026,0.47585,0.18313,1,15.2421,17.78305
1690535518032,0.4887,0.17593,1,15.38358,17.68749
1690535518039,0.49068,0.15713,1,15.50163,17.79958
1690535518046,0.49713,0.17349,1,15.3196,17.77932
1690535518052,0.49652,0.16473,1,15.34144,17.66974
1690535518059,0.48807,0.15042,1,15.3699,17.66676
1690535518066,0.47494,0.16784,1,15.54617,17.53444
1690535518072,0.47758,0.13951,1,15.50178,17.5239
1690535518079,0.46944,0.13791,1,15.58611,17.53198
1690535518086,0.4718,0.10349,1,15.44472,17.59755
1690535518092,0.47872,0.1013,1,15.63691,17.63404
1690535518099,0.49069,0.09238,1,15.43997,17.63867
1690535518106,0.48746,0.10236,1,15.546,17.87271
1690535518112,0.48642,0.09035,1,15.75815,17.82245
1690535518119,0.48563,0.09001,1,15.53559,17.70836
1690535518126,0.48033,0.06293,1,15.58837,17.51542
1690535518132,0.48869,0.05387,1,15.56193,17.62869
1690535518139,0.50243,0.05599,1,15.52945,17.65772
1690535518146,0.49004,0.03374,1,15.40932,17.64456
1690535518152,0.49267,0.03503,1,15.39637,17.62575
1690535518159,0.49029,0.01207,1,15.44096,17.29161
1690535518166,0.47241,0.0103,1,15.47038,17.62284
1690535518172,0.49577,0.02254,1,15.37894,17.61481
1690535518179,0.50473,0.00694,1,15.71886,17.65804
1690535518186,0.50551,0.0019,1,15.6107,17.72191
1690535518192,0.49452,0.00057,1,15.72356,17.43273
1690535518199,0.4999,0.00919,1,15.27582,17.49989
1690535518206,0.50729,0.00554,1,15.30369,17.47542
1690535518212,0.51771,0.01261,1,15.38505,17.36489
1690535518219,0.51429,0.0004,1,15.45185,17.35027
1690535518226,0.5167,-0.00954,1,15.3102,17.62239
1690535518232,0.51587,-0.0274,1,15.29983,17.36325
1690535518239,0.51864,-0.02624,1,15.26773,17.58743
1690535518246,0.49781,-0.01457,1,15.24379,17.50148
1690535518252,0.48249,0.02388,1,15.26934,17.59006
1690535518259,0.48929,0.0398,1,15.22761,17.47902
1690535518266,0.49263,0.03263,1,15.11861,17.43912
1690535518272,0.48951,0.07103,1,15.03401,17.73266
1690535518279,0.4804,0.08111,1,14.93586,17.65999
1690535518286,0.47447,0.0866,1,15.13965,17.73416
1690535518292,0.46148,0.09108,1,14.96089,17.94375
1690535518299,0.44724,0.08573,1,14.80101,17.74146
1690535518306,0.45803,0.08307,1,15.09031,17.43034
1690535518312,0.46104,0.10343,1,15.07982,17.83179
1690535518319,0.46349,0.11032,1,14.96663,17.53142
1690535518326,0.47159,0.10883,1,15.09591,17.67047
1690535518332,0.46624,0.12603,1,15.13497,17.35375
1690535518339,0.46678,0.12887,1,15.28734,17.72995
1690535518346,0.45853,0.11909,1,15.18262,17.62383
1690535518352,0.46785,0.12941,1,15.10084,17.81063
1690535518359,0.481,0.08362,1,14.94279,17.68515
1690535518366,0.47912,0.09144,1,14.89038,17.66925
1690535518372,0.46133,0.09367,1,14.87986,17.59511
1690535518379,0.47,0.09869,1,15.05709,17.94343
1690535518386,0.47046,0.13234,1,15.00897,18.01991
1690535518392,0.46809,0.18405,1,14.99028,18.00336
1690535518399,0.47111,0.18094,1,14.80595,17.97011
1690535518406,0.47017,0.19565,1,15.01689,17.9949
1690535518412,0.47001,0.20454,1,14.98705,17.91279
1690535518419,0.46295,0.1872,1,14.95053,17.87433
1690535518426,0.46012,0.18045,1,14.99938,17.84395
1690535518432,0.46886,0.19447,1,15.15822,17.74971
1690535518439,0.48804,0.1866,1,15.04138,17.75168
1690535518446,0.48381,0.21574,1,15.31311,17.7742
1690535518452,0.46363,0.265,1,15.28052,17.83485
1690535518459,0.47339,0.25069,1,15.29172,17.78953
1690535518466,0.46176,0.25337,1,15.38934,17.93725
1690535518472,0.4635,0.24114,1,15.38142,18.12313
1690535518479,0.48164,0.23662,1,15.21452,17.85804
1690535518486,0.48461,0.20541,1,15.3365,18.15731
1690535518492,0.48015,0.19708,1,15.36909,18.03558
1690535518499,0.48885,0.21089,1,15.20868,18.11632
1690535518506,0.47591,0.22615,1,15.23,18.01669
1690535518512,0.48159,0.24896,1,15.13382,18.05644
1690535518519,0.50045,0.24845,1,15.10274,18.00912
1690535518526,0.50813,0.26825,1,15.18326,18.08864
1690535518532,0.4968,0.28413,1,15.19149,18.39429
1690535518539,0.47678,0.29081,1,15.19876,18.14369
1690535518546,0.46294,0.32527,1,15.0459,18.18223
1690535518552,0.46857,0.30985,1,15.28314,18.17798
1690535518559,0.47712,0.30669,1,15.48945,18.11245
1690535518566,0.48609,0.27348,1,15.37004,18.11404
1690535518572,0.49155,0.28644,1,15.30319,18.26849
1690535518579,0.48725,0.28097,1,15.49235,18.08824
1690535518586,0.47622,0.25141,1,15.4916,18.06769
1690535518592,0.4838,0.25015,1,15.47802,18.4936
1690535518599,0.48881,0.26538,1,15.43361,18.09061
1690535518606,0.49524,0.30827,1,15.37791,18.29061
1690535518612,0.49025,0.33916,1,15.67269,18.13195
1690535518619,0.48432,0.35009,1,15.58996,18.26506
1690535518626,0.49143,0.36817,1,15.56168,18.14027
1690535518632,0.47978,0.38884,1,15.6095,17.91113
1690535518639,0.48343,0.38812,1,15.6432,18.04292
1690535518646,0.4809,0.43628,1,15.6185,18.00585
1690535518652,0.48812,0.4243,1,15.5318,17.86429
1690535518659,0.50216,0.41474,1,15.62651,18.14133
1690535518666,0.50004,0.42092,1,15.66278,18.05144
1690535518672,0.51081,0.43442,1,15.63919,18.18127
1690535518679,0.52007,0.44811,1,15.36826,18.13318
1690535518686,0.51057,0.45655,1,15.68674,18.32333
1690535518692,0.5099,0.43855,1,15.39959,18.06201
1690535518699,0.51148,0.41485,1,15.64799,17.98137
1690535518706,0.50599,0.42144,1,15.56824,17.96909
1690535518712,0.50979,0.44709,1,15.62058,18.15073
1690535518719,0.52082,0.44296,1,15.6184,18.16367
1690535518726,0.52215,0.4365,1,15.61866,18.37384
1690535518732,0.51855,0.42675,1,15.65109,18.31331
1690535518739,0.51228,0.40464,1,15.54063,18.23029
1690535518746,0.51323,0.38937,1,15.7354,18.15091
1690535518752,0.49207,0.3877,1,15.56597,18.23962
1690535518759,0.48229,0.40382,1,15.6066,18.2509
1690535518766,0.49354,0.39843,1,15.71625,17.92409
1690535518772,0.49449,0.39688,1,15.93639,18.03723
1690535518779,0.49352,0.43484,1,15.6631,17.92456
1690535518786,0.48706,0.45481,1,15.57002,18.23501
1690535518792,0.48213,0.46776,1,15.66416,18.20894
1690535518799,0.4837,0.44866,1,15.57815,18.20156
1690535518806,0.47713,0.43712,1,15.33756,18.04501
1690535518812,0.46386,0.42355,1,15.59964,18.17965
1690535518819,0.43866,0.42665,1,15.4171,17.96668
1690535518826,0.45027,0.42626,1,15.55197,17.96386
1690535518832,0.44775,0.43999,1,15.27668,18.06737
1690535518839,0.45029,0.4416,1,15.39817,17.95717
1690535518846,0.45549,0.42864,1,15.3703,17.91511
1690535518852,0.46121,0.44496,1,15.32317,17.81491
1690535518859,0.4801,0.43218,1,15.44753,17.95278
1690535518866,0.48861,0.45297,1,15.54073,17.84377
1690535518872,0.49662,0.45393,1,15.59089,17.75537
1690535518879,0.49055,0.44152,1,15.53666,17.71342
1690535518886,0.48874,0.45272,1,15.49692,17.69063
1690535518892,0.47278,0.4509,1,15.61262,17.87499
1690535518899,0.46936,0.4394,1,15.2798,17.72062
1690535518906,0.48514,0.42291,1,15.69372,17.54355
1690535518912,0.471,0.42521,1,15.53412,17.64494
1690535518919,0.46305,0.42069,1,15.34935,17.68212
1690535518926,0.4599,0.40535,1,15.43281,17.66127
1690535518932,0.45947,0.41268,1,15.38098,17.43906
1690535518939,0.467,0.42116,1,15.41137,17.6536
1690535518946,0.46401,0.40358,1,15.37635,17.61248
1690535518952,0.45649,0.39757,1,15.48795,17.7708
1690535518959,0.44438,0.3879,1,15.33344,17.73526
1690535518966,0.44886,0.40237,1,15.52329,17.61601
1690535518972,0.45183,0.35965,1,15.44408,17.71148
1690535518979,0.46113,0.3676,1,15.61341,17.65972
1690535518986,0.47835,0.3444,1,15.39425,17.46833
1690535518992,0.47956,0.35028,1,15.27767,17.57253
1690535518999,0.48934,0.36368,1,15.28817,17.53703
1690535519006,0.48291,0.35975,1,15.28984,17.60837
1690535519012,0.48414,0.35971,1,15.27125,17.54979
1690535519019,0.46638,0.40539,1,15.42397,17.40422
1690535519026,0.46505,0.42101,1,15.46304,17.57134
1690535519032,0.47027,0.40153,1,15.72593,17.71315
1690535519039,0.46543,0.41071,1,15.37726,17.60467
1690535519046,0.46062,0.41158,1,15.3961,17.5894
1690535519052,0.4576,0.39154,1,15.47523,17.70243
1690535519059,0.45475,0.37091,1,15.48697,17.43532
1690535519066,0.45884,0.41273,1,15.62687,17.55404
1690535519072,0.45832,0.40206,1,15.64828,17.50729
1690535519079,0.46486,0.42569,1,15.64712,17.60162
1690535519086,0.45639,0.42254,1,15.7997,17.40578
1690535519092,0.45168,0.40865,1,15.66375,17.46339
1690535519099,0.45392,0.4029,1,15.56017,17.30705
1690535519106,0.46027,0.41857,1,15.68666,17.44274
1690535519112,0.46513,0.412,1,15.57529,17.597
1690535519119,0.4778,0.40863,1,15.58624,17.72239
1690535519126,0.4795,0.38574,1,15.53816,17.42137
1690535519132,0.46724,0.39636,1,15.39994,17.6619
1690535519139,0.46699,0.36678,1,15.55592,17.62501
1690535519146,0.46754,0.37697,1,15.64426,17.33458
1690535519152,0.46272,0.37159,1,15.80626,17.54502
1690535519159,0.46225,0.37084,1,15.60013,17.64986
1690535519166,0.4647,0.37388,1,15.52512,17.60251
1690535519172,0.46303,0.34737,1,15.4225,17.86043
1690535519179,0.45939,0.34141,1,15.37866,17.85003
1690535519186,0.44237,0.32393,1,15.55488,18.06247
1690535519192,0.44432,0.32715,1,15.43667,17.92315
1690535519199,0.44201,0.34091,1,15.64685,18.09548
1690535519206,0.43882,0.33266,1,15.42133,18.00575
1690535519212,0.43396,0.29408,1,15.14817,18.01432
1690535519219,0.44064,0.28308,1,15.12571,17.77629
1690535519226,0.42884,0.27606,1,15.10688,18.00904
1690535519232,0.42107,0.32594,1,15.31784,17.93749
1690535519239,0.42419,0.32705,1,15.22584,17.77988
1690535519246,0.43518,0.32338,1,15.07117,17.67019
1690535519252,0.435,0.33388,1,15.16786,17.64257
1690535519259,0.43023,0.35611,1,15.32782,17.41323
1690535519266,0.43368,0.35165,1,15.23724,17.66236
1690535519272,0.42794,0.41618,1,15.03544,17.36308
1690535519279,0.42893,0.39825,1,15.24395,17.71593
1690535519286,0.4201,0.38586,1,15.09792,17.80127
1690535519292,0.43521,0.42209,1,15.05685,17.31831
1690535519299,0.42082,0.40592,1,15.27264,17.39403
1690535519306,0.40864,0.44036,1,15.35951,17.3075
1690535519312,0.41317,0.41536,1,15.15495,17.37541
1690535519319,0.41221,0.36902,1,15.42162,17.4194
1690535519326,0.41002,0.38501,1,15.42206,17.23938
1690535519332,0.41448,0.39041,1,15.50536,17.27997
1690535519339,0.41605,0.4002,1,15.55547,17.41843
1690535519346,0.41822,0.43582,1,15.57022,17.42578
1690535519352,0.41719,0.45424,1,15.75085,17.42781
1690535519359,0.40299,0.41501,1,15.51801,17.63343
1690535519366,0.39586,0.4506,1,15.69699,17.3975
1690535519372,0.40242,0.46928,1,15.63737,17.47923
1690535519379,0.40956,0.48057,1,15.70725,17.52783
1690535519386,0.41329,0.49272,1,15.79574,17.68125
1690535519392,0.40088,0.49892,1,15.73384,17.34176
1690535519399,0.39961,0.46936,1,15.85593,17.39127
1690535519406,0.40241,0.50822,1,15.71661,17.33384
1690535519412,0.41415,0.47725,1,15.89623,17.78016
1690535519419,0.41462,0.49448,1,15.71475,17.64277
1690535519426,0.41823,0.48386,1,15.6604,17.92016
1690535519432,0.43132,0.48561,1,15.46564,17.84767
1690535519439,0.42347,0.51969,1,15.65233,17.77419
1690535519446,0.4217,0.54338,1,15.53476,18.09371
1690535519452,0.4159,0.52524,1,15.51643,17.74945
1690535519459,0.43381,0.51058,1,15.45999,18.11212
1690535519466,0.42896,0.50936,1,15.60104,18.11615
1690535519472,0.41672,0.49054,1,15.60935,17.72792
1690535519479,0.42497,0.52405,1,15.2343,17.6124
1690535519486,0.40614,0.5302,1,15.50072,17.59438
1690535519492,0.40076,0.51797,1,15.8238,17.65786
1690535519499,0.39132,0.5076,1,15.75182,18.09468
1690535519506,0.38693,0.48589,1,16.0351,17.83141
1690535519512,0.39141,0.51757,1,15.80937,17.71727
1690535519519,0.39575,0.51167,1,15.72164,17.5076
1690535519526,0.40293,0.48201,1,15.75222,17.62528
1690535519532,0.40081,0.49097,1,16.07041,17.42164
1690535519539,0.40484,0.47323,1,15.5536,17.56058
1690535519546,0.41319,0.47055,1,15.63534,17.67353
1690535519552,0.41246,0.52965,1,15.52568,17.56809
1690535519559,0.4063,0.5162,1,15.69447,17.51763
1690535519566,0.42014,0.50604,1,15.67728,17.5066
1690535519572,0.42335,0.52249,1,15.85968,17.40223
1690535519579,0.42723,0.51982,1,15.61764,17.23365
1690535519586,0.43177,0.51684,1,15.89994,17.25375
1690535519592,0.43797,0.51122,1,15.76669,17.28224
1690535519599,0.43339,0.51443,1,15.83228,17.44403
1690535519606,0.43425,0.53763,1,15.59921,17.15116
1690535519612,0.422,0.54517,1,15.79149,17.37201
1690535519619,0.42603,0.52883,1,15.82702,17.05359
1690535519626,0.41758,0.52851,1,15.73871,17.18929
1690535519632,0.41442,0.5403,1,15.58024,16.90203
1690535519639,0.42392,0.5262,1,15.52844,16.75009
1690535519646,0.42603,0.53229,1,15.46712,16.75218
1690535519652,0.41995,0.55345,1,15.58761,16.83297
1690535519659,0.43119,0.56141,1,15.67748,16.77815
1690535519666,0.4204,0.57654,1,15.71899,16.93465
1690535519672,0.41508,0.59103,1,15.71799,16.93103
1690535519679,0.41613,0.61483,1,15.49213,17.15441
1690535519686,0.42111,0.63224,1,15.41816,16.84141
1690535519692,0.41972,0.6234,1,15.48527,16.726
1690535519699,0.41465,0.65792,1,15.51058,16.79513
1690535519706,0.42714,0.63725,1,15.68745,16.49674
1690535519712,0.44311,0.63692,1,15.74087,16.53834
1690535519719,0.45667,0.67092,1,15.60212,16.55475
1690535519726,0.45336,0.64932,1,15.6264,16.38847
1690535519732,0.45905,0.62774,1,15.72082,16.43848
1690535519739,0.47603,0.61009,1,15.88923,16.44392
1690535519746,0.47474,0.65373,1,15.9271,16.47686
1690535519752,0.47022,0.64719,1,16.00394,16.28987
1690535519759,0.46298,0.65696,1,16.01543,16.28456
1690535519766,0.44738,0.65578,1,15.78081,16.2607
1690535519772,0.43446,0.63559,1,15.723,16.31504
1690535519779,0.43252,0.65131,1,15.82333,16.36767
1690535519786,0.43081,0.64395,1,15.7588,16.34128
1690535519792,0.42002,0.6284,1,15.81093,16.34404
1690535519799,0.40972,0.60364,1,15.85713,16.40408
1690535519806,0.42382,0.58608,1,15.76085,16.28999
1690535519812,0.41826,0.60002,1,15.75486,16.29066
1690535519819,0.42672,0.61001,1,15.63023,16.29422
1690535519826,0.42832,0.60602,1,15.77706,16.35372
1690535519832,0.43881,0.5936,1,15.72269,16.26537
1690535519839,0.45114,0.59911,1,15.94788,16.25102
1690535519846,0.45238,0.58815,1,16.14086,16.34852
1690535519852,0.42826,0.59217,1,16.07445,16.51319
1690535519859,0.43164,0.5862,1,16.21795,16.55623
1690535519866,0.43225,0.58785,1,15.95697,16.45945
1690535519872,0.44509,0.55709,1,15.91533,16.20741
1690535519879,0.43579,0.57651,1,15.91895,16.29588
1690535519886,0.42986,0.57902,1,16.03225,16.216
1690535519892,0.43009,0.61183,1,16.06212,16.38452
1690535519899,0.44329,0.58627,1,15.90389,16.59775
1690535519906,0.44244,0.60146,1,16.08146,16.48214
1690535519912,0.44004,0.61719,1,16.22877,16.42336
1690535519919,0.43978,0.63009,1,16.06738,16.63404
1690535519926,0.43637,0.60631,1,16.13487,16.81203
1690535519932,0.43438,0.64123,1,16.08418,16.6828
1690535519939,0.43059,0.63949,1,15.9952,16.60688
1690535519946,0.43767,0.63476,1,15.99429,16.79724
1690535519952,0.44398,0.6618,1,16.01025,16.68442
1690535519959,0.45476,0.65372,1,16.11676,16.50552
1690535519966,0.46851,0.67042,1,16.11937,16.77848
1690535519972,0.48019,0.69117,1,15.99118,16.85897
1690535519979,0.48959,0.72372,1,15.9049,16.95467
1690535519986,0.47577,0.73524,1,16.03888,16.83965
1690535519992,0.47204,0.73232,1,16.29944,16.92921
1690535519999,0.46817,0.71314,1,16.33255,16.84177
1690535520006,0.446,0.73553,1,16.1188,17.00618
1690535520012,0.45764,0.74386,1,16.09365,17.01496
1690535520019,0.45862,0.75395,1,16.06557,16.75661
1690535520026,0.45514,0.76479,1,15.99263,16.89813
1690535520032,0.44949,0.75308,1,15.98061,16.95014
1690535520039,0.46433,0.73824,1,16.03426,16.86878
1690535520046,0.45358,0.72059,1,15.98643,16.82671
1690535520052,0.45214,0.7271,1,15.96441,16.95362
1690535520059,0.45493,0.72933,1,16.06798,16.97384
1690535520066,0.46207,0.70367,1,16.03882,16.68229
1690535520072,0.45989,0.72806,1,16.06702,16.59997
1690535520079,0.45399,0.70813,1,15.93348,16.62366
1690535520086,0.45914,0.69678,1,16.11959,16.66475
1690535520092,0.46966,0.66744,1,16.00499,16.80161
1690535520099,0.45718,0.63557,1,16.07395,16.92525
1690535520106,0.45372,0.64072,1,15.94528,16.84143
1690535520112,0.44789,0.6467,1,15.89293,16.92678
1690535520119,0.43487,0.6477,1,16.17223,16.8911
1690535520126,0.43727,0.63453,1,16.01255,16.89212
1690535520132,0.44465,0.65736,1,15.99186,16.82884
1690535520139,0.43958,0.64691,1,16.22112,17.10221
1690535520146,0.44629,0.63051,1,16.17138,17.00839
1690535520152,0.44289,0.631,1,16.13264,17.10407
1690535520159,0.44263,0.64039,1,16.07467,16.90694
1690535520166,0.44773,0.65135,1,15.95723,16.91829
1690535520172,0.45391,0.6727,1,15.95317,17.0935
1690535520179,0.46769,0.68303,1,16.01506,17.273
1690535520186,0.46408,0.64803,1,16.15594,17.09044
1690535520192,0.47209,0.63333,1,15.8549,17.26877
1690535520199,0.48325,0.62265,1,16.01774,17.23901
1690535520206,0.48789,0.622,1,16.06765,17.10107
1690535520212,0.46899,0.60057,1,15.90483,17.00852
1690535520219,0.46875,0.59875,1,15.94004,17.27235
1690535520226,0.45741,0.59185,1,15.95995,17.38293
1690535520232,0.45571,0.57113,1,15.94875,17.38705
1690535520239,0.4483,0.55482,1,15.63215,17.35148
1690535520246,0.43452,0.56383,1,15.58571,17.12777
1690535520252,0.42014,0.55462,1,15.6266,17.35928
1690535520259,0.42252,0.51886,1,15.59284,17.34597
1690535520266,0.42638,0.53434,1,15.75131,17.49696
1690535520272,0.43028,0.53758,1,15.49731,17.30248
1690535520279,0.43913,0.56245,1,15.64501,17.40472
1690535520286,0.44217,0.58785,1,15.61466,17.48967
1690535520292,0.45028,0.58063,1,15.68639,17.65369
1690535520299,0.4352,0.57547,1,15.76074,17.50721
1690535520306,0.41625,0.56343,1,15.6915,17.18546
1690535520312,0.41128,0.5573,1,15.66238,17.13176
1690535520319,0.395,0.55739,1,15.86884,17.0608
1690535520326,0.39056,0.56952,1,15.80715,17.20862
1690535520332,0.39039,0.55523,1,15.70719,17.16869
1690535520339,0.38091,0.53163,1,15.73783,17.23041
1690535520346,0.39837,0.55237,1,15.40206,16.81848
1690535520352,0.3965,0.55119,1,15.49341,16.96961
1690535520359,0.40344,0.57373,1,15.66109,16.90361
1690535520366,0.40184,0.58768,1,15.60936,16.95147
1690535520372,0.41164,0.62399,1,15.57219,17.10658
1690535520379,0.40654,0.67103,1,15.55816,16.87815
1690535520386,0.40207,0.66085,1,15.66475,16.86227
1690535520392,0.40146,0.65093,1,15.55771,16.91127
1690535520399,0.39329,0.66019,1,15.58586,17.00072
1690535520406,0.38057,0.6747,1,15.89198,17.1005
1690535520412,0.38101,0.69198,1,15.7946,17.08486
1690535520419,0.37701,0.65024,1,15.91642,16.93034
1690535520426,0.37908,0.68907,1,15.73657,16.96955
1690535520432,0.38234,0.70855,1,15.83478,16.9655
1690535520439,0.37891,0.71937,1,15.83139,16.86617
1690535520446,0.37682,0.68511,1,15.82072,16.86096
1690535520452,0.38177,0.68241,1,15.73355,16.89327
1690535520459,0.38744,0.69048,1,15.97875,16.86032
1690535520466,0.37941,0.66896,1,16.01637,17.20232
1690535520472,0.38589,0.68029,1,15.7971,16.82267
1690535520479,0.38318,0.66789,1,16.04867,17.07264
1690535520486,0.38053,0.64283,1,15.76947,16.97944
1690535520492,0.39217,0.65919,1,16.08421,16.98148
1690535520499,0.40047,0.69706,1,15.68879,17.01967
1690535520506,0.38899,0.71914,1,15.72423,16.83953
1690535520512,0.39486,0.72354,1,15.76669,16.78814
1690535520519,0.39214,0.71034,1,15.85127,16.95992
1690535520526,0.38169,0.70423,1,15.66107,17.05821
1690535520532,0.37497,0.71226,1,15.60895,17.00537
1690535520539,0.37033,0.71789,1,15.51253,16.75418
1690535520546,0.3681,0.73554,1,15.62253,16.83834
1690535520552,0.3594,0.69602,1,15.56927,16.91663
1690535520559,0.35639,0.68866,1,15.4711,16.9614
1690535520566,0.35587,0.71439,1,15.53471,17.1455
1690535520572,0.34007,0.70333,1,15.43835,17.01958
1690535520579,0.35581,0.73948,1,15.64941,16.9212
1690535520586,0.34593,0.74334,1,15.58003,17.02563
1690535520592,0.35291,0.74699,1,15.43768,16.95859
1690535520599,0.36519,0.77135,1,15.58252,17.17662
1690535520606,0.37051,0.77225,1,15.30597,17.28706
1690535520612,0.37412,0.78143,1,15.25974,17.43479
1690535520619,0.37411,0.80081,1,15.60564,17.31453
1690535520626,0.38242,0.79478,1,15.69965,17.54293
1690535520632,0.38931,0.80828,1,15.65719,17.56013
1690535520639,0.40395,0.79512,1,15.52801,17.41094
1690535520646,0.40958,0.80591,1,15.87584,17.56763
1690535520652,0.42313,0.782,1,15.68759,17.4509
1690535520659,0.44059,0.77562,1,15.98544,17.56508
1690535520666,0.43134,0.75225,1,15.7377,17.4225
1690535520672,0.41578,0.74223,1,15.74383,17.43909
1690535520679,0.40968,0.72125,1,15.86031,17.82701
1690535520686,0.40601,0.72325,1,15.68922,17.83383
1690535520692,0.40471,0.73381,1,15.92523,17.74004
1690535520699,0.40724,0.75417,1,15.83698,17.66688
1690535520706,0.41721,0.74407,1,16.00193,17.62319
1690535520712,0.43045,0.71796,1,16.17469,17.81251
1690535520719,0.43124,0.69723,1,16.12725,17.6555
1690535520726,0.43825,0.72939,1,15.97895,17.53005
1690535520732,0.43062,0.77494,1,15.89419,17.43746
1690535520739,0.4305,0.80512,1,16.04469,17.39499
1690535520746,0.43665,0.786,1,15.97858,17.2948
1690535520752,0.4442,0.76564,1,16.18588,17.23473
1690535520759,0.43968,0.78418,1,16.2385,17.40321
1690535520766,0.4507,0.78741,1,16.47643,17.30423
1690535520772,0.45354,0.81338,1,16.04421,17.22036
1690535520779,0.45502,0.82222,1,16.33079,17.49089
1690535520786,0.44623,0.83668,1,16.26014,17.28381
1690535520792,0.44909,0.82743,1,16.1376,17.35666
1690535520799,0.44694,0.83946,1,16.39364,17.35838
1690535520806,0.43548,0.83246,1,16.28478,17.47565
1690535520812,0.43904,0.84607,1,16.11674,17.61458
1690535520819,0.45042,0.8425,1,16.12463,17.52615
1690535520826,0.45082,0.81208,1,16.3458,17.67775
1690535520832,0.45443,0.7942,1,16.27583,17.5775
1690535520839,0.44705,0.8066,1,16.01462,17.47133
1690535520846,0.44574,0.80928,1,16.08959,17.73266
1690535520852,0.44834,0.79656,1,15.9174,17.55315
1690535520859,0.44166,0.77279,1,15.80024,17.6667
1690535520866,0.42492,0.78038,1,15.89075,17.91257
1690535520872,0.42905,0.76518,1,15.87784,17.81089
1690535520879,0.42772,0.74546,1,16.04201,17.93465
1690535520886,0.42879,0.72741,1,16.06192,17.95568
1690535520892,0.4481,0.71087,1,15.79219,17.66099
1690535520899,0.44442,0.72827,1,16.01632,17.68675
1690535520906,0.44362,0.74294,1,16.04491,17.82593
1690535520912,0.4456,0.74688,1,15.86637,17.80409
1690535520919,0.42795,0.7264,1,15.86384,17.69007
1690535520926,0.43822,0.74993,1,16.01026,18.01559
1690535520932,0.44718,0.75882,1,16.09683,17.6308
1690535520939,0.44443,0.75942,1,15.87889,17.68897
1690535520946,0.4588,0.75889,1,15.90665,17.66502
1690535520952,0.45233,0.75654,1,16.01879,17.6062
1690535520959,0.47001,0.75869,1,15.92382,17.73875
1690535520966,0.48068,0.75052,1,15.97625,17.64911
1690535520972,0.49326,0.75771,1,16.06787,17.78838
1690535520979,0.5011,0.77075,1,16.19136,17.74173
1690535520986,0.49722,0.80075,1,15.92428,17.50053
1690535520992,0.50948,0.79306,1,15.90532,17.47189
1690535520999,0.50415,0.78697,1,15.97552,17.80675
1690535521006,0.50308,0.77227,1,16.07809,17.66237
1690535521012,0.499,0.76306,1,16.11807,17.72724
1690535521019,0.48688,0.77452,1,15.93186,17.56228
1690535521026,0.49096,0.79537,1,16.0358,17.50885
1690535521032,0.49088,0.81665,1,16.06617,17.62543
1690535521039,0.48768,0.79273,1,16.00595,17.60249
1690535521046,0.4893,0.7854,1,15.93889,17.50193
1690535521052,0.49743,0.78977,1,15.98118,17.52854
1690535521059,0.50276,0.78048,1,16.1148,17.27545
1690535521066,0.4946,0.75956,1,16.07237,17.26182
1690535521072,0.49626,0.7504,1,16.18958,17.42378
1690535521079,0.49835,0.77474,1,16.12858,17.51306
1690535521086,0.49534,0.75352,1,16.17645,17.58808
1690535521092,0.49905,0.74232,1,16.05374,17.42742
1690535521099,0.50627,0.71869,1,16.17418,17.24322
1690535521106,0.50007,0.73832,1,16.05191,17.51034
1690535521112,0.49888,0.7204,1,16.02732,17.53898
1690535521119,0.49241,0.71251,1,16.01584,17.41283
1690535521126,0.49283,0.71498,1,15.9201,17.52526
1690535521132,0.48747,0.72001,1,16.04934,17.60874
1690535521139,0.49914,0.68752,1,16.04933,17.62765
1690535521146,0.5025,0.72124,1,16.06186,17.62583
1690535521152,0.48713,0.70532,1,16.02371,17.45709
1690535521159,0.48748,0.72449,1,16.19816,17.47869
1690535521166,0.48223,0.71717,1,15.85796,17.50617
1690535521172,0.5059,0.70368,1,15.94225,17.62769
1690535521179,0.51116,0.71805,1,15.86865,17.68894
1690535521186,0.52032,0.73349,1,16.07879,17.55528
1690535521192,0.51165,0.76334,1,16.17712,17.66303
1690535521199,0.50843,0.7372,1,16.15478,17.59888
1690535521206,0.48903,0.74847,1,16.12792,17.77831
1690535521212,0.488,0.75946,1,16.38694,17.58097
1690535521219,0.4819,0.74484,1,16.1012,17.54685
1690535521226,0.4832,0.75446,1,16.23906,17.39019
1690535521232,0.48899,0.72917,1,16.32285,17.65747
1690535521239,0.50218,0.72575,1,16.16612,17.82562
1690535521246,0.49758,0.73525,1,16.25356,17.81987
1690535521252,0.50173,0.71085,1,16.22836,17.8226
1690535521259,0.50199,0.70569,1,15.96572,17.61322
1690535521266,0.50629,0.69929,1,15.89596,17.51171
1690535521272,0.50845,0.69724,1,16.07018,17.65128
1690535521279,0.52062,0.69957,1,15.89953,17.6414
1690535521286,0.51558,0.69345,1,15.66218,17.50621
1690535521292,0.51213,0.69828,1,15.73296,17.68312
1690535521299,0.53554,0.68279,1,15.71191,17.73921
1690535521306,0.52327,0.66765,1,15.77853,17.65624
1690535521312,0.52914,0.69243,1,15.74201,17.55191
1690535521319,0.52137,0.65492,1,15.7358,17.72947
1690535521326,0.526,0.6552,1,15.73995,17.7566
1690535521332,0.50948,0.68205,1,15.87056,17.53978
1690535521339,0.50487,0.66302,1,15.68587,17.21308
1690535521346,0.51614,0.67059,1,15.89559,17.30852
1690535521352,0.52622,0.64521,1,15.80634,17.47324
1690535521359,0.52023,0.65926,1,15.82156,17.47352
1690535521366,0.54435,0.63941,1,15.90441,17.58231
1690535521372,0.54319,0.63087,1,15.69363,17.56964
1690535521379,0.53207,0.62688,1,15.88278,17.53088
1690535521386,0.51878,0.60428,1,15.937,17.62247
1690535521392,0.52565,0.62747,1,15.8137,17.69484
1690535521399,0.51863,0.6245,1,15.56644,17.46286
1690535521406,0.50779,0.63085,1,15.95736,17.60467
1690535521412,0.51426,0.6411,1,16.02901,17.73062
1690535521419,0.50717,0.61121,1,15.82608,17.76615
1690535521426,0.51458,0.60972,1,15.71859,17.78266
1690535521432,0.52439,0.61965,1,15.56157,17.82978
1690535521439,0.51627,0.63986,1,15.81383,17.89124
1690535521446,0.52357,0.64291,1,15.98338,17.86359
1690535521452,0.52333,0.6418,1,15.67579,17.87531
1690535521459,0.53521,0.63296,1,15.86525,17.70072
1690535521466,0.53652,0.63273,1,15.5228,17.39441
1690535521472,0.52511,0.61141,1,15.95996,17.61174
1690535521479,0.52737,0.61929,1,15.7038,17.69687
1690535521486,0.5257,0.62594,1,15.82278,17.70322
1690535521492,0.53119,0.62501,1,15.84926,17.30743
1690535521499,0.52677,0.66436,1,15.70294,17.24368
1690535521506,0.51533,0.68385,1,15.79596,17.14529
1690535521512,0.52449,0.67298,1,15.99482,17.39054
1690535521519,0.52581,0.67145,1,15.96445,17.26839
1690535521526,0.5203,0.67348,1,15.99867,17.45416
1690535521532,0.51704,0.68574,1,15.95898,17.26414
1690535521539,0.52922,0.68605,1,15.92932,17.26269
1690535521546,0.54109,0.67222,1,15.92778,17.16823
1690535521552,0.55205,0.68674,1,15.85744,17.29861
1690535521559,0.55603,0.67699,1,15.99933,17.51951
1690535521566,0.54915,0.66243,1,15.66142,17.48707
1690535521572,0.54833,0.64339,1,15.88119,17.31453
1690535521579,0.56238,0.62095,1,15.3641,17.34927
1690535521586,0.56566,0.60729,1,15.64653,17.17929
1690535521592,0.56327,0.58955,1,15.50917,17.19461
1690535521599,0.55701,0.59925,1,15.69756,17.43857
1690535521606,0.54307,0.63847,1,15.62821,17.44572
1690535521612,0.55281,0.66004,1,15.65996,17.41782
1690535521619,0.56863,0.64511,1,15.56412,17.38397
1690535521626,0.56586,0.65061,1,15.65417,17.75677
1690535521632,0.56299,0.63543,1,15.89718,17.4446
1690535521639,0.55867,0.606,1,15.8529,17.46162
1690535521646,0.56857,0.60249,1,16.0945,17.58667
1690535521652,0.56625,0.60156,1,16.38196,17.78765
1690535521659,0.56431,0.60844,1,15.99422,17.62468
1690535521666,0.5643,0.59165,1,16.02237,17.47612
1690535521672,0.56363,0.57195,1,16.13533,17.50569
1690535521679,0.56495,0.56057,1,16.39675,17.59047
1690535521686,0.57141,0.5749,1,16.2014,17.32022
1690535521692,0.5602,0.55965,1,16.08482,17.4463
1690535521699,0.55646,0.56288,1,16.06961,17.55043
1690535521706,0.55055,0.55171,1,15.90223,17.59772
1690535521712,0.55237,0.57691,1,15.9173,17.52439
1690535521719,0.54352,0.58897,1,15.85018,17.41195
1690535521726,0.56029,0.58921,1,15.90747,17.3749
1690535521732,0.54698,0.59646,1,15.97745,17.30954
1690535521739,0.54937,0.58141,1,16.14319,17.25965
1690535521746,0.55565,0.58406,1,16.10089,17.53195
1690535521752,0.54224,0.56378,1,16.09888,17.20368
1690535521759,0.53407,0.5418,1,16.24296,17.58164
1690535521766,0.52467,0.55885,1,16.15938,17.49591
1690535521772,0.53063,0.55064,1,16.32256,17.73433
1690535521779,0.54225,0.53111,1,16.09346,17.84316
1690535521786,0.54395,0.53561,1,16.20256,17.8436
1690535521792,0.53986,0.54123,1,16.08353,17.63384
1690535521799,0.54213,0.56538,1,15.87013,17.54599
1690535521806,0.54479,0.58904,1,16.01794,17.59259
1690535521812,0.54849,0.56153,1,15.74341,17.54405
1690535521819,0.53456,0.55598,1,15.70696,17.91697
1690535521826,0.54439,0.53608,1,15.75282,17.70799
1690535521832,0.52834,0.55084,1,15.74554,17.58317
1690535521839,0.52066,0.52092,1,15.93259,17.80617
1690535521846,0.52371,0.50788,1,15.94349,17.6598
1690535521852,0.54232,0.52147,1,15.91803,17.58009
1690535521859,0.53828,0.52355,1,16.02086,17.65069
1690535521866,0.52835,0.52005,1,15.91834,17.90542
1690535521872,0.5278,0.50854,1,16.29846,17.75068
1690535521879,0.5295,0.49302,1,15.93906,17.85946
1690535521886,0.52865,0.45891,1,15.94144,17.86549
1690535521892,0.54216,0.45203,1,16.1701,17.93617
1690535521899,0.54136,0.43414,1,16.01032,17.67484
1690535521906,0.53696,0.45888,1,15.87069,17.65229
1690535521912,0.54644,0.48212,1,16.03995,17.69566
1690535521919,0.54967,0.44207,1,15.91012,17.91253
1690535521926,0.55819,0.4717,1,15.81334,17.73217
1690535521932,0.5538,0.49626,1,16.00936,17.93153
1690535521939,0.52849,0.47385,1,15.97775,17.82939
1690535521946,0.52377,0.47829,1,15.63293,17.66634
1690535521952,0.525,0.47773,1,15.72237,17.73627
1690535521959,0.53525,0.4876,1,16.02579,17.75075
1690535521966,0.53341,0.50746,1,15.86667,17.77551
1690535521972,0.52641,0.52073,1,15.77069,17.56818
1690535521979,0.52637,0.52943,1,15.88997,17.48545
1690535521986,0.51187,0.51237,1,15.72057,17.53866
1690535521992,0.5115,0.50843,1,16.11572,17.73539
1690535521999,0.52486,0.48081,1,15.92868,17.7557
1690535522006,0.52292,0.45694,1,16.07566,17.70378
1690535522012,0.54162,0.45411,1,15.79163,17.88143
1690535522019,0.53798,0.44045,1,15.8331,17.79995
1690535522026,0.53363,0.44208,1,15.85077,17.81036
1690535522032,0.53447,0.41501,1,15.81498,17.87795
1690535522039,0.52637,0.43439,1,15.74342,17.74091
1690535522046,0.50857,0.44145,1,15.86255,17.99538
1690535522052,0.5139,0.46429,1,15.82323,18.20549
1690535522059,0.49347,0.46908,1,15.85196,18.03604
1690535522066,0.48726,0.47668,1,15.83287,18.18309
1690535522072,0.48027,0.46092,1,16.05469,18.21195
1690535522079,0.47089,0.4753,1,16.20794,17.82808
1690535522086,0.45417,0.45385,1,16.01733,18.11869
1690535522092,0.45572,0.46273,1,15.99361,18.21667
1690535522099,0.44883,0.45938,1,16.10516,17.99182
1690535522106,0.46669,0.50898,1,15.92957,18.04164
1690535522112,0.45833,0.52765,1,16.06667,18.09296
1690535522119,0.46787,0.53058,1,15.95509,17.86893
1690535522126,0.47113,0.52771,1,15.95353,17.83706
1690535522132,0.46749,0.50617,1,15.94351,17.95149
1690535522139,0.46157,0.47593,1,16.10177,18.03547
1690535522146,0.44983,0.50009,1,16.04728,17.92783
1690535522152,0.44526,0.48791,1,16.31233,17.95328
1690535522159,0.4478,0.49181,1,15.93228,17.94785
1690535522166,0.44381,0.51734,1,15.95393,18.01413
1690535522172,0.44951,0.51573,1,16.07066,18.14957
1690535522179,0.44367,0.46079,1,16.14138,18.16689
1690535522186,0.45422,0.43857,1,16.08502,18.36182
1690535522192,0.46314,0.44925,1,15.97833,18.3935
1690535522199,0.45731,0.42037,1,15.88099,18.19079
1690535522206,0.45623,0.41481,1,16.02729,18.40592
1690535522212,0.44968,0.4199,1,15.89799,18.43352
1690535522219,0.45844,0.44721,1,15.89225,18.40321
1690535522226,0.45318,0.45165,1,15.85537,18.39233
1690535522232,0.4455,0.49115,1,15.86549,18.31003
1690535522239,0.42776,0.48053,1,15.95498,18.49374
1690535522246,0.42173,0.46111,1,15.8279,18.52112
1690535522252,0.41795,0.48323,1,15.97996,18.6517
1690535522259,0.42289,0.46669,1,15.94818,18.81628
1690535522266,0.41099,0.47336,1,16.02774,18.40859
1690535522272,0.42264,0.4948,1,16.11137,18.63028
1690535522279,0.41346,0.4813,1,15.99033,18.46864
1690535522286,0.39347,0.4531,1,15.98394,18.68397
1690535522292,0.38391,0.46666,1,16.11446,18.83703
1690535522299,0.37351,0.47668,1,16.13481,18.49698
1690535522306,0.36931,0.49082,1,16.00926,18.72352
1690535522312,0.3728,0.49024,1,16.14859,18.6352
1690535522319,0.37512,0.47892,1,16.42812,18.74402
1690535522326,0.38098,0.48519,1,16.27927,18.86013
1690535522332,0.39343,0.49565,1,16.30249,18.92685
1690535522339,0.40102,0.49731,1,16.48728,18.7063
1690535522346,0.39209,0.52123,1,16.39557,18.56979
1690535522352,0.38953,0.50653,1,16.62926,18.79496
1690535522359,0.40916,0.50895,1,16.70103,18.6961
1690535522366,0.39957,0.5077,1,16.53628,18.72821
1690535522372,0.3941,0.50822,1,16.34751,18.73059
1690535522379,0.41193,0.48475,1,16.49726,18.62357
1690535522386,0.42264,0.44596,1,16.11306,18.71447
1690535522392,0.41204,0.47148,1,16.33936,18.61369
1690535522399,0.40408,0.4982,1,16.45442,18.70215
1690535522406,0.40698,0.49145,1,16.43533,18.78505
1690535522412,0.41136,0.46847,1,16.23058,18.81606
1690535522419,0.39881,0.49283,1,16.29087,18.83845
1690535522426,0.40455,0.47247,1,16.41365,18.79382
1690535522432,0.4115,0.48964,1,16.42976,18.60398
1690535522439,0.39747,0.50137,1,16.49359,18.45723
1690535522446,0.42275,0.50652,1,16.17485,18.71897
1690535522452,0.43604,0.50541,1,16.21357,18.82962
1690535522459,0.43707,0.50473,1,16.55325,18.93372
1690535522466,0.43834,0.5335,1,16.21628,18.74401
1690535522472,0.43175,0.5536,1,16.33419,18.45721
1690535522479,0.43309,0.56947,1,16.35353,18.53105
1690535522486,0.43706,0.58691,1,16.50147,18.50372
1690535522492,0.44107,0.60881,1,16.38697,18.32106
1690535522499,0.44691,0.64097,1,16.3421,18.40393
1690535522506,0.46604,0.63578,1,16.45653,18.4682
1690535522512,0.47599,0.66379,1,16.39442,18.40853
1690535522519,0.49,0.69039,1,16.41403,18.16204
1690535522526,0.49602,0.72815,1,16.60883,18.20353
1690535522532,0.50374,0.75942,1,16.5311,18.21539
1690535522539,0.50428,0.76523,1,16.47329,18.09203
1690535522546,0.50613,0.76076,1,16.63881,18.03744
1690535522552,0.50152,0.8001,1,16.70726,18.2
1690535522559,0.49046,0.7773,1,16.88002,17.99522
1690535522566,0.5063,0.78071,1,16.8951,18.31599
1690535522572,0.50875,0.75769,1,17.02569,18.29012
1690535522579,0.51501,0.77175,1,16.88718,18.05869
1690535522586,0.50561,0.7523,1,16.61825,18.55119
1690535522592,0.50645,0.74075,1,16.72269,18.67416
1690535522599,0.50451,0.74014,1,16.78273,18.6927
1690535522606,0.48986,0.72642,1,16.69403,18.50808
1690535522612,0.47625,0.71971,1,16.75126,18.48502
1690535522619,0.47857,0.72379,1,16.65774,18.70876
1690535522626,0.49627,0.72868,1,16.79905,18.47495
1690535522632,0.51683,0.7397,1,16.49608,18.70768
1690535522639,0.52058,0.77397,1,16.7068,18.71032
1690535522646,0.52011,0.79846,1,16.71203,18.83567
1690535522652,0.52055,0.83016,1,16.54804,18.61331
1690535522659,0.52811,0.78456,1,16.50005,18.60469
1690535522666,0.52341,0.78746,1,16.44816,18.52552
1690535522672,0.52962,0.78838,1,16.63556,18.70729
1690535522679,0.52882,0.78054,1,16.7993,18.49179
1690535522686,0.52916,0.77337,1,16.43167,18.71335
1690535522692,0.53222,0.76606,1,16.61021,18.70101
1690535522699,0.53384,0.73946,1,16.72483,18.29664
1690535522706,0.53206,0.72095,1,16.71283,18.74595
1690535522712,0.53083,0.74002,1,16.56101,18.56637
1690535522719,0.51785,0.72873,1,16.7438,18.42927
1690535522726,0.51934,0.74912,1,16.66894,18.22996
1690535522732,0.51717,0.78372,1,16.63524,18.2788
1690535522739,0.51071,0.76881,1,16.57105,18.38885
1690535522746,0.51669,0.78558,1,16.43439,18.29542
1690535522752,0.52202,0.75559,1,16.53029,18.53405
1690535522759,0.52097,0.74132,1,16.48975,18.57018
1690535522766,0.51577,0.70836,1,16.33999,18.65179
1690535522772,0.51592,0.70637,1,16.40662,18.52746
1690535522779,0.51776,0.68063,1,16.60874,18.62952
1690535522786,0.51875,0.68601,1,16.41663,18.76363
1690535522792,0.49752,0.70374,1,16.6197,18.49975
1690535522799,0.47334,0.69107,1,16.55062,19.01499
1690535522806,0.48856,0.72148,1,16.43634,18.82794
1690535522812,0.48802,0.716,1,16.76911,18.82042
1690535522819,0.48525,0.71409,1,16.52013,18.59138
1690535522826,0.47277,0.72364,1,16.1544,18.595
1690535522832,0.48235,0.67749,1,16.46532,18.52881
1690535522839,0.49405,0.66434,1,16.36548,18.37181
1690535522846,0.497,0.65356,1,16.40816,18.51233
1690535522852,0.49728,0.66861,1,16.37402,18.47191
1690535522859,0.50629,0.64356,1,16.18217,18.40224
1690535522866,0.50003,0.6572,1,16.49342,18.21148
1690535522872,0.50299,0.65879,1,16.27367,18.42502
1690535522879,0.50167,0.659,1,16.44041,18.41907
1690535522886,0.50238,0.64517,1,16.18468,18.4599
1690535522892,0.4921,0.64593,1,16.30572,18.24594
1690535522899,0.50177,0.68184,1,16.28569,18.31836
1690535522906,0.48734,0.66051,1,16.25757,18.37152
1690535522912,0.48948,0.68927,1,16.31016,18.37271
1690535522919,0.4867,0.68754,1,16.18255,18.39134
1690535522926,0.48206,0.66888,1,16.37917,18.23151
1690535522932,0.50025,0.6603,1,16.28733,18.43463
1690535522939,0.50265,0.6521,1,16.50376,18.41674
1690535522946,0.49104,0.66837,1,16.31886,18.48257
1690535522952,0.48228,0.6339,1,16.29073,18.56113
1690535522959,0.48803,0.6336,1,16.317,18.47162
1690535522966,0.49566,0.63823,1,16.31007,18.58393
1690535522972,0.49772,0.62023,1,16.21998,18.65071
1690535522979,0.50365,0.61816,1,16.15902,18.64011
1690535522986,0.50314,0.63901,1,16.10958,18.79489
1690535522992,0.50481,0.63796,1,16.17282,18.74316
1690535522999,0.50214,0.65162,1,16.13621,18.87563
1690535523006,0.49409,0.64262,1,16.07061,18.81881
1690535523012,0.49891,0.65682,1,16.01869,18.73561
1690535523019,0.51253,0.64922,1,16.06137,18.69303
1690535523026,0.53036,0.64361,1,16.01854,18.42097
1690535523032,0.54289,0.633,1,16.04285,18.72082
1690535523039,0.53057,0.64924,1,15.88057,18.61543
1690535523046,0.53699,0.64412,1,16.04392,18.71369
1690535523052,0.54473,0.62243,1,15.98668,18.48872
1690535523059,0.54036,0.62013,1,16.25511,18.75563
1690535523066,0.55671,0.57599,1,16.25195,18.74533
1690535523072,0.56175,0.5962,1,16.04086,18.48097
1690535523079,0.56057,0.6323,1,15.92816,18.50255
1690535523086,0.5486,0.60747,1,16.14384,18.57492
1690535523092,0.54723,0.56597,1,16.38465,18.48136
1690535523099,0.53418,0.60888,1,16.30117,18.50473
1690535523106,0.52803,0.6207,1,16.09781,18.79593
1690535523112,0.52482,0.65832,1,16.11674,18.89803
1690535523119,0.52222,0.66186,1,15.9753,18.78434
1690535523126,0.51816,0.64494,1,16.22847,18.6904
1690535523132,0.50771,0.64246,1,15.96893,18.66512
1690535523139,0.52858,0.67059,1,15.99577,18.62449
1690535523146,0.53643,0.67169,1,16.03366,18.59116
1690535523152,0.54441,0.69255,1,15.98367,18.85197
1690535523159,0.53831,0.68754,1,16.07067,18.75696
1690535523166,0.54263,0.66877,1,15.88468,18.56607
1690535523172,0.55094,0.69957,1,16.01691,18.64371
1690535523179,0.56566,0.69176,1,15.98605,18.45197
1690535523186,0.574,0.66223,1,16.04249,18.58122
1690535523192,0.55967,0.66462,1,15.84715,18.51336
1690535523199,0.55682,0.63792,1,16.11533,18.65471
1690535523206,0.5711,0.60273,1,16.11658,18.73992
1690535523212,0.58435,0.6292,1,15.99797,18.61976
1690535523219,0.58743,0.64222,1,15.82632,18.55644
1690535523226,0.58655,0.63227,1,15.90986,18.4195
1690535523232,0.58828,0.60387,1,15.68156,18.68478
1690535523239,0.57839,0.64106,1,15.8245,18.52332
1690535523246,0.5975,0.6285,1,15.82586,18.89102
1690535523252,0.59381,0.60426,1,15.8741,18.90899
1690535523259,0.60407,0.63187,1,15.68781,18.93247
1690535523266,0.61567,0.58421,1,15.68092,18.81175
1690535523272,0.60814,0.59845,1,15.86799,18.70837
1690535523279,0.59558,0.57859,1,15.73786,18.69047
1690535523286,0.58266,0.55776,1,15.76261,18.8705
1690535523292,0.59095,0.58276,1,15.67561,18.79188
1690535523299,0.58073,0.55421,1,15.71175,18.90044
1690535523306,0.57723,0.54728,1,15.50571,18.92376
1690535523312,0.56687,0.56657,1,15.73667,18.8856
1690535523319,0.56011,0.55356,1,15.51354,18.78915
1690535523326,0.55208,0.56602,1,15.21579,19.03062
1690535523332,0.55124,0.55829,1,15.67853,18.90809
1690535523339,0.54748,0.56074,1,15.65445,18.89177
1690535523346,0.5369,0.54879,1,15.4788,18.66521
1690535523352,0.52108,0.53827,1,15.58146,18.94736
1690535523359,0.53261,0.54216,1,15.43402,18.96269
1690535523366,0.54065,0.57386,1,15.6148,18.86974
1690535523372,0.54147,0.52006,1,15.39809,19.04472
1690535523379,0.55145,0.50473,1,15.30091,19.11216
1690535523386,0.56081,0.48568,1,15.38881,19.06029
1690535523392,0.55804,0.47714,1,15.42735,19.3054
1690535523399,0.5659,0.45366,1,15.39483,19.06182
1690535523406,0.56129,0.44501,1,15.2742,19.18306
1690535523412,0.56996,0.4484,1,15.54182,19.30923
1690535523419,0.56937,0.45877,1,15.46562,19.07612
1690535523426,0.56972,0.46344,1,15.56301,19.38806
1690535523432,0.56881,0.49401,1,15.5824,19.20458
1690535523439,0.56292,0.5125,1,15.70055,19.17195
1690535523446,0.5486,0.5016,1,15.49863,19.34262
1690535523452,0.54695,0.53518,1,15.58582,19.21775
1690535523459,0.55207,0.49649,1,15.60733,19.25553
1690535523466,0.56392,0.51862,1,15.66341,19.3274
1690535523472,0.5621,0.56084,1,15.68573,19.17621
1690535523479,0.56138,0.57084,1,15.77856,18.98226
1690535523486,0.56865,0.56655,1,15.62296,19.04022
1690535523492,0.5671,0.56743,1,15.53754,19.09976
1690535523499,0.56959,0.59725,1,15.39627,19.20695
1690535523506,0.57119,0.5775,1,15.45539,18.94453
1690535523512,0.57128,0.5897,1,14.91509,18.9659
1690535523519,0.57086,0.61904,1,15.20124,18.87644
1690535523526,0.5677,0.62419,1,15.12166,18.75257
1690535523532,0.57553,0.64765,1,15.12915,18.94359
1690535523539,0.57123,0.64362,1,15.05208,18.87119
1690535523546,0.57973,0.63715,1,15.14783,18.77987
1690535523552,0.58239,0.64237,1,14.94948,18.92977
1690535523559,0.58039,0.6504,1,14.96228,18.89615
1690535523566,0.57129,0.66202,1,14.93625,18.8326
1690535523572,0.56463,0.64115,1,15.0041,19.02082
1690535523579,0.5787,0.65916,1,14.99948,18.98235
1690535523586,0.57112,0.64123,1,14.99292,19.24623
1690535523592,0.55759,0.64467,1,14.82956,18.96961
1690535523599,0.56274,0.64364,1,14.96849,19.14492
1690535523606,0.57073,0.66632,1,14.88221,19.07695
1690535523612,0.55443,0.68652,1,14.83491,19.22563
1690535523619,0.56298,0.69256,1,14.6558,19.07883
1690535523626,0.57092,0.68575,1,14.82795,19.25019
1690535523632,0.55515,0.65986,1,14.70153,19.18429
1690535523639,0.55852,0.65881,1,14.75485,19.01992
1690535523646,0.56933,0.68896,1,15.09765,18.97057
1690535523652,0.56288,0.69113,1,15.02076,19.07195
1690535523659,0.57712,0.70616,1,14.93142,18.93275
1690535523666,0.57567,0.73141,1,14.97749,18.9977
1690535523672,0.58425,0.70932,1,14.81276,19.14786
1690535523679,0.58985,0.70173,1,14.80147,18.97763
1690535523686,0.59888,0.71172,1,14.88292,18.94358
1690535523692,0.60517,0.70852,1,14.73805,18.72614
1690535523699,0.59434,0.72215,1,14.95744,18.51411
1690535523706,0.59749,0.71468,1,15.35805,18.90126
1690535523712,0.60932,0.7048,1,15.21243,18.85768
1690535523719,0.61819,0.71324,1,15.04933,18.7528
1690535523726,0.61929,0.67006,1,14.98372,18.86677
1690535523732,0.62777,0.64351,1,15.06719,18.67328
1690535523739,0.6316,0.64835,1,14.99669,18.68256
1690535523746,0.62373,0.65443,1,15.21339,18.61058
1690535523752,0.61051,0.65558,1,15.24767,18.80805
1690535523759,0.60902,0.65441,1,15.34985,18.43559
1690535523766,0.60956,0.62577,1,15.17087,18.19703
1690535523772,0.61801,0.62409,1,15.35159,18.18208
1690535523779,0.61021,0.64454,1,15.35013,18.2711
1690535523786,0.60372,0.65171,1,15.5113,18.47343
1690535523792,0.60683,0.65131,1,15.37543,18.50447
1690535523799,0.60544,0.66564,1,15.22877,18.26079
1690535523806,0.61841,0.66763,1,15.24408,18.4342
1690535523812,0.60473,0.63918,1,14.856,18.39331
1690535523819,0.6109,0.6442,1,15.05221,18.34235
1690535523826,0.60319,0.62647,1,14.92979,18.08784
1690535523832,0.58662,0.6267,1,14.99553,18.10506
1690535523839,0.60021,0.62602,1,15.03741,18.32643
1690535523846,0.59594,0.63029,1,14.80891,18.34865
1690535523852,0.60648,0.61608,1,14.9304,18.37909
1690535523859,0.61321,0.63221,1,14.82918,18.3348
1690535523866,0.61662,0.63141,1,14.7941,18.01037
1690535523872,0.61835,0.63543,1,14.87991,17.94914
1690535523879,0.60773,0.64996,1,14.97898,18.01234
1690535523886,0.61499,0.66923,1,15.06299,17.92479
1690535523892,0.6204,0.65148,1,14.84942,17.83477
1690535523899,0.6253,0.62819,1,14.74866,18.05696
1690535523906,0.62789,0.61059,1,14.86014,18.02149
1690535523912,0.62901,0.61694,1,14.93538,17.97404
1690535523919,0.62021,0.59331,1,14.96261,17.91771
1690535523926,0.6096,0.62334,1,14.96365,18.11442
1690535523932,0.60756,0.59794,1,14.96364,18.03372
1690535523939,0.62038,0.62067,1,14.89788,18.15962
1690535523946,0.62096,0.60882,1,14.80168,18.08732
1690535523952,0.62572,0.60175,1,14.86017,18.21688
1690535523959,0.62437,0.60891,1,14.98667,18.10965
1690535523966,0.61814,0.61638,1,14.92583,18.11464
1690535523972,0.62117,0.65534,1,14.7725,18.03625
1690535523979,0.62503,0.66976,1,14.55149,18.08959
1690535523986,0.6168,0.70555,1,14.67596,17.91459
1690535523992,0.62214,0.70159,1,14.86808,18.13823
1690535523999,0.62513,0.71808,1,14.56793,18.26038
1690535524006,0.62622,0.71242,1,14.5865,18.17599
1690535524012,0.61931,0.69684,1,14.65687,18.29784
1690535524019,0.62353,0.69042,1,14.42961,18.35273
1690535524026,0.63749,0.70091,1,14.63131,18.46753
1690535524032,0.65104,0.72768,1,14.70091,18.46516
1690535524039,0.64484,0.76144,1,14.66263,18.55492
1690535524046,0.66372,0.78448,1,14.72432,18.56814
1690535524052,0.67072,0.78014,1,14.38381,18.49252
1690535524059,0.66281,0.78981,1,14.62401,18.12351
1690535524066,0.64673,0.76621,1,14.34137,18.48278
1690535524072,0.65358,0.77071,1,14.39017,18.50763
1690535524079,0.6336,0.77671,1,14.22063,18.65523
1690535524086,0.62,0.7446,1,14.23997,18.57183
1690535524092,0.606,0.74996,1,14.42044,18.75043
1690535524099,0.6105,0.75136,1,14.50868,18.57283
1690535524106,0.60795,0.76096,1,14.17563,18.85289
1690535524112,0.60442,0.77727,1,14.37078,18.82267
1690535524119,0.61297,0.78475,1,14.30064,18.71813
1690535524126,0.59754,0.76023,1,14.5618,18.7258
1690535524132,0.60186,0.77488,1,14.28865,18.71893
1690535524139,0.60287,0.77217,1,14.6473,18.65691
1690535524146,0.60159,0.77383,1,14.51578,18.51476
1690535524152,0.59638,0.78036,1,14.546,18.68068
1690535524159,0.57969,0.76922,1,14.46015,18.47618
1690535524166,0.57766,0.75932,1,14.50431,18.24976
1690535524172,0.58317,0.78803,1,14.58997,18.46752
1690535524179,0.60058,0.79135,1,14.49263,18.30939
1690535524186,0.59295,0.79758,1,14.32697,18.55453
1690535524192,0.5876,0.80921,1,14.39925,18.57785
1690535524199,0.6019,0.80561,1,14.24213,18.47246
1690535524206,0.60322,0.81037,1,14.26495,18.49804
1690535524212,0.60705,0.79266,1,14.22513,18.4566
1690535524219,0.58727,0.80308,1,14.40828,18.31556
1690535524226,0.59342,0.80101,1,14.64997,18.16464
1690535524232,0.58613,0.80214,1,14.76443,18.41211
1690535524239,0.57094,0.82929,1,14.6681,18.48047
1690535524246,0.56575,0.8533,1,14.64658,18.4997
1690535524252,0.56598,0.86106,1,14.49374,18.55175
1690535524259,0.55769,0.8499,1,14.47611,18.55817
1690535524266,0.5646,0.84156,1,14.45272,18.75043
1690535524272,0.55688,0.83388,1,14.47258,18.73993
1690535524279,0.56101,0.85218,1,14.89101,18.82439
1690535524286,0.57374,0.86143,1,14.61506,18.93246
1690535524292,0.58809,0.87583,1,14.9755,18.96173
1690535524299,0.58686,0.87156,1,14.86975,18.94148
1690535524306,0.5834,0.84913,1,14.92673,18.89073
1690535524312,0.58055,0.84538,1,15.05639,18.75588
1690535524319,0.5841,0.8568,1,14.93705,18.89787
1690535524326,0.58151,0.88019,1,15.01238,18.76497
1690535524332,0.58116,0.88317,1,14.98713,18.63405
1690535524339,0.58096,0.87084,1,15.29035,18.55649
1690535524346,0.59658,0.84902,1,15.07227,18.46792
1690535524352,0.59269,0.83999,1,15.00241,18.60836
1690535524359,0.58977,0.84568,1,15.12927,18.37925
1690535524366,0.58474,0.85932,1,15.12671,18.53182
1690535524372,0.58373,0.87234,1,15.15914,18.50364
1690535524379,0.58174,0.89227,1,15.20339,18.56097
1690535524386,0.58328,0.90414,1,15.33147,18.66144
1690535524392,0.58226,0.87415,1,15.24156,18.92915
1690535524399,0.58081,0.88494,1,15.1848,18.7343
1690535524406,0.59357,0.87594,1,15.06936,18.79623
1690535524412,0.59733,0.8512,1,15.08376,18.96904
1690535524419,0.5992,0.85662,1,15.05264,18.99444
1690535524426,0.60874,0.79692,1,14.91503,19.02516
1690535524432,0.60681,0.82294,1,15.07953,19.14139
1690535524439,0.61899,0.85837,1,15.04092,19.25007
1690535524446,0.6181,0.87324,1,14.90554,19.08041
1690535524452,0.61298,0.88554,1,15.04518,18.96281
1690535524459,0.60843,0.88392,1,15.05323,18.98355
1690535524466,0.62061,0.87939,1,15.00296,19.14452
1690535524472,0.61761,0.89596,1,14.99724,19.02463
1690535524479,0.62477,0.89659,1,14.87574,19.00884
1690535524486,0.61298,0.92001,1,15.21348,19.17173
1690535524492,0.617,0.92039,1,14.88399,19.1015
1690535524499,0.62923,0.90583,1,15.09051,19.23111
1690535524506,0.62911,0.90409,1,14.98672,18.87853
1690535524512,0.62215,0.88438,1,14.78951,19.20201
1690535524519,0.60329,0.90088,1,15.03428,19.39864
1690535524526,0.61622,0.90546,1,15.0903,19.27793
1690535524532,0.61061,0.92972,1,15.17828,19.11036
1690535524539,0.60627,0.94185,1,15.31469,19.16165
1690535524546,0.58867,0.94726,1,15.08285,18.99758
1690535524552,0.58079,0.94273,1,15.20108,18.75479
1690535524559,0.57232,0.95282,1,15.10427,19.12432
1690535524566,0.5691,0.95407,1,15.33904,18.67097
1690535524572,0.55972,0.9512,1,15.33822,18.97553
1690535524579,0.54706,0.95159,1,15.55447,18.86901
1690535524586,0.55285,0.95751,1,15.40225,19.00513
1690535524592,0.55006,0.95149,1,15.41959,18.87673
1690535524599,0.54522,0.953,1,15.2934,18.96587
1690535524606,0.54616,0.94249,1,15.39896,18.83293
1690535524612,0.54339,0.9232,1,15.28294,18.86852
1690535524619,0.54439,0.93416,1,15.27764,18.81909
1690535524626,0.54163,0.91483,1,15.30056,18.88707
1690535524632,0.533,0.93385,1,15.35293,18.82421
1690535524639,0.53074,0.94202,1,15.28511,18.67649
1690535524646,0.53537,0.95871,1,15.38857,18.52215
1690535524652,0.53639,0.95022,1,15.38443,18.82902
1690535524659,0.54849,0.94912,1,15.4274,18.91635
1690535524666,0.55452,0.93013,1,15.48994,19.16938
1690535524672,0.55388,0.93062,1,15.37287,18.93898
1690535524679,0.55317,0.92667,1,15.40765,18.95076
1690535524686,0.54426,0.92963,1,15.65453,18.85275
1690535524692,0.52493,0.93577,1,15.72596,19.02868
1690535524699,0.53824,0.90179,1,15.44803,18.61674
1690535524706,0.53052,0.92051,1,15.49931,18.66203
1690535524712,0.52544,0.90437,1,15.36234,18.77682
1690535524719,0.52758,0.90556,1,15.49903,18.33032
1690535524726,0.53107,0.8635,1,15.30568,18.44207
1690535524732,0.54403,0.86239,1,15.35823,18.72759
1690535524739,0.55414,0.84446,1,15.50279,18.55614
1690535524746,0.54667,0.849,1,15.35573,18.77734
1690535524752,0.56772,0.8469,1,15.43284,18.78312
1690535524759,0.56735,0.88092,1,15.58542,18.45625
1690535524766,0.56781,0.88274,1,15.1786,18.63324
1690535524772,0.56523,0.88355,1,15.38992,18.59423
1690535524779,0.57445,0.86284,1,15.49196,18.60098
1690535524786,0.57359,0.87917,1,15.5679,18.83004
1690535524792,0.5738,0.87517,1,15.46434,18.59321
1690535524799,0.56886,0.88189,1,15.3301,18.62505
1690535524806,0.57032,0.8605,1,15.58086,18.73915
1690535524812,0.56741,0.85058,1,15.41864,18.66599
1690535524819,0.55546,0.85178,1,15.60308,18.72822
1690535524826,0.55505,0.85002,1,15.4005,18.98021
1690535524832,0.55354,0.86355,1,15.42913,18.57842
1690535524839,0.56348,0.85831,1,15.34323,18.81139
1690535524846,0.5645,0.87554,1,15.40031,18.72093
1690535524852,0.56351,0.87174,1,15.44176,18.96828
1690535524859,0.57329,0.89799,1,15.58307,18.93597
1690535524866,0.57012,0.9004,1,15.49091,18.89276
1690535524872,0.56333,0.89165,1,15.42696,19.09612
1690535524879,0.57205,0.89018,1,15.55584,18.87129
1690535524886,0.55999,0.91012,1,15.35401,18.95841
1690535524892,0.5653,0.92961,1,15.63481,18.97541
1690535524899,0.58238,0.94434,1,15.4885,19.00951
1690535524906,0.5771,0.94762,1,15.44491,19.0134
1690535524912,0.58033,0.97441,1,15.57023,18.88785
1690535524919,0.58837,1.00172,1,15.40262,18.9583
1690535524926,0.58012,1.00009,1,15.43416,18.47021
1690535524932,0.57804,0.98495,1,15.60251,18.54272
1690535524939,0.57173,0.96155,1,15.70501,18.58307
1690535524946,0.58164,0.99096,1,15.48136,18.70279
1690535524952,0.57896,1.00955,1,15.7121,18.6013
1690535524959,0.58497,0.99919,1,15.68009,18.64414
1690535524966,0.5851,1.02104,1,15.51793,18.7669
1690535524972,0.59795,1.01378,1,15.69526,18.84965
1690535524979,0.59635,1.00088,1,15.47202,18.89081
1690535524986,0.5928,0.99681,1,15.47709,18.47428
1690535524992,0.59312,0.99659,1,15.61585,18.71674
1690535524999,0.60971,0.98981,1,15.60831,18.86008
1690535525006,0.61458,0.99448,1,15.67273,18.51185
1690535525012,0.62561,1.00149,1,15.64582,18.58183
1690535525019,0.63591,0.99289,1,15.78341,18.73778
1690535525026,0.64881,0.99893,1,15.67015,18.67758
1690535525032,0.6562,0.98311,1,15.85096,18.91652
1690535525039,0.65587,0.99161,1,15.75467,18.70168
1690535525046,0.64374,0.99022,1,15.90727,18.7978
1690535525052,0.6424,0.99266,1,15.98026,18.67634
1690535525059,0.6318,0.99993,1,15.79177,18.67351
1690535525066,0.62939,0.99401,1,15.9802,18.85559
1690535525072,0.63174,0.99566,1,15.97376,18.91018
1690535525079,0.62588,1.02392,1,15.7824,19.03758
1690535525086,0.634,1.01715,1,15.65485,18.73341
1690535525092,0.64786,1.00781,1,15.67839,18.70698
1690535525099,0.64452,1.03309,1,15.73825,18.71701
1690535525106,0.64149,1.01571,1,15.95864,18.98482
1690535525112,0.6417,1.01113,1,15.69182,18.67688
1690535525119,0.65016,1.0184,1,15.89926,18.72795
1690535525126,0.64478,1.0094,1,16.15337,18.89186
1690535525132,0.6484,1.03471,1,15.89778,18.73733
1690535525139,0.65189,1.0376,1,15.80581,18.73914
1690535525146,0.64562,1.06726,1,15.75634,18.68143
1690535525152,0.63923,1.03199,1,15.69658,18.37439
1690535525159,0.62765,1.01636,1,15.56753,18.72698
1690535525166,0.60993,1.01633,1,15.77413,18.53621
1690535525172,0.60052,1.00315,1,15.66785,18.55823
1690535525179,0.59326,1.02619,1,15.43178,18.72422
1690535525186,0.59373,1.00862,1,15.62042,18.5376
1690535525192,0.59552,1.01803,1,15.43531,18.77823
1690535525199,0.5886,1.01793,1,15.67736,18.82447
1690535525206,0.61223,1.02835,1,15.62179,18.89706
1690535525212,0.61288,1.02244,1,15.57735,18.76587
1690535525219,0.62059,1.01088,1,15.61938,18.94161
1690535525226,0.60922,1.0054,1,15.59499,18.72875
1690535525232,0.59772,1.01608,1,15.60285,18.77694
1690535525239,0.59273,1.01865,1,15.60694,18.52742
1690535525246,0.57597,1.00535,1,15.51983,18.67739
1690535525252,0.57208,1.04127,1,15.62519,18.77789
1690535525259,0.568,1.03905,1,15.38523,18.72606
1690535525266,0.5572,1.03631,1,15.60378,18.80905
1690535525272,0.55303,1.02353,1,15.66416,18.79548
1690535525279,0.55646,1.01328,1,15.45272,18.91391
1690535525286,0.5458,1.00733,1,15.74617,18.67402
1690535525292,0.53954,1.00623,1,15.62138,18.93287
1690535525299,0.53223,0.99382,1,15.65851,18.73226
1690535525306,0.53059,0.98479,1,15.55195,18.87772
1690535525312,0.53174,0.9865,1,15.67931,18.8448
1690535525319,0.52867,0.96852,1,15.66474,18.95726
1690535525326,0.53067,0.97542,1,15.87576,18.88842
1690535525332,0.55244,0.97782,1,15.83279,18.98795
1690535525339,0.5399,0.98616,1,15.61343,18.88755
1690535525346,0.54871,0.98235,1,15.57991,18.61611
1690535525352,0.5451,0.94389,1,15.68624,18.69975
1690535525359,0.55478,0.93137,1,15.52361,18.8417
1690535525366,0.54993,0.94108,1,15.59793,18.71269
1690535525372,0.55733,0.90378,1,15.49945,18.57008
1690535525379,0.55851,0.90188,1,15.46816,18.73805
1690535525386,0.55918,0.91524,1,15.51373,18.84219
1690535525392,0.56216,0.91722,1,15.54665,18.65827
1690535525399,0.57061,0.94151,1,15.53284,18.59489
1690535525406,0.55403,0.94282,1,15.53653,18.61093
1690535525412,0.56076,0.93507,1,15.86245,18.84665
1690535525419,0.55749,0.9453,1,15.49568,18.66714
1690535525426,0.57738,0.93562,1,15.38259,18.69874
1690535525432,0.5594,0.91994,1,15.52821,18.68339
1690535525439,0.55579,0.94618,1,15.3692,18.79588
1690535525446,0.54944,0.99664,1,15.62131,18.66152
1690535525452,0.55448,0.98449,1,15.70157,18.50675
1690535525459,0.55529,0.98568,1,15.53414,18.71012
1690535525466,0.54767,0.96751,1,15.3333,18.85612
1690535525472,0.54204,0.97118,1,15.60405,18.71974
1690535525479,0.54245,0.98221,1,15.62675,18.68799
1690535525486,0.53596,0.99845,1,15.58705,18.7891
1690535525492,0.52322,1.03481,1,15.95348,18.757
1690535525499,0.51436,1.05648,1,15.67176,18.70597
1690535525506,0.52867,1.03997,1,15.77833,18.79208
1690535525512,0.53464,1.04071,1,15.83088,18.92548
1690535525519,0.53133,1.0513,1,15.90536,18.96842
1690535525526,0.52757,1.05721,1,15.68013,19.26023
1690535525532,0.53026,1.07731,1,15.81746,18.97922
1690535525539,0.53498,1.09699,1,15.67573,19.07709
1690535525546,0.5457,1.06464,1,15.7323,19.00165
1690535525552,0.55439,1.0679,1,16.00669,18.77413
1690535525559,0.54884,1.07519,1,15.81224,18.90801
1690535525566,0.55429,1.1106,1,15.89474,18.92243
1690535525572,0.54423,1.09585,1,15.60777,19.16019
1690535525579,0.53872,1.12239,1,15.75528,18.86515
1690535525586,0.54654,1.14215,1,15.54779,18.79844
1690535525592,0.56047,1.13991,1,15.55281,19.02395
1690535525599,0.56103,1.13677,1,15.68042,19.32365
1690535525606,0.53829,1.12601,1,16.02531,18.95449
1690535525612,0.54174,1.11886,1,15.94068,19.13082
1690535525619,0.5333,1.1197,1,15.85759,19.13907
1690535525626,0.53776,1.12044,1,15.83045,19.2045
1690535525632,0.53126,1.13568,1,15.81859,19.12169
1690535525639,0.53153,1.12851,1,15.74182,19.0024
1690535525646,0.54172,1.14309,1,15.55109,19.01232
1690535525652,0.53087,1.1458,1,15.77217,18.97874
1690535525659,0.53097,1.16025,1,15.82093,19.27643
1690535525666,0.51797,1.17066,1,15.7112,19.17499
1690535525672,0.51706,1.18903,1,15.91961,19.16194
1690535525679,0.53965,1.18542,1,15.7132,19.17545
1690535525686,0.55211,1.20453,1,15.74136,18.90698
1690535525692,0.5565,1.20823,1,15.53937,19.03521
1690535525699,0.56467,1.2132,1,15.66165,19.13224
1690535525706,0.56339,1.20224,1,15.69687,18.87569
1690535525712,0.56578,1.16985,1,15.44485,18.95263
1690535525719,0.56245,1.1937,1,15.4487,19.12089
1690535525726,0.56398,1.18814,1,15.4418,19.03976
1690535525732,0.56559,1.17618,1,15.44495,19.00652
1690535525739,0.54822,1.17575,1,15.39825,18.97423
1690535525746,0.54185,1.15759,1,15.23339,19.00022
1690535525752,0.52813,1.15791,1,15.47977,19.07143
1690535525759,0.5328,1.16409,1,15.50527,18.90791
1690535525766,0.52877,1.18318,1,15.27345,18.99883
1690535525772,0.54014,1.20848,1,15.4842,19.18241
1690535525779,0.52999,1.20663,1,15.57249,19.09822
1690535525786,0.5427,1.19838,1,15.55793,19.09993
1690535525792,0.54027,1.19673,1,15.45756,19.15106
1690535525799,0.52512,1.18163,1,15.68046,19.18149
1690535525806,0.53819,1.18659,1,15.56372,18.95675
1690535525812,0.53838,1.18202,1,15.66075,19.12153
1690535525819,0.52762,1.17498,1,15.75039,18.95385
1690535525826,0.54199,1.16982,1,15.62968,18.94161
1690535525832,0.54135,1.12888,1,15.67947,19.02413
1690535525839,0.55568,1.14161,1,15.64969,18.76946
1690535525846,0.56645,1.13841,1,15.64936,18.87469
1690535525852,0.57429,1.12393,1,15.81389,18.73958
1690535525859,0.57101,1.13518,1,15.66021,18.91392
1690535525866,0.57328,1.13286,1,15.53836,18.96379
1690535525872,0.57274,1.14029,1,15.61131,19.01173
1690535525879,0.58221,1.12988,1,15.74055,18.98903
1690535525886,0.58227,1.14477,1,15.66079,18.97628
1690535525892,0.5784,1.13537,1,15.63493,18.8081
1690535525899,0.56899,1.13772,1,15.74115,18.75448
1690535525906,0.55606,1.11844,1,15.97035,18.74158
1690535525912,0.5613,1.12875,1,15.845,18.76585
1690535525919,0.5458,1.11833,1,15.98602,18.86359
1690535525926,0.55311,1.14997,1,15.89104,18.98493
1690535525932,0.56038,1.13703,1,15.65552,18.78793
1690535525939,0.57726,1.1314,1,15.68409,18.43706
1690535525946,0.58192,1.12889,1,15.68071,18.82278
1690535525952,0.58508,1.1351,1,15.58762,18.68998
1690535525959,0.57687,1.12821,1,15.9263,18.97065
1690535525966,0.57451,1.16191,1,15.62174,18.68534
1690535525972,0.5717,1.15493,1,15.76948,18.57826
1690535525979,0.58223,1.152,1,15.75497,18.48401
1690535525986,0.58816,1.12604,1,15.6003,18.61763
1690535525992,0.59276,1.09742,1,15.62402,18.6262
1690535525999,0.6056,1.07878,1,15.85968,18.6224
1690535526006,0.5938,1.03731,1,15.50991,18.82857
1690535526012,0.60701,1.02538,1,15.44072,18.92382
1690535526019,0.62193,0.99854,1,15.52796,19.0542
1690535526026,0.61023,0.99577,1,15.63365,18.93811
1690535526032,0.60444,1.00344,1,15.32278,18.93654
1690535526039,0.602,1.01029,1,15.47088,18.76185
1690535526046,0.62686,1.02239,1,15.41782,18.83302
1690535526052,0.63445,1.00758,1,15.49004,18.64217
1690535526059,0.6445,1.00266,1,15.63832,18.66077
1690535526066,0.64593,1.02527,1,15.63622,18.72011
1690535526072,0.65754,1.0193,1,15.83906,18.55411
1690535526079,0.64452,1.01694,1,15.65903,18.70097
1690535526086,0.64233,1.02145,1,15.48199,18.38392
1690535526092,0.6402,1.043,1,15.82792,18.3183
1690535526099,0.6288,1.02847,1,15.77689,18.19824
1690535526106,0.64694,1.03471,1,15.73544,18.40691
1690535526112,0.6551,1.03834,1,15.83645,18.45092
1690535526119,0.65805,1.04244,1,15.98727,18.26571
1690535526126,0.64802,1.03837,1,15.96102,17.95094
1690535526132,0.64325,1.01697,1,15.91421,18.0573
1690535526139,0.66844,1.00057,1,15.8782,17.95729
1690535526146,0.66363,1.02248,1,15.8653,18.15778
1690535526152,0.65093,1.03929,1,15.74071,18.1991
1690535526159,0.65,1.02616,1,15.62457,18.17426
1690535526166,0.63531,1.04091,1,15.49486,18.33266
1690535526172,0.62894,1.04444,1,15.80202,18.33446
1690535526179,0.64041,1.04716,1,15.73574,18.22895
1690535526186,0.63629,1.06616,1,15.49844,18.33352
1690535526192,0.6465,1.04824,1,15.67914,18.15284
1690535526199,0.63207,1.07167,1,15.81324,18.00776
1690535526206,0.63823,1.08674,1,15.90299,18.19835
1690535526212,0.63798,1.08129,1,15.95901,18.08304
1690535526219,0.65128,1.05343,1,15.72349,17.91021
1690535526226,0.65961,1.03783,1,16.05789,18.1166
1690535526232,0.66877,1.03632,1,15.92309,18.12796
1690535526239,0.65344,1.03103,1,16.10075,17.84103
1690535526246,0.66229,1.02701,1,15.94408,17.95771
1690535526252,0.65246,0.99209,1,15.79314,17.84994
1690535526259,0.65477,0.97118,1,15.80017,17.95673
1690535526266,0.65578,0.97426,1,15.88457,17.94317
1690535526272,0.65995,0.98844,1,15.7141,17.87571
1690535526279,0.65731,0.96102,1,15.82662,17.99266
1690535526286,0.65993,0.97685,1,15.74516,17.9284
1690535526292,0.64754,0.96286,1,15.89128,18.21808
1690535526299,0.64289,0.96814,1,15.77375,17.92514
1690535526306,0.64485,0.95962,1,15.84045,18.05806
1690535526312,0.63737,0.9781,1,16.01297,18.15798
1690535526319,0.62215,0.95972,1,15.83204,18.05047
1690535526326,0.6157,0.99183,1,15.98619,18.05903
1690535526332,0.61374,0.99805,1,16.16823,18.15358
1690535526339,0.61167,0.99463,1,16.11146,18.05644
1690535526346,0.62816,1.02754,1,16.19593,18.03093
1690535526352,0.62082,0.9868,1,16.34398,18.07564
1690535526359,0.61526,0.94483,1,16.13525,17.92387
1690535526366,0.6078,0.93453,1,16.15998,17.9172
1690535526372,0.60893,0.94634,1,16.12223,18.1769
1690535526379,0.6001,0.9368,1,16.07459,18.13582
1690535526386,0.59604,0.94739,1,16.20967,18.14537
1690535526392,0.59224,0.89194,1,16.18675,18.14963
1690535526399,0.59202,0.8521,1,16.37435,18.1864
1690535526406,0.58752,0.84448,1,16.54282,18.18103
1690535526412,0.6011,0.84544,1,16.4172,18.37816
1690535526419,0.58817,0.85435,1,16.28462,18.35838
1690535526426,0.59267,0.89605,1,16.34471,18.41581
1690535526432,0.59367,0.89201,1,16.37058,18.41613
1690535526439,0.59006,0.88095,1,16.34081,18.40764
1690535526446,0.59904,0.87816,1,16.32994,18.50315
1690535526452,0.59998,0.87543,1,16.50077,18.39574
1690535526459,0.59161,0.91486,1,16.1803,18.23732
1690535526466,0.58912,0.90658,1,16.25456,18.29859
1690535526472,0.5959,0.90675,1,16.29863,18.37297
1690535526479,0.58261,0.85983,1,16.11055,18.51391
1690535526486,0.58263,0.87854,1,16.0627,18.57166
1690535526492,0.6028,0.89063,1,16.10738,18.46102
1690535526499,0.59581,0.87185,1,16.39884,18.53451
1690535526506,0.5856,0.86879,1,16.4515,18.47364
1690535526512,0.5681,0.83979,1,16.40092,18.43835
1690535526519,0.57324,0.85028,1,16.38046,18.514
1690535526526,0.57673,0.88076,1,16.34966,18.45393
1690535526532,0.57068,0.85889,1,16.43827,18.53551
1690535526539,0.58014,0.85451,1,16.49704,18.43598
1690535526546,0.58367,0.82622,1,16.44028,18.40248
1690535526552,0.59475,0.82328,1,16.42024,18.17368
1690535526559,0.60106,0.79674,1,16.22041,18.24915
1690535526566,0.60455,0.80104,1,16.07922,18.30642
1690535526572,0.61975,0.78004,1,16.28057,18.23715
1690535526579,0.59363,0.7802,1,16.26772,18.46863
1690535526586,0.59401,0.80116,1,16.29792,18.33074
1690535526592,0.61002,0.79151,1,16.32806,18.31312
1690535526599,0.61239,0.78323,1,16.43362,18.29677
1690535526606,0.62574,0.78703,1,16.21227,18.52989
1690535526612,0.63319,0.78564,1,16.21486,18.35413
1690535526619,0.63675,0.79514,1,16.25051,18.14543
1690535526626,0.63736,0.7929,1,16.12528,18.19746
1690535526632,0.63369,0.81392,1,16.2036,17.98082
1690535526639,0.63468,0.83829,1,16.15726,17.88166
1690535526646,0.63183,0.84837,1,16.21359,18.01987
1690535526652,0.63775,0.85069,1,16.24435,17.95331
1690535526659,0.61984,0.85788,1,16.47992,17.94245
1690535526666,0.62004,0.85243,1,16.40307,18.10111
1690535526672,0.63639,0.85855,1,16.43593,18.24285
1690535526679,0.62603,0.85203,1,16.48789,18.24641
1690535526686,0.62214,0.84406,1,16.53651,18.21581
1690535526692,0.62638,0.82311,1,16.51942,18.14985
1690535526699,0.62611,0.80899,1,16.35449,18.277
1690535526706,0.62485,0.82453,1,16.55431,18.29419
1690535526712,0.61855,0.84711,1,16.36032,17.98274
1690535526719,0.61944,0.87607,1,16.2367,18.307
1690535526726,0.60999,0.86937,1,16.33878,18.28051
1690535526732,0.60982,0.90277,1,16.37203,18.32936
1690535526739,0.60218,0.86928,1,16.35728,18.39391
1690535526746,0.6028,0.87154,1,16.51249,18.05414
1690535526752,0.60208,0.84575,1,16.60799,18.33249
1690535526759,0.59868,0.88064,1,16.41026,18.18728
1690535526766,0.59933,0.88473,1,16.22745,18.08921
1690535526772,0.57507,0.92061,1,16.46198,17.96647
1690535526779,0.57165,0.91494,1,16.34376,17.98152
1690535526786,0.57268,0.91906,1,16.33929,18.10742
1690535526792,0.571,0.91518,1,16.05574,18.03523
1690535526799,0.57369,0.93362,1,16.36951,17.89938
1690535526806,0.56156,0.92415,1,16.00641,17.82942
1690535526812,0.56331,0.90367,1,16.25553,17.83393
1690535526819,0.5668,0.9075,1,16.05737,17.97018
1690535526826,0.57324,0.92024,1,15.90379,17.85011
1690535526832,0.57617,0.90216,1,15.92818,17.93022
1690535526839,0.59506,0.92075,1,16.08245,17.74571
1690535526846,0.60108,0.91617,1,15.80251,17.90317
1690535526852,0.59932,0.93048,1,16.07165,17.77566
1690535526859,0.59588,0.92121,1,15.96966,17.95507
1690535526866,0.5816,0.9253,1,16.04246,17.7353
1690535526872,0.58092,0.91847,1,15.7317,17.85762
1690535526879,0.58487,0.91715,1,15.74244,18.09802
1690535526886,0.58586,0.89238,1,15.61409,18.12567
1690535526892,0.58962,0.90281,1,15.68177,18.28569
1690535526899,0.60504,0.91155,1,15.79078,18.15982
1690535526906,0.61027,0.89949,1,15.82545,18.1539
1690535526912,0.60639,0.92447,1,15.70145,18.12247
1690535526919,0.61218,0.87745,1,16.07662,18.23748
1690535526926,0.60159,0.83687,1,15.87216,18.31055
1690535526932,0.61085,0.79491,1,15.85541,18.31678
1690535526939,0.6123,0.77154,1,15.91969,18.26797
1690535526946,0.61396,0.794,1,15.94219,18.09807
1690535526952,0.63535,0.77203,1,15.90526,17.93427
1690535526959,0.62856,0.75769,1,15.88348,18.16954
1690535526966,0.6234,0.73858,1,15.86499,18.02443
1690535526972,0.62316,0.74692,1,15.99642,18.10283
1690535526979,0.63014,0.76423,1,15.72703,17.82465
1690535526986,0.62693,0.7709,1,15.64912,18.12994
1690535526992,0.62078,0.81222,1,15.57009,17.79179
1690535526999,0.61963,0.75896,1,15.6742,17.68183
1690535527006,0.61967,0.77581,1,15.52937,17.83569
1690535527012,0.61111,0.78158,1,15.4909,17.76887
1690535527019,0.61646,0.78798,1,15.43561,17.68917
1690535527026,0.62419,0.80012,1,15.50589,17.67495
1690535527032,0.63825,0.80506,1,15.72092,17.74467
1690535527039,0.63995,0.80634,1,15.64459,17.42815
1690535527046,0.64718,0.80912,1,15.34257,17.91764
1690535527052,0.64561,0.81937,1,15.59423,17.86843
1690535527059,0.65224,0.83682,1,15.57625,17.99714
1690535527066,0.66279,0.82477,1,15.37336,17.71305
1690535527072,0.67284,0.82263,1,15.38931,17.60794
1690535527079,0.67946,0.81028,1,15.47284,17.61967
1690535527086,0.67625,0.79673,1,15.4062,17.88279
1690535527092,0.68451,0.79073,1,15.31171,17.98274
1690535527099,0.68076,0.82369,1,15.40712,17.89064
1690535527106,0.71073,0.82142,1,15.54962,17.91401
1690535527112,0.72044,0.82017,1,15.54857,18.06386
1690535527119,0.72671,0.80847,1,15.4995,18.03493
1690535527126,0.73586,0.84756,1,15.4426,17.98399
1690535527132,0.74664,0.8744,1,15.59303,18.17897
1690535527139,0.74135,0.87832,1,15.72987,18.06662
1690535527146,0.73696,0.8915,1,15.54988,18.18933
1690535527152,0.73554,0.90701,1,15.64554,18.31061
1690535527159,0.73491,0.94684,1,15.43834,18.06291
1690535527166,0.74524,0.95578,1,15.44875,17.98258
1690535527172,0.7321,0.96106,1,15.83354,17.99806
1690535527179,0.73368,0.94839,1,15.75731,17.84377
1690535527186,0.71843,0.94887,1,15.78658,18.05268
1690535527192,0.72235,0.91849,1,15.77731,18.19672
1690535527199,0.72237,0.92433,1,15.70737,18.29478
1690535527206,0.72078,0.91597,1,15.53942,18.06745
1690535527212,0.71511,0.9222,1,15.36907,18.32771
1690535527219,0.71063,0.92772,1,15.56889,18.02495
1690535527226,0.6999,0.91821,1,15.41735,18.31204
1690535527232,0.70306,0.87858,1,15.47492,18.36214
1690535527239,0.69745,0.8816,1,15.49098,18.33892
1690535527246,0.6883,0.8894,1,15.5131,18.36861
1690535527252,0.68534,0.92144,1,15.46761,18.26562
1690535527259,0.68224,0.9255,1,15.53927,18.28806
1690535527266,0.67925,0.94753,1,15.63194,18.24413
1690535527272,0.67283,0.95941,1,15.3884,18.36515
1690535527279,0.65386,0.94119,1,15.58493,18.20618
1690535527286,0.64631,0.95763,1,15.55782,18.5407
1690535527292,0.63324,0.95088,1,15.67795,18.142
1690535527299,0.63653,0.95848,1,15.57379,18.47132
1690535527306,0.63703,0.93395,1,15.64574,18.19337
1690535527312,0.63874,0.90515,1,15.60006,18.19756
1690535527319,0.64573,0.91814,1,15.58428,17.9497
1690535527326,0.64269,0.92542,1,15.72626,17.87706
1690535527332,0.64309,0.91489,1,15.61764,18.17485
1690535527339,0.63619,0.92115,1,15.68331,17.98931
1690535527346,0.64266,0.94236,1,15.61973,17.86223
1690535527352,0.63522,0.96354,1,15.24125,17.88082
1690535527359,0.62854,0.94674,1,15.41477,17.87562
1690535527366,0.62755,0.928,1,15.32679,17.75409
1690535527372,0.64038,0.94074,1,15.33689,17.94188
1690535527379,0.64514,0.92753,1,15.31616,17.90528
1690535527386,0.65241,0.93673,1,15.38458,17.83503
1690535527392,0.65447,0.95082,1,15.2017,17.76342
1690535527399,0.64296,0.96342,1,15.16754,17.68518
1690535527406,0.63025,0.93927,1,15.18113,17.95145
1690535527412,0.64325,0.96152,1,15.06214,17.80794
1690535527419,0.64448,0.93322,1,14.94352,17.51604
1690535527426,0.63919,0.92049,1,15.12227,17.78073
1690535527432,0.63435,0.92301,1,14.94746,17.85489
1690535527439,0.62358,0.90615,1,15.15367,17.63076
1690535527446,0.61994,0.92196,1,14.78963,17.32195
1690535527452,0.61179,0.86847,1,15.03028,17.62179
1690535527459,0.61097,0.86162,1,14.90388,17.21662
1690535527466,0.6095,0.84257,1,15.03248,17.23775
1690535527472,0.62573,0.84486,1,14.88635,17.34633
1690535527479,0.61826,0.8353,1,14.87847,17.22799
1690535527486,0.61645,0.85028,1,15.17577,17.42519
1690535527492,0.60633,0.85344,1,15.12376,17.16323
1690535527499,0.59139,0.86654,1,15.34718,17.4257
1690535527506,0.58849,0.87264,1,15.1327,17.25115
1690535527512,0.58512,0.85246,1,15.15908,17.13556
1690535527519,0.58019,0.83583,1,15.28721,17.28995
1690535527526,0.58025,0.82289,1,15.41191,17.45803
1690535527532,0.57924,0.81757,1,15.51589,17.2207
1690535527539,0.58069,0.80914,1,15.39844,17.32738
1690535527546,0.60095,0.80603,1,15.25878,17.22593
1690535527552,0.60811,0.78803,1,15.49825,17.22733
1690535527559,0.60569,0.76667,1,15.41602,17.34777
1690535527566,0.61507,0.79894,1,15.31951,17.24738
1690535527572,0.60407,0.78616,1,15.46095,17.24397
1690535527579,0.61972,0.77494,1,15.53409,17.20005
1690535527586,0.61514,0.77943,1,15.32354,17.48372
1690535527592,0.62006,0.77717,1,15.40393,17.14134
1690535527599,0.62331,0.78071,1,15.55149,17.15788
1690535527606,0.63414,0.78962,1,15.47625,17.03466
1690535527612,0.62006,0.80078,1,15.34958,17.12341
1690535527619,0.61614,0.77374,1,15.48134,16.96187
1690535527626,0.60576,0.75627,1,15.50059,17.08592
1690535527632,0.60476,0.748,1,15.50204,16.84133
1690535527639,0.61415,0.76556,1,15.37072,17.08686
1690535527646,0.6284,0.80992,1,15.60219,17.12105
1690535527652,0.61513,0.80953,1,15.31439,16.91235
1690535527659,0.6098,0.80963,1,15.5423,16.62701
1690535527666,0.61046,0.77181,1,15.49406,16.57304
1690535527672,0.61829,0.77009,1,15.52353,16.81075
1690535527679,0.60643,0.78873,1,15.36336,16.58441
1690535527686,0.61547,0.82493,1,15.57955,16.45355
1690535527692,0.61779,0.85442,1,15.48299,16.49989
1690535527699,0.62273,0.85862,1,15.50232,16.46309
1690535527706,0.62573,0.87059,1,15.3463,16.50994
1690535527712,0.62665,0.90647,1,15.52143,16.41205
1690535527719,0.61711,0.8952,1,15.41243,16.61479
1690535527726,0.61972,0.92199,1,15.57067,16.46659
1690535527732,0.61444,0.93888,1,15.46892,16.60209
1690535527739,0.61801,0.92231,1,15.3387,16.65637
1690535527746,0.62388,0.92205,1,15.39168,16.66768
1690535527752,0.63397,0.88708,1,15.43245,16.84063
1690535527759,0.63444,0.89609,1,15.31136,16.8636
1690535527766,0.63279,0.86082,1,15.41108,16.61271
1690535527772,0.62297,0.86725,1,15.48491,16.74853
1690535527779,0.62,0.88089,1,15.51144,16.79877
1690535527786,0.62943,0.84738,1,15.56435,16.55533
1690535527792,0.62508,0.8387,1,15.62376,16.79297
1690535527799,0.64099,0.82471,1,15.38208,16.49964
1690535527806,0.6467,0.82442,1,15.66481,16.73125
1690535527812,0.65998,0.81123,1,15.59959,16.61187
1690535527819,0.64377,0.75513,1,15.81121,16.36176
1690535527826,0.64124,0.75341,1,15.68962,16.23622
1690535527832,0.63015,0.77045,1,15.69593,16.34458
1690535527839,0.61811,0.79177,1,15.77421,16.29218
1690535527846,0.61638,0.82209,1,15.63236,16.32413
1690535527852,0.61719,0.84417,1,15.81786,16.34938
1690535527859,0.62306,0.83324,1,15.86756,15.92619
1690535527866,0.60255,0.86635,1,15.69978,16.14125
1690535527872,0.60228,0.886,1,15.52786,16.24986
1690535527879,0.6184,0.90417,1,15.51107,16.38596
1690535527886,0.62028,0.9286,1,15.37205,16.02202
1690535527892,0.61601,0.95388,1,15.46094,15.93381
1690535527899,0.59372,0.94517,1,15.44531,15.97377
1690535527906,0.59879,0.94834,1,15.52256,16.12752
1690535527912,0.59776,0.93751,1,15.29488,16.13292
1690535527919,0.5793,0.94142,1,15.40561,16.17304
1690535527926,0.57334,0.96268,1,15.34082,16.11988
1690535527932,0.58441,0.9569,1,15.305,16.02565
1690535527939,0.58512,0.97241,1,15.56246,16.23886
1690535527946,0.5936,0.95934,1,15.52795,16.41597
1690535527952,0.59559,0.92345,1,15.41565,16.15557
1690535527959,0.58767,0.93148,1,15.38591,16.40412
1690535527966,0.59057,0.9401,1,15.64947,16.23345
1690535527972,0.58351,0.92997,1,15.78519,16.28089
1690535527979,0.57863,0.89456,1,15.70016,16.22375
1690535527986,0.57307,0.89825,1,15.63846,16.29812
1690535527992,0.55759,0.8659,1,15.78389,16.3665
1690535527999,0.57227,0.88283,1,15.76116,16.09664
1690535528006,0.58203,0.90097,1,15.6138,15.98054
1690535528012,0.58313,0.93085,1,15.87673,16.17811
1690535528019,0.57029,0.92646,1,15.50655,16.26554
1690535528026,0.56542,0.9042,1,15.62907,15.9543
1690535528032,0.56057,0.92441,1,15.44312,15.90795
1690535528039,0.55859,0.92351,1,15.33702,15.81953
1690535528046,0.56529,0.91472,1,15.41248,15.91227
1690535528052,0.5565,0.93345,1,15.58493,15.95678
1690535528059,0.55316,0.94072,1,15.39735,16.13748
1690535528066,0.54956,0.9688,1,15.4038,16.08397
1690535528072,0.54492,0.98369,1,15.28175,16.09275
1690535528079,0.55314,1.00313,1,15.22086,16.08414
1690535528086,0.55161,1.00028,1,15.35523,16.20101
1690535528092,0.55876,0.99514,1,15.3453,16.19351
1690535528099,0.55347,1.00139,1,15.26254,16.39014
1690535528106,0.55405,1.0193,1,15.19238,16.51861
1690535528112,0.54799,1.01546,1,15.39444,16.44864
1690535528119,0.55711,1.02622,1,15.33884,16.73033
1690535528126,0.5734,1.04228,1,15.28985,16.61086
1690535528132,0.56478,1.01493,1,15.06357,16.31618
1690535528139,0.56807,1.01899,1,15.28863,16.67599
1690535528146,0.57486,1.01735,1,15.17614,16.76113
1690535528152,0.57476,1.03597,1,15.18831,16.90825
1690535528159,0.58346,1.02047,1,15.20829,16.78822
1690535528166,0.56752,1.00879,1,15.09704,16.74582
1690535528172,0.5625,1.02994,1,15.27655,16.80411
1690535528179,0.57164,1.05315,1,15.21162,16.63805
1690535528186,0.55391,1.03736,1,15.25588,16.98725
1690535528192,0.55577,1.00527,1,15.14838,17.08159
1690535528199,0.57149,0.99809,1,15.36416,16.79292
1690535528206,0.58132,0.99219,1,15.19166,16.90292
1690535528212,0.5781,1.02129,1,15.21901,17.06516
1690535528219,0.5835,1.03182,1,15.29864,16.87682
1690535528226,0.5966,1.04565,1,15.34719,16.90719
1690535528232,0.60491,1.04369,1,15.31184,16.80847
1690535528239,0.61114,1.05393,1,15.28492,16.53642
1690535528246,0.62213,1.05223,1,15.25861,16.66232
1690535528252,0.63211,1.06968,1,15.51351,16.73906
1690535528259,0.62399,1.09568,1,15.31519,16.71102
1690535528266,0.6204,1.11531,1,15.27243,16.61128
1690535528272,0.60959,1.11591,1,15.32804,16.54663
1690535528279,0.59038,1.08719,1,15.21277,16.60254
1690535528286,0.59607,1.10286,1,15.45765,16.49236
1690535528292,0.59521,1.09,1,15.30371,16.69404
1690535528299,0.60005,1.07346,1,15.32287,16.59573
1690535528306,0.60393,1.07785,1,15.43023,16.83872
1690535528312,0.60014,1.09625,1,15.27651,16.33839
1690535528319,0.59819,1.07787,1,15.31771,16.4763
1690535528326,0.61008,1.09177,1,15.21577,16.2889
1690535528332,0.60504,1.06761,1,15.24707,16.32069
1690535528339,0.58834,1.04963,1,15.65007,16.51368
1690535528346,0.59293,1.0376,1,15.39855,16.2332
1690535528352,0.59431,1.06214,1,15.38404,16.51363
1690535528359,0.5984,1.06891,1,15.46077,16.61091
1690535528366,0.60056,1.06044,1,15.25039,16.68036
1690535528372,0.58839,1.0536,1,15.10295,16.70544
1690535528379,0.60534,1.03543,1,15.27894,16.45007
1690535528386,0.60133,1.03433,1,15.34607,16.5845
1690535528392,0.60591,1.04147,1,15.20371,16.37447
1690535528399,0.60228,1.05656,1,14.96097,16.4936
1690535528406,0.60042,1.05102,1,15.03199,16.46885
1690535528412,0.58614,1.04364,1,15.27792,16.56541
1690535528419,0.57707,1.04717,1,15.01024,16.55586
1690535528426,0.58545,1.05581,1,15.11529,16.37618
1690535528432,0.58525,1.01222,1,15.20062,16.36552
1690535528439,0.57216,1.03117,1,15.11656,16.58534
1690535528446,0.57723,0.98999,1,15.19935,16.52997
1690535528452,0.5727,0.98038,1,15.02732,16.45587
1690535528459,0.56849,0.96985,1,15.25858,16.56578
1690535528466,0.57727,0.94931,1,15.15675,16.45946
1690535528472,0.5916,0.91519,1,15.37695,16.43676
1690535528479,0.58578,0.92042,1,15.17269,16.48895
1690535528486,0.57468,0.92383,1,14.9841,16.70867
1690535528492,0.58588,0.94802,1,15.10821,16.56446
1690535528499,0.58715,0.9626,1,15.49702,16.95834
1690535528506,0.6062,0.97716,1,14.9015,16.73678
1690535528512,0.62696,0.97994,1,15.05546,16.49187
1690535528519,0.63439,0.96075,1,15.34907,16.7488
1690535528526,0.65521,0.96904,1,15.11049,16.68747
1690535528532,0.65994,0.95494,1,15.12976,16.46968
1690535528539,0.65783,0.96092,1,15.10107,16.72641
1690535528546,0.64,0.96924,1,15.14722,16.60883
1690535528552,0.63082,0.97288,1,14.97719,16.56534
1690535528559,0.63622,0.97927,1,15.21713,16.82106
1690535528566,0.64205,0.94431,1,14.96262,16.53224
1690535528572,0.63682,0.94017,1,15.0697,16.70591
1690535528579,0.63583,0.94042,1,14.82543,16.52656
1690535528586,0.6488,0.94521,1,14.97343,16.76462
1690535528592,0.64412,0.93743,1,15.13954,16.5419
1690535528599,0.64682,0.95362,1,15.09964,16.60293
1690535528606,0.64473,0.96853,1,14.88964,16.63593
1690535528612,0.65303,0.97951,1,14.82171,16.73639
1690535528619,0.66537,0.98169,1,14.85495,16.7933
1690535528626,0.67709,0.98134,1,14.73839,16.65116
1690535528632,0.67024,0.964,1,14.86088,16.74539
1690535528639,0.67686,0.98006,1,15.14112,16.83868
1690535528646,0.6623,0.99168,1,14.70089,16.71682
1690535528652,0.6598,0.97825,1,14.98477,16.52488
1690535528659,0.64124,0.99602,1,14.78497,16.77561
1690535528666,0.62946,0.99323,1,15.07909,16.66699
1690535528672,0.62318,0.99174,1,14.90528,16.61103
1690535528679,0.6386,1.01162,1,15.02896,16.71596
1690535528686,0.63702,1.03013,1,15.14874,16.56226
1690535528692,0.63235,1.03113,1,14.9991,16.62895
1690535528699,0.62665,1.02466,1,15.12131,16.48021
1690535528706,0.6319,1.02959,1,15.25629,16.74224
1690535528712,0.64146,1.04339,1,15.30586,16.40271
1690535528719,0.65187,1.01998,1,15.59589,16.4465
1690535528726,0.65131,1.01849,1,15.49725,16.58696
1690535528732,0.65232,1.03342,1,15.39845,16.64705
1690535528739,0.65748,0.99426,1,15.4195,16.40322
1690535528746,0.64331,0.98151,1,15.69973,16.48116
1690535528752,0.64215,0.95379,1,15.7718,16.73985
1690535528759,0.64604,0.96418,1,15.60545,16.43104
1690535528766,0.63323,0.96276,1,15.6455,16.42673
1690535528772,0.61848,0.996,1,15.81305,16.46525
1690535528779,0.61702,0.97692,1,15.98753,16.65473
1690535528786,0.61119,0.97372,1,15.78219,16.51816
1690535528792,0.60768,1.00992,1,15.60948,16.58747
1690535528799,0.60481,0.99714,1,15.82408,16.3968
1690535528806,0.60806,1.00626,1,15.79444,16.50905
1690535528812,0.61321,0.97871,1,15.58575,16.47454
1690535528819,0.60495,0.98689,1,15.65714,16.50653
1690535528826,0.59653,0.97962,1,15.71387,16.54669
1690535528832,0.58732,0.9835,1,15.72864,16.33391
1690535528839,0.593,0.97806,1,15.90675,16.272
1690535528846,0.59494,0.95647,1,15.70977,16.07204
1690535528852,0.6,0.95616,1,15.65267,16.08132
1690535528859,0.61444,0.96007,1,15.85761,16.43539
1690535528866,0.61633,0.97728,1,15.83278,16.08459
1690535528872,0.62038,0.9795,1,15.75855,15.94437
1690535528879,0.62981,0.99574,1,15.62718,16.03941
1690535528886,0.61992,0.99341,1,15.7321,16.00813
1690535528892,0.63925,0.97878,1,15.44136,15.92794
1690535528899,0.65115,0.98398,1,15.37051,16.06541
1690535528906,0.66025,0.97059,1,15.44025,16.18021
1690535528912,0.67646,0.94658,1,15.66102,16.21924
1690535528919,0.67027,0.9614,1,15.60467,16.02881
1690535528926,0.64605,0.94358,1,15.52625,16.00055
1690535528932,0.65042,0.9523,1,15.54524,16.15573
1690535528939,0.64765,0.95213,1,15.46908,16.06421
1690535528946,0.64218,0.93843,1,15.23329,16.07752
1690535528952,0.63413,0.95905,1,15.56816,15.93146
1690535528959,0.64201,0.93659,1,15.53718,15.93831
1690535528966,0.64288,0.92514,1,15.50145,15.78419
1690535528972,0.66146,0.9131,1,15.53943,15.76246
1690535528979,0.64633,0.87927,1,15.47952,15.86797
1690535528986,0.64438,0.87597,1,15.47856,16.03518
1690535528992,0.64427,0.84559,1,15.50618,16.02634
1690535528999,0.64366,0.86441,1,15.39741,16.18627
1690535529006,0.65943,0.82305,1,15.58913,16.11827
1690535529012,0.66451,0.80555,1,15.51772,16.14447
1690535529019,0.665,0.79329,1,15.70462,16.11661
1690535529026,0.66478,0.76697,1,15.93374,16.15813
1690535529032,0.65243,0.75962,1,15.64075,16.24264
1690535529039,0.64992,0.75203,1,15.51561,16.31413
1690535529046,0.63416,0.75833,1,15.52494,16.53881
1690535529052,0.62079,0.75551,1,15.71722,16.35429
1690535529059,0.60576,0.73369,1,15.74477,16.16437
1690535529066,0.60729,0.72696,1,15.93465,16.29924
1690535529072,0.60819,0.71759,1,15.86008,16.16219
1690535529079,0.61855,0.69595,1,15.75374,16.03173
1690535529086,0.61933,0.71803,1,15.68577,16.22702
1690535529092,0.62397,0.71866,1,15.62816,15.90044
1690535529099,0.62289,0.69723,1,15.73987,16.00539
1690535529106,0.61616,0.69344,1,15.82237,16.31631
1690535529112,0.59494,0.6782,1,15.81865,16.24567
1690535529119,0.58697,0.67311,1,15.53,16.18149
1690535529126,0.5891,0.64937,1,15.57954,15.91775
1690535529132,0.5864,0.65897,1,15.70633,16.03164
1690535529139,0.59297,0.66502,1,15.81017,16.29122
1690535529146,0.58912,0.64233,1,15.79001,16.06129
1690535529152,0.58836,0.60255,1,15.57696,16.07938
1690535529159,0.60126,0.60666,1,15.58884,16.18263
1690535529166,0.61018,0.60834,1,15.42829,16.02254
1690535529172,0.60601,0.59396,1,15.52861,16.39553
1690535529179,0.60114,0.61654,1,15.61798,16.19112
1690535529186,0.61441,0.58673,1,15.47061,16.38807
1690535529192,0.61595,0.55323,1,15.6897,16.3681
1690535529199,0.60421,0.56738,1,15.65617,16.2885
1690535529206,0.61284,0.57718,1,15.41914,16.31684
1690535529212,0.60134,0.60113,1,15.55505,16.09024
1690535529219,0.61139,0.5766,1,15.43124,16.19233
1690535529226,0.61636,0.54159,1,15.61386,16.3593
1690535529232,0.61904,0.55045,1,15.52104,16.21048
1690535529239,0.60565,0.57116,1,15.58575,16.39092
1690535529246,0.62366,0.5755,1,15.30789,16.33466
1690535529252,0.61711,0.60095,1,15.29581,16.38229
1690535529259,0.63377,0.59044,1,15.34834,16.40313
1690535529266,0.64196,0.57944,1,15.1628,16.46632
1690535529272,0.64003,0.55363,1,15.13302,16.45369
1690535529279,0.63344,0.57094,1,15.30138,16.70539
1690535529286,0.63783,0.5752,1,14.84865,16.57249
1690535529292,0.64471,0.53733,1,14.98487,16.56847
1690535529299,0.65242,0.54735,1,15.09834,16.4065
1690535529306,0.65394,0.53424,1,15.20426,16.36598
1690535529312,0.64698,0.53636,1,15.23862,16.54984
1690535529319,0.65931,0.52316,1,14.98257,16.72914
1690535529326,0.6548,0.52665,1,14.98495,16.78572
1690535529332,0.65318,0.55759,1,14.94218,16.91683
1690535529339,0.65731,0.57653,1,15.05226,16.97561
1690535529346,0.65042,0.54123,1,15.07168,16.73744
1690535529352,0.65661,0.55314,1,14.96069,16.62827
1690535529359,0.65864,0.53977,1,15.08601,16.34107
1690535529366,0.67126,0.53386,1,15.01916,16.44475
1690535529372,0.67723,0.55053,1,14.76713,16.55037
1690535529379,0.67952,0.57278,1,14.70609,16.46575
1690535529386,0.70563,0.57059,1,14.68641,16.37144
1690535529392,0.68645,0.57473,1,14.72328,16.51906
1690535529399,0.68427,0.58689,1,14.83903,16.39596
1690535529406,0.69665,0.59558,1,14.66107,16.42472
1690535529412,0.69341,0.60048,1,14.77259,16.62759
1690535529419,0.70252,0.57767,1,14.74599,16.38297
1690535529426,0.70408,0.59873,1,14.69674,16.59457
1690535529432,0.7003,0.58811,1,14.76596,16.50865
1690535529439,0.69786,0.56869,1,14.81038,16.64006
1690535529446,0.69329,0.55488,1,14.67381,16.26531
1690535529452,0.70173,0.52189,1,14.56214,16.41133
1690535529459,0.70918,0.54369,1,14.72235,16.49915
1690535529466,0.70163,0.54905,1,14.54317,16.58823
1690535529472,0.71365,0.56829,1,14.27399,16.65212
